"kurtx.x1","onestep","sm","wm","mmm1raw.mean.mean1","mmm1raw.BM.BM1","mmm1raw.SQM.sqm1","mmm1raw.wm1.wm1","mmm1raw.wm2.wm2","mmm1raw.tm1.tm1","mmm1raw.tm2.tm2","mmm1raw.tm3.tm3","mmm1raw.median.median1","mmm1raw.mx1BM.BM1","mmm1raw.mx1sqm.sqm1","mmm1raw.mx1wm1.wm1","mmm1raw.mx1wm2.wm2","mmm1raw.mx1tm1.tm1","mmm1raw.mx1tm2.tm2","mmm1raw.mx1tm3.tm3","mmm1_BM_rm_exp1.rm","mmm1_BM_qm_exp1.qm.63.24003%","HL2.mean1","HL2.BM1","HL2.sqm1","HL2.wm1","HL2.wm2","HL2.tm1","HL2.tm2","HL2.tm3","HL2.median1.V458368","HL3.mean1","HL3.BM1","HL3.sqm1","HL3.wm1","HL3.wm2","HL3.tm1","HL3.tm2","HL3.tm3","HL3.median1.V899208","HL4.mean1","HL4.BM1","HL4.sqm1","HL4.wm1","HL4.wm2","HL4.tm1","HL4.tm2","HL4.tm3","HL4.median1.V899180","HL5.mean1","HL5.BM1","HL5.sqm1","HL5.wm1","HL5.wm2","HL5.tm1","HL5.tm2","HL5.tm3","HL5.median1.V899136","targetm.x1","targetvar.x1","targettm.x1","targetfm.x1","mean","variance","tm","fm","firstbias.onestep","firstbias.sm","firstbias.wm","firstbias.mmm1raw.mean.mean1","firstbias.mmm1raw.BM.BM1","firstbias.mmm1raw.SQM.sqm1","firstbias.mmm1raw.wm1.wm1","firstbias.mmm1raw.wm2.wm2","firstbias.mmm1raw.tm1.tm1","firstbias.mmm1raw.tm2.tm2","firstbias.mmm1raw.tm3.tm3","firstbias.mmm1raw.median.median1","firstbias.mmm1raw.mx1BM.BM1","firstbias.mmm1raw.mx1sqm.sqm1","firstbias.mmm1raw.mx1wm1.wm1","firstbias.mmm1raw.mx1wm2.wm2","firstbias.mmm1raw.mx1tm1.tm1","firstbias.mmm1raw.mx1tm2.tm2","firstbias.mmm1raw.mx1tm3.tm3","firstbias.mmm1_BM_rm_exp1.rm","firstbias.mmm1_BM_qm_exp1.qm.63.24003%","firstbias.HL2.mean1","firstbias.HL2.BM1","firstbias.HL2.sqm1","firstbias.HL2.wm1","firstbias.HL2.wm2","firstbias.HL2.tm1","firstbias.HL2.tm2","firstbias.HL2.tm3","firstbias.HL2.median1.V458368","firstbias.HL3.mean1","firstbias.HL3.BM1","firstbias.HL3.sqm1","firstbias.HL3.wm1","firstbias.HL3.wm2","firstbias.HL3.tm1","firstbias.HL3.tm2","firstbias.HL3.tm3","firstbias.HL3.median1.V899208","firstbias.HL4.mean1","firstbias.HL4.BM1","firstbias.HL4.sqm1","firstbias.HL4.wm1","firstbias.HL4.wm2","firstbias.HL4.tm1","firstbias.HL4.tm2","firstbias.HL4.tm3","firstbias.HL4.median1.V899180","firstbias.HL5.mean1","firstbias.HL5.BM1","firstbias.HL5.sqm1","firstbias.HL5.wm1","firstbias.HL5.wm2","firstbias.HL5.tm1","firstbias.HL5.tm2","firstbias.HL5.tm3","firstbias.HL5.median1.V899136"
9.1,1.0019065367392,1.00185194218441,1.00185022750622,1.00206717444054,1.00189309552944,1.00189249062031,1.00182528832464,1.00174466926874,1.00167130649299,1.00152458094148,1.00145291887491,1.00143093984972,0.600206108288283,0.600089206964165,0.586871749143263,0.570436787053163,0.554912679531812,0.522157465696578,0.50529226624417,1.00206651020513,1.00206663617525,1.00206716254228,1.00197344852787,1.00197354012946,1.00193831546467,1.00189611298565,1.00185798535585,1.00178173009625,1.00174468274907,1.00173329158666,1.00206746831154,1.00200344412757,1.00200354670289,1.00197978608969,1.00195131038309,1.00192562555195,1.00187425588968,1.00184933514074,1.00184156655323,1.00206739793339,1.00201882681948,1.00201914545773,1.00200107344797,1.00197953089808,1.00196017333292,1.00192145820259,1.0019026814285,1.00189714462311,1.00206735448302,1.00202827195117,1.00202834246566,1.00201395560839,1.00199671594811,1.00198118320159,1.00195011770855,1.00193507547205,1.00193044218161,1.00206719727927,4.29100871660135e-06,1.78880263965861e-08,1.67556077834133e-10,1.00206717444054,4.29034436482229e-06,1.78692027307105e-08,1.6700164859546e-10,0.0775535004376252,0.103910942018554,0.104738763226958,0,0.0840427172187035,0.0843347583738931,0.116779030318931,0.155700715168815,0.191119175555218,0.261956096328025,0.296553479537338,0.307164627012452,194.012564354003,194.069002579994,200.450195240998,208.384751257313,215.879560193055,231.693291771942,239.835560007661,0.000320683006813685,0.000259866501543929,5.74430530277144e-06,0.0452494809658177,0.0452052570768323,0.062211202960852,0.0825859340977962,0.100993388448349,0.137808297149347,0.15569420706924,0.161193691383656,0.000141876561571607,0.0307680501760476,0.0307185283343555,0.0421898000877116,0.0559374490241987,0.0683377046690223,0.0931382159587767,0.105169584045204,0.108920142910669,0.000107899032758268,0.0233415146017544,0.02318768077727,0.0319125791350774,0.0423130028117234,0.0516585482581743,0.0703496391511832,0.0794147872806739,0.0820878748297196,8.69218370885819e-05,0.0187815450645132,0.0187475017118875,0.0256932630901664,0.0340163154625034,0.0415152951781115,0.0565132546094349,0.0637754233583763,0.0660123072887588
9.19999999999999,1.0037799204085,1.00367332433645,1.00366997114672,1.0041026262452,1.00375513303935,1.00375405564541,1.00362033081009,1.00345993164129,1.00331404871168,1.00302228285248,1.00287983546174,1.00283615259524,0.60041391290352,0.600308263300557,0.587060437968923,0.570586721629547,0.555031543067269,0.522203631048658,0.505303223577058,1.00409996207139,1.00410045069943,1.00410260229192,1.00391539914742,1.00391572003486,1.00384542959242,1.00376129160143,1.00368532345421,1.00353338715976,1.00345959026408,1.00343694945386,1.00410320987234,1.00397526513635,1.0039755369396,1.00392812565174,1.00387127526453,1.00382004687952,1.0037175901095,1.00366789482627,1.00365242701097,1.0041030700137,1.00400598280513,1.00400660845562,1.0039705520421,1.0039275532875,1.00388892059153,1.00381165519958,1.00377418662928,1.00376311967948,1.00410298366339,1.00402485189768,1.00402498958747,1.00399627893477,1.00396184313607,1.00393083052983,1.00386880531735,1.00383877626024,1.00382943114346,1.00410267221934,1.69705999964019e-05,1.41553706299565e-07,2.64961163098844e-09,1.0041026262452,1.69679093398016e-05,1.41400161122833e-07,2.6404998177711e-09,0.0783416389401908,0.104219419998491,0.105033456651339,0,0.0843591412691401,0.0846206946622323,0.117084386279593,0.156023668869902,0.191438918606332,0.262269418079137,0.296850639687718,0.307455304883799,98.0014360676925,98.0270840793116,101.243190609828,105.242430135914,109.018680962383,116.988144597609,121.090969738881,0.000646767796009008,0.000528146076989547,5.81501549684105e-06,0.0454521611519725,0.0453742609542584,0.0624383107375651,0.0828640587757639,0.101306455793824,0.138191249829999,0.156106543260389,0.161602936500873,0.000141684163781514,0.0309188024197664,0.030852818139963,0.0423626130460888,0.0561638896309137,0.0686003416117892,0.0934732455734325,0.105537514304696,0.109292556400937,0.000107731399681901,0.0234616316994902,0.0233097457427794,0.0320629761101982,0.0425015629725132,0.0518802242022734,0.0706375466618477,0.0797335990781593,0.0824202656543039,8.676857777448e-05,0.0188808789905854,0.0188474527484624,0.0258173904795389,0.0341771925070851,0.0417059636796989,0.0567635060248724,0.06405350602616,0.0663221720426559
9.3,1.00562105738529,1.00546496148003,1.00546004321256,1.00610715781562,1.00558693600898,1.00558551297991,1.0053859373854,1.00514658644701,1.00492901286029,1.00449386568686,1.00428149448868,1.00421637800761,0.600616577638569,0.600524108897239,0.587245412760056,0.570733939862605,0.555147880690283,0.522248221892559,0.505313721971384,1.00610121048783,1.00610228215216,1.00610712165491,1.00582666730162,1.0058270169898,1.00572201826623,1.00559635244875,1.00548283113486,1.00525578850707,1.00514553941825,1.00511177327942,1.00610802717258,1.00591627466282,1.00591676127063,1.0058457850709,1.00576071121895,1.00568408279638,1.00553082595124,1.0054565041274,1.00543339408051,1.00610781871161,1.00596227725611,1.0059631880632,1.00590924159826,1.00584488183567,1.00578705902793,1.00567141341246,1.0056153404097,1.00559890022492,1.00610769000032,1.00599054806152,1.00599090027719,1.00594781347504,1.0058961946037,1.0058497574539,1.00575688315431,1.00571192516275,1.00569798055823,1.00610722721477,3.77566011249533e-05,4.72581627309064e-07,1.32577166351321e-08,1.00610715781562,3.7750473000611e-05,4.72053440036678e-07,1.32103582408248e-08,0.0791160883482761,0.104521738417859,0.105322219262655,0,0.0846695700042723,0.0849011774802123,0.117383437075258,0.156339399272112,0.191750952183431,0.262574058006069,0.297138887472078,0.307737029229987,65.9962973982155,66.0113473028279,68.1725436959659,70.8598960762529,73.3966311983206,78.7512701775203,81.5074730283977,0.000967967279002336,0.000793546760460029,5.88539822692237e-06,0.0456517026158138,0.0455947885307545,0.0626840313539285,0.0831369816042726,0.101613332866253,0.138566035390213,0.156509810187695,0.162005474573516,0.000141493644734552,0.0310675067103969,0.0309883080422175,0.0425401581087286,0.0563864951359615,0.0688582821817785,0.0938018562734487,0.105898228985335,0.109659543310447,0.000107565231890988,0.0235802777187535,0.0234320377878632,0.0322121848931594,0.0426871656703247,0.0520982134289647,0.0709203089462446,0.0800465642706294,0.0827223140340111,8.6616609320037e-05,0.0189790155117531,0.0189216900624958,0.0259343545914537,0.0343356703085037,0.0418936262711751,0.057009538196554,0.0643267512878896,0.0665963287134082
9.4,1.00743084596345,1.00722763848656,1.00722122595276,1.00808154298468,1.00738929762995,1.00738765048655,1.00712288789666,1.0068054029297,1.0065169552121,1.00594005977691,1.00565861132437,1.00557232659226,0.60081620020444,0.600734834288567,0.587426774448191,0.57087741933482,0.555262228580203,0.522292935716797,0.505323542399529,1.00807107967243,1.00807295704629,1.00808149446836,1.00770803941815,1.00770878847889,1.00756913263307,1.00740208253021,1.00725129527315,1.00694972075903,1.00680331587581,1.0067582398525,1.00808269413107,1.00782725573558,1.00782792432032,1.00773353498973,1.00762040537702,1.00751852238624,1.00731475640467,1.00721595779087,1.00718535359984,1.00808241792704,1.00788849138183,1.00788973424692,1.00781791350049,1.00773230181452,1.00765537617093,1.00750152488376,1.0074269375203,1.00740497387991,1.00808224738257,1.0079261399977,1.00792664983561,1.0078692683414,1.00780055440011,1.00773875018918,1.00761514176733,1.00755531473213,1.00753665675807,1.00808163609144,6.63771122005474e-05,1.10812334173954e-06,4.14156576263901e-08,1.00808154298468,6.63660871327996e-05,1.1068477199506e-06,4.12620644198983e-08,0.0798740511675299,0.10481807869134,0.105605226989327,0,0.0849741724335417,0.0851763617975951,0.117676373264888,0.156648136880185,0.192055533875905,0.262870327867372,0.297418554407916,0.308010136792452,49.9924415924269,50.0024293826207,51.6360140125742,53.6674725777681,55.5842610440433,59.6312919958197,61.7143108907768,0.00128438752715284,0.00105393702443313,5.95545172107456e-06,0.0458481320964159,0.0457561837490727,0.0628991516908946,0.0834048064404465,0.101914172078769,0.138932903355415,0.15690432592638,0.162437476493313,0.000141304974501071,0.0312141474195635,0.0311320776234587,0.0427185118234758,0.05660534421966,0.0691116366316351,0.0941242214556398,0.106251901891523,0.110008612987208,0.000107400509163089,0.0236973785047783,0.0235448149208734,0.0323609210155662,0.0428698859609302,0.052312625963691,0.0711981059692127,0.0803538185213433,0.0830498888569942,8.64659151547376e-05,0.0190759535217171,0.019013370140868,0.0260570360176967,0.034491777046808,0.0420783381419784,0.0572514603323193,0.0645953200927397,0.0668856148482226
9.5,1.00921014555609,1.00896211150645,1.0089542730007,1.01002652833691,1.00916298223589,1.00916122740372,1.00883193354068,1.00843712169813,1.00807860356761,1.00736156730657,1.00701187345277,1.00690468106362,0.601012073221195,0.600942305560843,0.587604983710066,0.571018825262654,0.555374662366513,0.522335579846957,0.505333693175284,1.01001036458477,1.01001326351316,1.01002646732101,1.00956027397322,1.00956116367549,1.00938732711377,1.0091792401954,1.00899147388555,1.00861594126585,1.00843367611413,1.00837788965479,1.01002795741583,1.00970896508601,1.0097099541858,1.00959219323736,1.00945111715814,1.00932412645209,1.00907014504,1.00894702084973,1.00890903295557,1.01002761430967,1.00978537819168,1.00978705499007,1.00969739430291,1.00959057106398,1.00949463186981,1.00930275348146,1.00920974302664,1.00918200466511,1.01002740244901,1.00983237850982,1.00983299966543,1.00976140834532,1.00967567816839,1.00959856649483,1.00944434314772,1.00936970846847,1.00934630424033,1.01002664542705,0.000102570067161021,2.1410494368078e-06,9.99458774354558e-08,1.01002652833691,0.000102552638271345,2.13851189463322e-06,9.95612594926232e-08,0.0806158462412302,0.105108615171229,0.105882648858844,0,0.0852731112629403,0.0854463967413916,0.117963377813099,0.156950102596216,0.192352910156362,0.263158525276632,0.297689956623729,0.308274948573096,40.3891987910689,40.3960881805951,41.7131168010606,43.3509602619308,44.8957839160321,48.1583142620057,49.837209890306,0.00159613184904509,0.00130986960648845,6.02517460318654e-06,0.0460415028043783,0.0459536468345526,0.063119591363747,0.0836676766621416,0.102209150490016,0.139292098145744,0.157290345771517,0.162799125150623,0.000141118123466006,0.0313586111907637,0.0312609399533829,0.0428895518446433,0.0568204771137677,0.0693605054844283,0.0944405622257933,0.106598781414837,0.110349995068645,0.000107237211432483,0.0238129998397483,0.0236474200115105,0.0325011983360581,0.0430497375837725,0.0525235034540354,0.0714710351945614,0.0806555950613042,0.0833946918931913,8.63164786477862e-05,0.0191718308814981,0.0191104932514234,0.0261799648156228,0.0346456146598273,0.0422602079180496,0.057489394434516,0.0648593904308535,0.0671705019603971
9.6,1.01095977773749,1.01066910931736,1.01065991071763,1.01194283445359,1.01090872664941,1.01090697568101,1.01051379821493,1.0100424560912,1.00961465862595,1.00875906369545,1.00834194185791,1.00821409772942,0.601203786013631,0.601145488446014,0.587780170001826,0.571158301191501,0.555484849525989,0.522378404845597,0.505343625416869,1.01191983225906,1.01192391282742,1.01194276079819,1.01138410285803,1.01138557833589,1.01117753345133,1.0109285565581,1.01070409750839,1.01025517940897,1.01003734855977,1.00997066829655,1.01194453768917,1.01156213092578,1.01156345897633,1.01142247506048,1.01125357854729,1.01110162849466,1.0107977283894,1.01065043060999,1.01060502655405,1.01194412850404,1.01165366414397,1.01165552426072,1.01154823866664,1.01142042020474,1.01130555864887,1.01107583553712,1.01096449480873,1.01093123747632,1.01194387583368,1.01170998915298,1.01171089032981,1.01162499530962,1.0115222954621,1.01142993779388,1.01124522245744,1.01115584314366,1.01112788888142,1.01194297579611,0.000146082816834021,3.6600979108682e-06,2.04865817991955e-07,1.01194283445359,0.000146057430762018,3.65563348709127e-06,2.04048156201772e-07,0.0813423558097806,0.105393515489428,0.106154647334455,0,0.0855665431868291,0.085711425870199,0.118244626466472,0.157245508214616,0.192643316970717,0.263438934482919,0.297953395723436,0.308531770722059,33.9863217207377,33.9911455131093,35.09704964925,36.4724148187737,37.769303860129,40.5086739887085,41.9182051650247,0.00190330085878498,0.00156565701991329,6.09456572967788e-06,0.0462318638430647,0.0461097764360554,0.0633243081587825,0.0839257309510492,0.102498441545555,0.139643862734567,0.157668127410119,0.163185540197755,0.000140933062775676,0.031501053103066,0.0313911644688392,0.0430567821879688,0.0570320086889071,0.0696050118981962,0.0947510183168113,0.106939072358875,0.110695999922605,0.000107075319120627,0.0239271995502995,0.0237732854615482,0.0326505585867271,0.0432268098210231,0.0527309507252781,0.0717392325337514,0.080952044975756,0.0837039002059114,8.61682835177401e-05,0.019266625191847,0.0191920579312602,0.026299382646159,0.0347972113082786,0.0424392834156321,0.0577234276303207,0.0651190578359128,0.0674321141514184
9.7,1.01268050820349,1.01234933459506,1.01233883945896,1.0138311570875,1.01262724145217,1.0126256012384,1.01216917978976,1.01162209346358,1.01112579527573,1.01013319890003,1.00964945232507,1.00950120779129,0.601392822333585,0.601344951307679,0.587951277936065,0.571293713737712,0.55559351939303,0.522419771241633,0.505353345527941,1.01380022306275,1.01380576488745,1.0138310706567,1.01318023299841,1.01318203883709,1.01294017806726,1.01265073723953,1.01238987090743,1.01186813824324,1.01161503500582,1.01153744713328,1.01383313078261,1.01338745530773,1.0133889798423,1.01322494572406,1.01302849555215,1.01285173601425,1.01249821693844,1.0123268980803,1.01227399214035,1.01383265632443,1.01349405225891,1.01349609619047,1.01337132173765,1.01322255525135,1.01308886403049,1.01282148158879,1.01269190493378,1.01265333106265,1.01383236334065,1.01355967352911,1.01356090523692,1.01346076955876,1.01334111027757,1.01323356968921,1.01301848851248,1.01291442999892,1.01288204029937,1.01383132294477,0.000196671732726067,5.75001876406741e-06,3.75193773398693e-07,1.0138311570875,0.000196636790559974,5.74280329162892e-06,3.73641436674618e-07,0.0820560169073606,0.105672940879868,0.106421378632952,0,0.0858546191637714,0.0859715874335866,0.118520288107703,0.157534556886385,0.19292698029135,0.26371182710128,0.29820915959353,0.308780895368027,29.4121407843366,29.4155546021969,30.3706952223344,31.5585931019493,32.6782182373838,35.0439317726088,36.2609867199285,0.00220599254366211,0.00181078939508577,6.16362406828981e-06,0.0464192324888492,0.0462904530400278,0.0635382266173147,0.0841790683058972,0.10278218212687,0.139988409768815,0.158037915414684,0.163570925414376,0.000140749764292707,0.0316416252160787,0.031532906356294,0.0432306419266429,0.0572400577021349,0.0698452788364657,0.0950557211051115,0.107272952022064,0.111045823801564,0.000106914812958781,0.0240398960088902,0.023894137485209,0.0327921555973552,0.0434011132773095,0.0529350112641718,0.0720028072378807,0.0812432839300168,0.0839940954639651,8.602131378668e-05,0.0193602581702255,0.0192724216122831,0.0264133792189428,0.0349466200160114,0.0426156426516101,0.0579536879228075,0.0653743939838019,0.067684194802104
9.8,1.01437313540389,1.01400346511208,1.01399173476856,1.01569216827218,1.01431921218319,1.01431778515435,1.01379875130806,1.01317669639731,1.01261266381085,1.01148459863792,1.0109350166644,1.01076661856747,0.601577583511273,0.601541228290115,0.588120055372575,0.571427925975184,0.555698968046673,0.522460685905456,0.505363374272197,1.01565225188562,1.01565935884168,1.015692068934,1.01494934432589,1.01495148666735,1.01467611582363,1.01434646179763,1.01404947304656,1.01345549554442,1.01316741181945,1.01307877322131,1.01569440880623,1.01518561965302,1.01518748155034,1.01500044631406,1.01477655035696,1.01457513196547,1.01417229518249,1.01397710930408,1.01391732149559,1.01569386986416,1.01530721928142,1.01530957489466,1.01516725811971,1.01499765645278,1.01484522995495,1.01454037695929,1.01439266029443,1.01434888475464,1.01569353705332,1.01538210925124,1.01538337581994,1.01526929414205,1.01513280311123,1.01501014406662,1.01476482597741,1.0146461549836,1.01460925755008,1.01569235890004,0.000254101830352072,8.49171474173377e-06,6.32763853845078e-07,1.01569216827218,0.000254055688567302,8.48075617979427e-06,6.30051235048067e-07,0.0827544117345745,0.105947046482404,0.106682993023664,0,0.0861374846774972,0.0862270146168169,0.118790525089022,0.157817443555472,0.193204116635525,0.263977462795616,0.298457523157773,0.309022601393073,25.9810120554091,25.9832929348418,26.8253199201258,27.8725624734265,28.8593768977376,30.9447036183857,32.0173667797551,0.00250430233231087,0.00205842112507262,6.23234874618248e-06,0.0466038111527856,0.0464694034271653,0.0637458130820482,0.0844278792029247,0.103060568332618,0.140325946592018,0.158399945931014,0.163961016638931,0.000140568200444604,0.0317802035121948,0.0316633904887552,0.043397738679698,0.057444680696739,0.0700814093946639,0.0953548667905416,0.107600575699814,0.111351585276028,0.000106755674119482,0.0241512005076636,0.024003412387705,0.032932182302538,0.0435727709586819,0.053135811777493,0.0722618934151292,0.0815294454205583,0.0842758660223086,8.58755537073229e-05,0.0194527009126156,0.0193732380347453,0.0265305745735801,0.0350938448556361,0.042789314259334,0.0581802530667438,0.0656255173348311,0.0679404144681485
9.90000000000001,1.01603836522901,1.01563215486902,1.01561924850599,1.01752651737005,1.01598530047024,1.01598418478748,1.01540316211733,1.01470690384447,1.01407589107646,1.01281386554044,1.01219922386218,1.01201091464324,0.601759721962734,0.601734237061153,0.588285719086022,0.57155935316936,0.555803887044367,0.522501009409478,0.505372173703652,1.01747660926411,1.01748550116289,1.01752640499634,1.01669209543543,1.01669429154657,1.01638571252445,1.01601638710987,1.01568355965046,1.01501790473164,1.01469513067897,1.01459625572974,1.01752902119679,1.01695728159785,1.01695937225224,1.01674955331327,1.01649840169998,1.01627247578798,1.01582062396398,1.01560172612584,1.01553496172587,1.01752841854378,1.01709381942413,1.01709666906168,1.0169368279096,1.01674638097436,1.01657531509915,1.01623318334874,1.0160674241729,1.01601796331748,1.01752804638259,1.01717794907604,1.01717912077321,1.01705118826317,1.01689803045657,1.01676031899341,1.0164848960671,1.01635168029711,1.01631018310438,1.01752673301793,0.000318146410986625,1.19623781945409e-05,1.00204967435434e-06,1.01752651737005,0.000318087382390916,1.19465080337117e-05,9.97600823345159e-07,0.0834399648368839,0.106215981629386,0.106939635110464,0,0.0864152799835735,0.0864778357720504,0.11905549354605,0.1580943553687,0.193474933551896,0.264236089918275,0.298698749082747,0.309257155157731,23.3118414659805,23.3132703919842,24.0673222365561,25.0051614167369,25.888562719067,27.7558388276002,28.7162442925914,0.00279832316196856,0.00229975873333166,6.30073908872144e-06,0.0467856309607325,0.0466624960800885,0.0639643713685062,0.0846722672595774,0.103333740602313,0.140656687287784,0.158754471017132,0.164298341203247,0.000140388344219636,0.0319167721539884,0.0317995501820269,0.0435639957700538,0.0576459442505856,0.0703134999616912,0.0956486113839024,0.10792210642061,0.111665553768771,0.000106597884028334,0.0242611628184421,0.0241013850306945,0.0330636004799225,0.0437418672656305,0.0533334474665369,0.072516607868362,0.0818106440239302,0.0845838900671392,8.57309877996075e-05,0.0195440542623571,0.0194783577735263,0.0266514712240305,0.0352389547514809,0.0429603693343617,0.0584031985001109,0.0658725417596295,0.0681992691194905
10,1.01767692115074,1.0172360351631,1.01722200991111,1.01933483206334,1.01762614509869,1.01762543483626,1.01698303893862,1.01621333220543,1.01551608154982,1.01412158023861,1.01344264116504,1.01323465895397,0.601938265135023,0.601923421884795,0.588447979149493,0.571688629611933,0.555906115921838,0.522540930357178,0.505381848900395,1.01927396244477,1.01928477113022,1.01933470652972,1.01840912330382,1.01841210582639,1.01807014269647,1.0176611475515,1.01729276368965,1.01655599596594,1.01619882013269,1.01608937490169,1.01933759570884,1.01870307413413,1.01870553189392,1.01847297936578,1.01819468488057,1.0179444037877,1.01744384160195,1.01720138757688,1.01712763662708,1.01933693010206,1.01885448677474,1.01885770013796,1.01868047647962,1.01846936478957,1.01827975648885,1.01790053988742,1.01771683697044,1.0176624235306,1.01933651905787,1.01894782457984,1.01894924943133,1.01880726638956,1.01863742671618,1.01848473023611,1.01817933727597,1.01803164569942,1.01798555039607,1.0193350729744,0.000388586720792015,1.62356240415208e-05,1.50999639575891e-06,1.01933483206334,0.000388513075475835,1.62134887923406e-05,1.5030566323386e-06,0.0841120795329093,0.106479890116068,0.107191444097543,0,0.0866881403427274,0.0867241746369426,0.119315343693627,0.15836547206114,0.193739630077081,0.264487946108942,0.29893308843831,0.30948481117903,21.1761035935284,21.1768566476486,21.8605167300288,22.7107818018746,23.5114883034332,25.2042301271959,26.0747751083697,0.00308814554482209,0.00253978012708655,6.36879458875637e-06,0.0469647001011821,0.0468133854716804,0.0641624660297038,0.0849123337704053,0.103601837803072,0.140980845868393,0.159101724297158,0.164654294042998,0.000140210169255576,0.0320514647580366,0.0319267733255871,0.0437250410091112,0.0578439708593407,0.0705416755606937,0.0959370849633886,0.108237692966144,0.111979357073993,0.000106441424515389,0.0243697298878628,0.0242067038407782,0.033197929081909,0.0439084221060467,0.053527967009587,0.0727670568166675,0.0820869993091155,0.084847598533461,8.55876008600396e-05,0.0196343506665159,0.0195620625717018,0.0267653982943557,0.0353820061023434,0.0431288749952284,0.058622612780987,0.0661155640237919,0.0684541527815374
10.1,1.0192894792074,1.01881571559791,1.01880062661012,1.02111771929167,1.01924236302197,1.0192421483408,1.01853898687657,1.01769657634716,1.01693381836042,1.01540830238695,1.01466581510156,1.01443839380558,0.602113125749838,0.602108960030854,0.588608187503566,0.571815137722593,0.556007301476513,0.522579190021501,0.505390779587689,1.02104495639104,1.02105786750484,1.02111758047743,1.02010104252799,1.02010432409266,1.01972953686587,1.01928135569647,1.01887769650756,1.01807037812974,1.01767908739451,1.01755956234389,1.02112073935228,1.02042361063734,1.02042661220875,1.02017135695894,1.01986601455838,1.01959153115753,1.01904256435583,1.01877671023224,1.01869558637715,1.02112001153358,1.02058983438466,1.02059336608064,1.02039892631109,1.02016722275319,1.01995916978193,1.0195430638394,1.01934151655709,1.01928195547644,1.02111956206461,1.02069234359784,1.02069381488363,1.02053806077253,1.02035160410311,1.0201839916312,1.01984876668738,1.01968666876637,1.01963588468155,1.02111798570284,0.00046521162634607,2.13816188408115e-05,2.18586075860431e-06,1.02111771929167,0.000465121592636985,2.13516716150062e-05,2.17546625235995e-06,0.0847715210776394,0.106738910455922,0.107438554040517,0,0.0869561962417918,0.0869661505413046,0.119570220104906,0.15863096631908,0.193998397164814,0.264733258856291,0.299160781316214,0.309705812765604,19.4283327658695,19.4285259212093,20.0545274145086,20.8331846519882,21.5661596781118,23.1161485877625,23.9131378398412,0.00337385763355678,0.00277519733467142,6.43651483882342e-06,0.0471410929251105,0.0469889339000095,0.0643670034266521,0.0851481906321285,0.103864990321356,0.141298589699821,0.159441891060516,0.164984008004288,0.000140033649761709,0.0321843104343229,0.0320451340887826,0.0438807655115967,0.0580388293060594,0.0707660283215994,0.0962204263526691,0.108547504527563,0.112309041456316,0.000106286277721144,0.0244768763720319,0.0243131193017288,0.0333288690189085,0.0440724596509764,0.0537194239585686,0.0730133525737631,0.0823586622176053,0.0851203801378626,8.54453779044202e-05,0.0197237468460644,0.0196555265201782,0.0268775062949844,0.0355230970011206,0.043294923205896,0.0588385756154262,0.0663547040746756,0.0687094517651974
10.2,1.02087671205713,1.02037178503833,1.02035568556697,1.02287576613955,1.02083455031743,1.02083491763043,1.0200715903743,1.01915721056531,1.01832966425333,1.01667457162937,1.01586927244555,1.01562264183655,0.602286073347868,0.602291861690117,0.588765442485628,0.571939919033218,0.556106071932806,0.522617523707535,0.505399526565118,1.02279021473671,1.02280541314213,1.02287561392758,1.02176844698766,1.02177172944201,1.0213646262245,1.02087760312967,1.02043894830065,1.01956163864261,1.01913651801354,1.01900643576252,1.02287903928,1.02211948265877,1.02212337406103,1.02184533805374,1.02151298412953,1.02121445200044,1.02061738774227,1.02032828988426,1.02023948936054,1.02287824997636,1.022300453245,1.02230439169459,1.02209278741564,1.02184054831096,1.0216141494402,1.02116135169866,1.0209420600204,1.02087758524361,1.02287776253197,1.02241209904259,1.02241382552322,1.02224421547861,1.02204115678312,1.02185869807877,1.02149378067007,1.02131734681648,1.02126197976572,1.0228760582817,0.00054781730565586,2.74672059890134e-05,3.06105876383567e-06,1.02287576613955,0.000547709071075657,2.74276981825505e-05,3.04600407207327e-06,0.0854180350693242,0.106993176121949,0.107681094083251,0,0.0872195736029712,0.0872038786027236,0.11982026197453,0.15889100412141,0.194251418089218,0.264972246024816,0.299382057409784,0.309920392612691,17.971472330204,17.9712249988158,18.5491984314187,19.2681400373319,19.9447080795894,21.3756478484992,22.1113595516857,0.00365554528595184,0.00300612917541583,6.50389959798076e-06,0.0473148910682336,0.0471746343322385,0.0645698400028354,0.085379960228816,0.104123341860274,0.141610105123182,0.159775180856956,0.165333494850232,0.000139858760512152,0.032315408298014,0.0321491316887304,0.0440293952743917,0.0582306214463124,0.0709866684666563,0.0964987625073442,0.108851690420087,0.112646068129046,0.000106132426136049,0.0245826750933551,0.0244143881879557,0.033456075393698,0.0442340572794716,0.0539079059526782,0.0732556032991102,0.0826257671326512,0.0853807244864219,8.53043042756107e-05,0.0198121364983094,0.0197383653162503,0.0269856713624489,0.0356622123950627,0.0434585317363603,0.0590511704189365,0.0665900525460569,0.0689558438096335
10.3,1.02243921784566,1.02190481251405,1.02188775398349,1.02460954067712,1.02240328309096,1.02240431522058,1.02158141411687,1.02059578949396,1.01970416249963,1.01792090851096,1.01705352112496,1.01678790692548,0.602455270110674,0.602472225768499,0.588919713966616,0.572062630433169,0.556203355617656,0.522654842800459,0.505408650433345,1.02451034068954,1.02452799188909,1.02460937495385,1.02341191085124,1.02341591890148,1.02297637521009,1.02245046182514,1.02197708948349,1.02103034480018,1.02057167680132,1.02043126200875,1.02461306362866,1.02379126372914,1.02379582849208,1.02349526948741,1.0231361677835,1.02281374077667,1.022168886763,1.02185670168814,1.02176107836813,1.02461221355259,1.02398691363173,1.02399143733517,1.02376252740583,1.02348991460228,1.02324526994224,1.02275598062216,1.02251904567149,1.02244910109242,1.02461168857352,1.02410766330964,1.02410931479441,1.02392604601219,1.02370665832159,1.023509424172,1.02311495587281,1.02292425841208,1.02286413080211,1.02460985877517,0.000636206953801895,3.45560270835617e-05,4.16902066707863e-06,1.02460954067712,0.000636078666025299,3.45050001699866e-05,4.14782422608511e-06,0.086053576386723,0.107242815774731,0.107919188681878,0,0.0874783939822402,0.087437469911847,0.120065603367245,0.159145745061666,0.194498868824257,0.265205116349449,0.299597136557824,0.310128773360031,16.7384705365388,16.7377982425489,17.275157059712,17.9435425664557,18.5723648305871,19.9025676319986,20.5863813535016,0.00393329212830603,0.00323341982047477,6.57094874828404e-06,0.0474861749645239,0.04732725526271,0.0647552185471921,0.0856077511698193,0.104377024741195,0.141915571883964,0.160101816392813,0.165669280782438,0.000139685476743979,0.0324447850927259,0.032263791661558,0.0441809944352418,0.0584194226817325,0.07120369452348,0.0967722382069752,0.10915041614322,0.112941892947162,0.000105979852497564,0.0246872415632911,0.0245078761463909,0.0335841839678326,0.0443933163118592,0.0540935082073957,0.0734938919984687,0.0828883929365276,0.0856617043952888,8.51643654585993e-05,0.0198995014720593,0.0198340198906142,0.0271006504222939,0.0357994002659653,0.0436197593904543,0.059260477639441,0.0668216562190019,0.0692057236040693
10.4,1.02397768558569,1.02341534807507,1.02339738015169,1.02631959275705,1.02394911833383,1.02395089466221,1.02306900388637,1.02201284896625,1.02105783775727,1.0191478153393,1.01821905107993,1.01793467504778,0.602621621604382,0.60264849487032,0.589071496330659,0.572182921528591,0.556299086803388,0.522691675723318,0.50541713357972,1.02620591788806,1.02622607770503,1.02631941341235,1.02503198963265,1.02503662751524,1.02456485840487,1.02400048489568,1.02349267160953,1.02247704503722,1.02198510991572,1.02183465788669,1.02632336231563,1.02543950908083,1.02544432289111,1.02512169873515,1.0247361217802,1.02438995391052,1.02369761817115,1.02336250186272,1.02325995738871,1.02632245216561,1.02564977153976,1.02565463076601,1.02540876762569,1.02511587742395,1.02485308741545,1.02432750739845,1.02407303148875,1.02399801584271,1.0263218900842,1.02577959012523,1.02578137265366,1.02558440968654,1.02534866490583,1.02513672676002,1.0247128504684,1.02450796125037,1.02444313023261,1.02631993703004,0.000730190502411359,4.27086394938831e-05,5.54505296604222e-06,1.02631959275705,0.000730040270225269,4.26439169359101e-05,5.51592053486508e-06,0.0866754824918279,0.107487953478082,0.10815295781642,0,0.0877327747573055,0.0876670317077577,0.120306373452718,0.159395342651333,0.194740918400922,0.265432069900099,0.299806229254837,0.310331168115401,15.6813329450404,15.6803383482777,16.182831749215,16.8078887059853,17.3957595897951,18.639591371981,19.2789332269584,0.00420717961754413,0.00346105189556154,6.63766230845438e-06,0.0476550152927823,0.0474833642914399,0.0649438408493749,0.0858316654447453,0.104626160005238,0.142215149126222,0.160421982655737,0.16599030849193,0.000139513774295,0.0325724598323745,0.0323942976345977,0.0443348240238551,0.0586052737738386,0.0714171680688112,0.0970409566587563,0.109443825602193,0.113239062181106,0.000105828539920011,0.0247905117259198,0.024610668653964,0.0337102207519105,0.0445502744752625,0.0542763007923676,0.0737283534265695,0.083146669628542,0.0859230466748931,8.50255472059666e-05,0.0199858428345599,0.0199198703173835,0.0272095957242416,0.0359346608606055,0.0437786272103955,0.0594665599099839,0.067049640933325,0.069449078372189
10.5,1.02549263296958,1.02490392360205,1.02488509426109,1.02800645477023,1.02547259473454,1.0254751913467,1.02453488737189,1.02340890682902,1.02239119688551,1.02035577699849,1.01936633507349,1.01906341508489,0.602784964735625,0.602821864460867,0.589220871110792,0.572300857263264,0.556392799105966,0.522728060805119,0.505425825863731,1.02787751121448,1.02790037236957,1.02800626169733,1.02662922502001,1.02663541297123,1.02613109037045,1.02552820812714,1.02498622818217,1.02390226829224,1.02337734535021,1.02321731439585,1.02801046779478,1.02706475551667,1.02706951562655,1.02672513943349,1.02631338330387,1.02594362883924,1.02520411990998,1.0248462287289,1.02473692974823,1.02800949825563,1.02728956380308,1.02729505638397,1.02703213890626,1.02671897562532,1.02643814122675,1.02587647242961,1.02560455741167,1.02552404456778,1.02800889949605,1.02742840966763,1.02743058675091,1.02721983433978,1.02696771229802,1.02674114309342,1.02628800468424,1.02606899444007,1.02600029189259,1.02800682543146,0.000829584352209504,5.19826301966231e-05,7.22620707302406e-06,1.02800645477023,0.000829410246471703,5.19018094834416e-05,7.18699313278294e-06,0.0872870447764509,0.107728708903282,0.108382517191046,0,0.0879828293059529,0.0878926675442694,0.12054269672745,0.159639944606177,0.194977729243563,0.265653298518342,0.300009537130276,0.310527780945948,14.7648998949895,14.7636186315488,15.2358838156766,15.8233948341349,16.3757678720005,17.5447033624494,18.1454861847108,0.00447728710208002,0.00368348275704362,6.70404040236707e-06,0.0478213351652951,0.0476064718941194,0.0651179873981734,0.0860517740941695,0.104870859723801,0.142509030983065,0.160735848943093,0.166292578968728,0.000139343629501395,0.0326984772309715,0.0325331926735125,0.0444909138514515,0.0587882581239172,0.0716271850923525,0.0973050390292155,0.109732039041568,0.113527210607531,0.000105678471796885,0.0248924939441792,0.0247017759092835,0.0338310187390844,0.0447049388072978,0.0544563081033311,0.0739590466953823,0.0834007097203561,0.0861963447204766,8.48878355564256e-05,0.0200713705085804,0.0199957759834178,0.0273136992911863,0.036068093871992,0.0439352212479669,0.0596694759999091,0.0672741347644223,0.0696596826727952
10.6,1.02698463611389,1.02637105357446,1.026351409164,1.02967064236289,1.02697423344862,1.02697772326899,1.02597957493713,1.02478446371448,1.02370472971602,1.0215452617191,1.02049582945786,1.02017457958912,0.60294621347299,0.602992325915753,0.58936701398597,0.572417611313935,0.556485614571492,0.522763199604633,0.505433886605474,1.02952566756632,1.02955138552758,1.02967043545834,1.02820413480398,1.02821053961991,1.02767468691272,1.02703414820599,1.02645827456622,1.02530652728668,1.02474889296536,1.02457872996966,1.02967489577365,1.02866752387793,1.02867201829886,1.02830602885935,1.02786847287733,1.02747528600125,1.02668891224908,1.02630840262142,1.02619227517217,1.0296738675169,1.02890680530273,1.02891260093913,1.02863288073096,1.02829972878714,1.02800095207277,1.02740339864401,1.02711414501648,1.02702724374464,1.02967323249537,1.02905464314379,1.02905724118128,1.02883284142196,1.02856432114332,1.02832319409323,1.02784093999305,1.02760788084326,1.02753488821044,1.02967103961999,0.000934211117944653,6.24327259380568e-05,9.25115437664881e-06,1.02967064236289,0.000934011172541029,6.23331707553259e-05,9.19932149209107e-06,0.0878882836056735,0.107965197522258,0.108607978423542,0,0.0882286671753535,0.0881144774476955,0.120774693224773,0.159879693116406,0.195209457487008,0.265868986228213,0.300207253398991,0.310718807340041,13.9627663344566,13.9612574982621,14.4070886572715,14.9616867374281,15.4829944777296,16.5864190031095,17.1534480545593,0.00474369188135838,0.00390217951575625,6.77008325169524e-06,0.0479853061755253,0.0477757354498012,0.0653092667725133,0.0862682081518801,0.105111256559462,0.142797353374619,0.161043596621002,0.166611466625354,0.000139175019182273,0.0328228431816791,0.0326757821160558,0.0446512507765207,0.0589684342362263,0.0718338248838477,0.0975646061790833,0.1100151870674,0.113814970555767,0.00010552963182752,0.0249933626165304,0.0248037247349453,0.0339563947985181,0.0448573942034438,0.0546336084685911,0.074186036998893,0.0836506482074432,0.0864941276773101,8.4751216715955e-05,0.0201559896181496,0.02007097974308,0.0274135202510266,0.0361997196175281,0.0440895905256911,0.0598693323420173,0.067495215067099,0.069883592688094
10.7,1.02845426133478,1.0278172357991,1.02779682110123,1.03131265511745,1.02845453882886,1.0284589917515,1.02740356034818,1.02614000377151,1.02499890978323,1.02271672180668,1.02160797489921,1.02126860550687,0.603103837558187,0.603160694820202,0.589511598183021,0.572532688422568,0.556576667354297,0.522798483709069,0.505442342613516,1.03115091658927,1.03117953626878,1.03131243428102,1.02975722456261,1.0297644358161,1.02919699443397,1.02851880628287,1.02790930983927,1.02669031695208,1.02610024590103,1.02592002908402,1.03131714589435,1.03024831805139,1.03025293724173,1.02986529551916,1.02940189409025,1.02898542888993,1.02815249848928,1.02774952684944,1.02762620996155,1.03131605957862,1.03050200274033,1.03050807817565,1.03021164092506,1.02985864181199,1.02954202500202,1.02890879138207,1.02860230188049,1.02851023768024,1.03131538870361,1.03065879655324,1.0306615740912,1.03042372500668,1.03013899607541,1.02988338469896,1.02937216194607,1.02912512829457,1.02904735708755,1.03131307917254,0.00104389938502601,7.4110899793257e-05,1.16600674088172e-05,1.03131265511745,0.00104367159782539,7.39897323322672e-05,1.15926435623931e-05,0.0884789838203342,0.108197530790802,0.108829449224803,0,0.0884703942428224,0.0883325580664107,0.121002478713384,0.160114725101828,0.195436253275468,0.266079309622749,0.300399563284665,0.310904434641235,13.2548150888724,13.2530551239591,13.6755505155467,14.2011172485445,14.6950213909664,15.7405943915586,16.2778379779686,0.00500646926413067,0.00412057307483203,6.83579121763793e-06,0.0481469403303592,0.0479237225272458,0.0654883552144571,0.0864810535657441,0.105347462490376,0.143080280339654,0.161345393878193,0.166923841792879,0.000139007920639053,0.0329455873499186,0.0328026045076822,0.0448017020102816,0.0591458724248657,0.072037174506682,0.0978197786703144,0.110293399840809,0.114110562120835,0.000105382003986584,0.0250930081761357,0.0249049485930722,0.0340808944886367,0.0450076614734458,0.0548082473047687,0.0744094189674078,0.083896523164046,0.0867462868789177,8.46156771400188e-05,0.0202395980827668,0.0201536219175439,0.0275160243369706,0.0363295498405267,0.0442417678763536,0.0600662039480004,0.0677129062977142,0.0701202433864504
10.8,1.02990212035476,1.02924295210136,1.02922181039075,1.03293297719931,1.02991399911845,1.02991948213134,1.02880732146409,1.02747599535904,1.02627419501656,1.02387059433161,1.0227031970636,1.02234591486312,0.603259987223539,0.603326051831968,0.589653771816593,0.572645035611489,0.556666003112689,0.522833102819761,0.505450642516247,1.03275377137358,1.03278548003243,1.03293274233392,1.03128898420931,1.03129644234185,1.0306979787401,1.02998266839326,1.0293398177477,1.02805411645659,1.02743188033598,1.02724241439115,1.03293770238038,1.0318076262023,1.03181249188764,1.03140337683926,1.03091413490775,1.03047454533243,1.02959536618179,1.02917008875038,1.02903959710972,1.03293655865174,1.03207564655898,1.03208199210537,1.03176886804265,1.0313962034695,1.03106184869902,1.03039313915806,1.0300695179361,1.02997229743147,1.03293585232418,1.03224135232003,1.03224434145923,1.03199305139765,1.0316922237886,1.03142220283659,1.03088216093258,1.03062122660798,1.03053907027328,1.03293342824905,0.00115848347725355,8.70664741967468e-05,1.44945068443502e-05,1.03293297719931,0.00115822581105924,8.6920567608758e-05,1.44080407565088e-05,0.089057152404737,0.108425816322076,0.109047033568821,0,0.0887081128684241,0.0885470028128649,0.121226164885527,0.160345172453091,0.195658261044731,0.266284438228006,0.30058664441826,0.311084842456551,12.6252920923614,12.6233508835868,13.0250901895003,13.5248662231846,13.9943859681005,14.9885146624689,15.4992720145382,0.00526569262507049,0.00433398155820507,6.90116472421997e-06,0.0483062519187392,0.0480871059542822,0.0656720553346049,0.0866903699046911,0.105579565551741,0.143357956845853,0.161641425801077,0.167208596535124,0.000138842311674038,0.0330667399977259,0.0329237691804455,0.0449449971971281,0.0593206326996985,0.0722373086804224,0.0980706606418572,0.110566795882043,0.11440109572718,0.000105235572532793,0.0251913664724554,0.0250049121723465,0.0342055900024425,0.0451557758372602,0.0549802859607282,0.0746293062076708,0.0841384272132897,0.0869951049587288,8.44812035202661e-05,0.0203223528659632,0.0202345215233382,0.0276183005864491,0.0364576656904652,0.0443918236889493,0.0602601396859306,0.0679273008569005,0.0703413407127752
10.9,1.03132861458896,1.0306486689815,1.03062684208149,1.03453207797155,1.03135308710915,1.03135966441283,1.03019132089229,1.02879289170393,1.02753102839683,1.02500730178261,1.0237819072665,1.0234069154093,0.603413003319221,0.603488164890169,0.58979304584698,0.572755264503834,0.556754777000764,0.522867074088901,0.505458234792686,1.03433472911608,1.03436962577187,1.03453182898323,1.0327998855076,1.0328085244516,1.03217870764189,1.03142620372554,1.03075026581511,1.02939838999425,1.02874425804502,1.02854460484672,1.03453703465144,1.03334592082116,1.03335129900476,1.03292059393142,1.03240566785775,1.03194310766663,1.0310179872844,1.03057055967447,1.03043375574773,1.03453583414373,1.0336282089882,1.03363475761333,1.03330511995691,1.03291288732297,1.03256089694362,1.03185691618493,1.03151626671212,1.03141357228174,1.0345350927572,1.03380278404784,1.03380550513194,1.03354105884406,1.03322447803089,1.03294012252206,1.03237141150438,1.03209665099482,1.03201006250748,1.03453255620727,0.00127780323505693,0.000101346220523483,1.77973140719893e-05,1.03453207797155,0.00127751361855428,0.00010117219152478,1.76878285246786e-05,0.0896266151006458,0.108650158051242,0.109260831853889,0,0.0889419220401032,0.0887579019984864,0.12144585953509,0.160571162259563,0.195875619788402,0.266484534846081,0.30076866721314,0.311260203040754,12.061865160194,12.0597622870267,12.4429248260189,12.9196084924877,13.3672707141489,14.3153820994808,14.8024472388643,0.0055214334602305,0.00454509355470673,6.9662043145162e-06,0.0484633437955383,0.0482216431056716,0.0658426807286003,0.0868962626859385,0.105807678143092,0.143630509057398,0.161931836538463,0.167517740986442,0.000138678170488366,0.033186347920928,0.0330358769045954,0.0450861591208102,0.0594927795495268,0.0724343054103522,0.098317357131997,0.110835503085868,0.114663008326859,0.000105090322022533,0.0252884793102488,0.0251052616381967,0.0343278759857064,0.0453017748925647,0.0551497745357828,0.0748457738222189,0.0843764771695574,0.0872496656801995,8.43477827253249e-05,0.0204042119383765,0.0203280813485284,0.0277267692147218,0.0365840787266242,0.0445397875013197,0.0604512050507105,0.0681384645865491,0.070561040436496
11,1.03273433357806,1.03203483823804,1.03201236657438,1.03611041257953,1.03277226076676,1.03277999388753,1.03155600661114,1.03009113152545,1.02876983857902,1.02612725268617,1.02484450308819,1.02445200123724,0.603563031848561,0.603648363530872,0.589930394986329,0.572864770152659,0.556841364851481,0.522899858508789,0.505466172778611,1.03589427175002,1.03593245578164,1.03611014937731,1.03429038643161,1.03429961009545,1.03363930667189,1.03284986715021,1.03214110703534,1.03072358680559,1.03003782574238,1.029828752399,1.03611559790805,1.03486365957185,1.03486931717577,1.03441741108861,1.03387695079326,1.03339157364398,1.03242081934542,1.03195139667616,1.03180692809479,1.0361143412432,1.03516014856154,1.03516718513007,1.03482106365528,1.034409152127,1.0340396286137,1.03330058158711,1.03294300748175,1.03283493260764,1.03611356518412,1.03534355498332,1.03534609091732,1.03506851069948,1.03473621913401,1.03443760379757,1.0338403731247,1.03355186296471,1.03346041920195,1.03611091818735,0.00140170380369547,0.000116994455302176,2.16125090862379e-05,1.03611041257953,0.00140138013239451,0.000116788656934941,2.14754522697316e-05,0.0901850650049879,0.108870656391593,0.109470941055387,0,0.0891719175116304,0.0889653429617969,0.121661666726469,0.160792817025114,0.196088463309576,0.266679755878494,0.300945795218391,0.311430681658173,11.5546210950608,11.5523416332019,11.9187891850477,12.3746625471064,12.8026951399632,13.7093732581445,14.1750786163926,0.00577376144092525,0.00475375291255913,7.03091060130233e-06,0.048618286595167,0.0483718952273594,0.0660105544975677,0.0870988212561234,0.106031902207356,0.143898064109823,0.162216772302571,0.167801740265545,0.000138515475785698,0.0333044638451063,0.03315333249529,0.0452250819504959,0.0596623764708422,0.0726282370863434,0.0985599583173341,0.11109962753809,0.114958811045428,0.000104946237265586,0.0253843651755439,0.025196397598298,0.0344423268819069,0.0454457032655544,0.05531677027945,0.0750589043072412,0.0846107672589115,0.0874977671016633,8.42154018685718e-05,0.0204850366753898,0.02041729437066,0.0278322837648884,0.0367087752272164,0.0446856749135646,0.0606394742862552,0.0683464347934616,0.0707891684157962
11.1,1.03411970956141,1.0334018975603,1.03337882021253,1.03766842250706,1.03417196382558,1.0341809117237,1.03290181256139,1.03137113962831,1.02999104048356,1.02723084219406,1.02589136895708,1.02548155336089,0.603711136440363,0.603805862080639,0.590065767739927,0.572971804115071,0.556926792733677,0.522933138716718,0.505473989283048,1.03743286654424,1.03747440691573,1.03766814500292,1.03576093313899,1.03577215878971,1.03508071525386,1.03425410031315,1.03351278068198,1.03203014141963,1.03131301535195,1.03109405966658,1.03767383368772,1.03636128682095,1.0363672513846,1.03589424849009,1.03532842759574,1.03482038658992,1.03380430457828,1.03331304078603,1.03316153692751,1.03767252147609,1.03667190749545,1.03667946331113,1.03631687019459,1.03588544131911,1.0354984877771,1.03472458069307,1.03435018624338,1.03423688033478,1.03767171112392,1.03686410650686,1.03686697694287,1.03657605937978,1.03622789106082,1.03591509128523,1.03528949173406,1.03498730785333,1.03489153102624,1.03766895566793,0.0015300354309037,0.000134053133145308,2.59851934600094e-05,1.03766842250706,0.00152967556807632,0.000133811647698964,2.58153883661699e-05,0.0907342399649771,0.109087408382829,0.10967745487087,0,0.089398191933803,0.089169410190237,0.121873686954651,0.161010254872193,0.196296920458535,0.26687025163123,0.301118185451882,0.311596436923712,11.0955112829717,11.0930893178516,11.4443989436636,11.8814610056683,12.2917032357995,13.1608601408794,13.6072593505532,0.00602274446624037,0.004960631499669,7.0952842976473e-06,0.0487710898865321,0.0484840700845975,0.0661630440296432,0.0872981089214001,0.106252325375554,0.144160758283857,0.162496388611435,0.168094693687671,0.000138354206687357,0.0334211205096725,0.0332686172901217,0.0453624549129244,0.0598294827033544,0.0728191821352518,0.0987985809990354,0.111359317101035,0.115232999662966,0.000104803303323804,0.0254791056862326,0.0252859169996523,0.0345567741667712,0.0455876385152253,0.0554813481710822,0.0752687674827845,0.0848413636213454,0.0877383929549963,8.40840482583677e-05,0.0205649208847811,0.0204915289723771,0.0279297704936167,0.03683181139816,0.0448295419370476,0.0608250030148341,0.0685513041181123,0.0710001462041052
11.2,1.03548524965624,1.03475027109167,1.03472662584245,1.03920653610581,1.03555262635389,1.03556284552682,1.03422915920859,1.03263332746623,1.03119503585775,1.02831845264079,1.02692287670302,1.02649594026809,0.60385705810942,0.603960542781022,0.590199335935414,0.573078217451014,0.55701073923174,0.522965263464826,0.505481735389422,1.03895096667387,1.03899606484027,1.03920624421463,1.03721195824902,1.03722242802351,1.03650142771506,1.03563933099904,1.03486571216696,1.03331847450278,1.0325702452565,1.03234159854161,1.0392121703945,1.03783923473335,1.03784612484344,1.03735176676896,1.03676052880399,1.0362299764994,1.03516887189021,1.03465592090578,1.03449866590149,1.03921080323517,1.03816391420933,1.03817207710961,1.03779314795393,1.03734218593556,1.03693790583332,1.03612934562883,1.03573823359586,1.03561967344639,1.03920995896254,1.03836486873534,1.03836762045659,1.03806361859117,1.03769992465782,1.03737301628853,1.03671919954995,1.03640341851961,1.03630293821375,1.03920709699566,0.00166265327349726,0.000152561936481811,3.09614581681571e-05,1.03920653610581,0.00166225505110825,0.000152280568579075,3.07530500560872e-05,0.0912734088827657,0.109300507831803,0.109880463857725,0,0.0896208349793218,0.0893701854359848,0.122082017297149,0.161223589735206,0.196501115357701,0.2670561666027,0.301285988714304,0.311757621124301,10.6779823188977,10.6754441109762,11.0129704681005,11.4329066566026,11.8269998093595,12.6620461494876,13.0908712959431,0.00626844871414012,0.0051623088248667,7.15932618992108e-06,0.0489217701293149,0.0486649739862542,0.0663492229279467,0.0874941971522849,0.106469040647261,0.144418727637214,0.162770831099172,0.168378936086706,0.000138194342701998,0.0335363210885236,0.0333673247362131,0.0454926333568902,0.0599941519189574,0.0730072101952247,0.0990333267477649,0.111614670746144,0.115471724079689,0.00010466150554935,0.0255727840245063,0.0253725694629298,0.0346667090655685,0.0457276261034668,0.0556435580198768,0.0754754218526914,0.0850683755229609,0.0879763454270314,8.39537093996307e-05,0.0206438958917647,0.0205764033774784,0.0280327728185313,0.0369532323254073,0.0449714383038143,0.0610078502606337,0.068753131762223,0.0712176504616567
11.3,1.03683135436652,1.03608036996556,1.03605619334788,1.04072516909951,1.03691466529197,1.0369262098731,1.03553845407793,1.03387809367762,1.03238221380935,1.02939045407281,1.02793938608233,1.02749551844407,0.603999877163743,0.604113223982031,0.590329724093305,0.573181636720995,0.557092859884102,0.522997358755381,0.505488825697208,1.04044901176371,1.04049756219119,1.04072486273897,1.03864387980858,1.03865583902971,1.03790426996588,1.03700597276928,1.03620031298772,1.03458899342459,1.03380992111919,1.03357097089518,1.04073102380314,1.03929792447649,1.03930524185034,1.03878984254465,1.03817367365369,1.03762076162647,1.03651493757203,1.03598045231317,1.03581649672677,1.04072960228421,1.03963658827559,1.03964458864051,1.0392498384759,1.03877980419528,1.03835830093114,1.03751529440286,1.03710756869076,1.03698498413254,1.04072872445713,1.03984626120969,1.03984859530983,1.03953188265486,1.03915273896208,1.03881179769092,1.0381299151486,1.03780061358272,1.03769513334746,1.04072575788933,0.00179941721248297,0.000172558362179491,3.65882960417536e-05,1.04072516909951,0.00179897843211418,0.000172232632030958,3.63346980044793e-05,0.0918041482680706,0.109510045446279,0.110080055563894,0,0.089839933461639,0.0895677478261211,0.122286751558113,0.161432931543649,0.196701167614287,0.267237639755574,0.301449349885484,0.311914380522151,10.2966361274665,10.293963758896,10.6189361970347,11.023235236305,11.4025589985978,12.2064258118752,12.6192230493026,0.00651093869112504,0.00536626927340178,7.22303711100789e-06,0.0490703856644749,0.048788424095836,0.0665081058219793,0.087687184612532,0.106682158722061,0.144672106941114,0.163040230321633,0.168673940011994,0.000138035863800436,0.0336500285636257,0.0334775074447981,0.0456290342948331,0.0601563973316798,0.0731923585180701,0.0992642808908453,0.111865795681957,0.115731362996972,0.000104520829535103,0.0256653801512912,0.0254767562085491,0.0347837482269469,0.0458657076286527,0.0558034552643285,0.0756789505356854,0.0852918659653617,0.0881820319670672,8.38243730259369e-05,0.0207219387064227,0.0206669078200924,0.0281340159209796,0.0370730554422193,0.045111399625179,0.0611880879910931,0.0689520038041651,0.0714389025965655
11.4,1.03815846000918,1.03739259281545,1.03736792015793,1.04222472506434,1.03825848496429,1.03827140681725,1.03683009226322,1.03510582459521,1.03355295131388,1.03044720475122,1.02894124527631,1.02848063286843,0.604141590113514,0.604263529419063,0.590458983498185,0.573284065117135,0.557174716685404,0.523028883419141,0.50549626892608,1.04192742840622,1.04197981694355,1.0422244041549,1.04005710547262,1.0400693438536,1.03928820122195,1.03835442810337,1.03751698310767,1.03584209311627,1.03503243549842,1.03478433538672,1.04223079753959,1.04073775880272,1.04074574457611,1.04020929335648,1.03956826617339,1.03899314584592,1.03784290519097,1.03728703683788,1.03711709889156,1.04222932223847,1.04109033791662,1.04109861453192,1.04068797869255,1.04019870280609,1.03976007914429,1.03888283182069,1.03845859594582,1.03833124092792,1.04222841121649,1.0413086946093,1.04131088567356,1.040981325674,1.04058674183719,1.04023184286587,1.03952204492322,1.03917930078136,1.039069540835,1.04222534192029,0.00194019167624229,0.000194077805144681,4.29135186423826e-05,1.04222472506434,0.00193971011000952,0.000193702941975371,4.26073553057483e-05,0.092326690761197,0.109716108962102,0.11027631465218,0,0.0900555714481742,0.089762173967574,0.122487980405308,0.161638386395758,0.196897192521762,0.26741480477377,0.3016084082042,0.312066855640962,9.94690842324905,9.94413972706168,10.2575792163835,10.6475447884028,11.0133160332297,11.7886151703973,12.1867024211247,0.00675027728051681,0.00556076793486433,7.28641801433734e-06,0.0492169450387318,0.0489390661497462,0.0666753212178702,0.0878771319188967,0.10689176183081,0.144921021654628,0.163304724510199,0.168937968280543,0.000137878750344592,0.0337623525143241,0.0335810313215667,0.0457614389415825,0.0603162989174429,0.0733747090075108,0.0994915291876517,0.112112813054742,0.115971343673342,0.000104381261114845,0.0257568579446708,0.0255689330330323,0.0348926361468343,0.0460019029688585,0.0559610843390422,0.0758794470794198,0.0855119461658036,0.0884036089559336,8.36960270371921e-05,0.0207989541762634,0.0207492049076768,0.0282320383563925,0.0371912722938037,0.0452494404486765,0.0613657767584221,0.0691479631055103,0.0716401205246204
11.5,1.03946711524938,1.03868732626059,1.03866219173085,1.04370559588691,1.03958447756738,1.03959882637622,1.03810445691153,1.03631689473085,1.03470761369707,1.03148905162952,1.02992879136472,1.02945161748709,0.604280733145588,0.604411558340604,0.590586507197904,0.573385055507885,0.557254783999008,0.523059647901672,0.505503581512389,1.0433866306553,1.04344284886107,1.04370526035171,1.04145202808339,1.04146428175613,1.04065376652598,1.0396850862465,1.03881610984194,1.03707815703283,1.03623816965605,1.03598135955511,1.04371188353896,1.04215912981286,1.04216696651052,1.04161016120689,1.04094469873755,1.04034752105895,1.03915316570177,1.0385760637413,1.03839934497757,1.04371035502264,1.04252555977555,1.0425341899698,1.04210756192288,1.04159927655807,1.0411436349324,1.04023235168105,1.0397917100215,1.03965952011288,1.043709411159,1.04275256057874,1.04275506109242,1.0424125846423,1.04200232628096,1.04163354532091,1.04089598340081,1.04053987481845,1.04042570698236,1.0437062409704,0.00208484547138357,0.000217153638986796,4.99856773548085e-05,1.04370559588691,0.00208431886284548,0.000216724574637716,4.96187267421599e-05,0.0928385019653886,0.109918783264075,0.110469323018339,0,0.0902678303681546,0.0899535380469821,0.122685791500113,0.16184005672317,0.197089301250538,0.267587790305275,0.301763297532374,0.312215181536212,9.62504007260316,9.62217451388926,9.92499459198895,10.3017704093392,10.6550833936942,11.4040841515751,11.7886273507468,0.00698652578936541,0.00575513783385194,7.34946987075013e-06,0.0493615228776765,0.0490931218355466,0.0668464221857899,0.0880641258208443,0.107097943488384,0.145165578823463,0.163564428882915,0.169189525963636,0.000137722983051459,0.033873363106541,0.033701710259027,0.0458978188874555,0.0604739238767853,0.0735543377866068,0.0997151656062545,0.112355846565479,0.116226645254226,0.00010424278636528,0.0258471830385529,0.0256581496622676,0.0350028918374553,0.046136233210215,0.0561164807513078,0.0760769758334935,0.0857286682851099,0.0886241193065767,8.35686595356405e-05,0.0208750205314532,0.0208202499747236,0.0283217589604257,0.0373079440919913,0.0453856197527249,0.0615409710741921,0.0693410744958548,0.0718417750489453
11.6,1.04075760755348,1.03996494536865,1.03993938201496,1.04516816220097,1.04089302363464,1.04090884699002,1.03936191968469,1.03751166723716,1.03584655509403,1.03251633080776,1.03090235077584,1.03040879566088,0.604418030499788,0.604556726746819,0.590711794854397,0.573484093207991,0.557334409433907,0.523090138007904,0.505510766616155,1.04482702049723,1.04488712182809,1.04516781196578,1.04282902974419,1.04284262417787,1.04200244552338,1.04099832570221,1.04009806952089,1.03829755715825,1.03742749265626,1.03716162934185,1.04517466248231,1.04356242396582,1.04356996924163,1.04299308329024,1.04230335381482,1.0416842686613,1.04044609835426,1.0398479130447,1.03966424653177,1.04517308130762,1.0439426325117,1.04395197214069,1.04350938287054,1.04298190703279,1.04250935027936,1.04156423677251,1.04110729199114,1.04097151420047,1.04517210494941,1.04417823800243,1.04418107742294,1.04382574099313,1.04339987377901,1.04301728728012,1.04225211428234,1.04188271900909,1.0417642948843,1.04516883566873,0.00223325162088003,0.000241817293835013,5.78539885050943e-05,1.04516816220097,0.00223267768593881,0.000241328656542401,5.74171221035613e-05,0.0933426639935077,0.110118150501008,0.110659159903411,0,0.090476789115437,0.090141911925797,0.122880269621172,0.162038041447175,0.197277601028739,0.267756720191866,0.301914146604829,0.312359488050499,9.32780449096108,9.32486919637379,9.61787606941708,9.98247410632756,10.3242575387092,11.0489853284985,11.4210259193506,0.00721974399403267,0.00594779096769889,7.41219374550326e-06,0.0495041717880552,0.0492164663275992,0.0669975664633826,0.0882482314175912,0.107300780803628,0.145405879575701,0.163819468104279,0.169446059770978,0.00013756854304762,0.0339830013511321,0.0338233170936238,0.0460322286311471,0.0606293012936119,0.0737312945998959,0.0999352812124591,0.112594961188817,0.11648198288431,0.000104105391613012,0.025936467211729,0.0257388082048563,0.035105535256799,0.0462687570789325,0.0562697002206353,0.0762715865040503,0.0859421260619647,0.0888156559703042,8.34422588087079e-05,0.0209502362465795,0.0208901442409634,0.0284102979684092,0.0374231282020492,0.0455199880912315,0.0617137078696007,0.0695313955816871,0.0720376616122816
11.7,1.04203033930828,1.04122581409669,1.04119985388789,1.04661279380409,1.0421844924795,1.04220183596118,1.04060284119913,1.03869049434723,1.03697011888637,1.03352936796465,1.03186223971434,1.0313524805919,0.604552354320584,0.604700292149223,0.590834899869559,0.573582087360941,0.55741176887918,0.523120170387035,0.505517802535405,1.04624898830008,1.04631297417472,1.04661242879726,1.04418848406558,1.04420274799083,1.04333338055234,1.04229451469366,1.04136322768151,1.03950065365719,1.03860076199264,1.03832540016374,1.04661950421335,1.04494801497615,1.04495547336178,1.04435856247694,1.04364460227473,1.04300375863669,1.04172207136061,1.04110295314791,1.04091231087239,1.04661787092722,1.04534192907087,1.04535207412468,1.04489352914396,1.04434696564741,1.04385759640995,1.04287885793504,1.04240571364614,1.04226486139165,1.04661686241552,1.04558609646472,1.04558888188326,1.04522076156332,1.04477975701318,1.04438344150322,1.04359081048331,1.04320820340498,1.04308591637352,1.04661349580831,0.00238528720913392,0.000268098331393788,6.65682623196773e-05,1.04661279380409,0.00238466363692697,0.000267544439748392,6.60513833859689e-05,0.0938392647669789,0.110314290195187,0.110845902000586,0,0.0906825241465011,0.0903273652309662,0.123071496781935,0.162232436127028,0.197462195313507,0.267921713686464,0.302061079265377,0.312499900054936,9.05249068194131,9.04946121878277,9.33339600055102,9.68669819754024,10.0178331381633,10.7200547080955,11.0805150812136,0.00744999018437763,0.00613969077230657,7.47459074564959e-06,0.0496448887025083,0.0493527927834784,0.0671556539606729,0.0884294949686336,0.107500341954213,0.145642035925362,0.16406997061596,0.16970881582276,0.000137415411828507,0.0340912542297881,0.0339385217969504,0.0461620318428459,0.0607824717207098,0.0739056344011685,0.100151959762086,0.112830230312545,0.116734192912748,0.000103969063403426,0.0260247018911656,0.0258169520070199,0.0352070122669031,0.0463995111147966,0.056420788900414,0.0764633444716443,0.0861523686048609,0.0890367337446552,8.33168133383122e-05,0.0210246547026013,0.0209676150466654,0.028505963807199,0.0375368320421585,0.0456525604370886,0.0618840172269579,0.0697190250722002,0.0722232125403979
11.8,1.0432858226754,1.04247028571164,1.04244395957542,1.04803985005541,1.043459242618,1.04347814987367,1.04182757144521,1.0398537177935,1.03807863811855,1.03452847876866,1.0328087645683,1.03228297572909,0.604685429116626,0.604841899840516,0.590956429460845,0.573678674494211,0.557488900893379,0.523149547045063,0.505524210943022,1.04765291324273,1.04772096161368,1.04803947020781,1.04553074931932,1.04554607594611,1.04464732091594,1.0435740091676,1.04261193838088,1.04068779680744,1.03975832459899,1.0394736540363,1.04804676813625,1.04631625946973,1.0463247699541,1.04570717325281,1.0449688026071,1.04430634930807,1.04298144271,1.04234153967553,1.04214505498811,1.04804508327597,1.04672381518373,1.04673430947098,1.04626020463147,1.04569481447978,1.04518873447459,1.04417657446421,1.04368733515259,1.04354150132727,1.04804404294601,1.04697649657341,1.04697926730141,1.04659843412151,1.04614233671008,1.04573236882828,1.04491243306467,1.04451668928259,1.04439034978513,1.04804058074381,0.00254083323362566,0.000296024517322886,7.61788355489401e-05,1.04803985005541,0.00254015768740818,0.000295399374411235,7.55708156945066e-05,0.0943259830172759,0.110507279346625,0.111029623556968,0,0.09088510957395,0.0905099654413833,0.123259552342472,0.162423333100811,0.197643183953525,0.268082885658947,0.302204214690216,0.312636537677429,8.79671870548576,8.79361412621758,9.06911961630534,9.41193237090012,9.73315818380721,10.4144948798351,10.7642040886685,0.00767732120668283,0.00632715450171991,7.53666202952709e-06,0.0497837674255006,0.0494796675490844,0.0673121167414525,0.0886079944580203,0.107696709233067,0.145874138783161,0.164316056075786,0.169964284097118,0.000137263571247981,0.0341982414735391,0.0340293825797357,0.0462832909611799,0.0609335088544573,0.0740774295010053,0.100365270794097,0.113061765352818,0.116960272830204,0.000103833788522552,0.0261118148956139,0.0259035948158335,0.0353104411515562,0.046528504823395,0.056569779338506,0.0766523283687235,0.0863594619862752,0.0892529915835149,8.3192311790342e-05,0.0210982929769659,0.021043318190051,0.0285995355165697,0.0376490914500616,0.045783378521946,0.0620519526657059,0.0699040154082544,0.0724107526101342
11.9,1.04452430446658,1.04369870319128,1.04367204105099,1.04944968025546,1.04471762217202,1.04473813499283,1.04303645018713,1.04100166920725,1.03917243589468,1.03551396926956,1.03374222229663,1.03320057515421,0.604816710978074,0.604980395852239,0.591076272366444,0.573773187860841,0.557564307274527,0.523178418155643,0.505531349101754,1.04903916372451,1.04911136548494,1.04944928550042,1.04685617724088,1.04687320325947,1.04594503501356,1.04483715532619,1.04384454533142,1.04185932534188,1.04090051727226,1.04060635344383,1.04945680359545,1.04766750967394,1.0476766321692,1.04703859924069,1.04627630421257,1.04559238909812,1.04422455886922,1.04356401898724,1.04336090309775,1.0494550676889,1.04808864261877,1.04809923641642,1.04760961612541,1.04702580388777,1.0465031144468,1.04545773556487,1.04495250597298,1.04480174232692,1.0494539958702,1.04834979155142,1.04835293655474,1.04795940418417,1.04748796451881,1.04706442036025,1.04621733204313,1.04580852660008,1.04567759885822,1.04945043977136,0.00269977446282738,0.000325621891026507,8.67365075866052e-05,1.04944968025546,0.00269904458084524,0.000324919178755876,8.60251216838336e-05,0.0948056766548578,0.110697192532384,0.111210396470428,0,0.0910846172557507,0.0906897779703098,0.123444513115932,0.162610821619322,0.197820663343246,0.2682403467911,0.302343667599313,0.312769516518728,8.55847986474358,8.55532919037505,8.8229615278589,9.15601847723408,9.46801373560067,10.1298875955926,10.4695657022676,0.0079017925053059,0.0065120230651621,7.59840882661367e-06,0.0499208220333453,0.0495930981635599,0.0674588656450501,0.0887837935116468,0.107889962511175,0.146102300510236,0.16455783603052,0.17022002344465,0.000137113003509126,0.0343039587511019,0.034128365177504,0.0464094876965919,0.06108245866344,0.0742467405333351,0.100575304273121,0.113289649970468,0.117199308881235,0.000103699553970027,0.0261978171066375,0.0259939032944333,0.0354183177923665,0.0466557779581921,0.0567167211745572,0.076838607607283,0.0865634764048235,0.0894654376138781,8.30687429920524e-05,0.0211711141039081,0.0211105777752077,0.0286854521150918,0.0377599183878865,0.0459124720744431,0.0622175794475564,0.0700864362232394,0.0726065877186719
12,1.04574615811515,1.04491139960706,1.04488443041696,1.05084262400901,1.04595996925412,1.04598212764688,1.04422980734447,1.0421346704994,1.04025182575669,1.03648613627128,1.03466290079787,1.03410556394921,0.604944720322421,0.605118102583838,0.591194405190891,0.573867197771547,0.557638717920402,0.523207351049544,0.505538291842932,1.05040809775668,1.05048436410942,1.05084221428224,1.04816510627508,1.04818335989914,1.04722662893624,1.04608428909113,1.04506138253236,1.04301556941482,1.04202766692247,1.04172539149621,1.05084995023858,1.0490021098752,1.04901222752164,1.04835377486654,1.0475674478905,1.0468622174997,1.0454517567181,1.04477072753041,1.04456166088253,1.05084816380446,1.04943674804737,1.04944746604519,1.04894249828565,1.04834027364248,1.04780107657113,1.04672268242842,1.04620156561925,1.04604505221916,1.05084706082095,1.04970632235822,1.0497106651388,1.0493039510979,1.04881698055423,1.04837993653834,1.04750584850655,1.04708405826285,1.04694945776873,1.05084341249145,0.00286199930007724,0.000356914832934772,9.82924799237111e-05,1.05084262400901,0.0028612126964299,0.000356127906543155,9.74643393764777e-05,0.0952783111418489,0.110884102001217,0.111388290381933,0,0.0912811168803796,0.0908668662440349,0.12362645346985,0.162794987973217,0.197994726569252,0.268394203761325,0.302479548456596,0.312898947856882,8.33605092032927,8.33280954299176,8.59311274134106,8.91704448033456,9.22043553304014,9.86412913446545,10.194451784657,0.0081234581630648,0.0066976604756056,7.65983238687335e-06,0.050056131651538,0.0497148805751018,0.0676009436353548,0.0889569604240753,0.108080174707279,0.146326603273691,0.164795417350777,0.170446449401919,0.000136963691159076,0.034408368849014,0.034219219684523,0.0465289767300891,0.0612293412263649,0.0744136069509901,0.100782138400232,0.113513963196736,0.117422459307684,0.000103566346962874,0.0262828183469975,0.0260824456274047,0.0355228061266318,0.0467813817993029,0.0568616584853681,0.0770222118575027,0.086764478463397,0.0896904928313424,8.29460959572003e-05,0.0212431328864546,0.021161944704819,0.0287654542232641,0.0378693571910438,0.0460398848853975,0.062380940274113,0.0702662990525889,0.07278265215403
12.1,1.04695184878652,1.04610869848942,1.04608145026854,1.05221901157184,1.04718661233508,1.04721045459143,1.04540796335644,1.04325303422402,1.0413171120451,1.03744526768726,1.03557107926155,1.03499821854622,0.605071910537907,0.605253194829151,0.591309835469955,0.573959537420315,0.557712018121431,0.523235400785861,0.505544883429042,1.05176006333647,1.05184061343446,1.05221858681141,1.04945786907777,1.04947573190161,1.04849139580498,1.04731573754273,1.04626277457097,1.04415684862743,1.04314009124717,1.04283012839431,1.05222653836326,1.05032039067072,1.05033151193132,1.04965298423634,1.04884256308046,1.04811616335895,1.04666336391594,1.04596199234168,1.04574591930959,1.05222470191134,1.05076846014715,1.05077987990934,1.05025917980488,1.0496385536219,1.04908295081741,1.04797174520844,1.04743484332023,1.04727333713459,1.0522235680815,1.05104641856566,1.05105112815213,1.05063159957768,1.05012971490321,1.04967924779426,1.04877831357638,1.04834361591201,1.0482052529943,1.05221982915564,0.00302739965312756,0.000389926129359245,0.000110898298783058,1.05221901157184,0.00302655391862077,0.00038904801211142,0.000109938783206496,0.095742008297051,0.11106807776375,0.11156337276347,0,0.0914746760481623,0.0910412917769528,0.123805445422645,0.162975915614075,0.198165463549311,0.268544559419787,0.302611963659587,0.313024938840957,8.12785995080641,8.12456471904241,8.37801525434333,8.6933942254384,8.98872782170683,9.61541446830055,9.93697765679277,0.00834237094042211,0.00687819972262969,7.72093402677185e-06,0.0501897014297287,0.0498650062002859,0.0677574311303516,0.0891275477731398,0.108267413710119,0.146547145584074,0.165028897051593,0.170663138338584,0.000136815617069911,0.0345115170115568,0.0343093641888958,0.0466430639149161,0.0613742108706612,0.0745780876061981,0.100985841077268,0.113734777424766,0.117662369351245,0.000103434154930957,0.026366890904793,0.0261593121739257,0.035624156104682,0.0469053713589355,0.0570046469053676,0.0772031979982397,0.0869625441834095,0.0898982663542322,8.28243598641665e-05,0.0213143990232385,0.0212287921632314,0.0288546260121136,0.0379774590488822,0.046165667281616,0.0625420837470836,0.0704436484196452,0.0729586919363432
12.2,1.04814155102532,1.04729091417678,1.04726341404147,1.05357916418232,1.04839787059493,1.04842343335755,1.04657122952972,1.04435706392516,1.04236859024318,1.0383916428792,1.03646702850299,1.03587880706099,0.60519744163657,0.605386813569936,0.591424992065891,0.574050521841805,0.557784654679674,0.523263225208332,0.505550808890414,1.05309539880476,1.05318024073499,1.05357872432859,1.05073479034137,1.05075333667837,1.04974103425331,1.04853181886249,1.04744903687045,1.04528347288636,1.04423809838911,1.0439190285243,1.05358688924869,1.05162267084095,1.05163444086272,1.05093609943984,1.05010196980218,1.04935454632242,1.04785969936292,1.04713812996244,1.04691565265143,1.05358500327999,1.05208410255519,1.05209638129403,1.05156005667452,1.05092096671067,1.05034905921011,1.049205244209,1.04865265755186,1.04848618890032,1.05358383891699,1.05237040316046,1.05237610621927,1.05194370653318,1.05142649105253,1.05096267705482,1.05003504905938,1.04958751917416,1.04944522075019,1.05358001099816,0.00319587080909598,0.000424677035002598,0.000124605800786868,1.05357916418232,0.0031949635120838,0.000423700413073063,0.000123498988142592,0.0962000629895671,0.111249187678555,0.111735709001928,0,0.0916653603489374,0.0912131142432185,0.123981558735619,0.163153685269459,0.198332961164485,0.268691512954546,0.302741015719112,0.313147592674495,7.9325889332082,7.9292386411973,8.17624556672852,8.48362769960723,8.77139687339685,9.38213610653978,9.69549704566584,0.00855858231341856,0.00705759303815623,7.78171509258388e-06,0.0503215169531321,0.0499934026250254,0.0679026496134078,0.0892956015217795,0.108451744636617,0.14676403086629,0.165258375642152,0.170903231244531,0.000136668764474121,0.0346134925827681,0.0344052620959131,0.0467600374227303,0.0615171231822327,0.0747402385006709,0.101186469137547,0.113952184493397,0.117888163518606,0.000103302965532503,0.0264500284499746,0.0262327979455037,0.035721237209122,0.047027759575409,0.0571457168461962,0.0773816313877745,0.0871577720747211,0.0901028684435551,8.27035240779181e-05,0.021384913395781,0.0212840171750652,0.0289338583530929,0.0380842264247079,0.0462898369577552,0.0627010580238497,0.0706185765940684,0.073136063026774
12.3,1.04931579701535,1.04845835214897,1.04843062634415,1.05492339437851,1.04959405425847,1.04962137258452,1.04771990837072,1.04544705446815,1.04340654730549,1.03932553298018,1.03735101128254,1.03674758961073,0.605320631159931,0.605518223734127,0.591538015029203,0.574139907086497,0.557855827563575,0.523290743765958,0.505557737407477,1.05441443318824,1.05450373149212,1.05492293937408,1.05199618048158,1.0520163642099,1.0509755492466,1.04973284063599,1.04862047513156,1.04639574412269,1.04532198745497,1.04499402901272,1.05493131547281,1.05290926548388,1.0529218137143,1.05220365805156,1.05134598007979,1.05057767735605,1.04904107190856,1.04829944914141,1.04807094433657,1.05492938047985,1.05338398624063,1.0533975538729,1.05284542627489,1.05218782462613,1.05159971363274,1.05042349164596,1.04985532028028,1.04968291715882,1.05492818589166,1.05367859282319,1.05368439376724,1.05323969187662,1.05270762287987,1.05223053787108,1.05127636785349,1.05081608277042,1.05066949947577,1.05492427055305,0.00336731131456315,0.000461187333200824,0.000139467061516976,1.05492339437851,0.00336634000177924,0.000460104550744067,0.000138195656751274,0.0966491043944043,0.111427497534262,0.111905362479104,0,0.0918532334363387,0.0913823915452588,0.124154861000623,0.163328375052494,0.198497303384731,0.268835160049206,0.302866803429763,0.313267008789565,7.74907711523922,7.74567153097661,7.98662582264079,8.28648892655535,8.56715132077748,9.162893877885,9.46852908522488,0.00877214251054574,0.00723305178505475,7.84217696716037e-06,0.0504516610568416,0.0501037867108299,0.0680426342292695,0.089461196665315,0.108633245370009,0.146977342779404,0.165483953285023,0.171136443588738,0.000136523116879275,0.0347142887040945,0.0344980151107174,0.0468757050774163,0.061658115878661,0.0749001097924029,0.101384097619887,0.11416625218655,0.118104620672677,0.000103172766601204,0.0265322932778593,0.0262984499001952,0.0358145821049957,0.047148600274513,0.0572849201838485,0.0775575600025196,0.0873502127338802,0.0903216470586363,8.25835781039274e-05,0.0214546351457136,0.0213546536364219,0.0290192623214375,0.0381896767932252,0.0464124210157277,0.0628579094607286,0.0707911004807166,0.0733175201270992
12.4,1.05047478969268,1.04961130934592,1.04958338327508,1.05625200630166,1.05077546491602,1.05080457233789,1.04885429390312,1.04652329235596,1.04443126197163,1.04024720120295,1.03822328261,1.03760481861728,0.605441996411984,0.605647474970399,0.591649103169321,0.574227820025769,0.557926245295972,0.523317812053872,0.50556400474907,1.0557174865267,1.0558111219077,1.05625153609131,1.05324234432477,1.05326333726032,1.05219479956841,1.05091910362015,1.04977738755396,1.04749395542158,1.04639204792763,1.04605680413089,1.0562601212158,1.05418048101397,1.05419384713898,1.05345593595796,1.05257489729196,1.05178585857289,1.05020778113474,1.04944624869954,1.04921155541922,1.05625813768278,1.05466841640188,1.0546833738892,1.05411540444525,1.05343943220574,1.0528352184738,1.05162679100991,1.0510431340102,1.05086622306532,1.05625691317229,1.05497128948067,1.05497718824267,1.05452009693627,1.05397341519393,1.05348313520809,1.0525025752364,1.05202960956561,1.05187855619431,1.05625291195759,0.00354162286057429,0.000499475393974451,0.000155534346833126,1.05625200630166,0.00354058505795209,0.00049827844838285,0.000154079609066745,0.0970914830823748,0.111603071127882,0.112072394647988,0,0.0920383570987341,0.091549179879155,0.124325417723645,0.163500060566179,0.198658571388315,0.268975593032582,0.30298942203154,0.313383283011714,7.5762803112726,7.5728270535313,7.8080826741692,8.10086349443072,8.37482657634703,8.95645339390656,9.25482259109102,0.00898310054840721,0.0074094711302985,7.90232108629826e-06,0.0505801607747706,0.0502273550234345,0.0681851219306009,0.0896243754608519,0.108811972815789,0.147187167525668,0.165705744904404,0.171339827824113,0.000136378658136164,0.0348139036559573,0.0345892735289505,0.0469905552875848,0.0617972271721259,0.0750577546249078,0.101578809530468,0.114377068372645,0.118321306610229,0.000103043546193074,0.0266136969358252,0.0263623224893627,0.0359075757473843,0.047267916149658,0.0574222882814267,0.0777310325449568,0.0875399297264191,0.0905130822277622,8.24645116348094e-05,0.0215236339529311,0.0214244997868693,0.0291063431114643,0.0382938368009161,0.0465334466637555,0.0630126663894345,0.0709612931299717,0.0734998851263114
12.5,1.05161874016479,1.0507500744724,1.05072197272642,1.05756529598666,1.05194239583017,1.05197332441366,1.04997467197151,1.04758605603168,1.04544300506585,1.04115690313417,1.03908409003515,1.03845073909629,0.605562017223751,0.605775170961088,0.591759070794985,0.574314849069425,0.557995537914885,0.52334444011805,0.505570168831514,1.05700487018643,1.05710294691837,1.0575648105173,1.05447357824166,1.05449610495794,1.05339969096072,1.05209089948598,1.05092006349631,1.04857839151697,1.04744856230365,1.04710431619638,1.05757360255056,1.05543661423975,1.05545066331859,1.05469326159193,1.05378901654933,1.05297938415617,1.05136011936985,1.05057881988079,1.05033884109786,1.05757157095357,1.05593769273076,1.05595212523769,1.05536953748105,1.0546760862903,1.05405586975021,1.05281543667003,1.05221639349021,1.05203583247879,1.05757031681871,1.05624879628711,1.0562551755854,1.05578560433976,1.0552241657965,1.05472076573138,1.05371396560115,1.05322839589642,1.0530728685652,1.05756623124277,0.00371871017231497,0.000539558229963463,0.000172860066820985,1.05756529598666,0.00371760338579658,0.000538238767312781,0.000171201735140169,0.0975290452082354,0.111775970339637,0.112236865105666,0,0.0922207913271014,0.0917135337971992,0.124493292404598,0.163668815002756,0.198816843675457,0.269112901020852,0.303108963363302,0.313496507716529,7.41327409164203,7.40977817213706,7.63965524849724,7.92575670625853,8.19340858459558,8.76171881067908,9.053233388155,0.0091915042662984,0.00758295466050577,7.96214890123624e-06,0.0507070460204745,0.0503375869258235,0.0683197960405807,0.0897851932776462,0.108987992273992,0.147393590266682,0.16592383999854,0.17156979627379,0.000136235372378473,0.0349123601201983,0.0346819421629254,0.0471040347916021,0.0619344943517329,0.0752132184804532,0.101770666737898,0.11458470489252,0.118520580089895,0.000102915292547912,0.0266942069125291,0.0264575003779021,0.0360124813378631,0.0473857257096066,0.0575578537093162,0.0779021097087355,0.087726974910787,0.0906883434025337,8.2346314498566e-05,0.0215918192917321,0.0214871928675561,0.029188597952526,0.0383967121463745,0.0466529413282984,0.06316539969215,0.0711291943832832,0.0736799872408278
12.6,1.05274816766047,1.05187492828951,1.05184667467442,1.05886355164016,1.05309513222927,1.05312791262943,1.05108132053176,1.04863561616755,1.04644203978351,1.04205488701542,1.039933673925,1.03928558893326,0.605680304648348,0.60590135836975,0.591867074258073,0.574401026071486,0.558063717961342,0.523370874404653,0.505576787499,1.05827688716023,1.05837959335931,1.0588630508608,1.05569017057105,1.05571295265712,1.05458960913599,1.05324851246075,1.05204878496175,1.04964932996376,1.04849180557707,1.04813947790433,1.0588720477209,1.0566779519568,1.05669222531505,1.05591575483444,1.05498862482249,1.05415854050346,1.05249837186541,1.05169744604264,1.05145055158712,1.0588699685281,1.0571921026957,1.05720640752805,1.05660910145639,1.05589807480374,1.05526195532638,1.05398971637164,1.0533753858315,1.05319046454852,1.05886868506195,1.05751139562669,1.05751774382493,1.05703602522732,1.05646016093534,1.05594371666888,1.05491082813595,1.05441273002791,1.05425342399146,1.05886451661146,0.00389848090324394,0.000581451550318683,0.000191496732247266,1.05886355164016,0.00389730261957763,0.000580000861000962,0.000189612950146572,0.0979583962840978,0.111946255204425,0.112398831662839,0,0.0924005943799533,0.0918755062676852,0.124658546613425,0.163834709238386,0.198972196176458,0.269247170052611,0.303225516008411,0.313606771978228,7.25925048134049,7.25570956418581,7.48051572012652,7.76029309395315,8.02198990765844,8.57771221857723,8.86274423331365,0.00939740035975018,0.00775221592267013,8.02166191353939e-06,0.0508323469729153,0.0504674154129068,0.0684615315914275,0.0899436952633385,0.10916135717466,0.147596680997302,0.166138318440834,0.171782028452067,0.000136093244043141,0.0350097133085962,0.0347810775780692,0.0472188579848602,0.062069956365456,0.0753665423104247,0.101959714200359,0.114789228978398,0.11874407220561,0.000102787994096388,0.026773863851113,0.0265447239573613,0.0361125851193928,0.0475020630066009,0.0576916511101295,0.0780708273171869,0.0879113924722814,0.0908735273733263,8.22289766879059e-05,0.021659316086332,0.0215576283883191,0.0292739682680647,0.038498367374748,0.0467709553726388,0.063316131368417,0.0712948440736701,0.0738466648425025
12.7,1.05386332230318,1.05298614389361,1.05295776145721,1.06014705390706,1.05423395158831,1.0542686131029,1.05217450992882,1.04967223594149,1.04742862196488,1.04294139401167,1.04077226772866,1.04010959914713,0.605797504791328,0.606025526897723,0.591974273346858,0.574486246517363,0.558131039644262,0.52339641424079,0.505582196304216,1.05953383235481,1.05964124039959,1.06014653776875,1.05689240370456,1.05691612514852,1.05576560014019,1.05439221894529,1.05316382582361,1.05070703958025,1.04952204497449,1.04916203205409,1.060155737408,1.0579047771577,1.05791926936409,1.0571239281335,1.05617400192842,1.05532360626853,1.05362281494877,1.0528024031984,1.05254931569393,1.06015361107983,1.05843193052299,1.05844676262719,1.05783454467864,1.05710567907585,1.05645375560409,1.05514990866056,1.05452038969243,1.05433090432932,1.06015229857075,1.05875936874934,1.05876496462626,1.05827178880432,1.05768168191584,1.05715226897248,1.05609344308576,1.05558289108918,1.05542016507214,1.06014804870484,0.00408084553347673,0.000625169812620338,0.000211496913404831,1.06014705390706,0.00407959322100278,0.000623578827163711,0.000209364151933019,0.0983805386534615,0.112113983980067,0.112558350410296,0,0.0925778228454499,0.0920351487320867,0.124821240062762,0.163997811923415,0.199124702354688,0.269378483217242,0.303339165433103,0.313714161710784,7.11347272556381,7.10990272304521,7.32989459733801,7.60369392676984,7.85975738768707,8.40357615216291,8.68248245605534,0.00960083441300942,0.00791921241389537,8.08086162129415e-06,0.0509560656366586,0.0505846735115206,0.0685977391847232,0.0900999277326485,0.109332126783676,0.147796524885735,0.166349259942827,0.171985761827894,0.000135952257860434,0.0351059542830411,0.0348790586800423,0.0473312293983272,0.0622036424210251,0.0755177666328525,0.102146015056504,0.114990699554002,0.118953135664572,0.000102661639473639,0.0268526367799723,0.0266204196051871,0.0362055412094512,0.0476169437213978,0.0578237103937672,0.0782372437385094,0.0880932368141956,0.0910598931364719,8.21124883633437e-05,0.0217261369365988,0.0216385257176068,0.0293598776262557,0.0385988198999269,0.0468875142333382,0.0634649029001609,0.0714583029370701,0.0740060045607486
12.8,1.05496446045316,1.05408398698337,1.05405549804085,1.06141607612583,1.05535912389789,1.05539569451867,1.05325450316268,1.05069617130157,1.04840300035696,1.04381665846775,1.04160009823025,1.04092299414199,0.605911729648583,0.606148026890708,0.592079610490038,0.574569835482028,0.558197466151923,0.523422000564881,0.505588476477591,1.06077599286619,1.06088797933783,1.06141554458159,1.05808054940882,1.05810524365383,1.05692779012478,1.05552228611838,1.05426545130142,1.05175178166749,1.05053954050704,1.0501705846543,1.06142494498576,1.05911736050919,1.05913194943891,1.05831782139021,1.05734541912254,1.05647485201035,1.05473371778598,1.05389395783607,1.05363596047931,1.0614227719751,1.05965745009851,1.05967189584513,1.05904555356047,1.05829917204434,1.05763154310462,1.05629628522516,1.05565167646015,1.05545646838446,1.06142143070681,1.05999299188683,1.05999856215366,1.05949336010231,1.0588890023416,1.05834669577887,1.05726208265342,1.05673915251047,1.0565722411233,1.0614171008577,0.00426571727222484,0.000670726272892624,0.000232913201235934,1.06141607612583,0.00426438838164963,0.000668985557967422,0.000230506180896914,0.0987961708597896,0.112279213212614,0.112715475782421,0,0.092752531700879,0.0921925111598128,0.124981430677401,0.164158189568499,0.199274433304684,0.269506920777059,0.303449994118002,0.313818759802003,6.97532021823935,6.97170170407311,7.18713699051357,7.45527117754112,7.70598781656328,8.2385184281457,8.51161031429469,0.0098018509304948,0.00808695730570515,8.13974958759124e-06,0.0510782545273717,0.050700101677973,0.0687309184435107,0.0902539633682756,0.109500377540939,0.147993205886265,0.166556739563354,0.172206708085383,0.000135812398834895,0.0352011515164677,0.0349777454013886,0.0474448137888654,0.0623355985869445,0.0756669409241429,0.10232962559854,0.115189205539655,0.119140022239378,0.000102536217486942,0.0269305436481617,0.0267093301531063,0.0363007600385607,0.0477303986802491,0.0579540676255987,0.0784014055163015,0.0882725573202665,0.0912618566489484,8.19968398168599e-05,0.0217922580570908,0.0217069583335289,0.0294433193811136,0.0386980914594216,0.0470026487281403,0.0636117632655742,0.0716196016693993,0.0741755824906781
12.9,1.05605178653134,1.0551687161154,1.05514014227398,1.06267088457325,1.05647091192178,1.05650941838369,1.05432155614296,1.05170767121925,1.04936541686406,1.04468090815369,1.04241738579066,1.0417259919477,0.606025505652301,0.606269092734438,0.592183620386911,0.574651971378308,0.558263405017065,0.523447296145202,0.505594392874519,1.06200364824366,1.06212044750919,1.06267033757805,1.05925487523366,1.05927981585145,1.05807626612195,1.05663897679242,1.05535392167619,1.05278381144371,1.05154454453624,1.05116600746952,1.06267993676562,1.06031597126795,1.06033132499316,1.05949834452475,1.05850314222568,1.05761254218024,1.05583134208937,1.05497237099534,1.0547090773766,1.06267771751796,1.06086892453984,1.06088445197425,1.06024281488871,1.05947881896272,1.05879558302845,1.0574291111599,1.0567695089342,1.05656937980154,1.06267634776966,1.06121253057492,1.06121808923701,1.06070088253591,1.06008238915864,1.05952726380827,1.05841701310751,1.05788177847266,1.0577109307672,1.06267193934327,0.0044530119641059,0.000718133033781161,0.000255798170626866,1.06267088457325,0.00445160392926416,0.000716232788391443,0.00025308978208819,0.0992065976176646,0.112441997798717,0.112870260617892,0,0.0929247743695817,0.0923476421005696,0.125139174660541,0.164315906626684,0.199421457845596,0.269632560283422,0.303558081683058,0.313920646240902,6.84417031954136,6.84051945268769,7.05163156775051,7.31439474753092,7.56002548124052,8.08184698646585,8.34942510358505,0.0100004933673048,0.00824991380735159,8.19832738993011e-06,0.0511989189260793,0.0508251106189397,0.0688638332623622,0.0904058293578419,0.109666149272393,0.1481867891015,0.1667608384134,0.172434326587068,0.000135673652244587,0.0352952827143441,0.035065162110521,0.0475498175165969,0.0624658428431879,0.0758140966062263,0.10251060413231,0.115384805292581,0.119331032395361,0.000102411717117172,0.027007656152879,0.0267749320071223,0.0363917456210762,0.0478424653311145,0.0580827597005652,0.0785633484394633,0.0884494223695834,0.0914489443904668,8.18820214915151e-05,0.0218577119390738,0.0217743990843547,0.0295262584398682,0.0387961957061499,0.0471163772344366,0.0637567402910068,0.071778801108791,0.0743394550622159
13,1.05712558472873,1.05624058294926,1.0562119451319,1.06391173869914,1.05756957144377,1.05761003927206,1.05537591793277,1.0527069779317,1.05031610678753,1.04553436449917,1.0432243445787,1.04251880444979,0.606136932745799,0.606388453663105,0.592285420193154,0.574732817832575,0.558328322916297,0.523471863470181,0.505600314599731,1.06321707074292,1.06333853592587,1.06391117620985,1.06041563877587,1.06044142758277,1.05921147760038,1.05774254541595,1.05642948936698,1.05380337726905,1.05253730248208,1.05214922077625,1.06392097223125,1.0615008725245,1.06151613406353,1.060664671334,1.05964743075545,1.05873693477001,1.05691594279915,1.05603789661191,1.05576833367053,1.06391870718489,1.06206661166398,1.06208266663317,1.06142626665106,1.0606448766556,1.05994613214383,1.05854864312031,1.05787414459342,1.05766995800606,1.06391730923136,1.06241824054259,1.06242440114288,1.06189507727243,1.06126210113147,1.06069423211228,1.05955849407391,1.05901102642746,1.05883737959239,1.06391282360785,0.00464264799914848,0.000767401090958041,0.000280204345771966,1.06391173869914,0.00464115823775359,0.000765331142817527,0.000277165569433835,0.0996117388284439,0.112602391045317,0.113022756217694,0,0.0930946027754956,0.0925005887345144,0.125294526557206,0.164471025571801,0.199565842610292,0.269755476687269,0.303663505006431,0.314019898238874,6.71952693848822,6.71583494505072,6.92284876949739,7.18049768959657,7.42129391531428,7.9329405048218,8.19527113662101,0.0101968041587739,0.00841385638986181,8.2565966049159e-06,0.0513181094907938,0.0509395640128568,0.0689935982939548,0.090555574304259,0.109829495407004,0.148377337612495,0.166961636107266,0.172658160779863,0.000135536003648914,0.0353883175632786,0.035164298413883,0.0476626418652535,0.062594384245244,0.0759592575889377,0.102689004276328,0.115577557625438,0.11953438404456,0.00010228812754215,0.0270840174173494,0.0268483517657469,0.0364834328248805,0.0479532014877647,0.0582098440745476,0.0787231292481168,0.088623872938057,0.0916210611982768,8.17680239865647e-05,0.0219225718955908,0.0218321424549548,0.0296019147544642,0.0388931648959418,0.0472287288508455,0.0638998567606528,0.0719359556250224,0.0744848608309014
13.1,1.05818630296294,1.0572998324821,1.05727115095028,1.06513889135149,1.05865535150412,1.05869780505967,1.05641783098239,1.05369432717402,1.05125529905535,1.04637724281801,1.04402118279209,1.04330163760942,0.606247746902177,0.606505648810202,0.592387026541008,0.574813513350824,0.558392241434719,0.523496600369887,0.505606219454107,1.06441652556882,1.06454284451975,1.06513831332685,1.06156309063326,1.06159098405815,1.06033408770091,1.0588332397507,1.05749240015033,1.05481072094959,1.05351805303103,1.05312114677925,1.06514830426375,1.06267231736956,1.0626886541461,1.0618181010546,1.0607785356902,1.05984827972464,1.05798776779352,1.05709078157619,1.05681499184736,1.06514599384994,1.0632507731884,1.06326774149579,1.06259656236513,1.06179759995716,1.06108344351627,1.05965513063448,1.05896583454306,1.05875668955956,1.06514456796162,1.06361037700619,1.06361741404691,1.06307576835665,1.062428391597,1.06184785371504,1.0606867779511,1.06012714971439,1.05995015836063,1.06514000649602,0.00483454622632604,0.000818540377817514,0.000306184167509732,1.06513889135149,0.00483297214070821,0.000816290179908709,0.000302783991987834,0.100009066363399,0.112760444726765,0.113173012400682,0,0.093262067395417,0.0926513969203007,0.125447539314835,0.164623606973316,0.199707652130343,0.269875742444398,0.303766338337578,0.314116590344902,6.6008905394636,6.5971807658378,6.80026919169709,7.05305427671204,7.28926502025788,7.79121915417298,8.04856220287374,0.0103908247490808,0.00857379781746872,8.31455886464359e-06,0.0514358784594403,0.051034647259626,0.0691143931294556,0.0907032452037493,0.109990467326231,0.148564911571197,0.167159211194336,0.172868483979549,0.00013539943885224,0.0354802768786278,0.0352452815534562,0.0477676972403092,0.0627212592386194,0.0761024671277502,0.102864882906018,0.115767524213429,0.119734604062239,0.000102165438098602,0.0271595158696854,0.0269154363292117,0.0365699699313898,0.0480625939751533,0.0583353319684588,0.0788808079550761,0.0887959438295311,0.091804376569191,8.16548380275239e-05,0.0219868175784169,0.0218855937128377,0.0296768617637189,0.0389890116709404,0.0473397219847692,0.0640411426124236,0.0720910794613834,0.0746370003551124
13.2,1.05923405147527,1.05834670327372,1.0583179976494,1.06635258899258,1.05972849462643,1.05977295714914,1.05744753135323,1.0546699484016,1.05218321644203,1.04720975252289,1.04480810286901,1.04407469167374,0.606356781691988,0.606622022831942,0.592487212304204,0.574892417867309,0.558455737089684,0.52352131304404,0.505611416107297,1.06560227110837,1.06573338625855,1.0663519953931,1.06269747743605,1.06272631495124,1.06144315896437,1.05991130177081,1.05854289352382,1.05580607702985,1.05448702795412,1.05408158336604,1.06636217935773,1.06383055098334,1.06384758849096,1.06295841026117,1.0618967007987,1.06094682001654,1.05904705845223,1.05813126629039,1.05784971393801,1.06635982400084,1.0644216545003,1.06443964335392,1.0637536392975,1.06293723441992,1.06220776228943,1.06074881802843,1.06004482171732,1.05983166473573,1.06635837044395,1.06478918746993,1.06479660519266,1.06424313087592,1.06358150653883,1.06298837422494,1.06180210959717,1.0612303935866,1.06104960773521,1.06635373446668,0.00502862987046166,0.000871559808523236,0.00033378996253811,1.06635258899258,0.0050269688482941,0.000869118435838391,0.000329995302113827,0.100400917437262,0.112916209139458,0.113321077556673,0,0.0934272173090661,0.0928001112411019,0.125598264341241,0.164773709567775,0.199846948917071,0.26999342761567,0.303866653404858,0.314210794555186,6.48784964018107,6.48410863948693,6.68346812046692,6.93162773180414,7.16345313494136,7.65617347472992,7.90877733883602,0.0105825956190045,0.00873332793781336,8.37221579644248e-06,0.0515522398693613,0.0511455112434968,0.0692433351271196,0.0908488780132416,0.110149112519582,0.148749581532264,0.167353646907403,0.173072097995753,0.000135263943929159,0.0355712011524438,0.0353309015975911,0.0478720042917798,0.0628465132866577,0.0762437738549822,0.103038294991625,0.115954764562378,0.119925821035166,0.000102043638297338,0.0272341887733183,0.0269804712922398,0.0366559750685745,0.0481706715226816,0.0584592555146459,0.0790364234985746,0.0889656927250918,0.0919720906624681,8.15424544933994e-05,0.0220504488197108,0.0219458281493331,0.0297521126625858,0.0390837612323884,0.0474493880667436,0.0641806417354539,0.0722442098258353,0.0747940405031207
13.3,1.06026911624493,1.05938142766227,1.05935271694899,1.06755307190627,1.06078923703512,1.06083573068561,1.05846524893258,1.05563406500332,1.0531000757792,1.04803209733096,1.0455853016904,1.04483816137719,0.606464165969752,0.606736622807139,0.592585437306507,0.57497088971978,0.558518026232287,0.523544948524483,0.505617136003909,1.06677455915425,1.06691060421492,1.06755246269426,1.06381903934785,1.06384918296288,1.06253985409863,1.06097696665334,1.05958120231457,1.05678967363701,1.05544445331519,1.05503056887472,1.0675628378287,1.06497581175963,1.06499411121172,1.06408630002162,1.06300216394403,1.06203279276647,1.06009405041135,1.05915958469428,1.05887111558472,1.06756043794639,1.06557949406959,1.06559787044349,1.0648976834106,1.0640640194738,1.06331932762237,1.06182994391952,1.06111134296103,1.06089392007156,1.06755895698299,1.06595491329072,1.06596279959051,1.0653974428843,1.06472168592283,1.06411603319439,1.0629047277375,1.06232099692004,1.06213674204558,1.06755424780042,0.00522482445235257,0.000926467319465768,0.000363073914420088,1.06755307190627,0.00522307386736545,0.000923823465928138,0.000358849525511799,0.100786928351562,0.1130697331542,0.113466998697335,0,0.0935901002471177,0.0929467750486999,0.125746751560047,0.164921390327084,0.199983793538899,0.270108599962531,0.303964519518015,0.314302580417528,6.38001337281101,6.37624343117142,6.57205111939109,6.81578079432455,7.04343643235825,7.52735330954042,7.77541758121097,0.0107721563127723,0.0088897225885938,8.4295690490817e-06,0.051667210706103,0.051250118330792,0.0693670922066875,0.0909925155746145,0.110305483273544,0.148931418671404,0.167545016899686,0.173271869641048,0.00013512950519826,0.0356611360392395,0.0354079294503714,0.0479691675506148,0.0629701848900348,0.0763832186811653,0.103209286263423,0.116139338786026,0.120130839672108,0.000101922717813506,0.0273080805636028,0.0270538096199949,0.0367421854966562,0.0482774599237213,0.0585816418495066,0.0791900057010772,0.0891331721183085,0.0921416178312567,8.14308643979093e-05,0.022113464904163,0.0220043434364796,0.0298270936687977,0.0391774345584363,0.0475577543991661,0.0643183940806227,0.072395383948539,0.0749448891479525
13.4,1.06129166754011,1.06040423197124,1.06037553457447,1.06874057439726,1.0618378088641,1.06188635476372,1.05947120763952,1.05658689450596,1.05400608815758,1.04884447546083,1.04635297077385,1.04559223613423,0.606569904046532,0.60685002053603,0.59268263362857,0.575047734277703,0.558578825893495,0.523568575351741,0.505622899645072,1.06793363511953,1.06807455796829,1.06873994953674,1.06492801055347,1.06495783364127,1.06362337302879,1.06203046337181,1.06060755320174,1.05776173286159,1.05639054953302,1.05596949064859,1.06875051401229,1.06610833534371,1.06612703815756,1.06520113968803,1.06409515740565,1.06310642910072,1.06112897249085,1.06017596551413,1.05988261627359,1.06874807001561,1.06672453032404,1.066743300834,1.06602890885747,1.06517819001935,1.0644183732369,1.062898739672,1.06216562962934,1.06194341522254,1.06874656190375,1.06710779142687,1.06711568479429,1.06653884562816,1.06584916344109,1.06523106401977,1.06399486517714,1.06339919489896,1.06321115613337,1.0687417807987,0.00542305771197426,0.000983269909188056,0.000394088036295207,1.06874057439726,0.00542121492465646,0.00098041188475181,0.000389396433004479,0.101168248482015,0.113221064266298,0.113610821504857,0,0.0937507626372483,0.0930914305058021,0.125893049463781,0.165066704523801,0.200118244695222,0.270221325038062,0.304060003665768,0.314392015130689,6.27702804127264,6.27322360457382,6.46563971964706,6.70515028323695,6.92882479650359,7.40432083829223,7.64805224934189,0.0109595454641342,0.00904558438856026,8.48662029757833e-06,0.0517808067276346,0.0513757607771996,0.0694999024025594,0.0911342016463582,0.110459631862411,0.149110492294523,0.167733388023968,0.173452051267058,0.000134996109223109,0.0357500798090217,0.0354960652328701,0.0480712696528546,0.0630923046190097,0.076520840208556,0.103377911387652,0.116321293346303,0.120305452287777,0.000101802666491055,0.0273811515785718,0.0271262175791263,0.0368288204417225,0.0483829634125438,0.0587025088870408,0.0793415998360289,0.089298424425545,0.0923164568367916,8.13200588847496e-05,0.0221758435745541,0.0220686388300383,0.0299030512092013,0.03927005501433,0.0476648486453635,0.0644544359074364,0.072544605360767,0.0750984770798624
13.5,1.06230194386556,1.06141533670801,1.06138667045471,1.06991532498226,1.06287443435704,1.06292505262627,1.06046562562254,1.05752864877013,1.05490145912047,1.04964707982114,1.04711129645906,1.04633710022392,0.606674792830315,0.606960646700941,0.592778198688889,0.57512419565726,0.558639721584809,0.5235918473596,0.505628268269634,1.06907973824381,1.06922555561404,1.06991468443895,1.06602461760783,1.06605603668073,1.0646958216931,1.06307201492338,1.06162216727902,1.05872247199029,1.05732553174165,1.05689842961118,1.06992543645548,1.06722835189491,1.06724818936964,1.06630393335614,1.06517590898345,1.06416795521855,1.06215204768876,1.06118062930554,1.06088062107165,1.06992294874908,1.06785698908028,1.06787666242602,1.06714777987477,1.06627997322966,1.06550512624144,1.06395543226499,1.06320790715093,1.06298209266931,1.0699214137428,1.06824804703785,1.0682567237377,1.067668002503,1.06696416712188,1.06633369432077,1.06507274871856,1.0644652102312,1.06427476263443,1.0699165619751,0.00562325953462604,0.0010419736768334,0.000426884145215797,1.06991532498226,0.0056213218929148,0.00103888940476038,0.000421685514002235,0.101544953048141,0.1133702486436,0.113752590378596,0,0.0939092496482852,0.0932341186265683,0.126037205164644,0.165209705793497,0.200250359286916,0.270331666273753,0.304153170608804,0.314479163639066,6.17856079530666,6.17474816364848,6.36390932547875,6.59937302833037,6.81923791096953,7.28669575763241,7.52628849143975,0.011144800821526,0.00919993325397828,8.54337123236029e-06,0.0518930671675804,0.0514740091651867,0.0696161414106192,0.0912739803737351,0.110611605630786,0.149286856144889,0.167918818709894,0.173615376536132,0.000134863742798115,0.0358380267340471,0.0355734405523124,0.0481676389887808,0.0632128836976272,0.0766566632959625,0.10354422249263,0.11650070432405,0.120502122558292,0.000101683474326781,0.0274534558720107,0.0271910587925809,0.0369126717408743,0.0484872118409509,0.0588218844171477,0.0794912295695443,0.0894614913291914,0.0924733359462118,8.12100292230314e-05,0.0222376442199643,0.022121917046225,0.0299741011441647,0.0393616425838736,0.0477706963282301,0.0645888038169459,0.0726919666861058,0.0752320985900923
13.6,1.06330037211121,1.06241495675449,1.06238633891196,1.07107754657389,1.06389933205962,1.06395204185499,1.06144871544921,1.05845953417841,1.05578638884943,1.05044009819148,1.04786046008576,1.04707293296667,0.606777733125484,0.607071459437905,0.592873182694075,0.575198926973778,0.558699778633187,0.523614885897175,0.505633989088193,1.07021310179127,1.07036395107241,1.07107689031512,1.06710908455807,1.06714074920793,1.0657557160082,1.06410183992881,1.06262526057706,1.05967210187356,1.05824960844757,1.05781363990345,1.07108782810045,1.068336084811,1.06835666941355,1.06739433239686,1.06624463869882,1.06521759018107,1.06316349314557,1.06217379370451,1.06186859326574,1.07108529708268,1.0689770919806,1.06899723571762,1.06825429336738,1.067369590668,1.06657980786222,1.06500024225066,1.06423839514591,1.06400845450871,1.07108373543219,1.06937590965355,1.06938508355439,1.06878466118643,1.06806692094798,1.06742414729456,1.06613859998773,1.06551926773306,1.06532465799175,1.07107881423912,0.00582536187989231,0.00110258385917005,0.000461513838031153,1.07107754657389,0.00582332671985053,0.0010992608734815,0.000455765951569604,0.101914566829603,0.113517331172497,0.113892348479768,0,0.0940656052326174,0.0933748793155099,0.126179264443191,0.165350446194421,0.200380192483719,0.270439685062311,0.304244082968394,0.31456408872289,6.08433237466095,6.08048329167579,6.26654202431942,6.49815109062156,6.71436117620702,7.17412476549165,7.40975215411321,0.0113279592725625,0.00935118233146338,8.59982354054425e-06,0.0520039879859359,0.0515890443467151,0.0697389597527118,0.0914118777295047,0.110761443017684,0.149460573594046,0.168101379715015,0.173814450128701,0.000134732392967335,0.0359249865597522,0.0356552393832759,0.0482660096148811,0.0633319613670251,0.0767907316828504,0.103708272314504,0.116677608454713,0.120677052039593,0.000101565131482743,0.0275250248077992,0.027261054873453,0.0369968076416584,0.0485902330961926,0.0589397980862851,0.0796389280664702,0.0896224147483545,0.0926356299653437,8.11007668259017e-05,0.0222987912215725,0.0221785735082508,0.0300466991160084,0.0394521953986283,0.0478753057160901,0.0647215263510079,0.0728374531263317,0.0753876810506781
13.7,1.06429160908942,1.06340330155009,1.06337474884413,1.07222745665721,1.06491271500417,1.06496753455372,1.06242068428818,1.05937975181573,1.05666107234238,1.05122371339567,1.04860063816405,1.04779990889374,0.606880355877778,0.6071802247014,0.592966564836375,0.575273176634327,0.558758676344635,0.523637911256311,0.505639074511424,1.07133395324099,1.07148986044761,1.07222678465195,1.06818162666428,1.06821482210189,1.0668043298479,1.06512015016375,1.06361704277733,1.06061082800449,1.05916298234576,1.05871957266333,1.07223790646124,1.06943175196689,1.06945393514447,1.06847327118375,1.06730156156898,1.06625554795324,1.06416352072178,1.06315567027248,1.06284370433385,1.07223533252432,1.07008505408542,1.07010473278034,1.06934836725483,1.06844725757079,1.06764263320472,1.06603338447258,1.065257307889,1.06502410833069,1.07223374447599,1.07049159080859,1.07050220906791,1.0698895677406,1.0691576400801,1.0685026385932,1.06719263561939,1.06656158188716,1.06636214963159,1.07222875507282,0.0060292987132948,0.00116510486624349,0.000498028468745695,1.07222745665721,0.00602716335977629,0.00116153030934464,0.00049168659901934,0.102220225790504,0.113662355502043,0.114030137774264,0,0.0942198721668545,0.0935137514048139,0.126319271794929,0.165488976264619,0.200507797788628,0.270545440836646,0.304332801310914,0.314646851084226,5.99405234365611,5.99018978725034,6.17327338459775,6.40117873705845,6.61389904626406,7.06628330725132,7.29812308747789,0.0115090568676902,0.00950084416871356,8.65597893745126e-06,0.0521136087677142,0.0516860243037935,0.0698543214449313,0.091547937169628,0.110909193180988,0.149631705203706,0.168281144835865,0.173992625237662,0.000134602046994742,0.0360109694960282,0.0357252319736839,0.0483569881450639,0.0634495690395488,0.076923082368378,0.103870109026037,0.116852049469007,0.120870426638356,0.000101447628263337,0.0275959023598013,0.0273424246284163,0.0370850329808709,0.0486920648167764,0.0590562866183657,0.0797847302215471,0.0897812331693456,0.0927850347546451,8.09922632350423e-05,0.0223593759170333,0.0222226040276484,0.0301139268223225,0.0395417554290431,0.0479787118237553,0.0648526246131797,0.0729811142853036,0.0755499653147098
13.8,1.0652716532034,1.0643805752675,1.0643521038999,1.07336526745966,1.06591479088701,1.06597173752428,1.06338173408406,1.06028949764266,1.05752569958445,1.05199810346803,1.04933200253776,1.04851819790958,0.606980397035934,0.607288152569779,0.593059075280992,0.575346297232365,0.558817265082263,0.523660161483319,0.505644081703363,1.07244251446993,1.07260326384677,1.07336457967843,1.06924245885593,1.06927504381708,1.06784049223037,1.06612715277479,1.06459771847866,1.06153884988638,1.06006585307912,1.05961631527213,1.0733758837936,1.07051556423206,1.07053850055011,1.06953996129758,1.06834688778244,1.06728203769427,1.06515233751794,1.06412646370307,1.06380783763815,1.07337326732372,1.07118108798787,1.07120224479056,1.07043135482061,1.06951318542863,1.0686938128827,1.06705506779085,1.06626485271231,1.06602763566374,1.07337165312024,1.0715952991491,1.0716075266549,1.07098265375004,1.07023653564421,1.06956937934727,1.0682350667534,1.06759236136748,1.06738930485859,1.07336659670066,0.0062350059405211,0.00122954031570656,0.000536479127281002,1.07336526745966,0.00623276770782355,0.00122570093618203,0.000529495957963604,0.102518449993406,0.113805364086264,0.11416599907373,0,0.0943720920909095,0.0936507726901905,0.12645727047498,0.16562534507653,0.200633227099454,0.270648991145305,0.304419384228464,0.314727509428976,5.90750343447725,5.9036052229604,6.08383903474032,6.30819943704353,6.51756582173478,6.96288625005043,7.19108844940395,0.0116881288431464,0.00965198325612905,8.71183914121448e-06,0.052221904119858,0.0518091639516454,0.0699800330403435,0.0916821922657324,0.111054901223942,0.149800319140357,0.168458157869111,0.174152266548666,0.000134472692356051,0.0360960071217176,0.035805482308,0.0484535642631425,0.0635657309204334,0.0770537446875402,0.104029772221751,0.117024089724353,0.121059993743029,0.000101330955136882,0.0276660941411056,0.0273981097091468,0.0371626527591242,0.0487927230734324,0.0591713747753721,0.0799286781792486,0.089938004352738,0.0929427341756066,8.08845101001964e-05,0.0224194534099843,0.0222645726728271,0.0301795782093816,0.0396303463458306,0.0480809380468365,0.0649821214488512,0.0731230036160311,0.0756950360719826
13.9,1.06624049134982,1.06534697698157,1.06531860264697,1.0744911861143,1.06690576223885,1.06696485243565,1.06433206172536,1.06118896266171,1.0583804557121,1.05276344181287,1.05005472054116,1.0492279654476,0.607080064685552,0.607393401084521,0.593150340733886,0.575418904196859,0.558875006474058,0.523682084692293,0.505649506114074,1.07353900192883,1.0737048771792,1.07449048252915,1.07029178490683,1.07032606729942,1.06886614921647,1.0671230492871,1.0655674874281,1.06245636371011,1.06095841375284,1.06050134227274,1.0745019672583,1.07158772608795,1.07161126907617,1.07059474685454,1.0693808215394,1.06829726291973,1.06613014568039,1.06508637436993,1.06476340065287,1.07449930863577,1.07226540199795,1.07228675967703,1.07150218677367,1.07056758061773,1.06973355255799,1.0680654964385,1.06726123363947,1.0670197699369,1.07449766851618,1.07268725213668,1.0726991406551,1.07206330364863,1.07130381766602,1.07062457769557,1.06926609775468,1.068611812314,1.0684053742065,1.0744925462528,0.00644242134411833,0.00129589306587558,0.000576916619574607,1.0744911861143,0.00644007753662417,0.00129177521645337,0.000569242157754938,0.102812275793156,0.113946398224724,0.114299972074926,0,0.0945223055454844,0.0937859799652262,0.126593302540898,0.165759600289305,0.200756530767682,0.270750391724436,0.304503888415746,0.314806120545119,5.82443085060021,5.82052635174449,5.99800976262188,6.2189619848883,6.42511623297575,6.86365680240403,7.08836156908953,0.0118652096431706,0.00979823074315667,8.76740588005113e-06,0.0523289259186427,0.0519017314941732,0.0700938359005031,0.0918146819369084,0.111198607706318,0.14996645924514,0.168632480535111,0.174328068653508,0.000134344316763129,0.0361801450064456,0.0358867747792139,0.0485537035633036,0.063680481108062,0.0771827534407139,0.104187298106018,0.11719377900236,0.12121836890912,0.000101215102713392,0.027735595238798,0.0274694562461973,0.0372460542203888,0.0488922232528953,0.0592850841386183,0.0800708059100644,0.0900927605531361,0.0931016505304412,8.07774992066402e-05,0.0224789018275445,0.0223307584687758,0.0302539517918752,0.0397179405266141,0.0481819801214255,0.0651100593110454,0.0732631393964042,0.0758355738699469
14,1.06719820877038,1.06630270083156,1.06627443873369,1.07560541481695,1.06788582658859,1.06794707598642,1.06527185920588,1.0620783330772,1.05922552117064,1.05351989735752,1.05076895514923,1.04992937261957,0.607178027585465,0.607498556211773,0.59323973047338,0.575490463166582,0.558931917237061,0.523704621459077,0.505654423163008,1.07462362681139,1.07479459683803,1.07560469540144,1.07132980449014,1.07136409653952,1.06987983824504,1.06810803729157,1.06652654530954,1.06336356134548,1.06184085259796,1.06137657198751,1.07561635907831,1.07264843937862,1.0726716886271,1.0716382320914,1.07040356300047,1.06930142281386,1.06709714244065,1.06603559825899,1.06570671641682,1.07561365867768,1.07333819705664,1.07335990444492,1.07256163203273,1.07161064358902,1.07076205226246,1.06906486960933,1.06824664909726,1.06800066526604,1.07561199287746,1.07376764543654,1.07377986575362,1.07313279265913,1.07235968560113,1.07166843350071,1.07028592929988,1.06962013283405,1.06941064024386,1.07560680592224,0.00665148452254659,0.00136416524755888,0.000619391448951476,1.07560541481695,0.00664903243535175,0.00135975488324048,0.000610972936252519,0.103103276202102,0.11408549810146,0.114432095397506,0,0.0946705520081256,0.0939194090544445,0.126727408893717,0.165891788198886,0.200877757654782,0.270849696566573,0.304586368743499,0.314882739377333,5.74464310959333,5.7407122494115,5.91557791111644,6.13324922776801,6.33631791967586,6.76833416696798,6.98969600467168,0.0120403329415781,0.00994361141705863,8.82268089583883e-06,0.0524347125567555,0.0520141658711338,0.0702166331406179,0.09194543127747,0.111340341278663,0.150130161281049,0.168804172563911,0.174497960934126,0.000134216908132696,0.0362633975725306,0.0359782762522641,0.0486522554616868,0.0637938408581862,0.0773101343144804,0.104342721227066,0.117361158310293,0.121394459650073,0.000101100061745872,0.0278044308248205,0.027538218383053,0.0373279749969795,0.0489905919987961,0.0593974436259205,0.0802111468801692,0.0902455405875667,0.0932622073315943,8.06712224660981e-05,0.0225378137486956,0.0223879477027486,0.0303234444200854,0.0398045812083714,0.0482818750726381,0.065236462801177,0.0734015769343067,0.0759707268123154
14.1,1.06814527403472,1.06724793617716,1.0672198010445,1.07670815097739,1.06885517662081,1.0689186000611,1.06620131377983,1.06295779044869,1.06006107186554,1.05426763469923,1.05147486512189,1.05062257635891,0.60727506402919,0.607601602852137,0.593328937109867,0.575560994762726,0.55898801363804,0.523726086910234,0.505659760432329,1.07569659521709,1.07587270453893,1.07670741570652,1.0723567123619,1.07239327578079,1.07088368964115,1.06908230832161,1.06747508169333,1.06426062843675,1.06271335259218,1.06224075652336,1.07671925668993,1.07369790497386,1.07372256596589,1.07267118202866,1.07141530788288,1.07029471145681,1.06805351860467,1.06697432641743,1.06663980872869,1.07671651488014,1.07439967097381,1.07442166824634,1.07360978796871,1.07264257119008,1.07177950807817,1.07005338185435,1.06922129230234,1.06897203232498,1.07671482363127,1.07483667887197,1.07484897153909,1.07419070025928,1.07340433727422,1.07270114385942,1.07129475702983,1.0706175183832,1.07040441414127,1.07670957311596,0.00686213683149247,0.00143435829470272,0.000663953798707168,1.07670815097739,0.00685957375102311,0.00142964097105715,0.000654735621852309,0.103388238954462,0.114222702822356,0.114562406620274,0,0.0948168699278351,0.0940510948450331,0.126859629317321,0.166021953785983,0.200996955186104,0.270946957986353,0.304666878328578,0.314957419098284,5.66793853181303,5.6639958996719,5.836324170434,6.05085443653667,6.25095673208275,6.67670949379328,6.89484245207735,0.0122135316626052,0.0100871864200802,8.8776659283393e-06,0.0525393017307406,0.0520978347431543,0.0703245888553114,0.0920744801079597,0.111480146195624,0.150291478370956,0.168973298256734,0.174679426654884,0.000134090454580236,0.0363457323056538,0.0360479753072349,0.0487423926698814,0.063905826309026,0.0774359157691306,0.104496094689337,0.117526269066276,0.121565238091566,0.000100985823128234,0.0278726044797109,0.0276070092500048,0.0374096576716182,0.0490878401444634,0.0595084704822109,0.0803497311577058,0.0903963865061958,0.0934059532994553,8.05656718883815e-05,0.022596167914939,0.0224477461621133,0.0303957184183572,0.0398902708624251,0.0483806333056665,0.0653613581921465,0.0735383425743738,0.0761113647530138
14.2,1.06908154302903,1.06818286774848,1.06815487384936,1.07779958736487,1.06981400032721,1.06987961188035,1.06712060811096,1.06382751183865,1.06088727930786,1.05500681424626,1.05217260514243,1.05130772955835,0.607370781896107,0.607704466282574,0.593416874779942,0.575630815081673,0.559043867064,0.523747067247116,0.505665012738397,1.0767581083078,1.07693929739564,1.07779883621506,1.07337269989722,1.07341176066511,1.07187736133086,1.07004604948715,1.06841328163446,1.06514774592908,1.06357609278106,1.06309785582534,1.07781085288841,1.07473631205958,1.07476123601567,1.07369243448366,1.07241624561174,1.07127731768736,1.06899946183858,1.06790274451326,1.06756303785796,1.07780807003287,1.07545002041419,1.07547182200272,1.07464687197871,1.07366355591839,1.07278611119638,1.07103122175237,1.07018535208215,1.06993169292831,1.07780635356394,1.07589454355032,1.07590596576666,1.07523731814429,1.07443796431484,1.0737229001831,1.07229277191961,1.07160415875987,1.07138775713083,1.07780104060049,0.00707432132734715,0.00150647297389793,0.000710653515844334,1.07779958736487,0.00707164453196437,0.0015014338455171,0.000700577116722265,0.10367137587045,0.114358050451,0.114690942315947,0,0.0949612967583484,0.0941810713173104,0.126990002516224,0.166150140762014,0.201114169402438,0.271042226683282,0.304745468600877,0.31503021117664,5.59414469958106,5.59017666292984,5.76007878912847,5.97158325150585,6.16882837394863,6.58856331218447,6.80358762237034,0.0123848380011728,0.0102302123413883,8.93236272438182e-06,0.0526427139982304,0.0521782195090533,0.070424661484948,0.092201864166051,0.111618063860038,0.150450463248013,0.16913991216216,0.174826908153713,0.000133964944449347,0.0364272024017552,0.036130817029126,0.0488405625967464,0.0640164725973395,0.0775601322060908,0.104647451423596,0.117689160054268,0.121728811034524,0.000100872377905848,0.0279400779685689,0.027680822498902,0.0374907868347789,0.0491839745455124,0.0596181841086332,0.0804866032348775,0.0905453353473016,0.0935617450451179,8.04608396253994e-05,0.0226539927694566,0.0225181644990893,0.0304694453498716,0.039975030331294,0.0484782771051761,0.0654847706529349,0.0736734734127383,0.0762468320421459
14.3,1.07000738097892,1.06910767579034,1.06907983694749,1.07887991224821,1.07076248115227,1.07083029414558,1.06802992041603,1.06468766995425,1.06170431075395,1.05573759235335,1.05286232595047,1.05198498120193,0.607465026240379,0.607805432750795,0.593503568059492,0.575699250006178,0.559098381814737,0.52376830101159,0.505669664142606,1.07780836245864,1.07799462626815,1.07887914519728,1.07437795156666,1.07441807301761,1.07285939430429,1.0709994425349,1.06934132524767,1.06602509067322,1.0644292478433,1.06394324757196,1.078891335968,1.07576385242541,1.07578933253278,1.07470314720058,1.07340656307462,1.07224942673035,1.06993515404182,1.06882103435981,1.06847500696266,1.07888851242473,1.07648942939532,1.07651162526191,1.07567310584162,1.07467378229086,1.0737820463878,1.07199857458167,1.07113901397693,1.07088051540333,1.07888677096098,1.07694142594873,1.07695288017701,1.07627323995449,1.07546075346548,1.07473388897944,1.07328016000735,1.07258023903248,1.07236065528679,1.07888139664199,0.00728798271275713,0.00158050941278866,0.000759540095906688,1.07887991224821,0.00728518947334976,0.00157513323190154,0.000748543881186218,0.103950626925325,0.114491578043167,0.114817738084607,0,0.095103868990154,0.0943093715740676,0.127118566151835,0.166276391613233,0.20122944500943,0.271135551801825,0.304822189367336,0.3151011654421,5.5230994915828,5.51911128696641,5.68667201521187,5.89526750701101,6.08976337336865,6.50369080144355,6.71573453416472,0.0125542834424893,0.010372015588593,8.98677305378622e-06,0.0527449970066196,0.0522749338586423,0.0705364225484763,0.0923276280806486,0.11175413966924,0.150607162846423,0.169304066538173,0.174998048487485,0.000133840366250387,0.0365077746457037,0.0362092495625822,0.0489350031059387,0.0641257901163826,0.0776828061216186,0.104796838132091,0.117849870677122,0.121903929634557,0.000100759717240045,0.0280069107304274,0.0277468638309034,0.0375709621386608,0.049279042555602,0.0597266254788949,0.0806217913254808,0.0906924082701824,0.0937209790320229,8.03567179159636e-05,0.0227113165342031,0.0225771187303886,0.0305397874515351,0.0400588837879994,0.0485748322496684,0.0656067291730063,0.0738070073042196,0.0763796517204053
14.4,1.07092300582726,1.07002253620107,1.06999486580569,1.07994930953072,1.07170079813352,1.07177082517809,1.06892942460278,1.06553843328384,1.06251232933986,1.05646012145188,1.05354417446961,1.05265447649194,0.607558811312186,0.607904700402112,0.593590075992839,0.575767734436072,0.55915268400621,0.523789238461125,0.505674233350237,1.0788475494031,1.07903923694266,1.07994852655784,1.0753726514664,1.07541270280318,1.0738305545473,1.07194266630941,1.07025938917017,1.0668928348917,1.06527298863098,1.06478001450969,1.07996088985694,1.07678070660136,1.07680642452125,1.07570344979333,1.07438644092975,1.07321121845015,1.07086077349094,1.06972937172374,1.06937751315762,1.07995802597868,1.07751808099172,1.07754074833123,1.07668876624601,1.07567343345361,1.07476749620145,1.07295562169713,1.07208245747875,1.07181936256818,1.07995625974205,1.07797751217758,1.07798839644783,1.0772981643098,1.076472888803,1.07573429390467,1.07425710410802,1.07354594278763,1.07332201740131,1.07995082514117,0.00750306728416368,0.00165646712742434,0.0008106626688579,1.07994930953072,0.00750015486472924,0.00165073824266736,0.000798681919203269,0.104225701406128,0.114623321679858,0.114942828585721,0,0.0952446221812198,0.0944360278686966,0.127245356877226,0.166400747642895,0.201342825424858,0.271226980988785,0.304897088872997,0.315170330147463,5.45463931105651,5.45064536910744,5.61593470773785,5.82172725698943,6.01357935302373,6.42191703333709,6.63108893533442,0.012721898781047,0.0105085045813443,9.04089866471219e-06,0.0528461497110019,0.0523836814841416,0.0706525673000363,0.0924517978859995,0.111888407406522,0.150761626447565,0.169465806834133,0.175158122897821,0.000133716708712282,0.0365874973455004,0.0362905354519685,0.0490264590844495,0.0642338105179952,0.0778039707152372,0.104944291109724,0.11800845852896,0.122071329340177,0.000100647832446432,0.0280731191947977,0.0278113820056359,0.0376491221631563,0.0493730543423757,0.0598338086709033,0.0807553173279583,0.0908376451659577,0.0938755721503368,8.02532991311121e-05,0.0227681195883355,0.0226424401587308,0.0306124720879654,0.0401418344244702,0.0486703056417117,0.0657272480761973,0.0739389468917898,0.0765245878383536
14.5,1.07182865419088,1.07092762066613,1.07090013169136,1.08100795888021,1.07262912603641,1.07270137905298,1.06981929040272,1.06637996622817,1.06331149421046,1.05717455017503,1.05421829393012,1.05331635697072,0.607651194677266,0.608003086093386,0.593674436039687,0.575834351949539,0.559206232694931,0.523809885256338,0.505679289984067,1.07987585637293,1.08007275675796,1.08100715996589,1.07635698051023,1.07639731943526,1.07479186984235,1.07287589595647,1.07116764597006,1.06775114599722,1.06610748059172,1.06560747291622,1.08101969424742,1.07778705067906,1.07781325269501,1.0766933044592,1.07535605557126,1.07416286861522,1.07177649470312,1.07062792894276,1.07027003547015,1.08101679038174,1.0785361526308,1.07855910351161,1.07769372371035,1.07666268717885,1.07574263794724,1.07390253948402,1.07301585724114,1.07274784395024,1.08101499959099,1.07900298320158,1.07901505760614,1.07831351720789,1.07747454877104,1.07672429282523,1.0752237809336,1.07450144752671,1.07427407822501,1.08100950576328,0.00771952288124506,0.00173434504859261,0.000864069985953957,1.08100795888021,0.00771648853945895,0.00172824740393359,0.000851036764890647,0.104496062918372,0.114753316499137,0.115066247569005,0,0.0953835909866248,0.0945610716323134,0.127370410370577,0.166523249011822,0.201454352823964,0.271316560448255,0.304970213859492,0.315237752028001,5.38863453050845,5.38462864239341,5.54774421249612,5.75083351093937,5.94012595243151,6.34307356929433,6.5494700109029,0.0128877141390684,0.0106462246450626,9.09474132349324e-06,0.0529461593040926,0.0524869459985796,0.0707631844884399,0.0925743929083167,0.112020898292161,0.150913909059852,0.169625191607158,0.175317216797194,0.000133593960751491,0.0366664183653969,0.0363681378745874,0.0491174892989072,0.064340564320396,0.077923656226862,0.105089840039794,0.118164969804198,0.122239184583856,0.000100536714965582,0.0281387349153433,0.0278774649427025,0.0377288409697066,0.0494660326104208,0.0599397586330523,0.0808872106783204,0.0909810910511399,0.0940321210209489,8.01505757505343e-05,0.0228243937590994,0.0226869402393965,0.0306731888797836,0.0402239012191709,0.0487647215941208,0.0658463623440207,0.0740693160087991,0.0766576598605797
14.6,1.07272414511021,1.07182309678667,1.07179580180074,1.08205603585424,1.07354763548424,1.07362212572806,1.07069968349895,1.06721242922669,1.06410196064379,1.057881023478,1.05488482398685,1.05397076063785,0.607742452256235,0.608100959499381,0.59375765329345,0.57590112973726,0.559259521056569,0.523830123454862,0.50568408433567,1.08089346623285,1.0810955322861,1.08205522098025,1.07733111102916,1.07737267955756,1.07574335169301,1.07379930152839,1.07206626393808,1.06860018875747,1.06693288548732,1.06642517455799,1.08206792472089,1.07878306411798,1.0788098647731,1.077672979838,1.07631558047915,1.07510454910644,1.07268248636102,1.07151687588173,1.07115427083442,1.08206498121028,1.07954382781363,1.07956601412945,1.07868787201433,1.07764171884365,1.07670764535526,1.07483949837848,1.07393938688329,1.07366837560881,1.08206316608101,1.08001801917017,1.08002997082507,1.07931798150302,1.07846590917818,1.07770406053789,1.07618036325731,1.07544692732843,1.07521619449613,1.08205761406337,0.00793729883818669,0.00181414154717193,0.000919810407561526,1.08205603585424,0.00793413982595977,0.00180765868098494,0.000905653470041897,0.104765845088472,0.11488159672668,0.115188027904013,0,0.0955208091870146,0.0946845334998211,0.127493761367272,0.166643934777257,0.201564068182903,0.271404334994196,0.305041609620901,0.315303476358233,5.32495126503552,5.32092643069821,5.48195366914812,5.68242255932491,5.86925202881693,6.26700537618585,6.47072455544725,0.013051758984359,0.0107832346934943,9.14830279607541e-06,0.0530450640558895,0.0525783888528625,0.0708702779606929,0.092695443297219,0.112151644907239,0.151064048127281,0.169782273716014,0.175482165199004,0.000133472111458285,0.0367444989772552,0.0364436174775638,0.0492070235505069,0.0644460672612374,0.0780418892302975,0.105233533168413,0.118319430791608,0.122390269730559,0.000100426356357279,0.0282036733639727,0.0279545954235693,0.0378131871412075,0.0495579797050987,0.060044493217761,0.0810175202430833,0.0911227544399419,0.0941653024055912,8.00485403540088e-05,0.022880094298943,0.0227459172859943,0.0307391702144859,0.0403050855940818,0.0488580914981225,0.0659641033062015,0.0741981297231748,0.0767884858288016
14.7,1.07361014885007,1.07270912820338,1.07268203938218,1.08309371202081,1.07445649308331,1.07453323116805,1.07157076564921,1.06803597887907,1.0648838801706,1.05857968275368,1.05554390083253,1.05461782206268,0.607832357914254,0.608197078943376,0.593840588724546,0.575966570621467,0.559311681681827,0.523850328791679,0.505688648451009,1.08190055761038,1.08210778309395,1.0830928811702,1.07829521340001,1.07833961770649,1.07668571253694,1.07471304864539,1.07295540676481,1.06944012300364,1.0677493621165,1.06723664030572,1.08310575286874,1.07976891784904,1.07979587701341,1.07864241215481,1.0772651843469,1.07603642746328,1.07357891369606,1.07239637654736,1.07202888278154,1.08310277005076,1.08054127401719,1.08056447169289,1.07967260964519,1.07861069786567,1.07766268757464,1.07576666699257,1.07485321227099,1.07457819120949,1.08310093079548,1.08102278963033,1.08103538252871,1.08031245308828,1.07944714072301,1.07867376724657,1.0771270202937,1.07638254877171,1.0761477925518,1.08309532160699,0.00815634593670064,0.0018958544585386,0.000977931891875254,1.08309371202081,0.00815305950072512,0.00188896950282686,0.0009625765925926,0.105029484888084,0.115008195705128,0.115308201608604,0,0.0956563097160121,0.0948064433349544,0.127615443690716,0.166762842930152,0.201672011320353,0.271490348100752,0.305111320057213,0.315367547006175,5.26347052372376,5.25943127590868,5.41842792572674,5.61638083440143,5.80083201321542,6.19356284238108,6.3947015806951,0.0132140621476247,0.0109190612704779,9.20158484800116e-06,0.0531428777670296,0.0526511046484117,0.0709679339755941,0.0928149833025312,0.112280686014923,0.151212091439709,0.169937094041385,0.175615435262667,0.00013335115011816,0.0368217528510257,0.0365231828835392,0.0492976873345128,0.0645503433915857,0.0781586992611209,0.105375411000194,0.118471888068242,0.122541843656548,0.000100316748325801,0.0282679878757126,0.0280110760077554,0.0378883562845736,0.0496489198187982,0.0601480361048625,0.0811462686769887,0.091262685592096,0.0943085155088997,7.99471856336697e-05,0.0229352520776286,0.0227957870256867,0.0308021560846171,0.0403854013644845,0.0489504329242353,0.0660804960437369,0.0743254414361334,0.0769253423814123
14.8,1.07448656176077,1.07358587471575,1.07355900385499,1.08412115507475,1.0753558615434,1.07543485746419,1.07243269480439,1.06885076806223,1.06565740068946,1.05927066594391,1.05619565730677,1.05525767249256,0.607921019145338,0.608292464284882,0.593922517805921,0.576031562739898,0.559363609354855,0.523870136133586,0.50569350832835,1.08289730502095,1.08310981613364,1.0841203082318,1.07924945294874,1.07929586705047,1.07761796611673,1.075617299435,1.07383523475705,1.07027110540117,1.06855706488109,1.06803779689163,1.08413334640873,1.08074477554392,1.08077152397135,1.07960170338619,1.07820503173599,1.0769586676255,1.0744659394045,1.07326659088094,1.07289393647256,1.08413032461606,1.08152866121439,1.08155340127755,1.08064782992246,1.07956979141038,1.07860793054489,1.07668420881391,1.07575749602146,1.07547934348985,1.08412846144428,1.08201745923227,1.08203085382941,1.081296836818,1.08041840915838,1.07963357883506,1.07806391818842,1.07730847729234,1.07707028212696,1.0841227960866,0.00837661636072603,0.00197948110606425,0.00103848198449079,1.08412115507475,0.00837319974301001,0.00197217678582839,0.00102185018598969,0.105290129936903,0.115133145922382,0.115426799876318,0,0.0957901246865975,0.0949268302544454,0.127735490282,0.166880010430994,0.201778220937476,0.271574641950436,0.305179387725484,0.315430006485279,5.20407790490191,5.2000186254147,5.35705831382182,5.55257678795028,5.73472988154767,6.12261469262301,6.32125509612109,0.013374651839278,0.0110522577392697,9.25458925147711e-06,0.0532396265358496,0.0527323973625447,0.0710690724641548,0.0929330420180087,0.11240805413132,0.151358078357939,0.170089699215713,0.175764437349488,0.00013323106618485,0.036898229944125,0.0366059139835619,0.0493901133161453,0.0646534186509627,0.078274111799741,0.105515498097295,0.118622388836785,0.122694883627316,0.000100207882683379,0.0283316593157916,0.0280612914465836,0.0379576848425056,0.0497388582989475,0.0602504027106446,0.0812734915340389,0.0914009257859769,0.094440671755654,7.98465043789286e-05,0.022989907449566,0.0228435267121926,0.0308651155835652,0.0404648733944792,0.049041767512154,0.0661955557475061,0.0744512721556199,0.0770543503652451
14.9,1.07535359248534,1.07445349239698,1.07442685092395,1.08513852894998,1.07624589979394,1.07632716294952,1.07328562522271,1.06965694604304,1.06642266657753,1.05995410764651,1.05684022300087,1.05589043995698,0.608009014817458,0.608386073777975,0.594003337040914,0.576096114430842,0.559414363593738,0.523889281461197,0.505698305055813,1.08388387898856,1.0841016144429,1.08513766610018,1.08019399312109,1.08024182513486,1.07854073004853,1.07651221269727,1.07470590455543,1.07109328827174,1.06935614427003,1.06882803265831,1.08515086929724,1.08171079820995,1.08173749439038,1.08055148094417,1.07913528337769,1.07787142982843,1.07534372272991,1.07412767691441,1.0737497167071,1.08514780885781,1.08250615376071,1.08253033172375,1.08161218687187,1.08051916201971,1.0795435361451,1.07759228439588,1.07665239851305,1.07637030343354,1.08514592197606,1.08300218985449,1.08301622837589,1.0822709725604,1.08137987712895,1.08058365775992,1.07899121902186,1.07822487364032,1.07798320224842,1.08514020143375,0.00859806365273993,0.00206501832373628,0.00110150780879085,1.08513852894998,0.00859451409113052,0.00205727695648517,0.00108351778942095,0.105547352967665,0.115256479038711,0.115543853102665,0,0.0959222854164925,0.0950457226512208,0.127853933228366,0.166995473244145,0.201882734656191,0.271657257480285,0.305245853888777,0.315490896004126,5.14666164889301,5.14259442011344,5.29773694929724,5.49089711465194,5.67083846123957,6.05403751384428,6.25025845144803,0.0135335556656962,0.0111849046615422,9.30731776296387e-06,0.0533353149792463,0.0528193645222314,0.0711685979747958,0.0930496431556406,0.112533780196727,0.151502054278901,0.170240137225768,0.175936728398283,0.000133111849297857,0.0369739658099184,0.0366860016326472,0.0494791945454896,0.0647553187146439,0.07838815088938,0.10565381523885,0.11877095885833,0.122847909133079,0.000100099751374794,0.0283946895566375,0.028133888680946,0.0380376585323581,0.0498278096785138,0.0603516111282206,0.0813992140276364,0.091537498254885,0.0945803784038525,7.97464894939591e-05,0.0230440879595893,0.0228926583842906,0.0309315229076311,0.0405435182814603,0.0491321122990307,0.0663093003341667,0.0745756520649997,0.0771824932841523
15,1.07621128603058,1.07531213370469,1.0752857326896,1.08614599392775,1.07712676309586,1.07721030230995,1.0741297075797,1.07045465858683,1.06717981879731,1.06063013921826,1.05747772435872,1.05651624936772,0.608095812092167,0.608479086448905,0.594083066884806,0.576158800975014,0.559465381346712,0.523908947460891,0.505702484243962,1.08486044616208,1.08508341875748,1.08614511505774,1.08112899460758,1.08117698970863,1.07945348770631,1.07739794372026,1.07556756927102,1.07190682037254,1.07014674791213,1.06960995345726,1.08615848183751,1.08266714758898,1.08269419214519,1.08149178799552,1.08005609709672,1.0787748704036,1.07621241701735,1.07497978743023,1.07459641220706,1.08615538307459,1.08347390813657,1.0834989921859,1.08256792011935,1.08145896767084,1.08046966227929,1.07849105149617,1.07753807578722,1.07725285294217,1.0861534726865,1.08397714248704,1.08399201641788,1.08323574675052,1.08233170353664,1.08152416220156,1.07990907953139,1.07913189447655,1.07888705151227,1.08614769792741,0.00882064267161546,0.0021524624779344,0.00116705605710485,1.08614599392775,0.00881695740031064,0.00214426597333562,0.00114762241886427,0.105802451622802,0.115378225912957,0.115659390910478,0,0.0960528224526515,0.0951631482167963,0.127970803790617,0.16710926637088,0.20198558905595,0.271738234426092,0.305310758563078,0.315550255514003,5.09112917666599,5.08704738915831,5.24036182771624,5.4312513129859,5.60903255637262,5.98770074823319,6.181595572688,0.0136908006450398,0.011316191599435,9.35977216851632e-06,0.0534299380876312,0.0529188008292844,0.0712737176631926,0.0931648085129758,0.11265789337485,0.1516440630986,0.170388447258881,0.176105190008685,0.000132993489250476,0.0370489475152388,0.0367609289463829,0.0495662683880129,0.0648560603413894,0.0785008425151919,0.105790406862797,0.118917640558051,0.123000502270947,9.99923464534192e-05,0.0284571253205834,0.0281899857183822,0.0381056982182962,0.0499157976192295,0.0604516822082975,0.0815234513864334,0.0916724328549888,0.0947099933526988,7.96471339690481e-05,0.0230977902931648,0.0229393862047727,0.0309934916423402,0.0406213528126277,0.0492214902220764,0.0664217650409763,0.0746986147498621,0.0773061384085065
15.1,1.07706000961048,1.07616194758765,1.07613579775459,1.08714370674108,1.07799860314959,1.07808442669138,1.07496508907424,1.07124404806199,1.06792899499936,1.06129888887409,1.05810828477379,1.0571352226152,0.608181549888486,0.608570902359003,0.594162530305968,0.576221706609831,0.559515251010445,0.523927961258738,0.505706912403687,1.08582716942751,1.08605530696546,1.08714281183864,1.08205461081537,1.08210377576473,1.08035720644175,1.07827464327414,1.07642037800588,1.07271184746937,1.07092901920582,1.07038517295349,1.08715634078411,1.08361397571569,1.08364186140239,1.0824230032133,1.08096762580731,1.07966914171872,1.07707217354155,1.07582307118416,1.07543409470662,1.0871532040164,1.08443208104043,1.08445791563684,1.08351374290232,1.08238936301566,1.08138646282232,1.07938066243563,1.07841467988038,1.07812527557524,1.08715127032277,1.08494247861686,1.08495818953984,1.08419094095051,1.08327404475244,1.08245524747163,1.08081765291001,1.08002969493199,1.07978237115222,1.08714544229835,0.00904430955196307,0.0022418094883936,0.00123517298260313,1.08714370674108,0.00904048580201247,0.00223313934806078,0.00121420655891708,0.106053232097517,0.115498416627633,0.115773442174214,0,0.0961817655947757,0.09527913396278,0.128086132429429,0.167221423881077,0.202086819708969,0.271817611364752,0.305374140562134,0.315608123754424,5.03738699494181,5.03329205958341,5.18482917991708,5.3735181413986,5.54922488767045,5.92350696406349,6.11514313661581,0.0138464132225299,0.0114470231031019,9.41195421345177e-06,0.053523530544922,0.0530064481972965,0.071375635548396,0.0932785697710074,0.112780427305803,0.151784142375392,0.170534675753691,0.176254468016063,0.000132875976029305,0.0371232276048449,0.0368299455709445,0.0496490384836827,0.0649556741182162,0.0786122162216092,0.105925300428398,0.119062480225205,0.123153461153972,9.98856601062945e-05,0.0285189713720293,0.0282472612627914,0.0381774058176297,0.0500028424151229,0.0605506410645301,0.0816462383633469,0.0918057632684844,0.0948495141413792,7.95484309148771e-05,0.023150968750184,0.0229857323156263,0.0310551131852183,0.0406983823199198,0.0493099160597835,0.0665329835395132,0.0748201711893707,0.0774213487019565
15.2,1.07789971497894,1.0770030795887,1.07697719132618,1.08813182067555,1.07886156819898,1.07894968380298,1.07579191353075,1.07202525354075,1.06867032962136,1.06196048178258,1.05873202468265,1.05774747866126,0.608267010566693,0.608661436334566,0.594239893221376,0.57628331829951,0.55956445196706,0.523947275705421,0.505711216743916,1.08678420801622,1.087017930866,1.0881309097296,1.08297099193894,1.08302368466169,1.0812528960685,1.07914245902767,1.07726447687856,1.07350851258034,1.07170309904428,1.07115215235031,1.08814459944377,1.08455143965124,1.08457958174171,1.08334469301465,1.08187002071915,1.08055439347288,1.07792313898035,1.07665767617366,1.07626386256705,1.08814142498549,1.08538082734354,1.08540734028675,1.08445006720487,1.08331050031778,1.0822940892278,1.08026126704784,1.07928236080368,1.07898846259342,1.08813946818431,1.08589835118586,1.08591218088186,1.08513566720386,1.08420705389188,1.08337706627126,1.08171709103003,1.08091842546216,1.08066770619921,1.08813358782996,0.00926902166489793,0.00233305484838432,0.00130590439189008,1.08813182067555,0.00926505666469254,0.00232389216579839,0.00128331215536922,0.106301887959434,0.115617080513182,0.115886035043449,0,0.0963091439180723,0.0953937062416724,0.12819994883074,0.167331978943719,0.202186461214128,0.271895425754944,0.305436037540524,0.315664538296799,4.98534092516044,4.9812432149698,5.13106939011659,5.31762119793384,5.49131438566841,5.86134311608421,6.05079849839034,0.0140004192853423,0.0115722602213368,9.46386567314578e-06,0.0536161230545326,0.0530686955673533,0.0714655120404618,0.0933909542232947,0.112901410225599,0.151922322230206,0.170678859068359,0.176402673449359,0.000132759299757463,0.0371967680732447,0.0369043984050458,0.049733722788317,0.0650541713628537,0.0787222924979925,0.106058534768273,0.11920549488408,0.123296845298954,9.97796846224139e-05,0.028580215414779,0.0283047710437437,0.038249931787185,0.0500889525269558,0.0606485011683839,0.0817675984512422,0.0919375072633564,0.0949908313341611,7.94503735134984e-05,0.0232036328096828,0.0230599553655088,0.0311271970893345,0.040774609965434,0.0493973953109497,0.0666429660019835,0.0749403448827794,0.0775450805832878
15.3,1.07873069796867,1.07783567194391,1.07781005531512,1.08911048566663,1.07971580313175,1.07980621801677,1.07661032149778,1.07279841089633,1.06940395398351,1.06261504015787,1.05934906165485,1.05835313362851,0.608350343281995,0.60875097872521,0.594317583672568,0.576344597287908,0.559613018681951,0.523965784294812,0.50571577224476,1.08773171760945,1.08797054477768,1.08910955866717,1.0838782882956,1.08393314393391,1.08213932124752,1.0800015363379,1.07810000893546,1.07429695413057,1.07246912388093,1.07191010829622,1.08912340777264,1.08547969028479,1.08550919376292,1.08425796006548,1.08276342997657,1.0814307724708,1.07876545745926,1.07748374525016,1.0770857328237,1.08912019593364,1.0863202945927,1.08634779930723,1.08537732002321,1.08422252709596,1.08319268875453,1.08113301207167,1.0801412645441,1.07984429022878,1.08911821622017,1.08684490886379,1.08685934924733,1.08607218772328,1.08513087959242,1.08428976686459,1.08260754140895,1.08179823249686,1.08154335916417,1.08911228445553,0.00949473758017421,0.00242619364413775,0.0013792956382605,1.08911048566663,0.00949062855592527,0.00241651910469931,0.00135498060848279,0.106546940302879,0.11573424617126,0.11599719696541,0,0.0964349857950999,0.095506890766817,0.128312281930106,0.167440963856167,0.202284547229456,0.271971713976032,0.305496486034832,0.315719535586185,4.93492966149699,4.93081719967276,5.07897380227314,5.2634637709619,5.43521087781783,5.80112431118786,5.9884579061522,0.0141528441769913,0.0117013196587248,9.51550830685404e-06,0.0537077093642143,0.0531446245891953,0.0715579413392584,0.0935019779393892,0.113020867200729,0.15205864572341,0.170821044932251,0.176559254794148,0.000132643450731875,0.0372695617730596,0.0369667130622389,0.0498104364547957,0.0651515602617407,0.0788310866493252,0.106190139424494,0.119346720098564,0.123432257055167,9.96744124069369e-05,0.0286408865420075,0.0283585548352335,0.0383203769214242,0.0501741504919308,0.0607452842645302,0.0818875518097334,0.0920676891776103,0.0951160853074287,7.93529550639212e-05,0.0232558009264926,0.0231075725881719,0.0311876657801362,0.040850050420726,0.0494839445047991,0.0667517326729431,0.0750591654309245,0.0776754013842339
15.4,1.07955301741535,1.0786598636784,1.07863452843104,1.09007984839358,1.08056144957621,1.08065417046377,1.07742045034302,1.07356365289662,1.07012999638053,1.06326268334834,1.05995951047964,1.05895230088628,0.608433225888358,0.608839342323742,0.594393706014396,0.576405321655823,0.559661495748288,0.523984047074101,0.505720270142045,1.08866985043913,1.08891390599394,1.09007890533166,1.08477664375791,1.08483023447638,1.08301534874912,1.08085201622278,1.07892711361314,1.07507730839387,1.0732272281001,1.07266136294282,1.0900929124703,1.0863988739654,1.08642962899231,1.08516181735196,1.08364799764315,1.08229842164265,1.07959926964165,1.07830141796239,1.07789901924525,1.09008966355611,1.08725062840449,1.08727950162398,1.08629572316872,1.08512558845906,1.08408240575482,1.08199604034634,1.08099153217905,1.08069055810986,1.09008766112292,1.08778229793208,1.08779820753155,1.08699998533063,1.08604566768246,1.08519349471457,1.0834891487788,1.08266926012476,1.08241075788188,1.09008167885225,0.00972141702963505,0.00252122057354517,0.0014553916155868,1.09007984839358,0.00971716120584211,0.00251101445475504,0.00142925276694563,0.106789350721089,0.115849941497206,0.1161069547067,0,0.096559318916866,0.0956187126316855,0.128423159936177,0.167548410072317,0.202381110503368,0.272046511365467,0.305555521503169,0.31577315098138,4.88606022085007,4.88194037599443,5.02848401533076,5.21096703326333,5.38082463817317,5.74275422431176,5.92803095995259,0.0143037127112968,0.0118278931326288,9.56688387324006e-06,0.0537983160321274,0.053254665427092,0.0716657588366948,0.0936116679483783,0.113138826720993,0.152193144266221,0.170961268667815,0.176701683125474,0.000132528419409275,0.0373416149664426,0.0370296208476273,0.0498909256590673,0.0652478573079513,0.0789386200019124,0.106320145389835,0.119486191130207,0.123568321623514,9.95698359788333e-05,0.0287009990287487,0.0284080948898814,0.0383880273793007,0.0502584493666751,0.0608410077738103,0.0820061245880808,0.09219634947156,0.0952495784537317,7.9256168945426e-05,0.0233074818565228,0.0231460870548772,0.0312436456405635,0.0409247132135636,0.0495695749132406,0.0668592983126013,0.075176652054596,0.0777990259422277
15.5,1.08036690142154,1.07947579069859,1.07945074627443,1.0910400523702,1.08139864599474,1.08149367912672,1.07822243434506,1.07432110929455,1.07084858217034,1.06390352792191,1.06056348324944,1.05954509113357,0.608515455810379,0.608927103702752,0.594469389398204,0.576465344558507,0.559709346454935,0.524002623980166,0.505724711463957,1.08959875538529,1.08984820890512,1.09103909323792,1.08566619636275,1.08572096648581,1.0838840356315,1.08169403508384,1.07974592610619,1.0758497081509,1.07397754249687,1.07340472770629,1.09105325707043,1.08730913273784,1.087340588318,1.08605680698561,1.08452386497804,1.08315748116038,1.08042471352505,1.07911082983185,1.07870475138639,1.09104997138237,1.08817197161504,1.08820138680938,1.08720501881431,1.08601982615519,1.08496338133993,1.08285049170942,1.08183330272351,1.081528776204,1.09104794641942,1.08871065842691,1.08872635867824,1.08791819329479,1.08695155990458,1.08608839156924,1.08436205489857,1.08353164841487,1.08327094008576,1.09104191453185,0.00994902087192375,0.00261812996415707,0.0015342367528046,1.0910400523702,0.00994461547183214,0.00260737213592206,0.00150616892246521,0.107028306619479,0.115964193701658,0.116215334374246,0,0.0966821703131736,0.0957291963284661,0.128532610353311,0.16765434822969,0.202476182904668,0.272119852254624,0.305613178363042,0.315825418793284,4.83866392600433,4.83453600004731,4.97951518070804,5.16005628246554,5.32808221139434,5.68614236249607,5.86942975668361,0.014453049185981,0.011951577227387,9.61799413130792e-06,0.0538879953315429,0.0533387710628273,0.071759160660988,0.0937200652934797,0.113255327746985,0.152325852653993,0.171099570052571,0.176843646692813,0.000132414196382876,0.0374129450904707,0.0370975145776111,0.0499710270703759,0.0653430749319273,0.0790449092731138,0.106448577955489,0.119623951137594,0.123696027751332,9.94659479577049e-05,0.0287605626444107,0.0284655927283761,0.0384569795077884,0.0503418637311445,0.0609356893181418,0.0821233404921363,0.0923235161663988,0.0953772495821711,7.91600086344004e-05,0.0233587148162203,0.0232012757129959,0.0313054028705459,0.040998616746495,0.0496543029354465,0.0669656753133493,0.075292831949931,0.077907164973111
15.6,1.0811725003956,1.08028358588141,1.08025884142549,1.09199123803245,1.08222752777389,1.08232487892957,1.07901640478185,1.07507090691522,1.07155983385961,1.06453768774839,1.06116108944023,1.06013161247882,0.608596520115273,0.609013727812426,0.594543714601438,0.576524270566265,0.559756581849091,0.52402075964375,0.505729097213622,1.09051857807005,1.09077322848143,1.09199026282292,1.08654708693621,1.0866040673986,1.08474480421254,1.08252772929744,1.08055658068608,1.07661428346338,1.07472019526811,1.07414015008088,1.09200458202851,1.08821060623257,1.08824281308628,1.0869430855135,1.08539116921486,1.08400808736569,1.08124192366737,1.07991211513759,1.07950095653588,1.09200125986378,1.08908446925579,1.08911450008214,1.08810562714386,1.08690537966686,1.0858357538285,1.08369650215177,1.08266671422561,1.08235767084329,1.09199921255842,1.08963013475792,1.08964651218939,1.08882775600669,1.08784869652681,1.08697459655483,1.08522639661088,1.08438553492606,1.08412205813999,1.09199313192826,0.0101775110584086,0.0027169157905084,0.00161587500896686,1.09199123803245,0.0101729533044564,0.00270558571556953,0.00158576880497194,0.107263771574353,0.116077029331387,0.116322361435421,0,0.0968035663722224,0.0958383657659464,0.128640660003315,0.167758808175467,0.202569795451379,0.2721917700032,0.305669490027681,0.315876372321741,4.79267936273004,4.78854290313293,4.93200771796076,5.11066382311505,5.27690923850093,5.63121666314903,5.81257171273797,0.0146008773957858,0.0120761130032938,9.6688408213211e-06,0.0539767391727568,0.053411799019239,0.0718457040070807,0.0938271795950305,0.113370387082278,0.152456802056772,0.171235984096237,0.176986917019644,0.000132300772420766,0.0374835622602947,0.0371642432496197,0.0500505601338072,0.0654372347115314,0.0791499783344074,0.106575465580159,0.119760023997555,0.123836509056694,9.9362741086779e-05,0.0288195344544771,0.0285217899480582,0.0385243909936877,0.050424399620144,0.0610293431401121,0.0822392301800417,0.0924491955742726,0.0955132461022598,7.9064467706486e-05,0.0234094633592082,0.0232470871996662,0.0313647511179547,0.0410717627798814,0.0497381398447866,0.0670708939745925,0.0754077257486303,0.0780200003729668
15.7,1.08196985623776,1.08108337916026,1.0810589435298,1.09293354282312,1.08304822731147,1.08314790182397,1.07980249001614,1.07581316973998,1.07226387118626,1.06516527407882,1.06175243598916,1.0607119705169,0.608676629641321,0.60909979021848,0.594617842605496,0.576582990535437,0.559803550800208,0.524039070501401,0.50573287281433,1.09142946094849,1.0916896050703,1.09293255153043,1.08741945222155,1.08747721351961,1.0855961903023,1.08335323091825,1.08135920747575,1.07737116059076,1.07545531156659,1.07486909551713,1.09294702480646,1.08910342859336,1.08913568362624,1.08782047965749,1.08625004357619,1.08485037301417,1.08205103189014,1.08070540522126,1.08028914623499,1.09294366645818,1.08998825120534,1.09001997355454,1.08899777457758,1.08778238228171,1.08669965698221,1.08453420638321,1.08349189940834,1.08317840502998,1.09294159699524,1.09054086537482,1.09055689446593,1.08972815549521,1.0887372141308,1.08785224570804,1.0860823088625,1.08523105483821,1.08496712169848,1.0929354684823,0.0104068506002732,0.00281757169079462,0.00170034986883759,1.09293354282312,0.0104021377145279,0.00280564842527478,0.00166809157840218,0.107496744617302,0.116188474289382,0.116428060737504,0,0.096923532859539,0.0959462442868146,0.128747335046415,0.167861818991577,0.20266197833847,0.272262297032258,0.305724488940899,0.31592604389083,4.74804175768888,4.74389275323306,4.88588534048868,5.06271344224928,5.22723247825029,5.57789602331986,5.75738461434817,0.0147472206452692,0.0121965597879362,9.71942569910972e-06,0.0540645506945463,0.0534982127699854,0.0719412675615013,0.0939330337632816,0.113484033063562,0.152586031664124,0.171370546496236,0.177118277103889,0.000132188138421763,0.0375535006409981,0.0372372465229555,0.0501325572423367,0.0655303675550967,0.0792538562540995,0.106700833652103,0.119894432835013,0.123975768578542,9.92602081955577e-05,0.0288779926710604,0.0285669614094358,0.0385894170422652,0.0505060943590384,0.0611219984260563,0.0823538065600923,0.0925734170731747,0.0956471664792568,7.89695398120845e-05,0.0234597217467696,0.0233025597283092,0.0314281788616502,0.0411441598823605,0.0498210974978314,0.0671749727287732,0.0755213474395905,0.078109158856534
15.8,1.08275908205807,1.08187529760813,1.08185117938113,1.09386710127365,1.08386087410057,1.08396287687262,1.08058081557791,1.07654801898765,1.07296081119909,1.06578639562198,1.06233762736924,1.06128626840327,0.608756258786037,0.609184877447454,0.594690323184461,0.576640406671795,0.559849347005146,0.524056392803392,0.50573715033243,1.09233154339637,1.09259711638526,1.09386609389285,1.08828342431034,1.08834186918458,1.08643899872417,1.08417066919255,1.08215393399312,1.07812046359427,1.07618301311379,1.07558999731619,1.09388071995446,1.08998773393346,1.0900209591826,1.08868980179204,1.08710061966172,1.08568446863313,1.08285216657596,1.08149082776195,1.08107024101232,1.0938773257118,1.090883454376,1.0909149550746,1.08988085466282,1.08865096831694,1.08755522398072,1.08536373530829,1.0843089883587,1.08399360029668,1.09387523427363,1.09144297895056,1.0914594136066,1.09062068225759,1.08961724375208,1.08872147055292,1.08692992415462,1.08606833975564,1.08580181611173,1.0938690587235,0.0106370035367277,0.00292009098292252,0.00178770433899764,1.09386710127365,0.0106321327413124,0.00290755317699069,0.00175317583703237,0.10772746177222,0.116298553854217,0.116532456526365,0,0.0970420949362156,0.0960528546843042,0.128852661001443,0.167963409018775,0.202752760964489,0.272331464855919,0.305778206610503,0.315974464882753,4.70468755276133,4.7005307359998,4.84110139130455,5.01615255509645,5.17899511084364,5.52612127534253,5.70378440813749,0.0148921017611763,0.012316529694421,9.76975050123482e-06,0.0541514499514949,0.0535846416093976,0.0720390033459813,0.094037649383824,0.113596290747717,0.152713573475503,0.17150329813485,0.177254466315818,0.000132076285434968,0.0376227650249507,0.0373005409013165,0.0502103319379942,0.0656224908360964,0.0793565646466307,0.106824712267699,0.12002720788815,0.124106129801502,9.91583422294297e-05,0.0289359156542231,0.0286304165154874,0.038659298390455,0.0505869455919048,0.0612136607425568,0.0824670910438586,0.0926962065581328,0.0957548936863806,7.8875218700408e-05,0.0235095510570885,0.0233501649644029,0.0314843244021211,0.0412158418892727,0.0499032029025654,0.0672779249291506,0.0756337171368441,0.0782185088178006
15.9,1.08354031418793,1.08265946551777,1.08263567300135,1.09479204508322,1.08466559481075,1.08476993033,1.08135150424404,1.07727557319281,1.0736507683346,1.06640115861818,1.06291676566148,1.06185460692554,0.608834314578869,0.609268764897391,0.594762523525194,0.576697643085335,0.55989540689763,0.524073967305983,0.505741243127875,1.09322496179492,1.09349593013225,1.09479102161031,1.08913912990931,1.08919701726529,1.08727328893087,1.08498016942077,1.08294088438571,1.07886231431559,1.07690341969895,1.07630429651122,1.0948057991901,1.09086365290864,1.09089752936493,1.08955064926162,1.08794302627159,1.0865105020242,1.08364545352942,1.08226850742429,1.08184371235205,1.09480236933833,1.09177021296443,1.09180239915884,1.09075600043373,1.08951126807277,1.08840258404535,1.08618521599049,1.08511810879987,1.08479849972268,1.09480025610482,1.09233660280836,1.09235390757685,1.09150506631527,1.0904889147708,1.08958240042185,1.08776937172394,1.08689751671463,1.08662708799722,1.09479403434913,0.0108679349042974,0.00302446667995884,0.00187798094443631,1.09479204508322,0.0108629034218075,0.00301129257860808,0.0018410596023371,0.107955898795336,0.116407292698692,0.116635572464532,0,0.097159277176539,0.0961582192182778,0.12895666276531,0.168063605879895,0.202842171957207,0.272399304111831,0.305830673640409,0.31602166577034,4.66257183551319,4.65840345688288,4.79758509391737,4.97091046249084,5.13212125986026,5.47581377643821,5.65170899953172,0.0150355431044861,0.0124357092945275,9.81981696128337e-06,0.0542374808011905,0.0536820745617153,0.0721394855426256,0.0941410584616425,0.113707190189167,0.152839453644218,0.171634271166339,0.177382620715615,0.000131965204646483,0.0376913660639916,0.037366334891314,0.0502891157040057,0.0657136211802685,0.07945812361393,0.106947128481251,0.120158380665956,0.124234121034686,9.90571362345871e-05,0.0289932816051501,0.0286844678254118,0.0387242488972818,0.0506669626038851,0.0613043464672979,0.0825791141941236,0.0928175847856251,0.0958841072177828,7.87814982031323e-05,0.0235589955172001,0.0233929631215119,0.031537258624292,0.0412868299849988,0.0499844759048087,0.0673797677444306,0.075744871036068,0.0783395274067232
16,1.0843138606225,1.08343600447918,1.08341254571763,1.09570850319523,1.08546251336644,1.08556918572013,1.08211467611519,1.07799594828152,1.07433385449118,1.06700966691049,1.06348995062439,1.06241708457243,0.608911518474505,0.6093514668635,0.594834045605612,0.576754156911084,0.559940624381707,0.524091477584751,0.505745274080768,1.09410984961282,1.09438600802071,1.09570746362712,1.08998669999806,1.09004641942562,1.088100573641,1.08578185638905,1.08372018120439,1.07959683083507,1.07761664889009,1.07701224124826,1.09572239147482,1.09173131344493,1.09176728826656,1.09040409775729,1.08877738979163,1.08732859862316,1.08443101628623,1.08303856643413,1.08260880184149,1.09571892629538,1.09264865287467,1.0926822737714,1.09162300274894,1.09036340760579,1.0892418629281,1.08699877357273,1.08591938480855,1.08559597312681,1.09571679144404,1.09322187330719,1.09324087932572,1.09238112783428,1.09135235720671,1.09043516377742,1.08860077691886,1.08771871273149,1.08744517037873,1.09571052430074,0.0110996107071476,0.00313069150499873,0.00197122172560362,1.09570850319523,0.0110944157610567,0.00311685894893491,0.00193178032034507,0.108180376429999,0.116514714907847,0.116737431648592,0,0.0972751035849868,0.0962623596307515,0.129059364631747,0.16816243650219,0.202930239198268,0.272465844590421,0.305881919761448,0.316067676148242,4.62163518652952,4.61745833043004,4.75528626899384,4.92693616080059,5.08656330720168,5.42691397379204,5.60109224998222,0.0151775665820761,0.0125557273862463,9.86962681445995e-06,0.0543226187023605,0.0537556443447118,0.0722294427206586,0.0942432710219546,0.113816750060846,0.152963708138629,0.171763492935706,0.177501719983493,0.000131854887382028,0.0377593137805536,0.037417769961114,0.0503598575691152,0.0658037715790081,0.0795585491398427,0.107068104261508,0.120287979145551,0.124368150604374,9.89565833415686e-05,0.0290501222293818,0.028730926498536,0.0387876121048945,0.0507461685813696,0.0613940783021647,0.0826898977437527,0.0929375805541479,0.096008040838363,7.86883722311998e-05,0.0236079855610435,0.0234275430219135,0.0315899965070852,0.0413571123284151,0.0500649177558897,0.0674805286108389,0.0758548181258912,0.0784518205770745
16.1,1.08507956852826,1.08420503345452,1.08418191623703,1.09661660187123,1.08625175102275,1.08636076391188,1.08287044869014,1.07870925764432,1.0750101791007,1.06761202201347,1.06405727976106,1.06297379760033,0.608988554295381,0.609433250941227,0.594904672655321,0.576809960540676,0.559985564264625,0.52410851275477,0.50574927958043,1.09498633748544,1.09526799699148,1.09661554620571,1.09082625881818,1.09088724442761,1.08892029841602,1.08657585127491,1.08449194386292,1.08032412903893,1.07832281434623,1.07771296669703,1.09663062308785,1.09259084021949,1.09262861048076,1.09124922825187,1.08960383307899,1.08813888059854,1.08520897563764,1.08380112533678,1.08336622974631,1.09662712285843,1.09351889753906,1.093552934916,1.09248182970218,1.09120751169744,1.09007318494963,1.08780453145399,1.08671293705215,1.08638516159509,1.09662496656443,1.09409892008035,1.09411812161873,1.09324848279943,1.09220769757501,1.09127988607965,1.08942426308891,1.08853205110815,1.08825461401462,1.09661865483807,0.0113319978884046,0.00323875790547527,0.00206746823589918,1.09661660187123,0.0113266367034613,0.00322424433211385,0.00202537485946778,0.108403589336762,0.116620843996314,0.116838056625948,0,0.0973895976126349,0.0963652971608501,0.129160790309382,0.168259927138852,0.203016989846904,0.272531115263008,0.305931973860944,0.316112524762889,4.58182177749518,4.57764334521171,4.71415591194641,4.88417637413381,5.04226076988184,5.37936659621272,5.55187253551314,0.015318193658044,0.01267168129063,9.9191817871766e-06,0.0544068784220155,0.053833849050987,0.0723155506591374,0.0943443060203918,0.113924993411146,0.153086368192656,0.17189100276654,0.177621217125504,0.000131745325107531,0.0378266231785873,0.0374717284868179,0.050432598082423,0.0658929627459649,0.079657862470861,0.107187661920655,0.120416021527966,0.124502361715383,9.88566767954294e-05,0.0291064659630401,0.0287866459778509,0.0388509013444085,0.0508245727002258,0.0614828664997324,0.0827994540987457,0.0930562287600799,0.0961360530950211,7.85958347900059e-05,0.0236564925163619,0.023476072158813,0.0316473209223028,0.0414266854003077,0.0501445328170311,0.0675802276504778,0.0759635770167043,0.0785704150018072
16.2,1.08583793378125,1.08496666885035,1.08494390071863,1.09751646476242,1.08703342643867,1.0871447831917,1.0836189369375,1.07941561220684,1.07567984919772,1.06820832317947,1.06461884838393,1.06352484009757,0.609064330637329,0.60951512199885,0.594974709954858,0.576866177186429,0.560028769864677,0.524125693197653,0.505753260060816,1.09585455329144,1.09614163860006,1.09751539299818,1.09165792577887,1.09172058668831,1.08973232920755,1.08736227116034,1.0852562880909,1.08104432195203,1.07902202736226,1.07840627731561,1.09753061769778,1.09344235735378,1.09348109455299,1.09208626033819,1.09042247692088,1.08894146752138,1.08597944872238,1.08455630095678,1.0841169319769,1.09752708269239,1.0943810713583,1.09441701876582,1.09333301272844,1.092043702429,1.09089667123036,1.0886026088331,1.0874988841665,1.08716632455768,1.09752490512857,1.09496786129868,1.09498790358355,1.09410796077987,1.09305505613741,1.09211668792547,1.0902399515016,1.08933765202706,1.08905810741158,1.09751854961058,0.0115650643024355,0.00334865806693104,0.00216676153957538,1.09751646476242,0.0115595341050502,0.00333344051149891,0.00212187950877771,0.108622064251945,0.116725702925057,0.116937469411026,0,0.0975027821730236,0.0964670525592824,0.129260962939194,0.168356103389763,0.203102450362782,0.272595144308819,0.305980864011138,0.316156239541258,4.54309529019216,4.53890247790144,4.6741429095823,4.84257044666308,4.99917524078382,5.33310990318739,5.50399197867027,0.01545744536474,0.0127872637392437,9.96848359130171e-06,0.0544902949625632,0.0539074855885433,0.0724002765202094,0.0944441960766018,0.114031953188395,0.153207467411981,0.172016837633327,0.177743931326705,0.000131636509415357,0.0378932896118448,0.0375329947641547,0.0505063534806959,0.0659812098258366,0.0797560842864695,0.107305833207733,0.120542536375634,0.124629109048141,9.87574099320801e-05,0.0291623068300822,0.028827959846284,0.0389103044177573,0.0509021847675119,0.0615707266207503,0.082907810327227,0.0931735579495166,0.0962666962264701,7.85038799579133e-05,0.0237045712031567,0.0235181578299007,0.0317025094331091,0.0414955798037813,0.0502233463673407,0.0676788794944595,0.076071170584509,0.0786712161923933
16.3,1.08658869671599,1.08572102458767,1.08569861284314,1.0984082129789,1.08780765574788,1.08792135933389,1.08436025336521,1.08011512049803,1.07634296948626,1.06879866746271,1.06517474967724,1.06407030404632,0.609139485482991,0.609595430705735,0.595043873347816,0.576920596446036,0.560073097130277,0.524142484261913,0.505757215945781,1.09671462222686,1.09700703739191,1.09840712511545,1.09248181935405,1.09254866026914,1.09053766949687,1.08814123226204,1.08601332853722,1.08175752108758,1.07971439700513,1.07909293473269,1.09842249643171,1.09428598388388,1.09432633310938,1.0929157399255,1.09123343995557,1.089736477223,1.08674255175787,1.08530420748848,1.0848614131403,1.09841892692076,1.09523529639967,1.09527197536225,1.09417574155184,1.09287209931717,1.09171244051415,1.08939312290811,1.08827734358155,1.08794192994667,1.09841672825771,1.09582881815713,1.09584936998208,1.09495943586136,1.09389455285015,1.09294568881239,1.09104796073687,1.09013563393058,1.08985327910211,1.09841032972659,0.0117987786880508,0.00346038392627107,0.00226914221003252,1.0984082129789,0.0117930767066732,0.00344443902301075,0.00222132997671277,0.108839400473582,0.116829314117554,0.117035691500891,0,0.0976146796574422,0.0965676461022947,0.129359905111311,0.168450990221458,0.203186646527965,0.272657959140979,0.306028617496487,0.3161988476185,4.50540561784768,4.50120706998934,4.63520432872351,4.80209158102142,4.95723090180407,5.28809608073826,5.45739586734241,0.0155953423134147,0.0129026524820285,1.00175339370436e-05,0.0545728873121041,0.0539573862235542,0.0724754901073269,0.0945429576846015,0.114137648408265,0.153327029855593,0.172141031654086,0.177863734651789,0.000131528432033928,0.0379593321195536,0.0375877783761815,0.050577152309122,0.066068524043049,0.0798532274708256,0.107422634326379,0.120667552686216,0.124745001400431,9.86587761842806e-05,0.0292176372158052,0.0288798808975057,0.0389744928977049,0.050979014580049,0.0616576723243308,0.0830149878128944,0.0932895836815001,0.0963782226849058,7.84125019001489e-05,0.0237522229963396,0.0235629725856991,0.0317578846283432,0.0415638044253912,0.0503013695425693,0.0677764997769255,0.0761776136994062,0.0787776634449115
16.4,1.08733226423988,1.08646821216942,1.08644616388031,1.09929196515654,1.08857455262721,1.08869060566863,1.08509450808752,1.08080788871601,1.07699964240437,1.06938314978109,1.06572507475736,1.06461027938251,0.609214376353785,0.609674874776345,0.595112611552674,0.576974896532632,0.560115944261802,0.524159068899173,0.505761184187519,1.09756666687682,1.0978646248426,1.09929086119424,1.09329805582275,1.09336617674615,1.09133420951856,1.08891284862799,1.0867631776897,1.08246383581313,1.08040003019303,1.07977281082009,1.09930637794226,1.09512183467774,1.09516304314447,1.0937372226954,1.09203683690847,1.09052402381332,1.08749839762301,1.08604495610681,1.08559657333482,1.0993027741926,1.09608169008476,1.09611887535453,1.0950107518771,1.09369281942982,1.09252060937747,1.09017618927278,1.08904842977067,1.08870872224314,1.09930055459869,1.09668190984749,1.09670340721164,1.09580350267094,1.09472630574514,1.09376700621173,1.09184840714491,1.09092611264703,1.09064071243645,1.09929411382032,0.0120331106425941,0.00357392718451625,0.00237465032848536,1.09929196515654,0.012027234108081,0.0035572311679895,0.00232376139018526,0.109052954685515,0.116931699475376,0.11713274389031,0,0.0977253119497456,0.0966670976051664,0.129457638881247,0.1685446119864,0.203269603468094,0.272719586431483,0.306075260839912,0.316240375364503,4.46870782609893,4.46450883199714,4.59729290766219,4.76267926873947,4.91640540042514,5.24427342378769,5.41203210786766,0.0157319047046264,0.0130150143102632,1.00663345307923e-05,0.0546546713434922,0.0540335196922305,0.0725617447320419,0.0946406045059872,0.114242095300383,0.153445076889172,0.172263616109865,0.177982833198348,0.000131421084820559,0.0380247845081206,0.0376490305417604,0.0506501861648453,0.0661549295912153,0.0799493161785598,0.107538089353249,0.120791104032184,0.124879623172975,9.85607690665806e-05,0.0292724696353787,0.0289334006596403,0.0390376783680032,0.0510550714828384,0.0617437141680811,0.0831209995385686,0.0934043257468391,0.0965019040110757,7.83216948568687e-05,0.0237994449299275,0.023603424051607,0.0318090848605143,0.0416313628886309,0.0503786091011969,0.067873101526331,0.0762829222053277,0.0788853063659954
16.5,1.08806853310469,1.0872083407459,1.08718666275405,1.10016783752186,1.08933422836282,1.08945263314769,1.08582180888992,1.08149402079181,1.07764996818652,1.06996186297595,1.06626991273111,1.06514485405356,0.609287508140964,0.60975365064249,0.595179641121957,0.577028533171963,0.56015904185422,0.52417545055826,0.505764555596517,1.09841080728488,1.09871390998658,1.10016671746187,1.09410675259623,1.09417491724332,1.09212295242593,1.08967723180297,1.08750594501788,1.08316337144771,1.08107903188571,1.0804455786453,1.10018237847234,1.09595003023719,1.095990659816,1.09455046280581,1.09283278317364,1.09130422091927,1.08824709641053,1.08677865671096,1.08632670564642,1.10017874074735,1.09692036706183,1.09695841888594,1.09583832713329,1.09450597686172,1.0933212914496,1.09095192062536,1.08981225458911,1.08946956962757,1.10017650038875,1.09752724789768,1.09754865024032,1.0966390742185,1.09555042918611,1.09458075455302,1.09264140528683,1.09170920009913,1.0914209153418,1.10017001811661,0.0122680305968877,0.00368927931907624,0.00248332548298184,1.10016783752186,0.012261976742862,0.00367180802556448,0.00242920829407546,0.109264770937892,0.117032880393263,0.117228647086307,0,0.0978347004406201,0.096765426435233,0.129554185785551,0.168636992441522,0.203351345672753,0.272780052135214,0.306120819828005,0.31628084840939,4.43297605369944,4.42876647669422,4.56037948162435,4.7242960659208,4.876638799116,5.20159457549083,5.36785720939086,0.0158671523382975,0.0131299332279719,1.01148870689808e-05,0.054735630512317,0.0541200583857505,0.0726506662632064,0.0947371511082855,0.114345315762473,0.153561645070846,0.172384618437439,0.178105122759636,0.000131314459746618,0.038089606718731,0.0377226945831413,0.0507286320320232,0.0662404222211529,0.0800443566317285,0.107652225452878,0.12091321318218,0.124994632067019,9.84633821927087e-05,0.0293268194359083,0.0289831861408933,0.039098360085015,0.0511303697123625,0.0618288673884082,0.0832258627404996,0.0935178054921805,0.096612478750733,7.82314531431957e-05,0.0238462816107977,0.0236530042135683,0.0318670810107637,0.0416982701432272,0.0504550773956245,0.067968691900419,0.0763871251251833,0.0789905283364622
16.6,1.08879749951959,1.08794151717796,1.08792021610543,1.1010359439547,1.09008679191422,1.09020755040802,1.0865422612918,1.08217361845094,1.07829404492389,1.07053489786978,1.06680935075191,1.06567411407422,0.609359876984171,0.609831039032698,0.595246570180666,0.577082072943311,0.560201788060939,0.524192188164836,0.505768435798052,1.09924716102012,1.09955572068965,1.10103480779897,1.09490801999916,1.09497693848367,1.0929046745209,1.09043448953983,1.08824173702312,1.08385623198971,1.08175150489891,1.08111031634603,1.10105061191786,1.09677068129485,1.09681183077682,1.0953567835914,1.09362138877603,1.09207717801407,1.08898875649014,1.08750541672307,1.08705008415891,1.10104694047751,1.09775144086482,1.0977909050939,1.09665823923247,1.09531168271958,1.09411459717229,1.0917204260777,1.09056892758108,1.09022332828507,1.10104467951827,1.09836494806486,1.09838654041738,1.09746737623577,1.09636703592314,1.09538704589007,1.09342706582394,1.09248500786646,1.09219483157816,1.10103815649368,0.0125035097909985,0.00380643159555796,0.00259520676775368,1.1010359439547,0.0124972758541987,0.00378816046455656,0.00253770465108812,0.109475904566048,0.11713287777365,0.117323421122217,0,0.0979428660414019,0.0968626515244728,0.129649566856919,0.168728154766139,0.203431897015119,0.272839381513078,0.306165319535277,0.316320291668047,4.39816371030531,4.39394904955057,4.52441072126528,4.6868966300416,4.83789494250108,5.16000969675685,5.3248147066214,0.0160011046235159,0.0132409622611508,1.01631932421321e-05,0.054815791475974,0.0541992986305459,0.0727362109829763,0.0948326250070175,0.114447337197674,0.153676761578986,0.172504064619913,0.178239654399835,0.000131208548917171,0.0381538266872894,0.0377857344199057,0.0508014904381515,0.0663250251650314,0.0801383713711578,0.107765063783412,0.121033903924053,0.125106966036164,9.83666092636212e-05,0.02938069039091,0.0290276731263923,0.0391596486735024,0.0512049288625131,0.061913154391295,0.083329605448857,0.0936300435635999,0.0967215145220223,7.81417711564221e-05,0.0238927171408526,0.0236995682209956,0.0319217185735477,0.0417645341122237,0.0505307867111227,0.0680632919089226,0.0764902327342466,0.0790859312164676
16.7,1.08951961394679,1.0886678460982,1.08864692835363,1.10189639604896,1.09083234997625,1.09095546383335,1.08725596860717,1.08284678127298,1.07893196862265,1.07110234332199,1.06734347407426,1.06619814358043,0.609431802214147,0.609908597192539,0.595313246069587,0.57713387442122,0.560243468997427,0.524207975839465,0.505772270009201,1.10007584324215,1.10038973258358,1.10189524380022,1.09570196707803,1.09577221091798,1.09367899364122,1.0911847281889,1.08897065869781,1.08454251971563,1.08241755013148,1.08177017977744,1.10191118988855,1.09758390048688,1.09762521299871,1.09615567313969,1.09440276280071,1.09284300298159,1.08972348334337,1.0882253415722,1.08776475362471,1.10190748498945,1.09857502556949,1.0986147443335,1.09747028807813,1.09611004808555,1.09490063656897,1.0924818135358,1.09131855647,1.09096935771135,1.10190520359151,1.09919512269728,1.09921635788818,1.0982878656948,1.09717623576119,1.09618598960885,1.09420549730417,1.09325364578323,1.09296164549124,1.10189864054385,0.0127395202507985,0.00392537507912842,0.00271033278288244,1.10189639604896,0.0127331034714197,0.0039062791549323,0.00264928384195497,0.109683325896908,0.117231712040717,0.117417085571226,0,0.0980498291974203,0.0969587913816657,0.129743802638762,0.168818121579188,0.203511280770863,0.272897599154218,0.30620878434748,0.316358729363703,4.36423248727733,4.36000711928029,4.48935145455116,4.6504574616415,4.80014062058658,5.11948798464864,5.28286563111821,0.016133780588027,0.0133520860693986,1.0211254724811e-05,0.0548951711321473,0.0542726686168334,0.0728228079700982,0.0949270454222302,0.114548179861288,0.153790448739409,0.172621977766507,0.178358988641576,0.000131103344553886,0.0382174342458096,0.0378513218216254,0.0508744176429221,0.0664087491348436,0.0802313763046828,0.107876630644361,0.121153197264847,0.125234938183613,9.82704440753103e-05,0.029434061108668,0.0290820725141175,0.0392242700091043,0.0512787479156188,0.061996580420194,0.0834322454293425,0.0937410561361114,0.0968356635172378,7.80526433741147e-05,0.0239387461880832,0.0237505594409065,0.031978878482057,0.0418301683632541,0.0506057524002632,0.0681569204742793,0.0765922504101316,0.0791799636722463
16.8,1.09023476612123,1.08938742997008,1.0893669017549,1.10274930317144,1.09157100703899,1.09169647761363,1.08796303200334,1.08351360674919,1.07956383326039,1.07166428628279,1.0678723661062,1.06671702488146,0.609503249003832,0.60998467390193,0.595379007691017,0.577186126955492,0.560285204103526,0.524223966542955,0.5057760850481,1.10089696676396,1.10121631375858,1.10274813483314,1.09648870337758,1.09656183714386,1.09444762135012,1.091928053031,1.08969281337004,1.08522233404812,1.08307726541181,1.0824230233909,1.10276422176669,1.09838979616545,1.09843271662665,1.09694805385795,1.09517701153274,1.09360180121375,1.09045138057578,1.08893853425155,1.08847444787332,1.10276048366217,1.09939122862592,1.09943184784252,1.0982755942592,1.09690117968805,1.09567951613747,1.0932361890363,1.09206124732241,1.09170841807881,1.10275818198539,1.10001787740951,1.10004062384468,1.09910192852426,1.09797813612534,1.09697769293418,1.09497680655186,1.09401521826255,1.09372134219226,1.10275157963235,0.0129760347652875,0.00404610064544744,0.00282874163426315,1.10274930317144,0.0129694323873129,0.00402615457882511,0.00276397866596396,0.109889020852176,0.117329403153961,0.117509659559492,0,0.0981556099009064,0.0970538641041728,0.129836913199311,0.168906914955881,0.203589519636402,0.272954728997446,0.306251237984036,0.316396185050616,4.33114910397699,4.32692175537802,4.45517279274139,4.61492283722863,4.76332831609294,5.07997878988608,5.24196797303637,0.0162651988874803,0.0134610417373178,1.02590731952844e-05,0.0549737619965493,0.0543315809925137,0.0728963191455539,0.0950204212555765,0.114647859068706,0.153902734694966,0.172738388875331,0.17848322903913,0.000130998839000089,0.0382804377312649,0.0379035570335361,0.0509402468682258,0.0664916097532083,0.0803233894582804,0.107986948868426,0.121271115961701,0.125346216581834,9.81748804963104e-05,0.0294869496390285,0.0291302759624909,0.0392832343675097,0.0513518447253481,0.0620791621519601,0.0835337970051821,0.0938508541986925,0.0969490159566398,7.79640643358895e-05,0.0239844032028123,0.0237846688076605,0.0320272677328578,0.0418951874060332,0.0506799888136866,0.0682495916289932,0.0766932116487324,0.0792737109102389
16.9000000000001,1.09094338145467,1.09010036914523,1.09008023645964,1.10359477251876,1.09230286544582,1.09243069380277,1.08866355055771,1.08417419033819,1.08018973084057,1.07222081184532,1.06839610846008,1.06723083851021,0.609573795463575,0.61006039537242,0.595444056651921,0.57723721757705,0.5603265563165,0.524239569236738,0.505779901731962,1.10171064211287,1.10203529454623,1.10359358809511,1.09726833537974,1.09734383657258,1.09520851864144,1.092664566766,1.09040830196151,1.08589577235253,1.08373074655278,1.08307049055492,1.10360981476413,1.09918846918335,1.09923149360005,1.09773254771632,1.0959442371823,1.09435367482795,1.09117255011924,1.08964509505722,1.08917638273881,1.1036060437043,1.1002001541508,1.10024220281903,1.09907392350627,1.09768518223937,1.09645134044168,1.0939836568463,1.09279710336466,1.09244132333905,1.10360372190652,1.10083332074486,1.10085605382586,1.09990805867904,1.09877284421408,1.09776226221483,1.09574109821631,1.09476982874932,1.09447348572845,1.10359708095431,0.0132130268646494,0.00416859899118532,0.00295047093384852,1.10359477251876,0.0132062361361741,0.00414777704113882,0.00288182134179745,0.110090222908568,0.117425970621287,0.117601161778794,0,0.0982602277034641,0.0971478873892882,0.1299289181452,0.168994556443767,0.203666635746458,0.273010794351842,0.306292703519611,0.316432681635867,4.29888533284565,4.29465102436838,4.42183988286585,4.58027265615212,4.72742631366488,5.04144905089462,5.20208189356969,0.016395377814408,0.0135703083358214,1.03066503153821e-05,0.0550515647902807,0.0543945664327074,0.0729757347666427,0.0951127652019892,0.114746392366703,0.154013646696128,0.172853327778557,0.178598761589995,0.00013089502470592,0.0383428916188762,0.0379685005656463,0.0510120691054211,0.0665736389219202,0.0804144381868972,0.108096036716849,0.121387687208737,0.125466340959343,9.80799124902099e-05,0.0295393835290403,0.0291734832707694,0.0393396483438171,0.0514242353161701,0.0621609138247613,0.0836342708419436,0.0939594545805891,0.0970553909979486,7.78760286600867e-05,0.0240296770371126,0.0238318576872649,0.032081147943204,0.0419595884137851,0.0507534986645969,0.0683413191662207,0.0767931385419838,0.0793718643958577
17,1.09164521157713,1.09080676191887,1.09078703056761,1.10443290917259,1.09302802544952,1.09315821237435,1.08935762131276,1.08482862551998,1.08080975144533,1.07277200329605,1.06891478100166,1.06773966327188,0.609643866443518,0.610134665257179,0.595508552509981,0.577288808550137,0.560367202548341,0.524255540615546,0.505783696528246,1.10251697758944,1.1028470557284,1.1044317086685,1.09804096496832,1.09811759403917,1.09596209803784,1.09339436908269,1.0911172228986,1.08656293053043,1.0843780878638,1.08371227284226,1.10444807397749,1.09998002662911,1.1000247258344,1.09851080964192,1.09670454281701,1.09509872557911,1.0918870911033,1.09034512320168,1.08987185476321,1.10444427020927,1.10100190561641,1.10104497744258,1.09986499882268,1.0984621587399,1.09721621200919,1.09472431854778,1.09352622523219,1.09316702616999,1.10444192844632,1.1016415597667,1.10166586961345,1.10070747474321,1.09956046368727,1.09853980042675,1.09649847390571,1.09551758020359,1.09521880953953,1.1044352495899,0.0134504707990175,0.00429286064414153,0.00307555780015879,1.10443290917259,0.0134434889725629,0.00427113667974961,0.00300284350866357,0.110290056664562,0.117521433511697,0.117691610498766,0,0.0983637017281409,0.0972408785452412,0.130019836634607,0.169081067078225,0.203742650691015,0.273065817916595,0.306333203404881,0.316468241400365,4.26740710375827,4.26317411118354,4.38931994718164,4.54645977464033,4.6924035515291,5.00385580562623,5.1631699210781,0.0165243353069325,0.0136775103505222,1.0353987743912e-05,0.0551286017848756,0.0544676990302677,0.0730582055973843,0.0952040977604285,0.114843800670312,0.154123206490078,0.172966819244178,0.178709274123631,0.00013079189424265,0.0384047764951668,0.038019259255014,0.0510763323838764,0.0666548420400378,0.0805045341241136,0.108203918292261,0.121502928999612,0.125584727345797,9.79855340998667e-05,0.0295913766964327,0.0292198951132063,0.0393968568281344,0.0514959318232034,0.0622418487096895,0.0837336824826636,0.0940668780153531,0.0971648622011738,7.77885310356673e-05,0.0240745514857297,0.0238648863481451,0.0321307546764317,0.0420233810394361,0.0508262955592426,0.0684321245988537,0.0768920386045591,0.0794688459792192
17.1,1.09234034431188,1.09150670458345,1.09148738018145,1.10526381615309,1.09374658526672,1.09387913127569,1.09004533932927,1.08547700384803,1.0814239832865,1.07331794216345,1.06942846189755,1.06824357629103,0.609712644817689,0.61020916466054,0.595572123172258,0.577339243050545,0.56040748163535,0.52427077257714,0.505787469789868,1.10331607932467,1.10365142701148,1.10526259957417,1.09880669169191,1.09888394761199,1.09670913780767,1.09411755759576,1.09181967251006,1.08722390233866,1.08501938117771,1.08434712016777,1.1052791024416,1.10076457008817,1.100811064138,1.09928204595419,1.09745802905578,1.09583705321646,1.09259510153783,1.09103871505228,1.09056189874445,1.1052752662088,1.10179658704695,1.10184074713246,1.10064864921398,1.09923221107345,1.09797423171095,1.09545827298595,1.09424871087196,1.0938846465164,1.10527290463458,1.10244269407245,1.10246703203244,1.10149917986224,1.10034109512689,1.0993104081321,1.09724903414251,1.09625857210369,1.09595658490113,1.10526618855783,0.0136883415179239,0.00441887597298005,0.00320403885904354,1.10526381615309,0.0136811658507444,0.00439622347532182,0.00312707622770581,0.110488644870252,0.117615810467514,0.1177810235787,0,0.0984660506811018,0.0973328545018277,0.130109687389939,0.169166467397415,0.20381758553165,0.273119821800122,0.30637275948652,0.316502886019022,4.23669258984181,4.23244761563814,4.35758634761511,4.51346754126655,4.6582248786923,4.96717405759469,5.12519622863227,0.0166520889572541,0.0137850488977669,1.04010871189095e-05,0.0552048969689272,0.0545444009332414,0.0731378401485203,0.0952944393352582,0.114940105167614,0.154231436832325,0.173078891963061,0.178826357419763,0.000130689440293047,0.0384661031307064,0.0380686043298434,0.0511408769502879,0.0667352278957786,0.0805936883817764,0.108310609353768,0.121616866046686,0.125693385758379,9.78917394507044e-05,0.0296429202693705,0.0292653755921279,0.0394571634633453,0.0515669380357178,0.0623219763679024,0.0838320530322718,0.0941731502624747,0.0972857021978268,7.77015662268988e-05,0.0241190571337009,0.0239109808325675,0.0321855897019412,0.0420865833842743,0.0508983957779697,0.0685220205653605,0.0769899314958733,0.0795717575863778
17.2,1.09302913738417,1.09220029148065,1.09218137945843,1.10608759447077,1.09445864113051,1.09459354648014,1.09072679773784,1.08611941499987,1.08203251275498,1.07385870826518,1.06993722766112,1.06874265305706,0.609781161678318,0.610282796591548,0.595635252039588,0.57738843201866,0.560447846398972,0.524286245143301,0.505791221861977,1.10410805133531,1.10444899491503,1.1060863618233,1.09956561649857,1.09964424827265,1.09744946879995,1.09483422936555,1.09251574610269,1.08787877957695,1.08565471692136,1.08497698679819,1.10610300118135,1.10154220045427,1.1015884126736,1.10004570658961,1.09820479426481,1.09656875503559,1.09329667657716,1.09172596507896,1.0912449696213,1.10609913272473,1.10258430106436,1.10262745754523,1.10142474821063,1.09999543965327,1.09872549871084,1.09618561682599,1.09496465540979,1.09459656455145,1.1060967514912,1.1032368256949,1.10326180738973,1.10228423071891,1.10111483929157,1.10007418552268,1.09799287798489,1.09699290308154,1.09668730479838,1.10608999886718,0.0139266146504019,0.00454663519659173,0.00333595024467755,1.10608759447077,0.013919242404783,0.00452302726074847,0.00325454998367231,0.110683801571057,0.117709119716223,0.117869418478994,0,0.0985672928629155,0.0974238318206984,0.1301984887101,0.169250777456722,0.20389146081731,0.273172827538484,0.306411393026438,0.316536636580218,4.20670546002156,4.20245359023106,4.32660653601487,4.48126702868306,4.62485584662631,4.93136246309197,5.08812673266433,0.0167786560198721,0.0138888099014464,1.04479500896646e-05,0.055280444767567,0.05461395992781,0.0732169644051146,0.095383797798793,0.115035318626367,0.154338360281513,0.173189569733007,0.178934026828813,0.00013058765564182,0.0385268708277164,0.0381351749266681,0.0512111894167815,0.0668148072957331,0.0806819158069786,0.108416132829471,0.121729521895191,0.125806451155573,9.77985227436807e-05,0.0296940005751578,0.0293282051880119,0.0395223989167505,0.0516372531983142,0.0624013036788945,0.0839294046400551,0.0942783034586416,0.0973982505745318,7.76151290599271e-05,0.0241631858512033,0.0239514403949169,0.0322374041604717,0.0421491944925537,0.0509698012837309,0.0686110148660833,0.0770868265982607,0.0796770851187907
17.2999999999999,1.09371145764025,1.09288761505167,1.09286912066063,1.10690434317666,1.09516428734146,1.09530155203781,1.0914020877888,1.086755946826,1.08263542446856,1.07439437975369,1.07044115319686,1.06923696746818,0.609848326179199,0.61035446375029,0.595697040422064,0.577438340463024,0.56048665214436,0.524301252178364,0.505794350608627,1.10489299557751,1.10523906188797,1.10690309446759,1.10031783686739,1.10039676199489,1.09818232473207,1.0955444782188,1.09320553595856,1.08852765143808,1.08628418330596,1.0856007692446,1.10691986926196,1.10231301623537,1.10236043575111,1.10080277093059,1.0989449352904,1.09729392695675,1.09399191028945,1.09240696623346,1.09192050320589,1.10691596881927,1.10336514558544,1.10340700417021,1.10219394678107,1.10075194108135,1.09947010918952,1.09690644540588,1.09567415423451,1.09530186841872,1.10691356807648,1.10402405113438,1.10404935561277,1.10306240648951,1.10188179293583,1.10083122929905,1.09873010202549,1.0977206693137,1.09741093131087,1.10690677956761,0.0141652664857275,0.00467612839310207,0.00347132760078197,1.10690434317666,0.014157694929276,0.00465153773023443,0.00338529468683484,0.110877524084085,0.11780137908192,0.117956812272165,0,0.0986674461794982,0.0975138267053118,0.130286258482345,0.169334016842705,0.203964296599509,0.273224856113115,0.306449124720316,0.316569513604494,4.1774288379648,4.17317508463892,4.29636108542704,4.44981344722197,4.5922812359882,4.89639571838468,5.05193405143979,0.0169040534196157,0.0139955937375479,1.04945782798547e-05,0.0553552526413347,0.0546919388650468,0.0733028273066263,0.0954721919614465,0.115129463001587,0.154444005081872,0.173298878882186,0.179042524488724,0.000130486533188431,0.0385870825685399,0.0381885527334028,0.0512797008507283,0.0668935872420192,0.0807692261818302,0.108520504061456,0.121840916207418,0.125929317937815,9.77058782664667e-05,0.029744627517312,0.0293928336487007,0.0395877830029717,0.0517068922955378,0.0624798461019587,0.0840257537147968,0.0943823503558319,0.0975111677319117,7.75292144277158e-05,0.0242069598349836,0.0239942923404581,0.0322889504637934,0.0422112307238721,0.051040526984909,0.0686991195069864,0.0771827374012104,0.079785881555998
17.4,1.09438727715782,1.09356876588598,1.09355069420351,1.1077141594111,1.09586361631706,1.09600324012459,1.09207129890056,1.0873866853972,1.08323280131824,1.07492503316033,1.07094031184333,1.06972659187405,0.609915796348447,0.610426401870175,0.595758649677415,0.577487036259974,0.560525529259581,0.524316505512272,0.505797883116208,1.10567101199881,1.10602271558241,1.10771289464802,1.10106344675953,1.10114325881394,1.09890931115626,1.09624839565472,1.09388913247646,1.08917060611993,1.08690786768995,1.08621842266737,1.10772980383763,1.10307711277149,1.10312510406649,1.10155324298284,1.09967854640808,1.09801266240549,1.09468089440031,1.09308180875596,1.09259066087376,1.10772587164367,1.10413921377928,1.10418240497771,1.10295745871393,1.10150180974514,1.10020815750759,1.0976208530325,1.09637730035401,1.09600298813483,1.10772345153983,1.10480447009863,1.10482971441201,1.10383374976952,1.10264205167177,1.10158163428702,1.09946079951754,1.09844196579016,1.09812921218497,1.10771662779807,0.0144042739547683,0.00480734550853353,0.00361020608205391,1.1077141594111,0.0143965003606943,0.00478174444803169,0.00351933967514008,0.11107084973323,0.117892605996369,0.118043221653552,0,0.0987665281526679,0.0976028550105573,0.130373014193724,0.169416204686541,0.204036112447002,0.273275927967924,0.306485974715439,0.316601537062575,4.14882386820792,4.14456830504626,4.26681442899068,4.41909637984033,4.56045945032345,4.86223798780819,5.01657859698663,0.0170282977594043,0.014097078353198,1.05409733098342e-05,0.0554293413495139,0.0547641600615007,0.0733826531105297,0.0955596439631104,0.11522255993805,0.154548391887931,0.173406837199154,0.17915291066528,0.000130386065930986,0.0386467517852295,0.0382467757208202,0.0513472100839138,0.0669715802548983,0.0808556341699966,0.108623742000191,0.121951075275813,0.126044471734428,9.76138003829013e-05,0.029794834345369,0.0294348639471817,0.0396439901186683,0.0517758724902608,0.0625576180292861,0.0841211091073386,0.0944853075795245,0.097604955180512,7.74438173048553e-05,0.0242503579046784,0.0240399630587463,0.0323406771375199,0.0422727015845934,0.0511105871272914,0.0687863582126856,0.0772776711608608,0.0798842679646267
17.5,1.09505713799054,1.09424383276859,1.09422618870296,1.10851713845086,1.09655671863956,1.0966987010898,1.09273451870638,1.08801171505046,1.08382472451299,1.07545074343806,1.07143477541475,1.0702115971169,0.609981525318868,0.610497513059515,0.59581981278032,0.577535716828516,0.560564528442767,0.524331030821328,0.505801375226286,1.1064421985885,1.10679876948091,1.10851585764199,1.10180253799371,1.10188390662559,1.09963027588095,1.09694607230778,1.09456662494121,1.08980773020807,1.08752585379429,1.08683261769265,1.10853290019879,1.10383458306902,1.10388251921707,1.10229702433947,1.10040572002371,1.09872505302606,1.09536371903076,1.09375058108312,1.09325320668566,1.10852893648547,1.10490660071475,1.10495026991604,1.10371441455461,1.10224513903952,1.10093973642702,1.09832893120202,1.09707418503973,1.09669619560137,1.10852649716697,1.10557817549413,1.10560277830714,1.10459826409097,1.10339571000761,1.10232549474426,1.10018506421755,1.099156883914,1.09884190542637,1.10851963883404,0.0146436146119218,0.00494027636513611,0.00375262035579356,1.10851713845086,0.0146356362593133,0.0049136368568405,0.00365671371658091,0.11126005519263,0.117982817509726,0.11812866295164,0,0.0988645559304026,0.0976909322520884,0.130458772942162,0.169497359677034,0.204106927459952,0.273326063025787,0.306521962627908,0.316632726392744,4.12088394766765,4.11661880483409,4.23794433880993,4.3890802567277,4.52936371080696,4.82886897138,4.98203467967856,0.0171514053278177,0.0142039985066581,1.05871367883761e-05,0.0555027334257286,0.0548301421802,0.0734586022438741,0.0956461674360064,0.115314624811834,0.154651539563489,0.173513477680693,0.179243751402224,0.000130286246974224,0.0387058954241485,0.0383096563234739,0.0514153206292819,0.0670487987393148,0.080941153607366,0.108725863343467,0.12206002463245,0.126171309998046,9.75222835239625e-05,0.0298446221439335,0.0294836535272516,0.0396992056090562,0.0518442033290259,0.0626346313935538,0.0842154875226078,0.0945871905310955,0.0977116425619519,7.73589327129168e-05,0.0242934004154853,0.0240900341272207,0.0323933256065194,0.0423336100872484,0.051179984916118,0.068872734573859,0.0773716493887066,0.0799752543456298
17.6,1.09572109333084,1.09491290272574,1.09489569102097,1.10931337375505,1.0972436831024,1.09738802350223,1.09339183309985,1.08863111843342,1.08441127362322,1.07597158400281,1.07192461424119,1.07069205257143,0.61004731638919,0.61056781025361,0.595880626183424,0.577583587946712,0.560602654408362,0.524346026511707,0.50580482757116,1.10720665142654,1.10756866073815,1.10931207690921,1.10253520291936,1.10261767612014,1.10034480822388,1.09763759666853,1.09523810041628,1.09043910791178,1.08813822540585,1.08743833470756,1.10932925181794,1.10458551763142,1.1046346616227,1.10303477214407,1.1011265458038,1.09943118798656,1.09604047235209,1.094413370728,1.09391214112654,1.10932525681431,1.10566739861487,1.1057122892977,1.10446491489475,1.10298202063284,1.10166493713751,1.09903077014684,1.09776489764286,1.09738344159609,1.10932279842572,1.10634526340971,1.10637055224686,1.10535667310188,1.10414286125807,1.10306290310158,1.10090298678861,1.09986551447077,1.09954586808217,1.1093159061333,0.0148832666176247,0.0050749106694004,0.00389860460371892,1.10931337375505,0.0148750807917143,0.00504720428589039,0.00379744501177726,0.111445531388461,0.118072030300871,0.118213152138052,0,0.0989615462967399,0.0977780736153432,0.13054355144719,0.169577500073204,0.204176760283609,0.27337528070442,0.306557107559177,0.316663100517549,4.09357144870804,4.0893038266833,4.2097266683418,4.35974734813104,4.49897705077046,4.79625160928389,4.94827420623007,0.0172733921064645,0.0143052131960118,1.06330703193149e-05,0.0555754315721446,0.0548992190897974,0.0735348683384683,0.0957317787133531,0.115405676436987,0.154753471884258,0.173618817913957,0.179357346575155,0.000130187069525573,0.0387645355732235,0.0383615952238712,0.0514793744003022,0.0671252624973738,0.0810258036088684,0.108826885831861,0.122167782242198,0.12627745313908,9.74313222110692e-05,0.029894000435918,0.0295259337210861,0.0397533789207483,0.0519118934491193,0.0627108959299116,0.084308900891498,0.0946880153206735,0.0978156414810183,7.72745557520062e-05,0.0243360660854747,0.0241287183993669,0.0324416943350003,0.0423939541263143,0.0512487236624822,0.068958262734818,0.0774646833024784,0.0800855210517026
17.7000000000001,1.09637872902633,1.09557606106936,1.09555928630978,1.11010295700943,1.0979245967552,1.09807129419491,1.09404332627874,1.08924497654738,1.08499252662277,1.07648762677354,1.07240989720752,1.07116802618338,0.610112494500553,0.610637819722321,0.595940539765217,0.577630711042284,0.560640654989761,0.524360620711869,0.505808009273522,1.10796446473087,1.10833210679517,1.11010164413606,1.1032615338101,1.10334632802015,1.10105373944391,1.0983230566939,1.09590364494723,1.09106482145389,1.08874506333008,1.08804018865588,1.11011895039403,1.10533000933359,1.10537922926861,1.10376561688865,1.10184111367183,1.10013115599678,1.09671124064667,1.09507026328326,1.09456479959677,1.11011492432634,1.10642169890212,1.10646541458007,1.10520795981574,1.10371254451135,1.10238384889008,1.09972645764752,1.09844952517445,1.09806463412808,1.11011244701049,1.10710582483928,1.10713083009066,1.10610837343787,1.10488359473445,1.10379394825792,1.10161465530487,1.10056794598013,1.10024538497295,1.11010552138036,0.0151232087214079,0.00521123801976095,0.00404819252395347,1.11010295700943,0.015114812713832,0.00518243595870919,0.0039415611967507,0.111631443008033,0.118160260687452,0.11829670483721,0,0.0990575156813916,0.0978642939642798,0.130627366060273,0.169656643716388,0.204245629121498,0.273423599931714,0.306591428112045,0.316692677859915,4.06687041987539,4.06259747915868,4.18214362571965,4.33107386821395,4.46926921707183,4.76436724253507,4.9152722543856,0.0173942737771445,0.0144039114631881,1.06787754933571e-05,0.0556474247520902,0.0549577174666424,0.0736053945021191,0.0958164839824156,0.115495727495695,0.154854214522255,0.173722885831765,0.179456263120271,0.000130088526885359,0.0388226599785502,0.038422310146299,0.0515472654190025,0.0672009744240757,0.0811095923065513,0.108926828071502,0.122274367273406,0.126385756327937,9.73409110213945e-05,0.0299429705707573,0.0295873917929936,0.0398153980628543,0.0519789506160454,0.0627864226067642,0.0844013665882019,0.0947878025150721,0.0979184662552115,7.71906815755813e-05,0.0243783613512976,0.0241749712372613,0.032491527309107,0.042453749898027,0.0513168210079556,0.0690429632278126,0.0775567880108688,0.0801804656948524
17.7999999999999,1.09703051560331,1.09623339143997,1.09621705805478,1.11088597816962,1.09859954494733,1.09874859830837,1.09468908078772,1.08985336878908,1.08556855992971,1.07699894221097,1.07289069179111,1.07163958450691,0.610176930058251,0.610706895400338,0.596000228799997,0.577677908292133,0.56067835142458,0.524374709715495,0.505811059871325,1.10871573090338,1.1090887070867,1.11088464927871,1.10398161545312,1.10406682207833,1.10175540998561,1.09900253666584,1.09656334200932,1.09168495269627,1.08934644751398,1.08863617549646,1.11090208589559,1.10606814575039,1.10611771546176,1.10449031617547,1.10254951022397,1.10082504307397,1.09737610877398,1.0957213428504,1.09521075391554,1.11089802898735,1.1071695919304,1.10721543547405,1.10594592555065,1.10443679961146,1.10309655979926,1.10041608017486,1.0991281530572,1.09873899321684,1.11089553288532,1.10785994818737,1.10788493846643,1.10685336985606,1.10561799891769,1.10451871840947,1.10232015739303,1.10126426513805,1.10093944408829,1.11088857452957,0.0153634202454796,0.00534924791400337,0.00420141733317797,1.11088597816962,0.0153548113545302,0.00531932100059349,0.00408908934588339,0.111814670090412,0.118247524635576,0.118379336335689,0,0.0991524801690214,0.0979496078498356,0.130710232774861,0.169734808042012,0.204313551748179,0.273471039160512,0.30662494240602,0.31672147635868,4.040761306807,4.0364844449122,4.15516839834766,4.30303096252212,4.44021872032752,4.73319195751501,4.88300206836954,0.0175140657287757,0.014504118663548,1.07242538891771e-05,0.055718748878705,0.0550311247274079,0.0736844016824914,0.0959003053795432,0.115584797651105,0.154953782194229,0.173825702508078,0.179557653421544,0.000129990612460105,0.0388802856584026,0.0384802541980661,0.0516134941336716,0.0672759504492159,0.0811925356614405,0.109025706085886,0.122379796931747,0.126500289699861,9.72510446202126e-05,0.0299915285598029,0.0296215675653897,0.0398666122604056,0.0520453770044902,0.0628612174519677,0.0844928983469245,0.0948865712446753,0.0980271216921517,7.71073054102062e-05,0.0244202993966857,0.0242186258837699,0.0325434655123562,0.0425130059194039,0.051384285876692,0.0691268457912682,0.0776479791404161,0.0802693104993572
17.9,1.09767638481784,1.09688497584844,1.09686908811604,1.11166252550284,1.0992686113702,1.0994200193327,1.09532917755964,1.0904563729911,1.08613944844579,1.07750559935518,1.07336706409835,1.07210679274074,0.610241150615927,0.610775027114482,0.596058799738851,0.577724154724843,0.560715626888225,0.524388571537425,0.505814396580454,1.10946054057453,1.1098390295324,1.11166118060498,1.10469553345197,1.10478191060038,1.10245116717571,1.09967612007639,1.09721727392375,1.09229958161845,1.08994245653609,1.08922695860353,1.11167874660256,1.10680001558207,1.10685067721624,1.10520900262742,1.10325182140879,1.1015129341926,1.09803515976024,1.09636669228497,1.09585298417177,1.11167465907457,1.1079111632941,1.10795761791554,1.10667686175343,1.1051548711041,1.10380315491241,1.10109972252904,1.09980086614398,1.09941056683438,1.11167214432574,1.10860772087015,1.10863317123209,1.10759237751363,1.10634615997467,1.10523729945896,1.10301957842754,1.10195455777591,1.10162743136304,1.11166515384696,0.0156038810688228,0.00548892975638754,0.00435831176893838,1.11166252550284,0.0155950565996921,0.00545784844579274,0.004240055975052,0.111996490726925,0.118333837769192,0.118461061591287,0,0.0992464555082619,0.0980340295181315,0.130792167236065,0.169812010090906,0.20438054552156,0.273517616382864,0.306657668092177,0.316749513483558,4.01522018315078,4.01094507283505,4.1287878616308,4.2756057684816,4.41180455791429,4.70269986701806,4.85143585217511,0.0176327830641915,0.0146019659134722,1.07695070797317e-05,0.0557894188392014,0.0550977385738313,0.0737615780293612,0.0959832575995616,0.115672902265379,0.155052191597013,0.173927286834104,0.17965676284714,0.000129893319742494,0.0389374066453426,0.0385317246656762,0.0516777237660569,0.0673501979060391,0.0812746442825351,0.109123537035525,0.122484084904315,0.126597693313683,9.71617177356689e-05,0.0300396951730122,0.0296677015904537,0.0399235826704378,0.0521111914957213,0.0629352975402213,0.0845835096292248,0.0949843314400175,0.0981097220672124,7.70244225412973e-05,0.0244618874085916,0.0242580891422365,0.0325924285903607,0.0425717355478613,0.0514511318918443,0.0692099245798105,0.0777382654724919,0.0803577879762896
18,1.0983165785708,1.09753089471637,1.0975154567686,1.11243268562854,1.0999318780983,1.10008563914831,1.09596369595562,1.09105406546111,1.08670526559472,1.07800766586194,1.07383907889996,1.07256971476321,0.610303619281212,0.610842219380688,0.596117090647433,0.57777048349273,0.560753043344105,0.524402829364254,0.505817736849686,1.11019898264652,1.11058245921307,1.11243132473484,1.10540337147029,1.1054916830745,1.10314180209402,1.10034388916324,1.0978655217837,1.09290878702464,1.09053316719309,1.08981290105116,1.11244901914687,1.10752570637077,1.10757702710255,1.10592166623234,1.10394813205854,1.10219491308929,1.09868847515079,1.09700639255528,1.09649061135532,1.11244490121728,1.10864650242143,1.10869320387951,1.10740148194973,1.10586684412417,1.10450371843926,1.10177746706943,1.10046774831194,1.10007558821337,1.11244236795935,1.10934922886421,1.10937652436981,1.10832586472472,1.10706816391546,1.10594977688561,1.10371300282591,1.1026389066851,1.10231038143414,1.11243534595077,0.0158445716117789,0.00563027286449215,0.00451890809209422,1.11243268562854,0.0158355288767971,0.00559800724441248,0.00439448704492069,0.11217566612218,0.118419215379197,0.118541895241779,0,0.0993394571204427,0.0981175729184036,0.130873184750059,0.16988826652029,0.204446627394791,0.27356334914379,0.306689622367447,0.316776806249577,3.99024052923631,3.98596046641977,4.10297581049669,4.24876975143544,4.38400127642732,4.67286345706931,4.82055255607068,0.0177504406067182,0.0147030891578484,1.0814536631168e-05,0.0558594515370408,0.0551576707281932,0.0738313364361119,0.0960653521940607,0.115760053470944,0.155149456024711,0.174027659198341,0.179751357235332,0.000129796642325083,0.0389940133378501,0.0385861857937558,0.0517407479920313,0.0674237199088566,0.0813559255041445,0.109220336694719,0.122587246909572,0.126685976073516,9.707292516731e-05,0.030087447026314,0.0297163272021934,0.0399811804882536,0.0521763997249498,0.0630086731759987,0.0846732200780964,0.0950810877326071,0.0981974441121098,7.69420283072824e-05,0.0245031307202964,0.0242862230764327,0.0326354403977059,0.0426299399777707,0.0515173626604507,0.0692922080258107,0.0778276668163782,0.0804383397670583
18.1,1.09895110624289,1.09817122691534,1.09815624274159,1.11319654355778,1.10058942562892,1.10074553806541,1.09659271380388,1.09164652101985,1.08726608335925,1.07850520803805,1.07430679966532,1.07302841316621,0.610366450785083,0.610909186771174,0.596174267846412,0.577815999967383,0.560788940400165,0.524416930063253,0.505821312564752,1.11093114433531,1.11132013751714,1.11319516667992,1.10610521513149,1.10619335846313,1.10382572316289,1.10100592471701,1.09850816468577,1.09351264462329,1.09111865494404,1.09039387138879,1.11321298855186,1.10824529953138,1.10829630759846,1.10662802064819,1.10463852338284,1.10287106052052,1.09933613479588,1.09764052235745,1.09712087540864,1.11320884043621,1.10937569265204,1.10942374346662,1.1081207949133,1.10657280173802,1.1051983328932,1.10244939520354,1.10112887958307,1.10073213804249,1.11320628880523,1.11008455625149,1.11011155590138,1.10905216154849,1.10778409438091,1.10665623398709,1.10440051319946,1.10331739388859,1.10298357747188,1.11319923585092,0.0160854728211127,0.00577326647579702,0.00468323808940547,1.11319654355778,0.0160762091399779,0.00573978626905307,0.00455240796438986,0.112352816076396,0.118503672432222,0.118621851613394,0,0.0994315001080384,0.0982002517106946,0.130953300293149,0.169963593614364,0.204511813927762,0.273608254554556,0.306720821988422,0.316803371230976,3.96578747862779,3.96150695602427,4.077720280983,4.22251071801211,4.35680200367716,4.64366562866678,4.79032802634918,0.0178670529065774,0.0147990895687178,1.08593440894673e-05,0.0559288353741206,0.0552336547833548,0.0739070368314614,0.0961465995180706,0.115846266659885,0.155245600943516,0.174126838225012,0.179843157891375,0.00012970057388985,0.0390501321336325,0.0386478349031255,0.0518055030563167,0.0674965355881557,0.0814363975595881,0.109316121502453,0.122689303962229,0.12678772486526,9.69846617844822e-05,0.0301347968180313,0.0297558232411899,0.0400320917707408,0.0522410109259996,0.0630813552349992,0.0847620438529982,0.0951768626720303,0.0983059367996509,7.68601181174286e-05,0.0245440367836432,0.0243310923417846,0.0326864651008919,0.0426876264624292,0.0515829863299579,0.069373706065017,0.0779161959888187,0.0805489838521659
18.2,1.09957986824837,1.09880604980493,1.09879152325609,1.11395418273151,1.10124133292079,1.10139979486241,1.09721630743746,1.09223381303798,1.08782197231712,1.0789982908754,1.07477028859563,1.07348294928807,0.610428181045845,0.610975967785791,0.596231363071998,0.577861819140236,0.560825546423181,0.524430876007263,0.50582418476107,1.11165711121129,1.11205131715696,1.11395278988166,1.10680114458015,1.10688989349591,1.10450389788773,1.10166230519492,1.09914528001183,1.09411122964563,1.09169899348157,1.09096705379602,1.11397073827053,1.10895887683843,1.10901104803588,1.10732896433481,1.10532307565091,1.10354145598482,1.09997821665265,1.09826915884192,1.09774632256845,1.11396656018178,1.11009881446351,1.11014744838271,1.10883365167438,1.10727282476861,1.10588707892023,1.10311558722349,1.10178433937327,1.10138384019378,1.11396399031219,1.11081378564486,1.11084040628165,1.10977234990234,1.10849403323372,1.10735675215857,1.10508219000829,1.10399009919401,1.1036546825701,1.11395690698721,0.016326566155532,0.00591789975400773,0.00485133307624352,1.11395418273151,0.0163170788555345,0.00588317432118856,0.00471384359418569,0.112529382576149,0.118587223579166,0.118700944729055,0,0.0995225992628658,0.0982820792733194,0.131032528520582,0.170038007294585,0.20457612129822,0.273652349305489,0.306751283284675,0.316829224574656,3.9418554635902,3.93756711274733,4.05299531398216,4.19680136743058,4.33016990145687,4.61508573488807,4.76074829710452,0.0179826342471229,0.0148965913108625,1.09039310006567e-05,0.0559975898440766,0.0553028185763958,0.0739815954275138,0.0962270160094669,0.115931558449706,0.155340643330184,0.174224844485511,0.179954837452838,0.000129605108207877,0.0391057736065997,0.0386973511635844,0.0518655506311256,0.0675686587953761,0.0815160759918782,0.109410910384884,0.122790276785616,0.126883302794686,9.68969225238271e-05,0.0301817670199972,0.029801036174936,0.0400860993404041,0.052305039465907,0.0631533567827237,0.084849991416357,0.0952716709208971,0.0984069804651049,7.67786874295303e-05,0.0245846120605857,0.0243762122913284,0.0327374962371678,0.0427448037595894,0.0516480135336232,0.069454433081689,0.0780038707047848,0.0806296811834702
18.3,1.1002032758283,1.09943543926961,1.09942137406194,1.11470568505767,1.10188767743147,1.10204848682312,1.0978345517308,1.0928160134719,1.08837300167599,1.07948697808418,1.07522960665604,1.07393338324543,0.610489474881483,0.611042018018999,0.596287830342083,0.57790644517854,0.560861200764747,0.524444279204326,0.505827375360581,1.11237696723889,1.11277646985322,1.11470427624853,1.10749123865093,1.10757962443973,1.10517579649834,1.10231310751915,1.09977694351332,1.09470461550166,1.09227425461594,1.0915363967466,1.11472235022267,1.10966652103341,1.10972052321703,1.10802420303091,1.10600186855759,1.10420617813504,1.10061479728993,1.09889237849809,1.09836437361976,1.11471814237127,1.11081595507861,1.11086409839442,1.10954015166587,1.10796699582262,1.10657003756038,1.10377612103591,1.10243420550519,1.1020305853619,1.1147155543959,1.11153700046308,1.11156293721492,1.11048652634915,1.10919806149183,1.1080514117714,1.10575811233053,1.10465710214048,1.10432008306564,1.11470844126647,0.016567833571652,0.00606416179513447,0.00502322389942068,1.11470568505767,0.0165581199878909,0.00602816013729758,0.00487881825058398,0.112702783748488,0.118669883163448,0.118779188316321,0,0.0996127690740221,0.0983630687100707,0.131110883775043,0.170111523129572,0.204639565312498,0.273695649678353,0.306781022171589,0.316854382013102,3.9184227668108,3.91412878029075,4.02878821355019,4.17163573938673,4.30409969518365,4.58710704730676,4.73178486288784,0.0180971986508914,0.0149925381743201,1.09482988938375e-05,0.0560657322782624,0.0553788585123984,0.0740597615514436,0.0963066180466619,0.11601594626787,0.155434602710285,0.174321701605511,0.180055827195935,0.000129510239143428,0.0391609286648021,0.0387412607099019,0.0519238984413871,0.0676400957440951,0.0815949708390784,0.109504721029047,0.122890179234706,0.126993471224334,9.68097023841605e-05,0.0302283151534234,0.0298541783031804,0.040142984768537,0.0523684736511296,0.0632246757100038,0.0849370798277506,0.0953655275066654,0.0985021865959858,7.66977317688752e-05,0.0246248446711422,0.0244232820143581,0.0327884094294714,0.0428014751129218,0.0517124507607266,0.0695344020563311,0.0780906985579589,0.0807097797954117
18.4,1.10082110302653,1.10005946975455,1.10004586947344,1.11545113094727,1.10252853515371,1.10269168977284,1.09844752013517,1.09339319289836,1.08891923930723,1.07997133212496,1.07568481360691,1.07437977396408,0.610550399751844,0.611107285307185,0.596344061738868,0.57795098362825,0.560897020431217,0.524458312877395,0.505830530795255,1.11309079481489,1.11349570167851,1.11544970619205,1.10817557600734,1.10826609892253,1.10584328439804,1.10295840765778,1.10040322987552,1.095292874311,1.09284450931378,1.09210167401298,1.11546790483095,1.11036830825359,1.11042250956589,1.10871293930976,1.10667497898001,1.10486530352926,1.10124595262775,1.09951025554907,1.09897939092836,1.11546366742486,1.11152719103664,1.1115750990369,1.11024091126021,1.10865539288432,1.10724728671792,1.10443107438512,1.10307855403823,1.10267202937123,1.11546106147498,1.11225428089287,1.1122797360378,1.11119499869441,1.10989625898713,1.10874029223835,1.10642835874081,1.10531848040022,1.10497807866068,1.11545391909862,0.0168092575103871,0.00621204163333325,0.00519894094012927,1.11545113094727,0.0167993149859806,0.00617473239475442,0.00504735570925865,0.112875417161371,0.118751665229012,0.118856595815105,0,0.0997020237355929,0.0984432328572389,0.131188380094906,0.170184156344711,0.204702161415906,0.273738171558296,0.306810054162762,0.316878858876895,3.89547313016282,3.89117657722998,4.00507964207365,4.14698821366803,4.27856507876691,4.55970154263714,4.70342093160237,0.0182107598855219,0.0150867719211924,1.09924492888865e-05,0.0561332694219026,0.0554348557298842,0.0741276567031615,0.0963854177464245,0.1160994442443,0.155527497240053,0.174417428409161,0.180148644023635,0.000129415960645025,0.0392156279547076,0.0387974472259799,0.0519873370110449,0.0677108628734575,0.081673096748678,0.109597564499117,0.122989031206031,0.127084824176764,9.67229964445411e-05,0.0302744708846563,0.0299048451024254,0.0401985371364636,0.0524313263740847,0.0632953227930461,0.0850233156309704,0.095458449398426,0.098594919241282,7.66172467109922e-05,0.0246647364890594,0.0244683417782559,0.0328374426992139,0.0428576413644339,0.0517763002828924,0.0696136181198078,0.0781766899998105,0.0808029999809678
18.5,1.10143364547473,1.1006782143004,1.10066508240395,1.11619059934944,1.10316398065073,1.10332947811346,1.09905528471318,1.09396542054817,1.08946075177871,1.08045141423979,1.07613596803397,1.07482217920899,0.610610901652548,0.611171414048352,0.596399736943756,0.577995574905406,0.560932455642314,0.524471252753459,0.505833651587719,1.11379867480571,1.11420906853124,1.11618915866181,1.10885423643966,1.10894729606475,1.10650541353745,1.10359828103041,1.10102421290091,1.09587607664191,1.09340982766266,1.09265987805281,1.11620748105594,1.11106431844445,1.11111957552874,1.1093964031424,1.10734248429712,1.10551890840768,1.10187175662881,1.10012286310784,1.09958809219164,1.1162032143007,1.11223260174363,1.11228150130704,1.11093642497194,1.10933809288111,1.10791890245067,1.1050805215898,1.10371745916102,1.10330657850504,1.11620059050603,1.11296570148292,1.11299116473088,1.11189783388599,1.11058870113031,1.10942346923362,1.10709300544024,1.10597431010277,1.10563139295056,1.11619341943175,0.0170508208837552,0.00636152824651817,0.00537851411698318,1.11619059934944,0.017040646770045,0.00632287971748915,0.00521947920924682,0.11304560506932,0.118832583528082,0.118933180385145,0,0.0997903771541194,0.0985225842904042,0.131265031222242,0.170255921831472,0.204763924702782,0.273779930445403,0.306838394381981,0.316902670106764,3.87299190077684,3.86869809709145,3.98185648942327,4.12284152272231,4.25355350148449,4.53286444716605,4.67563774026631,0.0183233314694979,0.015179511449944,1.10363837020736e-05,0.0562001881408288,0.0554873051355996,0.0741933396025206,0.0964634202753668,0.116182062188833,0.155619346015767,0.174512039621628,0.180257026570598,0.000129322266742882,0.0392698609469427,0.0388465642028578,0.052046921587336,0.0677809613220425,0.0817504594692304,0.10968945576361,0.123086849830077,0.127183460980848,9.66367998227055e-05,0.0303202299072846,0.029945634934586,0.0402495885456922,0.0524936071855344,0.0633653116225816,0.0851087204966778,0.0955504565295679,0.0986980066784923,7.65372278878167e-05,0.0247043213458926,0.0245092602041101,0.032884718171264,0.0429133260898355,0.0518395818690421,0.0696920934274535,0.0782618560211302,0.080888771934114
18.6,1.10204101969253,1.10129174457701,1.1012790843996,1.11692416778546,1.10379408709042,1.10396192485745,1.09965791617213,1.09453276433882,1.08999760438669,1.08092728448243,1.07658312737764,1.07526065561323,0.610670346813407,0.611235336579932,0.596455111952073,0.578038617536959,0.560967367139239,0.524485157999288,0.505836738250324,1.1145006865836,1.11491625618021,1.11692271117957,1.10952729512318,1.1096199371,1.10716077431382,1.1042328008382,1.10163996449981,1.09645429182304,1.09397027709287,1.09321456371371,1.11694115643017,1.11175462595178,1.11180999397487,1.11007372951897,1.10800445882011,1.10616706658609,1.10249228211806,1.10073027254769,1.1001911621634,1.1169368605289,1.11293226301256,1.11298179781509,1.11162605021181,1.11001517177482,1.10858496023553,1.10572453715693,1.10435099377676,1.10393723540392,1.11693421901765,1.11367134193724,1.11369709000279,1.1125951043811,1.11127546578444,1.1101010195017,1.10775212693622,1.10662466424081,1.10628020704511,1.11692701978607,0.0172925070620821,0.00651261056175308,0.00556197288915416,1.11692416778546,0.0172820987188305,0.00647259068142503,0.00539521145702225,0.113213068711367,0.11891265152866,0.119008954913241,0,0.0998778429558253,0.098601135331001,0.131340850610522,0.170326834156359,0.20482486992618,0.27382094146582,0.306866057574745,0.316925830265213,3.85096944955678,3.84667168776207,3.95910183868949,4.09919235143735,4.22904986761595,4.5065625836297,4.64841730503779,0.0184349266777233,0.0152737736070868,1.10801036328151e-05,0.0562665000532737,0.0555617914512157,0.0742681406554394,0.0965406370527644,0.116263813675219,0.155710166920129,0.174605559788004,0.180354117162207,0.000129229151557395,0.0393236492151229,0.0389024759685104,0.0521098851751514,0.0678504048790648,0.0818270724456569,0.109780407578843,0.123183654614682,0.12728455723276,9.65511077254294e-05,0.0303656045429587,0.0299888034140699,0.0403016986165772,0.0525553219785884,0.0634346491383675,0.0851933034579273,0.0956415675016382,0.0987889429629107,7.64576709924449e-05,0.0247435820675244,0.024547721790135,0.0329303014116521,0.0429685227734751,0.0519022958485919,0.0697698419988219,0.0783462205182179,0.0809664360748426
18.7,1.10264294548026,1.10190013091616,1.10188794567184,1.1176519123818,1.10441892627861,1.10458910166093,1.10025548389652,1.0950952909062,1.09052986118668,1.08139900174764,1.0770263479615,1.0756952587062,0.61072957235751,0.61129801514568,0.596509271234292,0.578081727140038,0.561000819831172,0.524498364088467,0.505840173420029,1.1151969080618,1.11561782633317,1.11765043987226,1.11019482445894,1.11028943384043,1.10781166236749,1.10486203785513,1.10225055458372,1.0970275880409,1.09452592483047,1.09376548559988,1.11766900709118,1.11243930582091,1.11249578618092,1.11074576430211,1.10866097555371,1.10680985040949,1.10310760012104,1.10133255495557,1.10078893256453,1.11766468224465,1.11362624869324,1.11367751971728,1.1123105690786,1.11068670346062,1.10924553373362,1.10636319427963,1.10497923033127,1.10456316085529,1.11766202314353,1.11437127932616,1.11439720286587,1.11328650014382,1.11195662778585,1.11077301753825,1.10840579704305,1.10726961784055,1.10692307520948,1.11765479628705,0.0175342998615899,0.00666527746043021,0.00574934625959604,1.1176519123818,0.0175236546571715,0.00662385381970095,0.00557457463066913,0.113380523258052,0.118991882421824,0.119083932020271,0,0.0999644344936604,0.0986788980527214,0.131415851432128,0.170396907569651,0.204885011507282,0.273861219382544,0.306893058119447,0.316948353547773,3.82938549602961,3.82509137364346,3.93680829153675,4.07601338176536,4.20504572763606,4.48079205711106,4.62173949439396,0.0185455585469858,0.0153658637572487,1.1123610569387e-05,0.0563322270095133,0.0556175301719978,0.0743350760203379,0.0966170873553005,0.116344716960629,0.155799976171286,0.174698004641492,0.18044250380891,0.000129136609286285,0.0393769979832087,0.0389503348548568,0.0521703251202623,0.0679192064874224,0.0819029495954569,0.109870435811526,0.123279456631419,0.127386081128363,9.64659154085067e-05,0.0304106111009603,0.0300233002639335,0.0403494992420556,0.0526164816849722,0.0635033454393036,0.0852770729479648,0.0957317936269474,0.0988748597159286,7.63785717640859e-05,0.0247825113418278,0.0245866801085987,0.0329771347372763,0.0430232374971905,0.0519644491133457,0.0698468723456545,0.0784297810387576,0.0810476284296239
18.8,1.10323992013958,1.1025034423434,1.10249173512921,1.11837390790228,1.10503856869133,1.10521107885573,1.1008480559795,1.09565306563535,1.09105758502343,1.08186662379958,1.07746568501979,1.07612604294089,0.610787860445651,0.611361126476071,0.596563291185492,0.578124374368093,0.561035199724886,0.524511428673677,0.505843366738237,1.11588741572867,1.11631348102296,1.11837241950414,1.11085689847614,1.11095402900957,1.108457441208,1.1054860634238,1.10285605312151,1.09759603251693,1.0950768366624,1.09431259463638,1.11839110781367,1.11311843036317,1.11317649138286,1.11141294935795,1.10931210673708,1.10744733150833,1.10371778105082,1.10192977899067,1.10138252120832,1.11838675422032,1.11431463075811,1.11436691570258,1.11298918283678,1.11135275957373,1.10990069451044,1.10699656438387,1.10560224037838,1.10518449542066,1.11838407765459,1.11506558399793,1.11509148155838,1.11397227085056,1.11263225927025,1.11143953553655,1.10905408806915,1.10790924159574,1.10755968255357,1.11837682369753,0.0177761835323596,0.00681951778324474,0.00594066277835129,1.11837390790228,0.0177652988439464,0.00677665762768765,0.0057575903841504,0.113544766024066,0.119070289128779,0.119158124067998,0,0.100050164854097,0.0987558842877049,0.13149004658563,0.170466156013817,0.20494436354449,0.273900778605834,0.306919410038133,0.316970253793839,3.80823216585258,3.80393116083565,3.9149538980069,4.05329433600623,4.18150815293487,4.45553262707556,4.59559225695091,0.0186552398812372,0.0154586280622622,1.11669059926877e-05,0.056397367955801,0.0556686331461038,0.0743996168254985,0.0966927758108686,0.116424779635425,0.155888787284535,0.174789390903131,0.180523218853248,0.000129044634213009,0.039429922693161,0.0389943121324288,0.0522255218922831,0.0679873744575914,0.0819780998603059,0.109959550665735,0.123374275109445,0.127480149768919,9.63812181889611e-05,0.0304552693439469,0.0300629945596119,0.0403996195353622,0.0526771037934741,0.0635714160162693,0.0853600404618581,0.0958211426807198,0.0989553300625486,7.62999260024558e-05,0.0248211422885128,0.0246268423797923,0.0330238703107502,0.0430774863002671,0.0520260555338183,0.0699231940009189,0.0785125576898181,0.0811351711263164
18.9,1.10383158255103,1.1031017466089,1.10309052040809,1.11909022777928,1.10565308350619,1.10582792548062,1.10143569925352,1.09620615269035,1.09158083756002,1.08233020729936,1.07790119272419,1.07655306172039,0.610845392234102,0.611423451327866,0.596616736670826,0.578166894082715,0.56106935229974,0.524524676905134,0.505846353981553,1.11657228468088,1.11700369677098,1.11908872350804,1.11151358856241,1.11161295616685,1.10909798063901,1.10610494632726,1.10345652775566,1.09815969061247,1.09562307713284,1.09485414123451,1.11910753204073,1.11379207290038,1.11385216658443,1.11207453710994,1.10995792323951,1.10807957989294,1.1043228931998,1.10252201282095,1.10196998757153,1.11910314989673,1.11499748041003,1.11505123991446,1.11366269301485,1.11201341187098,1.11055051399834,1.10762471825304,1.10622009317415,1.105798816931,1.11910045599017,1.11575433165473,1.11578020848589,1.11465273503954,1.11330243334451,1.11210064590612,1.10969707102935,1.1085436070244,1.10819016425792,1.1190931754489,0.0180181427466517,0.00697532033497066,0.00613595054593174,1.11909022777928,0.0180070159603925,0.00693099056780358,0.00594427985166132,0.113709068233185,0.119147884307709,0.119231543165656,0,0.10013504686375,0.0988321056325483,0.131563448702803,0.170534593131683,0.205002939822208,0.273939633203256,0.306945127006901,0.316991544497156,3.78749527364178,3.78318751499398,3.89352874791875,4.03101896270263,4.15843168618746,4.43076654461326,4.56995941947393,0.0187639832567669,0.0155490538802552,1.12099913748403e-05,0.0564619317640701,0.055721433669762,0.0744633022709403,0.0967677164367064,0.116504016977333,0.155976618058589,0.174879735007836,0.180609928168644,0.000128953220695736,0.0394824209897626,0.0390345963816283,0.0522816827503024,0.0680549173602943,0.0820525343548371,0.110047768343923,0.123468122957023,0.127581874591801,9.62970114507208e-05,0.0304995943551657,0.0300989727360474,0.0404465738363597,0.0527371946167704,0.0636388671788292,0.085442212302952,0.0959096297275274,0.0990490256805359,7.62217295572525e-05,0.0248594573352281,0.0246666204014097,0.0330686739995378,0.043131267714661,0.0520871171881537,0.0699988161351376,0.0785945541761814,0.0812284477525139
19,1.10441840976286,1.10369511021749,1.10368436790263,1.11980094414412,1.10626253863278,1.10643970931151,1.10201847931997,1.09675461504332,1.09209967930615,1.08278980783182,1.07833292420979,1.07697636742354,0.610902860345655,0.611484898898349,0.596669615990873,0.578209154227377,0.561102947876276,0.524537141513498,0.505849309042674,1.11725158865563,1.11768807322017,1.11979942401569,1.11216496584605,1.11226799794464,1.10973414470678,1.10671875490718,1.10405204546872,1.09871862659179,1.09616470921526,1.0953893561484,1.11981835191418,1.11446030737755,1.11451994451909,1.11273018445515,1.11059849543548,1.10870666476623,1.10492300342774,1.10310932336207,1.102553644758,1.11981394141344,1.11567487429069,1.11572859542745,1.1143300303364,1.11266873162238,1.1111950622346,1.10824772345904,1.10683285796401,1.10640867621642,1.11981123028845,1.11643759243797,1.11646366393826,1.11532777465602,1.11396722010047,1.11275641860319,1.11033481560861,1.10917278345425,1.10881595412071,1.11980392367155,0.0182601625875759,0.00713267388904706,0.00633523721676946,1.11980094414412,0.0182487910987702,0.007086841074139,0.0061346636520637,0.11387039957652,0.119224680360404,0.119304201176345,0,0.100219093095789,0.0989075734541296,0.131636070155475,0.170602232274334,0.205060753819363,0.273977796909423,0.306970222365967,0.317012238815932,3.76715739484584,3.76284880947743,3.87252008617993,4.00917508107702,4.135805095622,4.40648630316334,4.54482442729347,0.0188718010272198,0.0156406903050553,1.12528681728801e-05,0.0565259194881709,0.0557632164156188,0.074520260834488,0.0968419168664562,0.116582439577868,0.156063485000689,0.174969055756632,0.180708666756229,0.000128862363175539,0.0395344764087708,0.039093007859504,0.0523418450520932,0.0681218377650686,0.0821262605018336,0.110135105975362,0.123561012829356,0.127674466640904,9.6213290629256e-05,0.0305435509680083,0.030145876101335,0.0404988622741147,0.0527967543960202,0.0637057059296848,0.085523608997014,0.0959972601699958,0.0991372983388554,7.61439783267388e-05,0.0248974709370944,0.0247044746412694,0.0331129828387906,0.0431845930849184,0.0521476447438016,0.0700737480615663,0.0786757808903917,0.0813172376090074
19.1,1.10500031126598,1.10428359845774,1.10427334279376,1.12050612785656,1.10686700074232,1.10704649689092,1.10259646057814,1.09729851450256,1.09261416964555,1.08324547993152,1.07876093160023,1.07739601142991,0.610959718196496,0.611546021798497,0.596722079752206,0.57825063751396,0.561136191297056,0.524550349312958,0.505852232384526,1.11792540006201,1.11836718445379,1.12050459188727,1.11281110010292,1.11291680081627,1.1103644764666,1.10732755602782,1.10464267188489,1.09927290359903,1.09670179524534,1.09592104316834,1.12052363830412,1.11512320297594,1.11518354802233,1.11338066002274,1.11123389130645,1.10932865356,1.10551817806711,1.10369177649727,1.10313190350744,1.12051919963837,1.11634688338985,1.11640107273899,1.11499239122407,1.11331878798223,1.11183440780989,1.10886564746521,1.10744060235582,1.10701417323681,1.12051647141591,1.11711543666975,1.11714260481316,1.11599789330299,1.11462668933656,1.11340692287995,1.11096738996672,1.10979683793006,1.10943811717164,1.12050913922429,0.0185022285380971,0.00729156719198062,0.00653855000273114,1.12050612785656,0.0184906097513623,0.00724419755689466,0.0063287618933935,0.114029974246829,0.11930068943871,0.119376109723244,0,0.100302315876169,0.0989822988952795,0.131707923062133,0.170669086508787,0.205117818717655,0.274015283135387,0.306994709129369,0.317032349582617,3.74721083740963,3.74289915319445,3.85191461328974,3.98775383661764,4.11361369378556,4.38266644536913,4.52017263727836,0.0189787053284986,0.0157298172403892,1.12955378389787e-05,0.0565893328771443,0.0558120084743783,0.0745818345045819,0.0969153863946796,0.116660058846187,0.1561494037492,0.175057367586183,0.180799028382471,0.000128772056162101,0.0395860986697494,0.0391423204239673,0.0524007819156325,0.0681881466121693,0.0821992894560228,0.11022157514373,0.123652955732867,0.127770268886886,9.6130051218592e-05,0.0305871371981395,0.0301886280289295,0.040548089972155,0.0528557896958137,0.0637719405373656,0.0856042422204662,0.0960840422474443,0.0992200074625435,7.60666682617302e-05,0.0249351865122456,0.024735391636844,0.0331536147766664,0.0432374663471969,0.0522076445266251,0.0701480008854798,0.0787562555888131,0.0813942926509213
19.2,1.105577044451,1.10486727543033,1.10485750907747,1.12120584853348,1.10746653529635,1.10764835355654,1.10316970625317,1.09783791173997,1.09312436686261,1.08369727710788,1.07918526603216,1.07781204414399,0.611016530136801,0.611606824673224,0.596774264077846,0.578292138660854,0.561169266011665,0.524562545127945,0.505855062230388,1.11859379001145,1.11904096149484,1.12120429674007,1.11345205777661,1.11355668297142,1.11098820471366,1.10793141461015,1.1052284709892,1.0998225837473,1.09723439605092,1.09644936875159,1.12122346083763,1.11578082636973,1.11584224326511,1.11402612853051,1.11186417721101,1.10994561220439,1.10610848219116,1.10426943633002,1.10370678577298,1.12121899419639,1.11701357150827,1.11706790426432,1.11564912464486,1.11396364748607,1.11246861759127,1.10947855780168,1.1080433921395,1.10761318695965,1.12121624899608,1.11778793144181,1.11781462278687,1.11666204527968,1.11528090970232,1.11405222723691,1.1115948623061,1.11041583664937,1.11005560756371,1.12120889172312,0.0187443264703652,0.00745198896757102,0.00674591567669056,1.12120584853348,0.0187324577997992,0.00740304840664145,0.00652659417743556,0.114190076942387,0.119375923450765,0.119447280195605,0,0.100384727289658,0.099056292880257,0.131779019294332,0.170735168625392,0.205174147409508,0.274052104977738,0.307018599994354,0.317051889313349,3.72764014542894,3.72332722563181,3.83169964022605,3.96673718451205,4.09184350326598,4.35930633997823,4.49599043302825,0.0190847080835095,0.015817500571984,1.13380018107609e-05,0.0566521890253978,0.0558877569561634,0.0746540508024153,0.0969881395321363,0.116736889239297,0.156234388653619,0.175144687268361,0.180880399818006,0.000128682294249846,0.0396373065414063,0.0391885709905247,0.0524578064474707,0.0682538575218994,0.0822716342224361,0.110307187623508,0.123743966744622,0.127854908954975,9.60472887818128e-05,0.0306303945935934,0.0302334184999157,0.0405995701936503,0.0529143170822321,0.0638375827279548,0.0856841140194003,0.0961699884679282,0.0993132336150414,7.598979536824e-05,0.0249726219370667,0.0247776046644779,0.0331987809447044,0.0432898907324252,0.0522671192216969,0.0702215762002402,0.0788359928726981,0.0814679656578124
19.3,1.10614933369535,1.10544620407555,1.10543692959218,1.12190017457682,1.10806120657472,1.10824534346904,1.10373827842335,1.09837286631758,1.09363032816829,1.08414525186971,1.07960597767897,1.07822451501864,0.611072749232475,0.611666846376173,0.596826048642909,0.578332952780583,0.561202197197546,0.524575255130031,0.505857985716734,1.1192568283473,1.11970937933835,1.1218986069764,1.11408790521372,1.11419471312447,1.11160815204896,1.10853039440315,1.10580950549766,1.10036772768668,1.09776257178077,1.09697224205591,1.12191788792663,1.11643324518841,1.11649551615853,1.11466668301726,1.11248941943121,1.1105576061597,1.10669397961669,1.10484236555937,1.10427694374499,1.1219133934973,1.11767500819724,1.11772999072877,1.11630080608792,1.11460337747506,1.1130977580405,1.11008651917139,1.10864129158991,1.10820931986649,1.12191063143738,1.11845514473085,1.11848259190191,1.11732135799554,1.11592994793719,1.11469239805052,1.11221729827717,1.1110298454108,1.11066710093672,1.12190324956909,0.0189864426353603,0.00761392792096609,0.00695736057615449,1.12190017457682,0.0189743215046983,0.00756338199840803,0.00672817960436031,0.114345905143896,0.119450394067064,0.119517723754604,0,0.100466339185726,0.0991295661200925,0.131849370482935,0.170800491145033,0.205229752505822,0.2740882752274,0.307041907350458,0.317070870217091,3.70843847404139,3.70412552490103,3.81186481721175,3.94611858824559,4.07048221858652,4.33638172673861,4.4722629237485,0.0191898210068263,0.0159044502076237,1.13802615164652e-05,0.0567144965957334,0.0559391064229759,0.0747166859576105,0.0970601904392507,0.116812945675349,0.156318456147543,0.175231028012318,0.180968560911798,0.000128593072100223,0.0396881026212707,0.039236035935071,0.0525127608076765,0.0683189756858033,0.0823433023082304,0.110391955553085,0.123834062355837,0.127938838071592,9.59649989229747e-05,0.0306733131070496,0.0302741580789063,0.0406495667701481,0.0529723381457078,0.0639026382066427,0.0857632383285109,0.0962551134726574,0.099391085582459,7.59133556975459e-05,0.025009779411068,0.0248105220100215,0.0332406968246472,0.043341874517007,0.0523260781552562,0.0702944854317547,0.0789150012405619,0.0815484063734153
19.4,1.10671659974758,1.10602044620001,1.10601166604546,1.12258917320069,1.1086510777027,1.10883752963901,1.10430223804659,1.09890343671342,1.09413210972527,1.08458945574898,1.08002311577382,1.07863347257793,0.611127828380705,0.611726088061537,0.596876743091171,0.578373235352871,0.561234429154828,0.524588068018243,0.505860816588512,1.11991458367366,1.12037212290052,1.12258758981077,1.11471870986082,1.1148260106727,1.11222287171311,1.10912455954648,1.10638583801917,1.10090839496453,1.09828638069692,1.09748989490549,1.12260698679508,1.11708052559888,1.11714433322465,1.1153023077808,1.11310968285166,1.11116469963204,1.10727473319281,1.10541062628119,1.10484125426115,1.12260246476297,1.11833126045765,1.11838623427304,1.11694748108747,1.11523804354072,1.11372189406085,1.11068959510111,1.10923436357842,1.1087987264306,1.12259968596036,1.11911713907594,1.1191461301597,1.11797592264108,1.11657386861816,1.11532749996921,1.1128347626713,1.11163892718223,1.11127284370691,1.12259227997544,0.019228563652842,0.00777737274255261,0.00717291060693711,1.12258917320069,0.0192161874956074,0.00772518669560242,0.00693353677741669,0.114502173799376,0.11952411272634,0.119587451338996,0,0.100547163184219,0.0992021291177572,0.131918988024142,0.170865066326102,0.205284646343443,0.274123806378128,0.307064643288268,0.317089304204444,3.68959929335033,3.68528354492087,3.79240431419163,3.92588562175705,4.04952219346986,4.31388310661178,4.44897846492444,0.0192940556092,0.0159934417403802,1.14223183734627e-05,0.0567762476504038,0.0560021969744752,0.0747808197639583,0.0971315418592764,0.116888235330277,0.156401622272279,0.175316408476409,0.181062127958364,0.000128504384452531,0.0397384914906746,0.0392781936141908,0.0525662667887756,0.0683835078590534,0.0824143017506144,0.110475889533735,0.123923254840032,0.128030612363896,9.58831773134337e-05,0.030715892817673,0.0303193206182935,0.0406982530450145,0.0530298586069769,0.0639671153639176,0.0858416288778006,0.0963394333593187,0.0994820491777658,7.58373453498571e-05,0.0250466917644984,0.0248375547823189,0.0332792422675758,0.0433934328796435,0.0523845344223148,0.0703667375076576,0.0789933010205282,0.0816341679120825
19.5,1.1072794339791,1.10659006250266,1.10658177903988,1.1232729104578,1.10923621067741,1.10942497395329,1.10486164498615,1.09942968034657,1.09462976667234,1.08502993932387,1.080436728632,1.07903896443929,0.611182886980992,0.611784716494624,0.596927344138437,0.578413840063833,0.561266853424412,0.524600197412758,0.505863617504052,1.12056712338334,1.12102985791589,1.12327131129626,1.11534453542497,1.11545043770954,1.11283117699046,1.10971397166363,1.10695752924933,1.10144464442075,1.09880588093921,1.09800476851883,1.12329082350538,1.11772273356358,1.11778755307047,1.11593281855212,1.11372503117841,1.11176695551228,1.10785080418,1.10597427956677,1.10540029713525,1.12328627405371,1.11898239093884,1.11903833093391,1.11758934064551,1.1158677091422,1.11434108908286,1.11128784896419,1.10982267058282,1.10938400895854,1.123283478624,1.11977398091516,1.11980451145343,1.11862520333991,1.11721273642266,1.11595759722373,1.11344731882586,1.11224314572156,1.11187551397285,1.12327604899404,0.0194706765015912,0.00794231211168821,0.00739259124687747,1.1232729104578,0.0194580427612421,0.00788845085377296,0.00714268380767538,0.11465507935069,0.119597090641267,0.119656473670612,0,0.100627210680913,0.0992739921731958,0.131987883085343,0.17092890617125,0.205338840992417,0.274158710634751,0.30708681960792,0.317107202896196,3.67110442527155,3.6667899905248,3.77330049239787,3.90602131026133,4.02894574863384,4.29180406840813,4.42612408688906,0.0193974232019727,0.0160801416454415,1.14641737899787e-05,0.0568374530529498,0.0560782538346112,0.0748553812456622,0.0972022065013688,0.116962771013861,0.156483900038847,0.175400840127904,0.181143907199674,0.000128416226112633,0.0397884708221595,0.0393237885052086,0.0526201305268665,0.0684474609299253,0.0824846417251321,0.110559003315546,0.124011555593402,0.128126358358067,9.58018196698961e-05,0.030758156712021,0.0303571304196957,0.0407447466904369,0.053086891119593,0.0640310247652543,0.0859192920565784,0.0964229585859854,0.0995676647045823,7.57617604718655e-05,0.0250833547595671,0.0248644854416375,0.0333187865133706,0.0434445716541464,0.0524424955665313,0.0704383433913011,0.0790708982338749,0.0817064007387182
19.6,1.10783755590442,1.10715511260008,1.10714732809823,1.12395145126514,1.10981666639349,1.11000773720042,1.10541655803569,1.09995165360161,1.09512335314814,1.0854667522412,1.08084686367267,1.07944103733497,0.611237022136049,0.611843036799501,0.596977723566292,0.578453731967033,0.561298926924485,0.524612489218443,0.505866805552535,1.12121451368511,1.12168262632141,1.1239498363502,1.11596544435776,1.11607032008857,1.11343500071357,1.11029869181534,1.10752463921747,1.10197653402173,1.09932112877053,1.09851332056665,1.12396946298404,1.11835993176709,1.11842513554886,1.11655806786005,1.11433552689619,1.1123644356759,1.10842225323531,1.10653338444534,1.1059553652484,1.12396488629399,1.11962846386273,1.1196847417774,1.1182257100918,1.11649243741756,1.11495540583636,1.11188134267396,1.11040627437554,1.10996447361549,1.1239620743515,1.12042573842731,1.12045594094964,1.11926857270667,1.11784661675397,1.11658275429526,1.11405502937785,1.11284256367506,1.11247275063644,1.12395462154105,0.0197127685099375,0.00810873470028127,0.00761642754959715,1.12395145126514,0.0196998746400077,0.00805316282421555,0.00735563831881876,0.114807116111857,0.119669338803997,0.119724801259689,0,0.100706492852871,0.099345165388202,0.132056066610806,0.17099202243393,0.205392348262999,0.274192999921138,0.307108447827284,0.317124577631552,3.65295067887383,3.64863298943406,3.75454429791657,3.88652269338109,4.0087460075027,4.27012688525835,4.40368477632385,0.0194999349013653,0.01616475984991,1.15058291635526e-05,0.0568981243679526,0.056150913346943,0.0749268462114041,0.0972721929932303,0.117036562289096,0.156565300880825,0.175484340143142,0.181239753603542,0.000128328591956912,0.0398380536725833,0.0393734944845872,0.0526758433045679,0.0685108424025397,0.08255433055542,0.110641306861181,0.124098982589868,0.128217211954833,9.57209217653737e-05,0.0308001079533211,0.030399143137577,0.0407943465561201,0.0531434423340455,0.0640943737668281,0.0859962366323934,0.0965056965500137,0.0996534066487425,7.56865972595108e-05,0.0251197438042731,0.0249045590577594,0.0333642344302702,0.0434952833488072,0.0524999591766072,0.0705093108322088,0.0791477987710749,0.0817826159591933
19.7,1.10839100522094,1.10771565505098,1.10770837168803,1.12462485942896,1.110392504668,1.11058587909552,1.10596703494354,1.10046941185227,1.09561292231427,1.08589994323825,1.08125356743996,1.07983973713297,0.61129075267065,0.611901278912514,0.597027360226684,0.57849290361554,0.561330197468588,0.524624079514006,0.505869686692511,1.12185681963017,1.12233002827183,1.12462322877921,1.11658149679477,1.11668683526504,1.11403506947776,1.1108787792845,1.10808722637386,1.10250412055256,1.09983217933089,1.09902057379218,1.12464296904667,1.11899218527856,1.11905893834748,1.1171790035734,1.1149412318769,1.11295720090864,1.10898913897212,1.107087999469,1.10650641465648,1.12463836529743,1.12026954201994,1.1203257335468,1.11885710465102,1.11711229108594,1.11556490636914,1.11247013693554,1.11098523371913,1.11053923942474,1.12463553695519,1.12107247824798,1.12110300819735,1.11990726001883,1.11847557244948,1.1172030332489,1.11465795484774,1.1134372430445,1.11306468428878,1.12462806142192,0.0199548273465615,0.00827662917622289,0.00784444414829228,1.12462485942896,0.019941670810796,0.00821931095743148,0.00757241745197107,0.114958442175328,0.119740867991542,0.119792444410037,0,0.100785020663667,0.0994156586711521,0.132123549327181,0.171054426624761,0.205445179712468,0.274226685887882,0.30712953918991,0.31714143947612,3.63512499694745,3.63080161540339,3.73612980791113,3.86737973976833,3.98891575560805,4.24884652031063,4.38165390881343,0.0196016016326711,0.0162506211710063,1.15472858795201e-05,0.0569582815288139,0.0562123375102995,0.0749905561645837,0.0973415147859973,0.117109622208031,0.156645837052098,0.175566926061015,0.181314230872025,0.0001282414769382,0.0398872280922114,0.0394145227990278,0.0527270960333115,0.0685736562449481,0.0826233764417711,0.110722816835417,0.124185549273143,0.12830398493136,9.5640479435457e-05,0.0308417519404036,0.0304438371687038,0.0408437882726375,0.0531995139529068,0.0641571666587798,0.0860724720705258,0.0965876681756415,0.0997459329133498,7.56118519562921e-05,0.0251558380003657,0.0249396431661472,0.0334072163052935,0.0435455710388793,0.0525569322492979,0.0705796546701383,0.0792240052628852,0.0818622434549412
19.8,1.10894005720096,1.10827174738017,1.10826496724533,1.12529319766912,1.11096378426477,1.11115945830439,1.10651313243643,1.10098300948456,1.09609852637767,1.08632956016389,1.08165688562343,1.08023510885728,0.611344131105616,0.611958674033178,0.597076606217337,0.578532386963074,0.561361666526677,0.524636391254851,0.505872400225261,1.12249410513793,1.1229723098531,1.12529155130347,1.11719275476139,1.11730033441295,1.11463113319106,1.11145429342589,1.10864534883777,1.10302745966152,1.10033908723265,1.09952140644077,1.12531140442235,1.11961955653217,1.1196862493354,1.11779439357597,1.11554220655451,1.11354531088325,1.10955151954071,1.10763818250457,1.10705265484517,1.12530677379113,1.12090568688164,1.12096239467719,1.11948411762712,1.11772733116449,1.11616965136409,1.1130542917633,1.11155960807927,1.11111017564554,1.12530392916092,1.12171425941927,1.12174554845209,1.12054133517205,1.119099664272,1.11781849496987,1.1152561563656,1.11402724360647,1.11365344931311,1.12529643135571,0.0201968410115627,0.00844598420667768,0.00807666525955758,1.12529319766912,0.020183419284049,0.00838688360644231,0.00779303787056614,0.115107546239525,0.119811688770995,0.119859413224085,0,0.100862804868452,0.0994854817416288,0.132190341748872,0.171116130017676,0.205497346651718,0.2742597799198,0.307150104672703,0.317157799229635,3.61761803853061,3.61329235389601,3.71804521849641,3.84857547226893,3.96943785343954,4.22794210402941,4.36001930163452,0.0197024341343052,0.0163364157556833,1.15885453173322e-05,0.057017923155346,0.0562606845233633,0.0750488312815139,0.0974101771573126,0.117181958589222,0.156725521453039,0.175648611746795,0.181404156361891,0.000128154876067029,0.0399359933823785,0.0394665517514762,0.0527830688285308,0.0686359089736426,0.0826917877978661,0.110803545446313,0.124271266327721,0.12839271641009,9.5560488553522e-05,0.0308830956249283,0.0304839371139834,0.0408893295355554,0.0532551120819912,0.0642194097347631,0.0861480050403071,0.0966688815415618,0.0998323757185617,7.55375208441775e-05,0.0251916627809446,0.0249714235064258,0.0334477180802518,0.0435954447577026,0.0526134223732654,0.0706493776043895,0.0792995284743168,0.081930616000949
19.9,1.10948459598521,1.10882344610175,1.10881717119786,1.12595652764272,1.11153056291796,1.11172853246699,1.10705490624243,1.10149249991909,1.09658021661244,1.08675564999914,1.08205686307806,1.08062719670765,0.611397093623376,0.612015522424082,0.597125672026733,0.578570919503515,0.561392820959911,0.524648582016299,0.505875085432925,1.12312643302105,1.12361001302967,1.12595486558045,1.11779927770163,1.1179073758982,1.11522206061295,1.1120252918929,1.10919906331809,1.10354660616846,1.10084190625276,1.10001953961858,1.12597483077728,1.12024210279686,1.12031012810921,1.11840528946544,1.11613850940993,1.11412882392677,1.11010945296044,1.10818398989789,1.10759417460476,1.12597017343934,1.12153696214339,1.12159376632748,1.12010576813844,1.11833761838803,1.11676970066123,1.11363386520761,1.11212945578254,1.11167767231521,1.12596731263171,1.12235113976491,1.12238326167854,1.1211707203828,1.11971895122364,1.11842919849817,1.11584969304721,1.11461262341206,1.11423460507195,1.12595979299878,0.0204387978277848,0.00861678846123688,0.00831311468723668,1.12595652764273,0.0204251083930788,0.00855586912996562,0.00801751576524593,0.115255682485358,0.119881811504592,0.119925717607742,0,0.100939856018895,0.0995546441348745,0.132256454183209,0.171177143655901,0.205548860151642,0.274292293143127,0.307170154993349,0.317173667433412,3.60042161297603,3.59609440746207,3.70028011593473,3.83010949538306,3.95030629516401,4.20740925217628,4.3387692047515,0.0198024429618269,0.0164187873537207,1.16296088410803e-05,0.0570770586420778,0.0563206852136158,0.0751100933003662,0.0974781900262582,0.11725358188815,0.156804365611935,0.175729409813434,0.18148358786893,0.000128068784425143,0.0399843776258415,0.0395083980040212,0.0528367363238243,0.0686976133462942,0.0827595750371794,0.11088349841895,0.124356147771154,0.128483141833704,9.54809450538461e-05,0.0309241228355108,0.030526658522148,0.0409383242806791,0.0533102373298574,0.0642811077439371,0.0862228485720966,0.0967493453199908,0.0999105174851456,7.54636002615938e-05,0.0252272440853638,0.0250024839810348,0.0334867514906467,0.0436449192592455,0.0526694425333116,0.0707184890814422,0.0793743837297557,0.0820194142390658
20,1.11002487165019,1.10937080674172,1.1093650389876,1.12661490996722,1.11209289735502,1.1122931582203,1.10759241111335,1.10199793563295,1.09705804338104,1.08717825887721,1.08245354384353,1.08101604407869,0.611449817507733,0.612072255212438,0.59717398413797,0.578608975551834,0.561423665067377,0.524660097900948,0.505878298259685,1.12375386500989,1.12424259149562,1.12661323222789,1.11840112292512,1.1185106243306,1.11580835241555,1.11259183050725,1.10974842483633,1.10406161349449,1.1013406888996,1.10051277967156,1.12663330873781,1.12085988583963,1.1209289817193,1.11901174649533,1.11673019856535,1.11470779729607,1.11066299475753,1.10872547822399,1.10813146951399,1.1266286248665,1.12216342866964,1.1222209422052,1.1207229872557,1.11894321182214,1.11736511266103,1.11420891433882,1.112694833703,1.11223967174454,1.12662574799079,1.12298317962566,1.12301572712861,1.12179525675606,1.12033349282485,1.11903520290601,1.11643862306834,1.11519344011263,1.11481299595322,1.12661820696781,0.0206806864323909,0.00878903061494051,0.00855381582629758,1.12661490996722,0.0206667267856388,0.00872625589545838,0.00824586685878867,0.115401522895982,0.119951246354649,0.11999136727514,0,0.101016184467952,0.0996231552061549,0.132321896735508,0.171237478357748,0.205599731049338,0.274324236432518,0.307189700617495,0.317189054377574,3.58352615446655,3.5791964321562,3.68282989807448,3.81196945896494,3.93151173870224,4.18724180737482,4.31788938273962,0.0199016384917655,0.0165020212241389,1.16704778073155e-05,0.0571357048904187,0.0563740050853462,0.0751712066539405,0.0975455688797813,0.117324507201967,0.156882383846339,0.17580933482354,0.181568332115135,0.000127983197160496,0.0400323697833846,0.0395517337783621,0.0528881625657793,0.0687587772472584,0.0828267487564787,0.110962691774919,0.124440198838706,0.128572166977484,9.54018449156782e-05,0.030964830283528,0.0305647619133546,0.0409846463704273,0.0533648947773833,0.0643422682464795,0.0862970151846719,0.0968290710981038,0.0999952110531243,7.53900865855796e-05,0.0252625825302646,0.0250361797133653,0.0335258611083406,0.0436939981887193,0.0527249980532901,0.0707869977824349,0.0794485817176944,0.0820949791842829
20.1,1.11056075084518,1.10991388385998,1.10990862509271,1.12726840424281,1.11265084331905,1.11285339122053,1.10812570084653,1.10249936818088,1.09753205615488,1.0875974321029,1.08284697116309,1.08140169357852,0.611502140381478,0.612127967459399,0.597222250503231,0.578647299097839,0.561454203067864,0.524672051646881,0.505880927975723,1.12437646177619,1.12487037631083,1.12726671084631,1.11899835044481,1.11910921296511,1.11639026393629,1.11315396592281,1.1102934886897,1.10457253422347,1.10183548704613,1.10100383996318,1.12728689791292,1.12147296126487,1.12154296327418,1.11961325463331,1.11731733100862,1.11528228768097,1.11121220102566,1.10926270129894,1.108665339421,1.12728218767971,1.12278514228739,1.12284326925186,1.12133528159247,1.11954416825362,1.11795594416017,1.11477949597327,1.11325579772669,1.11279725180223,1.12727929484407,1.12361043902113,1.12364473486208,1.12241553067851,1.12094334744566,1.11963656622805,1.11702300379284,1.1157697517155,1.11538605270932,1.12727173286226,0.0209224957686799,0.0089626993511719,0.00879879166672763,1.12726840424281,0.0209082634157344,0.00889803228203096,0.00847810641106002,0.115546415083173,0.120020003288332,0.120056371753238,0,0.101091800374531,0.09969102413498,0.132386679313963,0.17129714472224,0.205649969954105,0.274355620417834,0.307208751765723,0.317203970108041,3.56692477343921,3.56259669255347,3.66568131596172,3.7941415487759,3.91304517714102,4.16742235594613,4.29737758807321,0.0200000309254258,0.016584227851424,1.17111535633509e-05,0.0571938527907874,0.0564271522564638,0.0752307990402198,0.0976123163423874,0.117394740710872,0.156959589447838,0.175888399001691,0.181639885267426,0.000127898109479834,0.0400799947175555,0.0395958763897416,0.0529413121790449,0.0688194093494584,0.0828933164059031,0.111041130518793,0.124523437056224,0.128654658949644,9.53231841697484e-05,0.0310052425974569,0.0306032494387287,0.0410321567116622,0.0534190982160438,0.064402902822193,0.0863705120344915,0.0969080702343524,0.100079271866418,7.53169762317769e-05,0.0252976739345041,0.0250604915259372,0.0335613942821036,0.0437426861040774,0.0527800943743358,0.070854910914854,0.0795221235560572,0.0821757005473661
20.2,1.11109224280675,1.11045273107174,1.1104479830488,1.12791706907426,1.11320445559057,1.11340928616476,1.10865482830599,1.10299684821587,1.09800230353441,1.08801321417149,1.0832371875018,1.08178418704684,0.611553637111331,0.612183211806589,0.597270038617696,0.578685310445497,0.561483883546131,0.524683333739855,0.505883530510947,1.12499428295623,1.12549325028658,1.1279153600408,1.11959101488545,1.11970195467544,1.11696712505429,1.11371175187852,1.11083430803655,1.1050794203526,1.10232635183361,1.10148922314608,1.12793565691605,1.12208138825931,1.12215207427082,1.12021028550523,1.11789996333513,1.11585235078432,1.11175712568269,1.10979571295442,1.10919360252451,1.12793092049056,1.12340216286393,1.12346008043241,1.12194255455719,1.12014054540907,1.1185422521268,1.11534566556224,1.11381240317027,1.1133502819135,1.12792801180194,1.12423297662763,1.12426806062314,1.12303062997447,1.12154857295127,1.12023334582112,1.11760289156083,1.11634161384676,1.11595546995871,1.12792042928621,0.0211642150781353,0.00913778336442976,0.0090480647974461,1.12791706907426,0.0211497075356683,0.00907118668323752,0.00871424922398504,0.115690688406867,0.120088092082306,0.120120740386289,0,0.101166713708007,0.0997582599291989,0.132450811634393,0.171356153134558,0.205699587253266,0.274386455490684,0.307227318420259,0.317218424433286,3.55061264598414,3.54628357127395,3.64882937145764,3.77662147830677,3.89490174390514,4.14794928645596,4.27722029008382,0.02009763029256,0.0166666365323254,1.1751637441014e-05,0.0572515237602781,0.0564886807762391,0.0752938866378552,0.0976784484596072,0.117464296683948,0.15703599313263,0.175966613106326,0.18172286833329,0.000127813516663383,0.0401272453022917,0.0396411949144775,0.0529933018224164,0.0688795141404652,0.0829592854158197,0.111118827966529,0.12460587295442,0.128746098180317,9.52449588988101e-05,0.0310453492512376,0.0306470970932198,0.0410818921032035,0.053472847917333,0.0644630148981103,0.0864433488596681,0.0969863511359079,0.100163984323526,7.52442656669407e-05,0.0253325166351322,0.0250912724446851,0.0336000796873064,0.043790984160589,0.0528347347276791,0.0709222358618606,0.0795950200376753,0.0822502184641757
20.3,1.11161941872687,1.1109874010683,1.11098316546976,1.12856096209226,1.11375378800861,1.11396089681196,1.10917984544306,1.10349042550927,1.09846883326856,1.08842564878714,1.08362423456435,1.08216356557255,0.611604670585236,0.612238554314076,0.597316799383245,0.578722870755463,0.561513821676809,0.524695056857904,0.505885830893966,1.12560738717329,1.12611176380183,1.12855923744232,1.12017917188188,1.12029001040878,1.11753936871788,1.11426524237879,1.11137093584409,1.10558232277469,1.10281333267368,1.10197177704465,1.12857964338638,1.12268522416271,1.12275588104403,1.12080242579354,1.11847815125971,1.1164180416303,1.11229782237148,1.11032456638625,1.10971953871567,1.12857488093638,1.12401454578061,1.12407463610212,1.12254653816087,1.1207323992036,1.1191240921945,1.11590747817631,1.11436470372604,1.11390003113664,1.12857195650059,1.12485085129467,1.12488532092458,1.1236403775721,1.12214922591331,1.1208255976296,1.11817834106217,1.11690908159239,1.11651859309038,1.12856435386961,0.0214058338927011,0.00931427136298219,0.00930165741023079,1.12856096209226,0.0213910486883114,0.00924570750974668,0.00895430964653681,0.115834234696211,0.120155522327253,0.120184482340187,0,0.101240934252626,0.0998248714290074,0.132514303224881,0.171414513771351,0.205748593117832,0.274416751810795,0.307245410331513,0.317232426930899,3.53457976682606,3.5302457203326,3.6322700769959,3.75940214791426,3.87706539658545,4.12880594662122,4.2574100677317,0.0201944464549579,0.0167458774842663,1.17919307672834e-05,0.0573087252715749,0.0565508901876678,0.075357823435537,0.0977439727140857,0.117533184074142,0.157111606794253,0.176043993431913,0.181797952805093,0.000127729414046079,0.0401741206019852,0.0396910190570342,0.0530473579143155,0.0689390955231165,0.0830246612337631,0.111195792655056,0.124687514865866,0.128824264138404,9.51671652294107e-05,0.0310851640085399,0.030674309090825,0.0411223569308778,0.0535261499747549,0.0645226104233119,0.0865155313204273,0.0970639266998847,0.100241027665065,7.51719513985462e-05,0.0253671011907316,0.0251314223558594,0.0336434603304671,0.0438388957454737,0.0528889253655286,0.0709889846056398,0.0796672789110609,0.0823371618026167
20.4,1.11214266973568,1.11151794563734,1.11151422406792,1.12920013997406,1.11429889349136,1.1145082760035,1.1097008033164,1.10398014897027,1.09893169227376,1.08883477888074,1.0840081533123,1.08253986951081,0.611656003111469,0.61229280766314,0.597364205804901,0.578760030966688,0.561543465893404,0.524706666983813,0.505888655501196,1.12621583205958,1.12672542131347,1.12919839972842,1.12076287793098,1.12087486333651,1.11810787405541,1.11481449087268,1.11190342437208,1.10608129137088,1.10329647892737,1.10245105277573,1.12921891400953,1.12328452564757,1.12335558998769,1.12139036926878,1.11905194963953,1.11697941424381,1.11283434345238,1.11084931327326,1.11024090469481,1.12921412570103,1.12462234850208,1.12468245259599,1.12314498940551,1.12131978451793,1.11970151863331,1.11646498686409,1.1149127531944,1.1144449100003,1.12921118562272,1.12546411699116,1.12549994617242,1.12424653283448,1.12274536149929,1.12141337671858,1.11874940715716,1.11747220830691,1.11707936362854,1.12920356328906,0.0216473420272765,0.00949215207140691,0.00955959130365614,1.12920013997406,0.0216322766995933,0.00942158319189731,0.00919830157973871,0.11597476669098,0.120222303432262,0.120247606606684,0,0.101314471611779,0.099890867310824,0.132577163430249,0.171472236605861,0.205796997507964,0.274446519312166,0.307263037024387,0.31724598695391,3.51881373299179,3.51448406052128,3.61598452297766,3.74247542732552,3.85953188937352,4.10998750204514,4.23793229460727,0.02029048910995,0.0168257611050313,1.18320348549136e-05,0.0573654523960497,0.0566040568844181,0.0754169835275679,0.0978088939868898,0.117601410316155,0.157186442974688,0.176120550371646,0.181868653655446,0.000127645797025541,0.0402206178149706,0.0397374470897718,0.0530991010271062,0.0689981568154094,0.0830894496987161,0.111272035465328,0.124768375114808,0.128904981654432,9.50897993378702e-05,0.0311246797152962,0.030716028363629,0.0411693331222166,0.0535790109960362,0.0645816981348187,0.0865870724123822,0.0971408025479881,0.100321696580072,7.5100029972583e-05,0.0254014450993481,0.0251578403396773,0.0336798730563554,0.0438864273067312,0.052942671991297,0.0710551613604286,0.0797389132067415,0.0824098878168967
20.5,1.11266192934957,1.11204441568265,1.11204120967375,1.1298346584637,1.11483982405621,1.11505147568311,1.11021775211158,1.10446606666491,1.09939092665237,1.08924064662728,1.08438898398095,1.08291313849972,0.611706194880037,0.612346763981124,0.597410597438012,0.578796500013924,0.56157335450037,0.524717610071814,0.505891178670647,1.12681967427757,1.12733437451189,1.12983290264341,1.1213421866616,1.12145610196096,1.11867251662726,1.11535954913991,1.11243182445878,1.10657637509652,1.10377583857481,1.10292475752842,1.1298535245378,1.12387934682365,1.12395106851185,1.12197407589702,1.11962141123104,1.11753652091559,1.1133667402847,1.11137000493096,1.1107571180524,1.129848710535,1.12522562849176,1.12528526990031,1.12373873839718,1.12190275627962,1.12027458550633,1.11701824395976,1.11545660385204,1.11498480928372,1.12984575491771,1.1260728284892,1.12610899608436,1.1248476170542,1.12333703343559,1.12199673650251,1.11931614263633,1.11803104689068,1.11763633424861,1.12983811328791,0.021888729572422,0.00967141423302174,0.00982188788703978,1.1298346584637,0.0218733816712045,0.00959880218214288,0.00944623848167663,0.116113135756422,0.120288444629082,0.120310122007492,0,0.101387335212156,0.0999562560910645,0.132639401416415,0.171529331412925,0.205844810178297,0.27447576770904,0.307280207804384,0.317259113636939,3.50331739536163,3.49898619753619,3.59997685091313,3.72583577565493,3.84228980109709,4.09148933297093,4.21878395053375,0.0203857677938232,0.0169056303163403,1.18719510128642e-05,0.057421713503515,0.0566514770121619,0.0754726451325005,0.0978732222951822,0.117668986328866,0.157260514396231,0.176196297705615,0.181950868713079,0.000127562661058185,0.0402667452760317,0.0397818002178661,0.0531492044521867,0.0690567093068279,0.0831536621339506,0.111347567788199,0.124848462238777,0.128992487155282,9.5012857442879e-05,0.0311638831125673,0.0307606186738413,0.0412174669232687,0.0536314309150041,0.0646402817957803,0.0866579835573311,0.0972169883972198,0.100407019894058,7.50284979747039e-05,0.0254355537560785,0.0251910071346107,0.0337198014570006,0.0439335886549114,0.0529959851273164,0.0711207780721249,0.0798099325905041,0.0824787758645933
20.6,1.11317676438006,1.11256686124333,1.11256417225496,1.13046457239165,1.11537663083924,1.11559054691624,1.11073074116004,1.1049482258346,1.09984658171066,1.08964329346279,1.08476676609561,1.08328341147644,0.61175580751526,0.612400193874949,0.597457091501788,0.578833356553605,0.561602443732187,0.52472899871555,0.505893782488506,1.12741896954075,1.12793873392836,1.13046280101806,1.12191715017522,1.12203367971234,1.11923300427747,1.11590046806237,1.11295618612158,1.10706762224001,1.10425145853049,1.10339625332992,1.13048352980977,1.12446974080343,1.12454188332744,1.12255315346492,1.12018658829876,1.1180894133345,1.11389506340598,1.11188669101787,1.1112706627131,1.13047869027516,1.12582443848868,1.12588437041213,1.12432835833952,1.12248136677659,1.12084334494404,1.11756730127895,1.11599630749341,1.11552084673749,1.13047571922131,1.12667704082808,1.12671405129371,1.12544432147965,1.12392429610766,1.12257573093318,1.11987860058421,1.1185856497812,1.11818795444876,1.130468058696,0.0221299868872715,0.00985204661220898,0.0100885681843946,1.13046457239165,0.0221143539735036,0.00977735295738881,0.0096981333725182,0.11625263419571,0.120353954976276,0.120372037198266,0,0.101459534307791,0.100021046129803,0.13270102617464,0.171585807773806,0.205892040683097,0.274504506501676,0.307296931763531,0.317271815902127,3.4880801693798,3.48374696463208,3.58423252143437,3.70946865575731,3.82533869571513,4.073295817415,4.19995406700751,0.0204802918851473,0.0169851131336669,1.19116805324691e-05,0.0574775210123076,0.0566939129549385,0.0755271795328863,0.097936967592683,0.117735922509467,0.157333832343035,0.176271250513009,0.182022115936643,0.000127480001658857,0.0403125117552915,0.0398273861425748,0.0532006885917495,0.0691147613519798,0.0832173077130291,0.111422400435126,0.124927789921583,0.129070299667231,9.49363358180721e-05,0.0312027868934619,0.0307997720075788,0.0412632444246883,0.0536834213715641,0.0646983720683708,0.0867282734619842,0.0972924910743005,0.100489748083115,7.49573520405605e-05,0.0254694245255894,0.0252205460026694,0.0337589006340056,0.0439803788815893,0.0530488654018508,0.0711858384423752,0.0798803436471583,0.0825546636055803
20.7,1.11368773271435,1.11308533151247,1.11308316093518,1.131089935694,1.11590936411426,1.11612553990902,1.11123981895759,1.10542667291407,1.10029870197629,1.09004276010074,1.08514153848759,1.08365072669297,0.611805176094157,0.612453363671538,0.59750258288252,0.578869469602394,0.561631229418276,0.524740278814737,0.505896703650775,1.12801377263385,1.12853851496673,1.13108814878869,1.12248782096939,1.12260625440586,1.11978911782759,1.11643729799223,1.11347655878368,1.10755508036659,1.10472338571811,1.10386359497028,1.13110898376952,1.12505576110446,1.12512919942215,1.12312861751237,1.12074753254488,1.1186381424773,1.11441936234214,1.11239942069898,1.11177981920261,1.13110411886384,1.12641883068817,1.12647867921409,1.12491375305783,1.12305566848604,1.1214078489979,1.11811221002161,1.11653191375932,1.11605166961627,1.13110113247478,1.12727680805147,1.12731399171706,1.12603657711153,1.12450720274651,1.12315041287291,1.12043683312572,1.1191360688099,1.11873685285998,1.13109345344877,0.0223711045926425,0.0100340379966385,0.0103596528383855,1.131089935694,0.0223551842386243,0.00995722402122684,0.00995399883953676,0.116389848599486,0.120418843363244,0.120433360672485,0,0.101531077983997,0.100085245634356,0.132762046525631,0.171641675080904,0.205938698381259,0.274532744981968,0.307313217786122,0.317284102464908,3.4730932986204,3.46875807427647,3.56875225975476,3.69337471336868,3.80866794190402,4.05540291910539,4.1814329891472,0.0205740706080256,0.0170644758314373,1.19512247007644e-05,0.057532878544361,0.056740769076634,0.0755824122991462,0.0980001374358483,0.11780222735678,0.157406407198641,0.176345418069947,0.182095892023451,0.00012739781440682,0.0403579171970789,0.0398667452065384,0.053247087101347,0.0691723190500045,0.0832803943833369,0.111496545050002,0.12500636919707,0.129150403400072,9.48602307718312e-05,0.0312414011637601,0.0308411207579383,0.0413076989612807,0.0537349866011763,0.0647559740570995,0.0867979489689444,0.0973673258992964,0.100579306771244,7.48865888363617e-05,0.0255030555340095,0.025254362813121,0.0337979990820935,0.0440267989073105,0.0531013148265761,0.0712503466651056,0.0799501510495982,0.0826201971365249
20.8,1.11419464735694,1.11359987485537,1.11359822401212,1.13171080143108,1.11643807331128,1.11665650402664,1.11174503318246,1.10590145354892,1.10074733121531,1.09043908654808,1.0855133393096,1.08401512173143,0.611854163267374,0.612505886931407,0.597548188580124,0.578905788291918,0.561660291987892,0.524750896242972,0.505899150581859,1.12860413743259,1.12913402135639,1.13170899901591,1.12305425098954,1.123173370453,1.12034048840171,1.1169700888465,1.11399299129493,1.1080387961918,1.10519166568013,1.10432721464709,1.13172993948524,1.1256374589121,1.12571038636539,1.12369875283396,1.12130429458752,1.11918275849563,1.11493968631184,1.11290824236074,1.1122840069381,1.13172504936757,1.12700885925454,1.12706895778666,1.12549472228636,1.12362571302151,1.12196814873545,1.11865302016331,1.11706347353814,1.11658098805439,1.13172204774354,1.12787218574029,1.12790965502689,1.12662469892356,1.12508580624067,1.12372083434594,1.1209908905565,1.11968235437196,1.11928065546647,1.13171435060594,0.0226120735643394,0.0102173771993916,0.0106351621142853,1.13171080143108,0.0225958633537744,0.0101384039060694,0.0102138470421359,0.116526388553529,0.120483118514139,0.120494100765211,0,0.101601975161189,0.100148862662742,0.13282247112356,0.171696942542335,0.205984792441181,0.274560492238872,0.307329074554265,0.317295981839575,3.45835143687392,3.45401583874073,3.5535220752451,3.6775408278982,3.792266662954,4.03780678389864,4.16321820871951,0.0206671130352582,0.0171420549813451,1.19905847912043e-05,0.0575877875939176,0.0567953441828853,0.0756411201013255,0.0980627365411677,0.117867907504357,0.157478249430735,0.176418813373053,0.182169582436574,0.000127316094928291,0.0404029712909581,0.0399178206852728,0.0533002326872746,0.0692293898994776,0.0833429297740383,0.111570009523158,0.125084210538318,0.129236942873265,9.47845386620147e-05,0.0312797169230718,0.0308799108425918,0.041352528108118,0.0537861307633659,0.0648130936019673,0.0868670192791689,0.0974414939546778,0.100651233416449,7.48162050683779e-05,0.0255364289215199,0.025287164121088,0.0338353473317533,0.0440728461542494,0.0531533352099929,0.0713143133214798,0.0800193632559778,0.0826916692053952
20.9,1.11469787408695,1.11411053882725,1.11410940897519,1.13232722180569,1.11696280703459,1.11718348781132,1.11224643071282,1.10637261261268,1.10119251244872,1.0908323121208,1.08588220605085,1.08437663351896,0.611902638425158,0.612557873248705,0.597592803266322,0.578941714161144,0.561688523970253,0.524761963514672,0.505901619716361,1.12919011692286,1.12972502513426,1.13232540390276,1.12361649073795,1.12373645055426,1.12088775172987,1.11749888897436,1.11450553105134,1.10851881520528,1.10565634319979,1.10478635435833,1.13234644916748,1.12621488523218,1.12628961061843,1.12426577943763,1.12185692391282,1.11972331039929,1.11545608337224,1.11341320415102,1.11278635012327,1.13234153399521,1.12759457519743,1.12765492089371,1.12607154125154,1.12419155117439,1.12252429447679,1.11918978108158,1.11759103501179,1.11710503162547,1.13233851723542,1.12846322626202,1.12850089696982,1.12720831523705,1.12566015693254,1.12428704540181,1.12154082234035,1.12022455707765,1.11981944641657,1.1323308023697,0.0228528849266438,0.0104020530609911,0.0109151159039319,1.13232722180569,0.022836382454722,0.0103208811751886,0.0104776897168737,0.116660165960314,0.120546788991678,0.120554265656753,0,0.101672234598602,0.100211905127068,0.13288230845993,0.171751619186337,0.206030331845449,0.274587757163675,0.307344510553279,0.317307462344685,3.44384938317726,3.43951344264914,3.5385430593772,3.66196448058144,3.77613546768351,4.02049270311954,4.14529884301095,0.0207594280914391,0.0172197349779668,1.20297620649351e-05,0.0576422535995815,0.0568484334138845,0.0756993678288614,0.0981247744735916,0.117932973713295,0.157549372192708,0.176491449037814,0.182248499397693,0.000127234838919579,0.0404476790887553,0.0399531925030476,0.0533456608571919,0.0692859831982407,0.0834049234196356,0.111642803862425,0.125161320417124,0.129309454317331,9.47092558943429e-05,0.0313177405971259,0.0309184099437307,0.0413962412725169,0.05383685778895,0.064869735813943,0.0869354918639305,0.0975150087470913,0.10073107984684,7.47461974879735e-05,0.0255695428207023,0.0253202612763974,0.0338737711321063,0.0441185293397904,0.0532049358031673,0.071377748729921,0.0800879816009634,0.0827687544637976
21,1.11519703967835,1.11461737019055,1.1146167625228,1.13293924818083,1.11748361308025,1.11770653899974,1.11274405764385,1.10684019422339,1.10163428796863,1.0912224754591,1.08624817555167,1.08473529834219,0.611950921406482,0.612609679787025,0.597637105198905,0.578976283089032,0.561716575581319,0.52477312989281,0.505904526081933,1.12977176321941,1.13031193700486,1.13293741481246,1.12417459004278,1.12429637981608,1.12143167547343,1.11802374661633,1.11501422542252,1.10899518303489,1.10611746287991,1.10524377946432,1.13295856418686,1.12678809096156,1.12686330997409,1.12482786767981,1.12240547030164,1.12025984721727,1.11596860104854,1.11391435245536,1.11328476289721,1.13295362411575,1.128176029491,1.12823650803519,1.12664414041676,1.12475323266647,1.12307633562994,1.11972254155688,1.11811464727182,1.11762458851891,1.13295059231834,1.12904997669021,1.12908824628671,1.12778774375822,1.12623030380074,1.12484909522918,1.12208667808606,1.12076272526086,1.12035550075377,1.13294286010244,0.0230935300459844,0.0105880544513396,0.0111995337296804,1.13293924818083,0.0230767329194619,0.0105046444246619,0.0107455381824823,0.116793995762923,0.120609863200856,0.120613863376239,0,0.10174186489793,0.100274380796811,0.132941566867381,0.171805713865624,0.206075325395454,0.274614548455115,0.307359534076913,0.317318552108304,3.42957915421414,3.42524265780248,3.52380461601422,3.6466456917534,3.76026346404165,4.00345599774506,4.12766486572405,0.0208510245559816,0.0172951507311858,1.20687577822385e-05,0.0576962808939689,0.0568945591542598,0.0757524294589365,0.0981862560279835,0.117997431480549,0.15761978238568,0.176563333609363,0.182314645635925,0.000127154042117231,0.0404920407796919,0.0399968865811906,0.0533958633016172,0.0693421007208739,0.0834663791831317,0.111714936107646,0.125237711553236,0.129382194478045,9.46343789094252e-05,0.031355473215189,0.0309573530582261,0.0414396431775353,0.0538871731309762,0.0649259062938784,0.0870033726196842,0.0975878721926065,0.100813847127023,7.46765628762559e-05,0.0256024247450534,0.0253505023820688,0.0339114933534157,0.0441638605133311,0.0532561258889664,0.0714406566402416,0.0801560169988745,0.0828367079257867
