"x1","x1","finddmmm1BM.drm1boot.expectboot","finddmmm1BM.dqm1boot.quatileexpectboot","finddmmm1sqm.drm1boot.expectboot","finddmmm1sqm.dqm1boot.quatileexpectboot","finddmmm1wm1.drm1boot.expectboot","finddmmm1wm1.dqm1boot.quatileexpectboot","finddmmm1wm2.drm1boot.expectboot","finddmmm1wm2.dqm1boot.quatileexpectboot","finddmmm1tm1.drm1boot.expectboot","finddmmm1tm1.dqm1boot.quatileexpectboot","finddmmm1tm2.drm1boot.expectboot","finddmmm1tm2.dqm1boot.quatileexpectboot","finddmmm1tm3.drm1boot.expectboot","finddmmm1tm3.dqm1boot.quatileexpectboot","finddvarmoBM.drm1boot.expectboot","finddvarmoBM.dqm1boot.quatileexpectboot.V621755","finddvarmosqm.drm1boot.expectboot","finddvarmosqm.dqm1boot.quatileexpectboot.V621755","finddvarmowm1.drm1boot.expectboot","finddvarmowm1.dqm1boot.quatileexpectboot.V621755","finddvarmowm2.drm1boot.expectboot","finddvarmowm2.dqm1boot.quatileexpectboot.V621755","finddvarmotm1.drm1boot.expectboot","finddvarmotm1.dqm1boot.quatileexpectboot.V621755","finddvarmotm2.drm1boot.expectboot","finddvarmotm2.dqm1boot.quatileexpectboot.V621755","finddvarmotm3.drm1boot.expectboot","finddvarmotm3.dqm1boot.quatileexpectboot.V621755","finddtmmoBM.drm1boot.expectboot","finddtmmoBM.dqm1boot.quatileexpectboot.V1202034","finddtmmosqm.drm1boot.expectboot","finddtmmosqm.dqm1boot.quatileexpectboot.V1202034","finddtmmowm1.drm1boot.expectboot","finddtmmowm1.dqm1boot.quatileexpectboot.V1202034","finddtmmowm2.drm1boot.expectboot","finddtmmowm2.dqm1boot.quatileexpectboot.V1202034","finddtmmotm1.drm1boot.expectboot","finddtmmotm1.dqm1boot.quatileexpectboot.V1202034","finddtmmotm2.drm1boot.expectboot","finddtmmotm2.dqm1boot.quatileexpectboot.V1202034","finddtmmotm3.drm1boot.expectboot","finddtmmotm3.dqm1boot.quatileexpectboot.V1202034","finddfmmoBM.drm1boot.expectboot","finddfmmoBM.dqm1boot.quatileexpectboot.V1321685","finddfmmosqm.drm1boot.expectboot","finddfmmosqm.dqm1boot.quatileexpectboot.V1321685","finddfmmowm1.drm1boot.expectboot","finddfmmowm1.dqm1boot.quatileexpectboot.V1321685","finddfmmowm2.drm1boot.expectboot","finddfmmowm2.dqm1boot.quatileexpectboot.V1321685","finddfmmotm1.drm1boot.expectboot","finddfmmotm1.dqm1boot.quatileexpectboot.V1321685","finddfmmotm2.drm1boot.expectboot","finddfmmotm2.dqm1boot.quatileexpectboot.V1321685","finddfmmotm3.drm1boot.expectboot","finddfmmotm3.dqm1boot.quatileexpectboot.V1321685"
2.80000000000008,0.293682637210036,0.536506440102232,0.535129764688419,0.510431226070213,0.509149294158947,0.791913681976876,0.789963529281059,1.29576151749761,1.29251694179509,2.01290275969871,2.00814292139703,7.02910569607898,7.01457869533845,33.7823696961961,33.7076376630087,0.348268815689726,0.254578672993482,0.355748684648184,0.259593347206639,0.581407585456105,0.423789120179127,0.97861644348374,0.713205301495542,1.57871603011861,1.14829609705326,5.55469776366236,4.02519777388848,26.7706814606171,19.3449139879935,0.690482841975185,0.335102421544432,0.608317451307119,0.296964910405768,0.894642813082863,0.426378787540512,1.35712814052532,0.6243376474018,1.97759991024907,0.876988316556654,5.28801412678193,2.09359548527436,15.3606501275471,5.34672343737903,0.535251041673832,0.298360178846783,0.510211018743189,0.284456987848804,0.794843293662972,0.440090201935117,1.30430380534204,0.720056838337476,2.02939573188961,1.1131557736631,7.17291306041541,3.86110599186261,34.5505612198942,18.355010397571
2.89999999999998,0.399876548049676,0.468959775879756,0.466535132144908,0.454276223040161,0.451904888692872,0.716493448423548,0.712781390888862,1.18319963483435,1.17718287528131,1.85927361624539,1.85011587658527,6.51140431468407,6.48050769560388,31.3321174105197,31.2062040326693,0.358728675331136,0.260105672396812,0.36425549653355,0.264260418731445,0.593025898426835,0.429162172924739,0.995783645234279,0.71990970405704,1.60203305354423,1.15678147764566,5.62989352392939,4.04290021902514,27.1424962651268,19.4644571152226,0.668325244290837,0.316690613193355,0.591598292804254,0.282695652538784,0.874823349297155,0.408213996629919,1.33416863437532,0.603104489175114,1.9583969676144,0.853851790114139,5.36024803448663,2.10247569197929,16.5375432443591,5.74193498987509,0.607687638462068,0.32576996130759,0.574295434482932,0.30764494255462,0.876920538384449,0.469195017110605,1.42026549133711,0.753266988515407,2.18558112490138,1.15117418010015,7.66642925446403,3.96874627741947,36.8339251574234,18.7145612875074
2.99999999999998,0.48012949922788,0.439869314880583,0.436299030667256,0.429908657798965,0.426384297296322,0.683934532731644,0.678444239200232,1.13499803006981,1.12601831262805,1.7936374475436,1.77969286775262,6.29395920116982,6.24636866402522,30.3106997972752,30.1184831569758,0.368500343324187,0.265274539600308,0.373070936354294,0.268730674948837,0.604311176868117,0.434114562772938,1.01187939873202,0.725402425948593,1.62390820416458,1.16252172035435,5.70073732590716,4.06229450127988,27.4850507241157,19.4857402709936,0.667489382241332,0.311273011875753,0.590990854772416,0.276975916864757,0.876005472093542,0.400971640935769,1.34140289885838,0.595034946671673,1.97586876087403,0.848519280133626,5.4968718105229,2.12389502046674,17.7421456084412,6.10102060269863,0.67290760455693,0.347945723017623,0.629992802777105,0.325795423359352,0.948994032825322,0.488799828494379,1.5246398389288,0.779333032244394,2.3258236466736,1.17833842147709,8.10415239909593,4.0420795436603,38.6048740662941,18.9878053225736
3.19999999999996,0.606466870301773,0.41059024672269,0.404906951416889,0.405320781792118,0.399718464069644,0.651127095258802,0.642241114806609,1.08657593157275,1.07193738604115,1.72775828250348,1.704780227049,6.07733810365126,5.99888806254838,29.2965277493126,28.934917613586,0.386746882229728,0.273319518352627,0.388512995521064,0.274646169644829,0.624978128726867,0.441399540226005,1.04206140103037,0.735044091284736,1.66502480142258,1.17203011340634,5.83570878353035,4.08310702765998,28.1622818932709,19.6154398355014,0.683269022367532,0.307631927278304,0.607341374025646,0.274717785331216,0.899309052959691,0.397921681983016,1.38130702564627,0.59333069122364,2.04125870476031,0.84902867446099,5.82320114652499,2.18704272670738,20.1305914003456,6.769966582686,0.791813121311012,0.381055134031217,0.732536488860913,0.35264445570203,1.08224241335539,0.518031522703398,1.7178486669967,0.815951063997498,2.58807617546261,1.21714220072617,8.97740066135706,4.13430672293661,43.1096413674684,19.328331996055
3.39999999999997,0.708681957162054,0.394975399220814,0.387247694690261,0.392214942692867,0.384542856405884,0.63362126857634,0.621361598927301,1.06074046496714,1.04048337422063,1.69260992703261,1.66081905384543,5.96205709613392,5.85254920074301,28.7574732949991,28.246751776126,0.403594913743865,0.280642420592729,0.402482090988684,0.279903671457661,0.643630665736934,0.446917333219185,1.06966923604244,0.741796139380563,1.70227829803288,1.17816075740599,5.95234573836456,4.10394230939228,28.5936991069013,19.6384233897181,0.708507872654711,0.308802985368463,0.632221984370234,0.277143429397945,0.932165657087883,0.39989665609727,1.43251648941477,0.596575354403787,2.11857499076478,0.855622251396703,6.1538935877971,2.24570168507409,22.430023134535,7.35380351594123,0.89862608852997,0.403360382774539,0.821721350004219,0.369330294929465,1.20004593034313,0.536119731932818,1.89239695785975,0.838031032170385,2.82475085553483,1.23645939967564,9.76463403788891,4.16138505786894,46.5687184706068,19.5954128727691
3.59999999999997,0.79681769802529,0.385065782348132,0.375339729548836,0.383920610310138,0.3742345513138,0.622511908644829,0.606990775900675,1.04430973784981,1.01859946240331,1.67024315687781,1.6296486553207,5.88857719521833,5.7488425989233,28.4137064150351,27.7523976621342,0.419634898995509,0.287224094931057,0.416220078552581,0.284821824929524,0.661808014000666,0.452378466115591,1.09620820188618,0.748357601741868,1.73839868732258,1.18358418573783,6.07078251272064,4.11132453807656,29.159644038338,19.6477894033857,0.736627358627821,0.312172862433605,0.657696369115647,0.280778251959334,0.966763024431301,0.403720775595876,1.48811027897836,0.60236287742144,2.20079094098403,0.863343138662153,6.49369905649105,2.30352417797361,24.7090762516587,7.88695622099575,0.998343010891058,0.421650387196852,0.905415516749775,0.383682988729426,1.31078722118264,0.549829045889097,2.05695570950439,0.85354901978021,3.04928372238451,1.25117607792887,10.5438633268309,4.19253853430626,50.4902379700899,19.620576002577
3.8,0.875416510651157,0.378241303873442,0.366597798939544,0.378231988676423,0.366590220484787,0.614863652274063,0.596122178163721,1.03295891104521,1.0019174046572,1.65477678505506,1.60556800810167,5.83756967339762,5.66811765273116,28.1747403573932,27.3746085358037,0.434938521965916,0.29316179827876,0.428877582329257,0.28937555808836,0.678754304110752,0.457162802980914,1.12145851363885,0.753016406644363,1.77268031114962,1.18908424700707,6.1819525114605,4.11751564942778,29.6540328488534,19.7376949006975,0.766407310739396,0.316514768917893,0.68501253315042,0.284369247246363,1.00334408153224,0.407777556612309,1.54530514344131,0.608489897263424,2.28401241963161,0.871896577234156,6.82740645229482,2.35535470799707,26.8761837432305,8.37023892495202,1.0929469732723,0.434556596343642,0.982768572866092,0.392154906021511,1.41452342864371,0.55917507659872,2.21350774424645,0.8625810293976,3.26302891157632,1.25791833125401,11.2922401210976,4.20457136201637,54.1675229781839,19.7493471871635
4.00000000000001,0.946995820935936,0.373332768944042,0.359808384272134,0.374162274606761,0.360613181792346,0.609365609171979,0.587507157890741,1.02476175198417,0.988471323987995,1.64359339025045,1.58604075458486,5.80047916660756,5.60168462059346,28.0006154075581,27.0583871596275,0.449680233166347,0.298362654556065,0.441470557038803,0.293067292580227,0.695495174867772,0.461100886046197,1.14580775903024,0.757137275741253,1.80577549196029,1.1917311445671,6.2900554607961,4.12362317310663,30.1490702815956,19.6842747300286,0.797537196555604,0.320684166407653,0.71388974441447,0.288605903498771,1.04134277077528,0.411562965526871,1.6040162200886,0.614763605495792,2.36874459563094,0.879907152271637,7.16359245011399,2.4033858028813,29.0638564359927,8.81423499898774,1.18382232519475,0.445057113675792,1.05752909522011,0.399107547069215,1.51426003004463,0.565848250876136,2.36423264025427,0.870237053650414,3.46905421190069,1.25825453576078,12.0218905423183,4.19015759581733,57.7853830890685,19.7987571941455
4.20000000000003,1.01312480394597,0.369721446569411,0.354336428829392,0.3711884420683,0.355734129232456,0.6053237014138,0.580381314370774,1.01870013139948,0.977219494024582,1.63531018643334,1.56944054271392,5.77280245856762,5.5455529268277,27.870330551928,26.7930171219349,0.464077805008674,0.303388087145482,0.453558191146118,0.296591034923081,0.711685422097534,0.464632910636534,1.16987615373281,0.761795777260606,1.83884003658266,1.1940757556732,6.40422289200663,4.12798159894647,30.8184110061834,19.7233021900387,0.828879518310457,0.32448601029426,0.742169125084613,0.292329806003292,1.07916820124127,0.415604288126033,1.66314270287501,0.62023378443782,2.45389997130471,0.887388099133183,7.504057858371,2.44090586289584,31.2869236950235,9.19828493387567,1.2719353295471,0.453679511383244,1.13064813507596,0.404319359792629,1.61155526024759,0.570242376374636,2.51103488184253,0.874060673557724,3.67006027502944,1.2571582853182,12.744311083622,4.18111506648678,61.3616199677395,19.6992385279627
4.39999999999999,1.07486051467478,0.367041643426976,0.349813319311982,0.369001063536539,0.351688270042625,0.602327548220976,0.574337910361864,1.0141727513198,0.96756581884106,1.62911077805784,1.55502833493094,5.7518877791074,5.49580295445721,27.7715325127388,26.5543657703081,0.477938697823623,0.308146165779387,0.465060059806134,0.300139634284785,0.727101893860864,0.467850837168941,1.19281336531952,0.765670404371901,1.87005827673703,1.19639956535839,6.50724729717485,4.13053532044674,31.3029151721927,19.7810049380937,0.860622458114048,0.328789561103935,0.770386211222749,0.29584253025983,1.11689444664351,0.420235536474496,1.72240124914583,0.626512585227939,2.53872134272335,0.893808720573791,7.84030430139417,2.48487429793182,33.4286945166498,9.55808219276276,1.35809524722602,0.460887579272493,1.1991360312122,0.408847443819725,1.7045702505161,0.57279839813628,2.65505527646121,0.875768137256138,3.86753884490088,1.25615755914965,13.46329166663,4.16985860868543,64.941999610758,19.5446192496975
4.6,1.13295557377867,0.365059754569953,0.346028756810818,0.36740236659952,0.34825842613407,0.600114924942118,0.569119874821428,1.01079567389075,0.959174673553548,1.62447399415692,1.54235700427628,5.73604547257112,5.452254375896,27.6963561907509,26.3417805136339,0.491451251615959,0.312314558844786,0.476788562702106,0.3031187725278,0.742509921913069,0.471183523630216,1.21519709589085,0.7685900134264,1.90054561066896,1.198221895795,6.60838331385853,4.12980526729287,31.7851410375002,19.7269565870577,0.892581632272819,0.332881051244628,0.799952699028605,0.299833610681973,1.15573045519935,0.424025874824756,1.78165449821338,0.632410550693562,2.62311152752129,0.90112645518677,8.17254350058292,2.52411466604459,35.4640534147463,9.86657295536181,1.44314117889327,0.466925277129863,1.26721356362833,0.411895702557275,1.79681688131577,0.575223265515295,2.79741168907153,0.877675813798113,4.06307105666038,1.25346067918574,14.1857453704575,4.14893189240781,68.7492738305514,19.3901660033539
4.79999999999998,1.1879686123322,0.363617703496178,0.342817543326107,0.366258488515556,0.345313883952264,0.598508351302107,0.564576500415297,1.00830915040022,0.951750876209131,1.62104728695712,1.53108576048298,5.72413410672549,5.41280293635688,27.6394913877593,26.1540005234568,0.504547210281853,0.316435011846068,0.48760345528013,0.30571468094858,0.756983089435794,0.473665823836412,1.23667422757932,0.771200756804694,1.92952500121543,1.19973338426823,6.69988651915738,4.13073370471593,32.100391042716,19.6761284287929,0.924826705198895,0.33650674990585,0.828418595417111,0.303372859187898,1.19371382443774,0.427740551719114,1.84095320909087,0.637214563035903,2.70729031131225,0.907082641866708,8.50323723789946,2.55432829802159,37.4721588794419,10.1550479392798,1.5269228795148,0.472695833390946,1.33555792421744,0.415875939762715,1.88854348092921,0.578535485666542,2.93748516234176,0.879340943860795,4.2551557639827,1.24896449375752,14.8907912619859,4.13154050597736,72.2125002982895,19.3835773836692
5,1.24032794840138,0.362603671737059,0.340056078270638,0.365474737740144,0.342761167780975,0.597382263396686,0.560566881629426,1.0065294483018,0.945138302696938,1.61858129762391,1.52080958431646,5.71534709683842,5.37700935826834,27.5971871825549,25.9800271191788,0.517484393498746,0.320145534250442,0.498280455656654,0.308176090035027,0.771372040811528,0.47641736721931,1.25812495950981,0.774050740373791,1.95876244904111,1.20053689950594,6.79746220213826,4.13264817033626,32.5700113566267,19.6887803900129,0.957297798600696,0.340985832056226,0.855979654864952,0.306927844952967,1.23119709298235,0.431243032123414,1.90069509122192,0.642718903727273,2.79218551970941,0.913379203723298,8.8414904140816,2.58708052707958,39.5847471858279,10.4279736369823,1.60962963884009,0.476694749028073,1.40117818185163,0.418265843281109,1.97757250949254,0.579471435588475,3.07577314345771,0.880384999823446,4.4446313627431,1.24538784153449,15.5845604324901,4.10083766455609,75.4188039947578,19.1515755790955
5.2,1.29037064724064,0.36193573461761,0.337664716572369,0.364981750166091,0.340506244592284,0.596644655122887,0.556968996485243,1.00532193883221,0.939152725935847,1.61689331131687,1.51146077639607,5.70909378559462,5.34423311974657,27.5666975225982,25.8230748555412,0.530226898858469,0.323632959689054,0.509441919365481,0.31119043418879,0.785981431121045,0.478505125854013,1.27935955116537,0.776488876862324,1.98784054032233,1.20171967321037,6.89701071447238,4.12971176325191,33.1078173883968,19.6213686166807,0.98993336474926,0.344794927350016,0.885072025180456,0.310325757460569,1.26973870680876,0.43491698404827,1.9601033621227,0.647885130780699,2.87613861921162,0.919067846278122,9.17148656591494,2.61492818895584,41.5434150976434,10.658281542868,1.69189410609365,0.480534512257641,1.46718586138955,0.420420508533949,2.0665483209239,0.581271798158191,3.21398052957759,0.880092277827323,4.63459943195218,1.24107690067861,16.2968261778136,4.079143840049,78.979866822828,18.9427440335319
5.39999999999996,1.33836768922713,0.361552137238351,0.335575088531594,0.364727256556271,0.338524851137968,0.596226166402344,0.553748101504345,1.00458511450989,0.93372795946048,1.61584555936876,1.50287190238167,5.70492896099567,5.31367212499997,27.5459528719674,25.6770931376387,0.542656161333523,0.327464695038625,0.519935152514986,0.313734551484161,0.79994762595093,0.48135402848413,1.29992134925267,0.778900861043737,2.01580617081667,1.20300492542849,6.98952181806011,4.12368321846181,33.5238190242621,19.6254954886276,1.02246081068392,0.348592217402842,0.914319142838759,0.31390415033725,1.30843149785326,0.438673154746539,2.01950471044438,0.652723350453339,2.96013327106957,0.923851159788319,9.5053076145317,2.64210396488298,43.5100640520002,10.8817047521133,1.77382039427065,0.484734476949907,1.53434835649109,0.422467720988553,2.15628953459378,0.583291347692785,3.35170756252397,0.880620672470698,4.82397683028442,1.23790801763991,17.0108029170383,4.05765090357586,82.5535743975298,18.8427570369764
5.60000000000003,1.38454084889859,0.361405223481423,0.333739513497402,0.364670939578754,0.336755072885169,0.596073269212708,0.550803704351115,1.00424061555797,0.928723340624185,1.6153316818388,1.4949084939486,5.70250894768627,5.28525446282924,27.5333557808176,25.5419487627404,0.554885086655142,0.330573748819554,0.529860502063585,0.315705160265371,0.813351758116573,0.483080787151605,1.3201489146932,0.781228726243417,2.04331924039046,1.20344887628962,7.08066726904302,4.12136188391368,33.9344714372833,19.6775488063059,1.05500839804667,0.352632294743499,0.942991136006705,0.317322569329266,1.34652105283519,0.442778487077496,2.07840381581763,0.658395194451866,3.0431014586652,0.929766898482739,9.83220762231057,2.66680349340245,45.3752153321543,11.0573719685126,1.85551708211622,0.488719040226062,1.60121195046877,0.425321589313273,2.24583972545355,0.584011027451462,3.48925777434559,0.880621651278711,5.01324069914878,1.23333071260118,17.7297153992931,4.03955496178151,86.1572443738467,18.6854897974694
5.80000000000001,1.42907439781766,0.361457487516947,0.332120083965177,0.364781087287687,0.335180799211338,0.596143835080542,0.548147943180764,1.00422674570626,0.924125714690992,1.61526792773555,1.48752661484291,5.70156310132065,5.25880124984476,27.5276482377094,25.4115939637698,0.566973860393243,0.333475650031106,0.53971830880236,0.317608703628146,0.826665041982022,0.4848591442714,1.34022759363123,0.782795749328073,2.07073297555346,1.20452607433497,7.17342639335776,4.12151243602917,34.3976968704924,19.6414232248828,1.08769026830509,0.356264013738826,0.971013159023469,0.320524165709936,1.38414910789487,0.44560538916978,2.13726688727684,0.662270254655088,3.12587673663262,0.933250341942006,10.1581464912926,2.6894804657893,47.2115180054396,11.2305655575227,1.93716649427173,0.491431959042716,1.6653865156542,0.427191256320483,2.33337286887174,0.584600744860648,3.62681154471939,0.879968666717901,5.20260454703362,1.22864502929776,18.4534879892164,4.01542228880299,89.8232924798881,18.6152305503249
6.00000000000001,1.47212344975772,0.361678915901173,0.330702117893785,0.365032339606651,0.333767395082769,0.596404150908883,0.545714179025254,1.00449410870916,0.919862100838261,1.61558723407126,1.48065520441772,5.70187464947007,5.23377676482889,27.527822554859,25.2910502578952,0.578883198412509,0.336568781706138,0.550001516162927,0.319717873630814,0.840198333208409,0.487044096689438,1.35998212869325,0.78488665503813,2.09767446919934,1.20418453528859,7.26416174609579,4.12082213871642,34.8373548507478,19.5937309083614,1.1204990126223,0.3598105030375,0.998571825526364,0.323452935869001,1.42162204261873,0.44828612752362,2.19632361346037,0.666892828111917,3.20889061754258,0.938030183543897,10.4865914165311,2.71237111741621,49.0392912759905,11.3917308677543,2.01869613728022,0.494999407020716,1.73149604060131,0.429091270838504,2.42223183555134,0.585377479059389,3.76400731138368,0.879799584297311,5.39123571851397,1.22354341421876,19.1701723458768,3.9946608592696,93.2459940095548,18.5492331199469
6.19999999999997,1.51382005642444,0.362045145189469,0.329439994237159,0.365404125826521,0.332495610952882,0.596826850151884,0.54345976361892,1.00500258438662,0.915934741884472,1.61623512299392,1.47419309849765,5.70326742793773,5.21061496263262,27.5330596984194,25.1763258953632,0.59063990527623,0.339572593745936,0.560068575572199,0.321748999588625,0.853466403757424,0.488981309445581,1.37948121617647,0.786469899716554,2.12427250646107,1.20498129391248,7.35392644272092,4.11723627142249,35.2754738046437,19.589279760489,1.15335073326774,0.362938494102831,1.02605281898751,0.325790298515164,1.45904396393295,0.451127238965288,2.25518017584775,0.670634998395455,3.29143423834909,0.941693992075726,10.8117204584708,2.73307671643625,50.7851340732646,11.5084846953374,2.10066660405377,0.498031016426474,1.79684490567263,0.43068325608706,2.51080656182137,0.586266307474588,3.90246246741533,0.880410779641194,5.58221859304848,1.22044695032483,19.9138825524016,3.9765920375062,97.1999461349288,18.4015345316818
6.39999999999998,1.55427775379429,0.362536152136803,0.328323901226968,0.365879553576832,0.331346892001112,0.597389441864202,0.541404257096275,1.00571917916765,0.912275473105771,1.61716678567706,1.46809575279345,5.7055964611526,5.18839420156565,27.5426855063074,25.0684645110781,0.602222432568567,0.342475964759554,0.569525547463348,0.323816095457989,0.866201814909128,0.490521299808584,1.39865126304532,0.788062393259916,2.15036725838646,1.20561733510108,7.44109665271019,4.11302067793179,35.674103739783,19.5667452954786,1.18613532151727,0.366696104276284,1.05421607258429,0.328594787654023,1.49697209364024,0.454339487200158,2.31383773539751,0.674181668223252,3.37370216197623,0.94635313596123,11.1377032558013,2.75398110431509,52.5498404777803,11.6437762992487,2.18285371702655,0.501128971271743,1.86239201493015,0.432510887566962,2.59960489284687,0.587617328405727,4.04170426214715,0.880454250922926,5.77461628088367,1.21852039525989,20.6739897125151,3.95776030609317,101.367668436736,18.3373989996032
6.59999999999997,1.59359501524584,0.363135301796057,0.327313887624911,0.366444601293512,0.330310288762048,0.598073241574662,0.539494993479951,1.0066164641305,0.908844756424717,1.61834496338442,1.46237230567202,5.70874112224789,5.16734891857321,27.5561389053224,24.9643209937275,0.613628221826516,0.34481749332225,0.579390688250819,0.3259423185916,0.879155502524261,0.492684541687186,1.41748807629935,0.78977351302625,2.17594744331435,1.20553548056448,7.52551237844548,4.11152834940372,36.0282166992533,19.5082008394081,1.21918344279532,0.370019394912183,1.08077884369932,0.330985254161334,1.53382844094457,0.456993232927808,2.37288837068305,0.678109273030457,3.45661712261334,0.950457202895475,11.4699578210345,2.76997058990997,54.4383009095351,11.7687529173525,2.26484099061299,0.503574010783774,1.92937493861186,0.433932962994082,2.68933399567888,0.58817093703904,4.18028054268933,0.879533000105618,5.96558933509346,1.21443379116074,21.416933137636,3.93927736589796,105.017283340344,18.2019993066104
6.79999999999998,1.63185791687235,0.363828642212105,0.326417569446814,0.367087519858732,0.329352027662963,0.598862579054456,0.537710425113191,1.00767141773957,0.905617500410244,1.61973837761138,1.4569494774592,5.71260006845643,5.14742732787329,27.5729483832124,24.8658801127627,0.625019952059193,0.347507049105045,0.588592049737079,0.327308009458834,0.891678376000099,0.493744829968046,1.43652086371519,0.791194695744751,2.20207064407724,1.20572765268504,7.61688575871842,4.10979850644944,36.5418711024305,19.478100430467,1.25221454069052,0.372787812185565,1.10915761872999,0.333459146899599,1.57201997053305,0.459737810373586,2.4317122770157,0.681838433654866,3.53906279804604,0.953933557297834,11.7991895906987,2.78750536864544,56.2479126484423,11.8502171498279,2.34720426681457,0.505660921774389,1.99576932921151,0.435691761336641,2.77891005363545,0.589206717315334,4.31979626792524,0.87905029912531,6.15819981600646,1.2099968629155,22.1773680074821,3.92255431841725,108.967240323427,18.0486968039278
7.00000000000001,1.66914222433368,0.364604372812759,0.325625276388699,0.367798381610185,0.328489941524075,0.599744201144643,0.53605536903239,1.00886455358819,0.902601266549708,1.62132054687748,1.45179206126205,5.71708742571149,5.12830784378471,27.5927142675647,24.7700057925773,0.636181045997584,0.350068796400062,0.598174575689126,0.32922448147533,0.904352047384577,0.495755804678416,1.45499276996147,0.792702960563292,2.22720381483766,1.20580139105816,7.70087540134636,4.10502866059991,36.9148550035376,19.4548683767708,1.28521107727329,0.376324597618832,1.13656615479243,0.336182916809598,1.60947152158677,0.462657354063649,2.49027727509347,0.685709112696415,3.62103090427504,0.957695214601283,12.1258729730508,2.80376076009346,58.0082623785003,11.9388872883294,2.42963090422572,0.507734644579035,2.05972564525004,0.436603763497211,2.86654014613817,0.589613623446386,4.45929188223757,0.878634042855443,6.3505279078712,1.20586139876531,22.9314186273555,3.90591382720058,112.625616063645,17.9922616789593
7.20000000000001,1.70551504783168,0.365452437569956,0.324938380467327,0.368568735226761,0.327708101553864,0.600706814712272,0.534535387443449,1.01017925283688,0.899747692191813,1.6230688811975,1.44690105752245,5.72212986978143,5.11004362485166,27.6150951710153,24.684403643306,0.647267695420618,0.352143486509022,0.607238946644709,0.330736698973828,0.916572373022448,0.496683676643977,1.47339539915296,0.793791025645504,2.25231802159005,1.20599751214706,7.78626735366553,4.10166822597977,37.3306638657556,19.4808596115643,1.31817565290703,0.379330962181936,1.16328101238642,0.338116581180879,1.64620448569675,0.464761786799985,2.54856789729904,0.688905607723593,3.70249831083654,0.960874025716579,12.449697308426,2.81946309836381,59.7227905682006,12.0291744078211,2.51263980030294,0.510331939536785,2.12572436301579,0.438176673155435,2.9560353508793,0.590294086371793,4.60021748971947,0.878700620448482,6.5453229295078,1.20314319493893,23.7106936223374,3.88869025225153,116.732793215922,17.8944731978723
7.39999999999996,1.7410361697907,0.366364209370731,0.324309755909123,0.369391338021197,0.326991225383378,0.601740732052247,0.533096352258934,1.01160124627227,0.897055023902637,1.62496397950772,1.44224529491723,5.72766436229432,5.09264865032637,27.6397974790861,24.5977931100394,0.658206262623434,0.354498068184164,0.616366946410471,0.332104065479861,0.928662977183685,0.498060991360877,1.4915049967437,0.795018390490399,2.27696728051307,1.20602486506404,7.8689484313881,4.09883523935177,37.700449312758,19.4300376061117,1.35111640832172,0.38246335115511,1.1898089825813,0.340027770253873,1.6828383783427,0.466752749170242,2.60671007015212,0.69238171114036,3.78366957583478,0.963649010383739,12.7718968461923,2.83293964395521,61.3785378776265,12.092809486069,2.59590014522579,0.51220283847566,2.18973071551516,0.4390432232805,3.04416421302216,0.590540243286068,4.74163666742203,0.877802851394891,6.74078847964171,1.2009771398216,24.4941505000263,3.87251027232232,120.786078352597,17.7797676049315
7.60000000000003,1.77575912113176,0.367332242123772,0.323756247401223,0.370259945721801,0.326336355014765,0.602837592374749,0.531743179765793,1.01311820747141,0.894508150428891,1.62698907779555,1.43780384996833,5.73363637279664,5.07605604168983,27.666567095667,24.5150219486125,0.669048972104126,0.356606214992088,0.625374942696923,0.333511529762378,0.94074867933396,0.499631360176608,1.50949050147544,0.796260842425262,2.30148251555911,1.20630621293071,7.9518974232229,4.09250630580785,38.0848033048058,19.4672424627764,1.38409598552518,0.384921874786958,1.21709691435141,0.342027961182959,1.72012013465273,0.468928142009047,2.66487246142923,0.694845486596389,3.86490844227584,0.966773954453312,13.0965069046009,2.84700172390515,63.0872117958302,12.1821054202315,2.67964427700298,0.514400090785025,2.25597354352172,0.440368271321178,3.13428593781907,0.590968277466132,4.88413975139276,0.877504319022292,6.93806507725765,1.19907134188504,25.2956543949384,3.85522290032517,125.153655793687,17.6730219720625
7.80000000000003,1.8097320620562,0.368350073890269,0.323247990066601,0.371169145560975,0.325730469714033,0.603990140610722,0.530488531187604,1.01471942965688,0.892083381896624,1.6291296107437,1.43351296170953,5.73999846674259,5.0601057823302,27.6951828879248,24.4352663265702,0.679799290918463,0.358997594780613,0.634386265096648,0.335102274441189,0.952810927178063,0.501225868038274,1.5273735670719,0.797371606179818,2.32591344258582,1.20596197363519,8.03566763122774,4.09051507796351,38.4961845283277,19.4111171871634,1.41707737562981,0.387604387638253,1.2444202023492,0.344298149408426,1.75737329940789,0.471356824867872,2.72290904729569,0.69779198782381,3.94592522560773,0.969267387139225,13.4205230655264,2.85998517023946,64.790727720216,12.2398413531528,2.76371737681474,0.515899560703053,2.32184696212409,0.44156377325895,3.22425790876608,0.591489736568919,5.02713802958328,0.877506304469977,7.13591784271786,1.19601948448553,26.098190244536,3.83941125449455,129.412489408347,17.6213501417386
8.00000000000007,1.84299850911548,0.36941206895096,0.322807571346129,0.372114222410224,0.325169363982393,0.605192049958892,0.529283714011115,1.01639556641505,0.889787990671215,1.63137285999335,1.42943992307997,5.74670917260497,5.04442851823178,27.7254514272888,24.3597280522968,0.690465744366048,0.360765186355993,0.64369175943606,0.336705103035987,0.964932450814441,0.502210274927131,1.54511562983314,0.798203699591713,2.35016279400649,1.20616455289876,8.11909886540169,4.08793016384929,38.913860115638,19.3240291280823,1.45009090074916,0.390621872590637,1.27146301056112,0.346195920920334,1.79434110326862,0.47382675819685,2.7809259449764,0.700540447809414,4.02694119193432,0.972464469187878,13.7463414203344,2.87203157911864,66.549172865944,12.3067704807848,2.84807605992326,0.517695626857537,2.38805677240837,0.44266454294708,3.31458801703185,0.592057574192314,5.17075247851983,0.877043265575209,7.33461625622778,1.19302580753443,26.9056746742264,3.8253962478563,133.57948712265,17.5200669608168
8.20000000000006,1.87559794017716,0.370513289937214,0.32242944230713,0.373091050430149,0.324671520646716,0.606437778209011,0.528167546650788,1.01813842172653,0.88760627639461,1.63370766928961,1.42550886220142,5.75373206443535,5.02963997465398,27.757202730702,24.2892195371036,0.701009649236557,0.362762868690831,0.652311681272246,0.337947137318184,0.9765761581957,0.50337584639263,1.56261108302897,0.799270130879549,2.37401888012181,1.20558857860893,8.20019118967173,4.08294049097259,39.2917834178468,19.3471553994723,1.48306474943245,0.393155404810983,1.29798855101238,0.348037668560103,1.83089318479822,0.475470008207075,2.83888671714781,0.703626605806375,4.10787062864082,0.974845669406169,14.072835668078,2.88336816521128,68.2867277147463,12.3787707278735,2.93296657997531,0.519907548875303,2.45445554219347,0.443611812993804,3.40531307291325,0.592712925197725,5.31549372578748,0.877092758540059,7.53510990331351,1.19072474656118,27.7291706177134,3.81749356062571,137.982428811563,17.3909684725702
8.39999999999999,1.90756630148484,0.371649393427391,0.322079295500577,0.374096004633333,0.324198934910089,0.607722450428976,0.527097528909157,1.01994077848701,0.885513317194116,1.63612421183143,1.42176689665606,5.761035012546,5.01537008458444,27.7902867823274,24.2170002775816,0.71143574422915,0.364834644469822,0.660759821969669,0.339130480486259,0.987967168370149,0.504272699008493,1.57985612818568,0.800430491271452,2.39746471842933,1.20564636631715,8.2786457677726,4.08124586567201,39.6233288960855,19.2958570001716,1.51621615904948,0.395733917142825,1.3257686612173,0.350238155577643,1.86847409643127,0.477747502744416,2.89719885732128,0.705994690498002,4.18945031113324,0.976673864438304,14.4067054349767,2.88947777349188,70.1914234447453,12.4136268979028,3.01828829985024,0.52130040252401,2.52133864637905,0.444451047973673,3.49659905329434,0.593170848441225,5.46101969661537,0.87682452547616,7.73670579404125,1.18703858852918,28.5593967822351,3.80321009405512,142.391765716577,17.3368122728898
8.60000000000003,1.93893643553387,0.372816544040243,0.321773991894467,0.375125888142083,0.323779736934133,0.609041762434777,0.52609253776955,1.02179625737146,0.88352046873533,1.63861379877635,1.41814619376009,5.76858956669809,5.00152716755863,27.8245706703006,24.1463051301719,0.721898893778152,0.367049046734837,0.669376315118216,0.340747750790323,0.99963195511574,0.505291403248931,1.59737995654134,0.801514456656691,2.42156022032212,1.20546874794099,8.36449946648374,4.07683449177735,40.1183764927971,19.3105021034956,1.54917629846323,0.398216815936909,1.35254618765401,0.351977093060683,1.90525261714822,0.479922478315492,2.95489008819034,0.708600538617991,4.26983018537237,0.979015028436074,14.7293913529887,2.89874812193556,71.8277761698113,12.4900298529911,3.10395965325522,0.523029433066626,2.58848539073571,0.445854987102941,3.58827704678151,0.593849649097042,5.60709407073574,0.876559981809426,7.93895216256997,1.18479845481079,29.3906400422378,3.79245871447015,146.668802499408,17.3017253367146
8.80000000000001,1.96973844439194,0.374011343242667,0.321511928863571,0.376177871929428,0.323377229906081,0.61039190079369,0.525147631463352,1.02369919983859,0.881616330376649,1.64116872048726,1.41467662757888,5.77637044469098,4.98827982892724,27.8599362126878,24.0820142344171,0.732156219469404,0.368693673257066,0.678226756666724,0.341855693171662,1.01117946500929,0.506654065362842,1.614364140212,0.802408278896921,2.44466743697634,1.20539761930746,8.44224772166042,4.07635726495694,40.451234996286,19.2773775473794,1.58229028034634,0.400856183855792,1.37894574385994,0.353832951760796,1.9415927518772,0.481558042464149,3.01284778360163,0.710871336711451,4.35068060499882,0.981293442886229,15.0572491594655,2.90881526755824,73.5806746640363,12.5403772686559,3.19013104250314,0.524438763706692,2.65605217020501,0.44665655759654,3.6805772893697,0.594110217813427,5.75403356900436,0.875775988514534,8.14241712898585,1.18287833668976,30.2290699217337,3.78039081842682,150.985650151183,17.2633521909012
9,2,0.375230769961647,0.321284271618359,0.377249444572664,0.323020907765338,0.611769476091248,0.524260869681785,1.02564457050375,0.879788996308327,1.64378211404954,1.41134005108077,5.7843551055079,4.97550206839707,27.8962779758656,24.0160499495641,0.742383587595262,0.37059340988164,0.68681811309908,0.343275572107462,1.02257380229512,0.507672460577477,1.63138474897039,0.803370866651926,2.46793145789376,1.20509552921314,8.5226385258813,4.07087341999326,40.8477110833787,19.250743407034,1.61530972503177,0.403087427332304,1.40575750230637,0.355557404795267,1.97837853713375,0.48352817039141,3.07052185163182,0.713013222909176,4.43098300384419,0.98358877049405,15.3803663381021,2.91844568513765,75.1975076822635,12.5836998235359,3.27696379165099,0.525960384390274,2.72394299339501,0.447680972362189,3.77317146871775,0.594664141796025,5.90228223282301,0.875621762013718,8.34793403745542,1.18077694792615,31.084915406095,3.76749886665386,155.590579287213,17.1597026646477
9.19999999999997,2.02974661062705,0.376472130739989,0.321089578612027,0.37833837010038,0.322678206994472,0.613171466922375,0.523407695718068,1.02762787517344,0.878058450283723,1.64644785203158,1.40809727922395,5.79252339083146,4.96283742040556,27.9335016101878,23.9536116106897,0.752540995879679,0.372325140594341,0.69502363370243,0.344092146287524,1.03370716003554,0.508738388723306,1.64830605651163,0.803904468439973,2.49107955251166,1.2052345977191,8.60307460451806,4.0670822154945,41.2529793914579,19.2471904427445,1.64843132313591,0.405516320592192,1.43137042861535,0.356720234485483,2.01408812345153,0.485061579513148,3.12843343113392,0.715624998120547,4.51177545318237,0.985379739092647,15.7101217466548,2.92571347297641,76.9746532090157,12.6191735518603,3.36434347061939,0.527551184230084,2.79225195081523,0.448275937527257,3.86657784362764,0.595016307347811,6.05170545451905,0.874871610836179,8.55527818372023,1.17835648965785,31.9562387093388,3.7555094849589,160.37515008141,17.0821437149989
9.39999999999998,2.05900185083196,0.3777330176644,0.320920348528419,0.379442652429176,0.322378350662986,0.614595172616332,0.522604894040242,1.02964509163679,0.876396119894977,1.64916044854912,1.40497836419341,5.80085722224707,4.95076758088621,27.9715224440835,23.8954041700167,0.762618211973045,0.373969022813309,0.703473769118121,0.345475593908026,1.04499964340806,0.510147229860604,1.66507582676801,0.804971008645282,2.51400034455152,1.20492216620065,8.68240071378727,4.06569397856322,41.643039951196,19.21687733638,1.6814292097562,0.407669237947209,1.45815309844519,0.358283613405331,2.05077343544712,0.486767096634269,3.18593328909523,0.717510742677157,4.59176896354005,0.986880215930239,16.0322492129193,2.93427864779165,78.560512648455,12.6615005125171,3.45194312665533,0.529028411542943,2.85969870745421,0.449046987701963,3.95928460749486,0.595537119134104,6.20128168302467,0.874928933933589,8.76249518693928,1.17645709830959,32.8178895375228,3.74543263360957,164.755679546593,17.0169366763425
9.59999999999997,2.08778756086947,0.379011272666081,0.320787649548368,0.380560505201838,0.32210469875871,0.616038173122627,0.521837878225052,1.03169261091809,0.874805434861609,1.65191497952024,1.40196397254367,5.80934034411464,4.93901735865244,28.0102642900734,23.8372473996294,0.772581730473348,0.375465731122871,0.711996375161909,0.346734510774828,1.05619795718384,0.510909920787411,1.68158754982594,0.805931739700885,2.53648218272294,1.20515968043425,8.75859573658137,4.05998792138267,41.9746171922785,19.2266913588478,1.71458504326557,0.409775394507363,1.4846781563733,0.360152196542604,2.08736828486517,0.48837089490461,3.24375303579169,0.719799905678618,4.6723930772032,0.988517212297357,16.362210557402,2.94056263370734,80.3525734539978,12.6910515559886,3.54010502181606,0.530518241813473,2.92978242348551,0.450346147082464,4.05427801525633,0.596085638189228,6.35203739708,0.874484630013033,8.97152563642034,1.1744456572071,33.6942337282157,3.73558977276304,169.292410261658,16.9587642335268
9.8,2.11612402036781,0.380304957079154,0.320667547349502,0.38169032608084,0.321839761611243,0.61749829480536,0.521111945325399,1.03376718716244,0.873252700620766,1.65470701463155,1.39901948998107,5.81795810412987,4.92760139969567,28.0496584256889,23.7800068813824,0.782554083963185,0.377125838234092,0.720322643041006,0.347705522216457,1.06735347174657,0.511747668410821,1.69825311005923,0.806699238216211,2.55934614571858,1.20429597992121,8.83950530678201,4.05855324639299,42.4126888695567,19.198228487817,1.74772294367877,0.412092297764435,1.51093767530226,0.361486246497939,2.12360186020037,0.490031387792695,3.30153131312613,0.7216110686141,4.75297538135943,0.989627390368981,16.6932931569188,2.94677466792692,82.1656682380012,12.7193160299012,3.6290737778142,0.532127569092178,2.99803826272331,0.451572885920029,4.14839832231735,0.596745009696612,6.50469832786181,0.874939964640319,9.18377566176216,1.17234925853031,34.604290563543,3.72848085209104,174.462527946437,16.8813765997378
9.99999999999999,2.14403010022796,0.38161232556272,0.320585133549579,0.382830674738382,0.321606607277618,0.618973581141205,0.520422654395712,1.03586589468778,0.871783418074379,1.65753255902661,1.3962220379723,5.82669726517638,4.91666570356739,28.0896427195929,23.7231497810803,0.792394565594385,0.378941394233529,0.728492310981003,0.348906898878813,1.07824573362771,0.51271503827262,1.71460221345495,0.807252814264293,2.58165230636843,1.20475546191797,8.916105224397,4.05368809298943,42.766036794777,19.1322224651843,1.78080549476509,0.414281854255519,1.53643847919817,0.362608305216945,2.15920914779208,0.491345578493944,3.35924903923062,0.723566132638856,4.83346873071425,0.991429626376178,17.0247865804237,2.95453481931624,83.9492484273645,12.7349941681286,3.71819360233806,0.533469788412234,3.06752378479917,0.452417065007456,4.24336405702326,0.59733820638315,6.65724984223734,0.874918408439728,9.3954116602145,1.17097531562113,35.4983758120056,3.71588055023871,179.112057464239,16.8481608286354
10.2,2.17152339599684,0.382931803664548,0.320527210094768,0.383980253930305,0.321406607139548,0.620462267509747,0.519760994700828,1.03798609101901,0.870375488961615,1.66038800311038,1.39346138528599,5.83554584330087,4.9058658182442,28.1301608789317,23.6687072814274,0.802131490851396,0.380538012008788,0.73665890711032,0.349953185188912,1.08909193348861,0.513860467081213,1.73071476034123,0.808093335926021,2.60355590525664,1.20432404926753,8.98980601634392,4.05366967818886,43.0653292066299,19.129565305115,1.81378261988765,0.416254684180375,1.56309156959013,0.364170088016463,2.19565320746782,0.493024878487961,3.41655026031469,0.725459571677417,4.91315382497852,0.993354919718415,17.3481695287904,2.96091798549352,85.5496922502933,12.751836418847,3.80793388811734,0.534921973044635,3.13685501748417,0.453238893061201,4.33854114598331,0.597505998450562,6.81109316792215,0.874706509642926,9.60905304380424,1.16902123631437,36.4093969998569,3.70510462175106,183.981553681968,16.7483530584328
10.4,2.19862034540709,0.384261968439495,0.320470600125268,0.385137893155998,0.321200217991946,0.621962759416606,0.519129970745859,1.04012538494133,0.86899058796456,1.66327007916375,1.39080368545929,5.84449296761104,4.89541886304849,28.1711617984203,23.6149799135964,0.811901151220302,0.381958581405901,0.744803423657765,0.350922356304883,1.09994278288521,0.514823325914384,1.7470515171059,0.808711455848521,2.62597506959503,1.2040301034512,9.06944590400205,4.04895965330058,43.4962181814118,19.1113738095761,1.84694883265496,0.418278388608481,1.5905135184385,0.365669588941768,2.23271441084222,0.494392674772129,3.47421372274996,0.727751459281096,4.99347642933877,0.995508229254866,17.6782146990623,2.96831665874712,87.308494037294,12.7611124728194,3.89842901307692,0.536439331361021,3.20640794705436,0.453879038277371,4.43422621333926,0.597864745905653,6.96666004339349,0.874424914691314,9.82553235455184,1.16718717698913,37.3488570753709,3.6978490973323,189.344101846476,16.7015417575904
10.6,2.22533633232504,0.385601531642951,0.320438920310654,0.386302534497403,0.321017267778084,0.62347361361029,0.518524278887871,1.04228160878569,0.867664315543954,1.66617582370075,1.38821717716326,5.85352875866239,4.88528715764154,28.2125989952415,23.5655150361569,0.821589632749617,0.383615891573172,0.752762799948716,0.352064512099866,1.11066269546355,0.515550015753817,1.76321720699225,0.809724831366725,2.64811602093791,1.20358929362045,9.14731053648353,4.04805331564665,43.8961247317742,19.0908056734613,1.88015049540636,0.420186063059846,1.61763417794152,0.367705136530823,2.26955635820052,0.495944775988344,3.53186962918403,0.729965581462946,5.07374255682199,0.997052180191326,18.0076358973517,2.97240675764894,89.0415175680986,12.8003728889799,3.98921551195371,0.537462486691885,3.27403195339737,0.454370818809611,4.52835439920944,0.598124131154243,7.12240726911664,0.874159931464192,10.041853849701,1.16512798019551,38.2756207028363,3.68777203635584,194.233721672136,16.6277790793734
10.8,2.25168577898244,0.386949325104774,0.320418723359249,0.387473220302582,0.320857931752765,0.624993521649445,0.517947800405245,1.04445279429906,0.866384426989914,1.66910254469019,1.38573369453475,5.86264422250969,4.87549869104404,28.2544301166374,23.5165975899881,0.831142630256544,0.385122827425067,0.760582439656144,0.352787784615491,1.12114888857988,0.516262807250114,1.77901777960653,0.810468829551736,2.66959002914661,1.20324535674762,9.21959013622034,4.04276093230306,44.1856203169738,19.0781968362749,1.91345376214157,0.422048795302087,1.6441354640558,0.369130471983604,2.30596542379231,0.497520930630564,3.58977579580965,0.7316014265315,5.15449803979694,0.999160086846823,18.3433955615832,2.97884658370828,90.9238429013461,12.836803805041,4.08074994719016,0.538522359119801,3.34326973941965,0.455007711557954,4.62417489507776,0.598348576492359,7.27979703029339,0.874193174404308,10.2608427171282,1.16376242261443,39.2283576524988,3.67792260209536,199.573808642228,16.5631848163237
11,2.27768222806872,0.388304287957746,0.320428698790975,0.388649082437428,0.320720364303928,0.626521295554119,0.517407898801864,1.0466371515643,0.865163174205351,1.67204779291616,1.38329781172892,5.87183115808878,4.86584323493809,28.2966165093858,23.4695540036475,0.840753607836564,0.386444346730501,0.768931984692936,0.353924405344373,1.13210648405291,0.517367082925462,1.79511325987945,0.811054377674925,2.69171300903571,1.20335533756162,9.29904606469075,4.03698616013245,44.6329470335289,19.0585825493929,1.94655047513447,0.423698626358706,1.66858446258244,0.369975728177657,2.34062703886924,0.498457503288706,3.64714924221234,0.733375998171899,5.23429990039368,1.00008796756245,18.6705454442118,2.98490772272606,92.603270342481,12.8752303932387,4.1728379133992,0.539731256573247,3.41518284822644,0.455895205754705,4.72250036341757,0.59897369412368,7.43822512494577,0.874469270024982,10.4813580632014,1.16239903416953,40.1921610214513,3.66884669074121,205.026623934917,16.6122799097895
11.1999999999999,2.30333841601573,0.389665455449654,0.320440949197951,0.389829332875968,0.320578431352479,0.628055855236643,0.516888933057384,1.04883305052512,0.863975411071494,1.67500933687413,1.38093789922892,5.88108207598867,4.85647860747415,28.3391228421382,23.4220110884445,0.850215983889162,0.387912699136176,0.77656110345402,0.354750503405476,1.14238646162477,0.517771230349929,1.81083206437354,0.811471626659677,2.71315138200584,1.20347740541188,9.37280175210218,4.03579200143673,44.9637048965163,19.0171735153078,1.97973206175292,0.425527293282584,1.69425686734813,0.370978929516411,2.37634388124055,0.499827042377216,3.70468972775326,0.734768670915757,5.31440699419797,1.00098671538511,19.0014959215005,2.98943944587403,94.3704415777515,12.9025693442523,4.2653454255921,0.541047693422867,3.48646159265546,0.456572407087849,4.82045624334799,0.59944051760776,7.59729075280466,0.874279608793275,10.7026126626753,1.16122846622402,41.1556964436848,3.65933770556375,210.290929148714,16.5077468275976
11.4,2.32866633860425,0.391031949112962,0.320467272202846,0.391013255437685,0.320453244377328,0.629596217458122,0.516388592471589,1.05103900474496,0.862831551290048,1.67798514069928,1.37862852662704,5.89039012699481,4.84726246329865,28.3819167731281,23.3740942875465,0.859688790762808,0.389281759797697,0.784586765345267,0.355808783326947,1.1530356658826,0.518626135922895,1.82668323419529,0.812395895350304,2.73491023227671,1.20284593313799,9.45050740697505,4.03330149336832,45.3829993644364,18.9916615920106,2.01288438973413,0.427405306709486,1.72090634567528,0.372325199495108,2.4126417310941,0.501180422292236,3.76208918282333,0.736903662188015,5.3942223144335,1.00281081261667,19.329410451405,2.99493960991423,96.0519698731431,12.9119744781881,4.35812707326756,0.541991482212387,3.55877513071956,0.457586174631109,4.91941112518662,0.60002147497626,7.75667542825979,0.874446198013026,10.9240553137974,1.15966589995388,42.1126004994425,3.65493552216942,215.200068406404,16.4500981801653
11.6,2.35367730985473,0.39240296810255,0.320513276298589,0.392200198511299,0.32034597136303,0.631141486097497,0.515906910861487,1.05325365708847,0.861729682198854,1.68097334470473,1.37638845717201,5.8997490390448,4.83844194319034,28.4249686569281,23.3279791366097,0.868989129491652,0.390718061896161,0.792309077040134,0.356782532326571,1.16334155123831,0.519430698175686,1.84205262049455,0.812958605594703,2.75576744344345,1.20266288634024,9.52025133656053,4.02618422093575,45.6387911520739,18.978264378886,2.0460404627711,0.429242174793059,1.74738900773635,0.37371306538433,2.44895839190399,0.502564150339429,3.8195482343675,0.738085036600836,5.47415874985481,1.0039833467454,19.6594440607193,2.99854338956521,97.7515810563144,12.9145760284648,4.45149053835099,0.543267638773276,3.62911838252118,0.458223396211585,5.01686258147983,0.600015228885323,7.91736454940392,0.874101484181383,11.1476081062781,1.15823378057751,43.0903759849418,3.64956698848291,220.438248129842,16.4085085208711
11.8,2.37838201502463,0.393777781541947,0.320559749883095,0.393389568629889,0.320246461262156,0.632690843553889,0.515439389539299,1.05547576706367,0.860644167768663,1.68397224817436,1.37421858096866,5.90915306145328,4.82946648822585,28.4682512849611,23.2834890865406,0.878293321057912,0.392007936066796,0.799340533196726,0.357329957176666,1.17314226178768,0.51994819769789,1.85751223016077,0.813225260788064,2.77685661289443,1.20233862059586,9.59301668729885,4.02611885228928,45.9652834247235,18.9575737126415,2.07916959502596,0.430829639171565,1.77416512216696,0.374946062319035,2.48538006153021,0.503741951780659,3.87692482271577,0.739655536063257,5.55395723489627,1.00503685088386,19.9889003325421,3.0024262906802,99.4333224611077,12.9329612384571,4.54540888017361,0.544410987372358,3.70119731004521,0.459078113323382,5.11627619040121,0.600341867935487,8.07921446996443,0.874372029382724,11.3729511469559,1.15692055338338,44.083606948211,3.6413668557947,225.860137396491,16.3533095531711
12,2.40279055841865,0.395155721743151,0.320620523421669,0.39458082478311,0.320159549546176,0.634243543130599,0.514995134182555,1.05770419960297,0.859599145447719,1.68698029410912,1.37207961324625,5.91859691543801,4.82112363063738,28.5117396552778,23.2405892114997,0.887616932023218,0.393167843578288,0.807493671940698,0.358381370365919,1.18383238305453,0.520731006498554,1.8731122648364,0.814290205861303,2.79827448116207,1.20215300028589,9.66972900305996,4.02530091686501,46.381129890735,18.9682740164019,2.11232633291119,0.432618347985691,1.80151868674958,0.376321402050441,2.5222595986445,0.505260613363193,3.93433409803209,0.740986454814301,5.63382220820543,1.00637554597175,20.3197819205363,3.00818142052481,101.15051675161,12.9697206490911,4.63993255200215,0.545424985652853,3.77396925776206,0.459816578618026,5.21627234095887,0.600806635254559,8.2422673523728,0.874229985771375,11.6001126570607,1.15557902019862,45.0914595882959,3.63571081163961,231.45242030357,16.3276014225275
12.2,2.4269125066197,0.396536178185566,0.320692585665169,0.395773473369643,0.320077815534903,0.635798902272102,0.514571438646894,1.05993791509509,0.858604655398231,1.68999605567198,1.37000505174152,5.92807575012596,4.81261311236905,28.5554107677769,23.1973013150546,0.896803274602797,0.394697951135917,0.815321929235268,0.359411148237076,1.1940860975134,0.521553236769904,1.88836669157504,0.814791821319856,2.81906453622083,1.20175832525971,9.74115897612362,4.02272211314317,46.6881032568006,18.9293105194348,2.14547557530716,0.434500082704819,1.82774363795314,0.377509494294078,2.55824220489948,0.506602966676208,3.9916601283166,0.742504648144785,5.71351398625591,1.00714937477354,20.6489730671436,3.0125618704271,102.822968292577,12.9509338555935,4.73522857834707,0.546319367532663,3.84577797776259,0.46019447578945,5.31595330284463,0.600943539521499,8.4068437311073,0.873948197291089,11.829638913274,1.15457277628673,46.1200584640782,3.62520171158647,237.40337971342,16.2699372852607
12.4,2.45075692766633,0.397918592156542,0.320778436737023,0.396967063707347,0.320008217955237,0.637356296544475,0.514169919588794,1.06217596050744,0.857615049362577,1.69301822411382,1.36798302247539,5.93758510333955,4.80456608786372,28.5992434416331,23.1563859811827,0.906058497150097,0.395619746944366,0.823062325304657,0.360276413303759,1.20444141378125,0.522376723834229,1.90390626882823,0.8154226185129,2.84046528166572,1.20184322150227,9.81924564111309,4.02016346457517,47.1436358075521,18.8843417116991,2.17877888009411,0.435975870258215,1.8544417560961,0.378811586083266,2.59469540872426,0.507711874045869,4.0495097061928,0.743792033785406,5.79424532464528,1.0081286166925,20.9915139199822,3.01674783499795,104.79410569533,12.9760197590091,4.83070616274229,0.547448745983683,3.91937678985759,0.460973974894453,5.41710491289222,0.601413835536169,8.57125457408539,0.874290671954783,12.0583324379967,1.15324126497867,47.1247081746462,3.61896231426669,242.576645295474,16.2324874662531
12.6,2.47433242663209,0.399302451970182,0.320869669321199,0.398161184030646,0.319954472290408,0.638915154265578,0.51377937086775,1.06441746146212,0.856673621761635,1.69604559799444,1.3660246277631,5.94712086656457,4.796468244594,28.6432181521508,23.1187067308565,0.91513877683133,0.396889182197304,0.830312844704837,0.360997944561516,1.21427886889962,0.522811251032286,1.91897087426854,0.815684382582662,2.86098028853105,1.20156890303383,9.88947942534904,4.01621857122456,47.4357877745083,18.8807522691415,2.21196874431074,0.437739759923373,1.88145754115772,0.380190947463436,2.63146038293966,0.50912518727759,4.10704616875045,0.745292605430709,5.87439233946208,1.00923656917594,21.3282052993225,3.02084556562953,106.61328542148,12.9620690648584,4.92693888237574,0.548508158594905,3.99215355604179,0.461497722472768,5.51781651986125,0.601608631718556,8.73730971116153,0.874300164460306,12.2897064404271,1.15195981725769,48.1567668201689,3.61233401148256,248.266137039126,16.220890094831
12.8,2.49764717800315,0.400687288692948,0.32096380215134,0.399355457914704,0.319905653549687,0.640474951704688,0.513408090451605,1.06666161514796,0.855734258742984,1.69907707353909,1.36407747575562,5.95667925358608,4.78877230355512,28.6873168846604,23.0762286680426,0.924244264974985,0.3981513519036,0.83781001124754,0.361909830411444,1.22438567533175,0.523684904282061,1.93418732494365,0.816286566889027,2.88184023269938,1.20168666107183,9.96375891266768,4.01380176776248,47.8186117565421,18.875011731184,2.24513145766386,0.43928785895854,1.90756463991418,0.38126265126852,2.66735660934243,0.510070439015334,4.16452077602242,0.746805688863133,5.95441561283768,1.00983726867863,21.6639231497288,3.02232641253317,108.381831060398,13.0023295208814,5.02359974966681,0.549591895654933,4.06682225789768,0.462160950895494,5.62041186102828,0.602199617733531,8.90425685048448,0.874299973925713,12.5223971794483,1.15089412892969,49.198834334865,3.60427532610465,253.980060479088,16.166309743901
13,2.52070895519976,0.402072672314566,0.3210749176756,0.400549541074424,0.319863819204652,0.642035208782464,0.513058144449259,1.0689076839673,0.854844885291185,1.70211163599334,1.36219732151979,5.96625677235038,4.78103401383624,28.7315230034037,23.038135538325,0.933284523083516,0.399311993566788,0.845187327948597,0.362455745651988,1.23429035938778,0.524534222611113,1.94926919541798,0.817108546896797,2.90248132934117,1.20135177038823,10.0366054108553,4.010093530305,48.1751298577154,18.8659167829336,2.27834125898896,0.440875137110404,1.93328278277352,0.382337947283483,2.70302595823087,0.511178197912779,4.22216984895669,0.748190474655581,6.03476956147189,1.01080956547927,22.0040337302908,3.02613259351999,110.222116805923,13.0164451557217,5.12070425986311,0.550348317884728,4.14360004893789,0.462798464359564,5.72491668606955,0.602634432138013,9.07180802167885,0.873989720541876,12.7556911798092,1.14942021277463,50.2361479081222,3.59923365997271,259.365555416691,16.1156108396561
13.2,2.54352515754396,0.403458208311214,0.321188158443967,0.401743118493457,0.319817513374349,0.64359548521165,0.512704430936555,1.07115498983047,0.853974898569337,1.70514835185781,1.36035418087711,5.97585019967153,4.77354336673641,28.7758211336406,23.0002090571144,0.942255272378917,0.400080025210919,0.852778912085378,0.363156023451397,1.24427537308224,0.524578699296281,1.96420056142982,0.817141583989776,2.92287180517412,1.20061023033178,10.1076936757401,4.0059793110905,48.4986216453986,18.8141702928922,2.31140399100244,0.442099469623568,1.95931854373014,0.383105613490768,2.73875736729914,0.512069384725188,4.27947745785211,0.748931779896022,6.11447840003434,1.01133229217637,22.3372465889399,3.02857291422742,111.85084289732,13.0202837635846,5.21867560558209,0.551288745671298,4.21694808816724,0.46334265067099,5.82681481291916,0.60286042868073,9.24114401445489,0.873949701540415,12.9918538889722,1.14824527610225,51.301829244189,3.591655007709,265.322788490687,16.0988320894689
13.4,2.5661028349387,0.404843534555028,0.321304257857173,0.402935901844425,0.319794355759742,0.645155377026907,0.512369922511469,1.07340290902227,0.853136984453224,1.70818636190012,1.35855826789517,5.98545655845174,4.76623420230579,28.8201970554432,22.9621907902698,0.951261126263824,0.401460453389723,0.860217592167661,0.364088941869305,1.25430197794846,0.525412421149812,1.97930987600874,0.817378648956865,2.94365701847424,1.20059583156046,10.1833256640317,4.00535060285943,48.9242483464884,18.8056870320954,2.34459590537793,0.44374292328679,1.9844408056302,0.384085140406396,2.77390755037928,0.513022436077629,4.33698662566939,0.750129989126529,6.19451870282412,1.01225994697613,22.6737888358535,3.03212709751883,113.572515785735,13.0189315518349,5.31702946792295,0.552231023610875,4.29142906437732,0.464186449732651,5.92986252839228,0.603105778922131,9.41117801097816,0.873696815668412,13.228897335956,1.14635068769352,52.3694139820101,3.58500932795915,271.058416283966,16.0844320768248
13.6,2.58844871049157,0.406228318530126,0.321429467628901,0.404127627166722,0.319763446186831,0.646714513458973,0.512048588648358,1.07565086757478,0.8523180490864,1.71122487485505,1.35679930376999,5.99507309712875,4.75905011980357,28.864637607841,22.9259997619449,0.960239893872417,0.402562958296979,0.867569941969039,0.364819027865198,1.26422164464706,0.525967866345037,1.99440145036362,0.817853681344422,2.96444954846513,1.20016120014909,10.2596929883163,3.99917712525775,49.3695500252878,18.8010616040501,2.37784221624674,0.445380494183514,2.01105060214125,0.385085260676652,2.8102165009259,0.514151913471847,4.39449191320313,0.751777785331323,6.2745363998311,1.0133476492501,23.0102528097867,3.03621804685369,115.330573115586,13.0243101994104,5.41593315710054,0.553452314444634,4.36680713222664,0.464846286932525,6.03397435383618,0.603495239223639,9.58237619285243,0.873661580444591,13.4677371216029,1.14542275437494,53.4530083072826,3.57782204074714,276.97705063916,16.0374259392116
13.8,2.61056920128876,0.407612254820451,0.321563838527849,0.405318052772644,0.319754172985506,0.648272554114246,0.511747344279534,1.07789833708959,0.851525627653019,1.71426316173542,1.35509000480112,6.00469727110031,4.75201515962733,28.9091306021624,22.8899137834709,0.969047279020428,0.40370151838484,0.875077415358485,0.36569049757625,1.27408906772385,0.526902492700429,2.00900217141249,0.818411872156636,2.9843143028571,1.19983554065123,10.3275327199662,3.99820957001203,49.6364801286713,18.7658546718985,2.41115708674523,0.44690922858011,2.03662031993916,0.385949608827125,2.84573610288326,0.515135291425745,4.45223001857922,0.75295567521916,6.35500251213341,1.01444942101875,23.3526629057656,3.03763765611434,117.205843127399,13.0506301317855,5.51541504941011,0.554126938199183,4.44279184893377,0.465487061469188,6.13888088499903,0.603885292906066,9.75452426918314,0.873648449169135,13.7078712030307,1.14465918314044,54.5426888196573,3.57308157818681,282.908724622543,16.0289965520389
14,2.632470437501,0.408995062839214,0.321704676765519,0.406506957356323,0.319745703989046,0.649829186425733,0.511456061920124,1.08014483095947,0.850746463575773,1.71730055068597,1.35339744607332,6.01432672590785,4.74497502524206,28.9536647435536,22.8530840345274,0.977899054536963,0.404761844705864,0.881990684740373,0.366114027276764,1.28361132204122,0.527118435256307,2.02380891220298,0.819274081748032,3.00462793786118,1.19940234534235,10.4004536317763,3.99552493340403,50.017456082896,18.7470186380223,2.44453123549467,0.448340519169442,2.06286212232247,0.386968105594061,2.88181896741828,0.515881602680959,4.5100586967378,0.754352686892852,6.43561398761736,1.01473745032079,23.6967757147627,3.0403428719869,119.120744184294,13.0785552004782,5.61569258406526,0.555155921812266,4.51851466722907,0.465921325552001,6.24377028234906,0.60419694552969,9.92836423236578,0.873619900449063,13.9507463948985,1.14330435205289,55.6608431826946,3.56516134892253,289.402769754924,15.9951844165271
14.2,2.65415827998245,0.410376484773456,0.321844850741619,0.407694138283166,0.31973472470783,0.651384123345709,0.511169739092972,1.08238990094596,0.849985583822631,1.72033642232115,1.35175649092135,6.02395928198805,4.73839159691521,28.9982295597982,22.8195149311207,0.986712337960327,0.405871785710669,0.889382179987037,0.366863798070583,1.29337573216505,0.527738508888907,2.03855481318288,0.819574555487587,3.02486153431293,1.19921271697401,10.4732036124032,3.99432434143732,50.3987680160768,18.7830416811355,2.4778107118309,0.449599117518579,2.08847356046808,0.387826067456631,2.9173291874703,0.516785998703623,4.56748705710175,0.755402124735044,6.51544273870544,1.01548603551979,24.0315497700558,3.04364907182107,120.834058021073,13.0770469362061,5.71640243239634,0.555909561466247,4.5940480101446,0.466453797774864,6.34869154632826,0.604422361068672,10.1029166643374,0.873669911957897,14.1945230847732,1.14230841617445,56.7810400523183,3.56065935093023,295.75226173497,15.960355538535
14.4,2.6756383365054,0.41175628372058,0.321988484657195,0.408879410040254,0.319743552138854,0.652937101253993,0.510897693662095,1.08463313407467,0.849244470089518,1.72337020549483,1.35014354046547,6.03359292082525,4.73182635668761,29.0428153366471,22.7844373941486,0.995420982857008,0.406818286505886,0.896554325674178,0.367430351811702,1.30303630958738,0.527994372545597,2.05302983662922,0.819904201007917,3.04459986808622,1.19889303298008,10.5416413707874,3.99087997657793,50.6902428732865,18.7389975519589,2.51120483133672,0.451053907069641,2.11461027085348,0.388626775256324,2.95325179528152,0.517847754026785,4.62524192449704,0.756307701516875,6.59590233803626,1.01650572399598,24.3745786259278,3.04675276645735,122.74241889328,13.1051351046369,5.8175467433682,0.556896166495219,4.66929391563988,0.466939985739849,6.45352482575164,0.60464948074379,10.2782244309099,0.873565899734553,14.4392997176487,1.1416540148081,57.9051206666993,3.55562687760218,301.997577386248,15.8953973167731
14.6,2.69691597675802,0.413134241996457,0.322138361439621,0.410062602830541,0.31974055342441,0.65448787805896,0.510633109179233,1.0868741498147,0.848530628570403,1.72640137345646,1.34854948747464,6.04322577235715,4.72521838606982,29.087413058986,22.7534155284046,1.00413430081421,0.407985893092636,0.904045737562785,0.368446831036467,1.312850301308,0.529029134473626,2.06758352695223,0.820608310289452,3.0645345281865,1.1986038711061,10.6126606252159,3.98924575822599,51.0416181493638,18.7575051291602,2.54450193548406,0.452453666168123,2.14049820983389,0.389681929181215,2.98893841236115,0.51861905457469,4.6828188843558,0.757519987198909,6.67604075937796,1.01717683319556,24.7145654296466,3.04813417530982,124.53349113714,13.1038518124854,5.91927138020736,0.557829196462095,4.74657924550823,0.467508334759926,6.56042408631055,0.60475625430648,10.45458907671,0.873606802444636,14.6855840314676,1.14066875241763,59.0387520915747,3.55136508334089,308.291455483629,15.8592276800387
14.8,2.71799634621836,0.414510159597194,0.322292440134082,0.411243561295757,0.319747083208915,0.656036231471151,0.510372381848877,1.08911259751259,0.847825801728095,1.72942944035327,1.34699199036102,6.05285610350472,4.7187226410789,29.1320143572326,22.7195726414943,1.01277670074347,0.409076686898356,0.911178168621011,0.369335748761489,1.32240626373097,0.529759063173216,2.08196710788718,0.821168167150525,3.08417187669096,1.19860744803728,10.6813094112949,3.98668562878638,51.3461796894771,18.7147946686824,2.57787416414858,0.453650897747759,2.16751563744798,0.390552273829575,3.02561179886602,0.519466743220933,4.74060116576161,0.758344466415549,6.75657225151406,1.01770921995909,25.0598445090711,3.04774052213368,126.446375927205,13.1295502254884,6.02157063857335,0.558413145584362,4.8230791455238,0.467959247095195,6.66680431787772,0.60485655938218,10.631926282603,0.873666191338675,14.9331778679059,1.13950221303631,60.17783602862,3.54528026875792,314.52816635358,15.8351420466633
15,2.73888437900616,0.415883852798719,0.32244976944229,0.412422143354681,0.319767308081193,0.657581957431697,0.510126585519519,1.09134815405465,0.847151874491116,1.73245395804332,1.34548827560208,6.0624823077107,4.71253528743714,29.1766114584323,22.6879959353345,1.02144212867488,0.40987807172705,0.918021322905136,0.369402695544546,1.33178688914511,0.529997873632366,2.09648031995578,0.821421526882327,3.10410015864013,1.1986424031103,10.7534107319066,3.98506455112975,51.728504994039,18.6902846061876,2.61121957794244,0.455162618883494,2.19372114955301,0.391582435323083,3.0615737644997,0.52063905757818,4.79830232705981,0.759426811434786,6.83695384934977,1.01874962092411,25.403862107523,3.0515299606585,128.32082980632,13.1319481993903,6.1244338493682,0.559118784844864,4.90015568857206,0.468275142625336,6.77388386088203,0.604964817540669,10.810297023371,0.873325257807154,15.1822321006388,1.13852180911967,61.3256238562305,3.54040659362462,320.770037785158,15.8123723641672
15.2,2.75958480980281,0.417255152880218,0.322612904879185,0.413598219145021,0.319786403345656,0.659124868679817,0.509893625996965,1.09358052173472,0.84648464849743,1.7354745131878,1.34400160475819,6.07210289538647,4.70623227228653,29.2211971415816,22.6547028446296,1.03002902894916,0.411021092653174,0.925398168106931,0.370401416470229,1.34143199011702,0.530608605257414,2.11081053799147,0.821553267411095,3.12370816167585,1.19818196194378,10.8229438016309,3.98206528917703,52.0584383168067,18.6569993380017,2.64453766047,0.456385520045075,2.22019131594402,0.392677248248457,3.0978047265719,0.521643187637955,4.85592429872368,0.760469938683891,6.91718318678676,1.01951010319416,25.7464237595439,3.05324287672546,130.145679589177,13.1337743994937,6.22782312395695,0.559744971900565,4.97792696678937,0.468850715626939,6.88182906679479,0.60522178699544,10.9896549350178,0.87301471273149,15.4327021018718,1.13729455225664,62.4827068523264,3.53449623523127,327.039423850922,15.7992805338815
15.3999999999999,2.78010218492096,0.418623904959013,0.322786801861183,0.414771670058483,0.319806598463529,0.660664793445509,0.509671591731853,1.09580942630671,0.845847820133908,1.73849072459497,1.34256260235985,6.08171648517674,4.70029754247277,29.2657646967613,22.6249489337412,1.0385667030197,0.411911031628847,0.932254771002714,0.371021468127861,1.35076306358407,0.531034510367856,2.12503318008974,0.822060561598198,3.14313804570497,1.19773055478436,10.8912243082978,3.98053388984545,52.3652502350254,18.6476026651693,2.67780905591077,0.45749351515708,2.24720391924792,0.393592799914921,3.13433736156754,0.522592483445395,4.9134555354692,0.761612641262662,6.99724975016796,1.01971379737006,26.0876177454705,3.05466641064915,131.912283190815,13.1525219208256,6.33184727046231,0.56027959712876,5.05639425913453,0.469378536732227,6.99063466182809,0.605413631583597,11.170285013287,0.872910930934673,15.6851487569763,1.13610216877546,63.6582698091992,3.52776938990294,333.622960507148,15.7345269576687
15.6,2.80044087259686,0.419989966925896,0.322950092535322,0.41594238785977,0.319828583432975,0.662201574255036,0.509448236768772,1.09803461520394,0.845208685603017,1.74150224079083,1.34112527646546,6.09132179596248,4.69426372172164,29.3103078877106,22.5932359556807,1.04711684025762,0.412915716020411,0.93896196980425,0.371387038770297,1.35994628015206,0.531645871706489,2.13935177701978,0.822395849312896,3.16279233743904,1.19765522815374,10.9623071319687,3.9798558050551,52.7358859406432,18.6471737979538,2.71108535005548,0.458547958250335,2.27289628537924,0.394202027412553,3.16983482555999,0.523222392249295,4.97106530921392,0.762309517368285,7.07749117713008,1.02008980686617,26.4319502951392,3.05748996982753,133.734065463962,13.1415735294723,6.43653843285315,0.561122416210689,5.13394021173507,0.469791763203714,7.09890567856215,0.60557802603143,11.3523573553957,0.872939561393965,15.9399025776353,1.1349581553792,64.8577752739603,3.52358017301614,340.620527015683,15.7296442711162
15.8,2.82060507257085,0.421353208471124,0.323118709821772,0.417110273881308,0.319860386096926,0.663735066838239,0.509234198451972,1.10025585590893,0.844595821915045,1.74450873779487,1.33971077452637,6.10091763953109,4.68834780809436,29.3548209175082,22.5619031371075,1.05569376189246,0.413855881380912,0.946357890077857,0.372084215423945,1.36964885378532,0.531973636173052,2.15380810577966,0.82263305259981,3.18275046444784,1.19731641404006,11.0369657754701,3.97687545979789,53.1869807876714,18.5980933167978,2.74439414927208,0.459521267631145,2.29882110670881,0.395184426423579,3.20556287153124,0.524383761298324,5.02876301141977,0.763327452521132,7.15789374980855,1.02062715946893,26.7785741088765,3.06037100796976,135.596613113776,13.1309302427284,6.5417265456365,0.561926661580525,5.21174962686276,0.470191046931175,7.20750297054005,0.605825654230234,11.5352600625134,0.87296640619137,16.1957306889086,1.13412948565549,66.0602292150939,3.51936516205389,347.477247077981,15.7118911514218
16,2.84059882501572,0.422713510192392,0.323287687619145,0.418275238286369,0.319889242379722,0.665265139127897,0.509031280005445,1.10247293445946,0.843989130904364,1.74750991708102,1.33833373334046,6.11050291385026,4.68267312729185,29.3992983970687,22.5331795183231,1.06403434321144,0.41476976615691,0.953232290261819,0.372785666319649,1.37886744853679,0.532475971203421,2.16757183544903,0.823289824421736,3.20138583268652,1.19702980083776,11.0989735454925,3.97245360888523,53.3688795100692,18.5794526553491,2.77764833971649,0.46065809653522,2.32290387059852,0.395586774278553,3.23980525363287,0.524972186810463,5.08623560882582,0.764037050190917,7.23784007758728,1.02122026716686,27.1192852731627,3.06099165674626,137.309379222625,13.1587792312711,6.64754524014993,0.562514755807935,5.29176202992252,0.470550984511508,7.31839233092384,0.606144195296308,11.7192657525103,0.872765040514706,16.4531548478267,1.13334477716831,67.2737702373495,3.51420945148203,354.497528666273,15.6597474970879
16.2,2.86042601886603,0.424070762776995,0.323460303969631,0.419437199394096,0.31992250492709,0.6667916703424,0.508827363611342,1.10468565407789,0.84339099494574,1.75050550370657,1.33696862473083,6.12007659688951,4.6769150786514,29.443735316192,22.503340855883,1.07246449776548,0.415583327549686,0.960428180432164,0.373507463556957,1.38833897906974,0.533237100969089,2.18166360519622,0.823411108645937,3.22069762243359,1.19677633807581,11.1682619703305,3.96891285586499,53.7125082329389,18.590340367049,2.81101142338382,0.462128529414476,2.34881380781342,0.396421935726085,3.27542052959928,0.525772596772364,5.14401685794532,0.765257673419471,7.31837091476247,1.02164743174195,27.4676445167965,3.06395024054815,139.197557615585,13.1489546714697,6.75380963010349,0.563352082947132,5.37221529465621,0.471107647382763,7.42975431263187,0.606439693695078,11.903966416153,0.872688218235588,16.7113907298854,1.13266570834319,68.4858639443701,3.5081205448844,361.24136932026,15.6192120990887
16.4,2.88009039959704,0.42542486625123,0.323644288446145,0.420596083060555,0.319963826835824,0.668314550143924,0.508645745571689,1.10689383391228,0.842842074263675,1.7534952445933,1.33565748481046,6.12963774093815,4.6713120986625,29.4881270169287,22.4736526377113,1.0809079114487,0.416336982724142,0.966968804844786,0.373812831603838,1.39737342081557,0.533428628933453,2.19585106726379,0.823590348893535,3.24023026370253,1.1965497043348,11.2402981495742,3.96672320285745,54.1183116339261,18.573250361589,2.84442381872368,0.463168756189688,2.37545473678141,0.397424157907028,3.31181547289164,0.526572182203288,5.20197803673628,0.766165477367142,7.3992431426117,1.02215983908495,27.820705513923,3.06480635718158,141.170785687889,13.1507230057354,6.86065782319798,0.564003560522619,5.45053216072877,0.471485334828881,7.53950793949891,0.606461381806822,12.0897477812064,0.872792713618707,16.9712060041289,1.1317735903552,69.7094920676536,3.50367907331996,368.108607550418,15.5881696581447
16.6,2.89959557649698,0.42677572929085,0.323821464379595,0.421751822110665,0.320002552494228,0.669833677865143,0.508451577201156,1.10909730787908,0.842269302284708,1.75647890694696,1.33433971231764,6.13918546737494,4.6658021250612,29.5324691690508,22.4460465943137,1.08925003262778,0.417267284421127,0.974527371476232,0.374674244913455,1.40706290202302,0.534126541039184,2.20976641208405,0.824060582175028,3.25926105029457,1.19590804461673,11.3078092090663,3.96386525203229,54.4298899287315,18.5521945288981,2.87785326785108,0.464353549105558,2.4004364185298,0.398115911138371,3.34686974496289,0.52711317678969,5.25995294222395,0.766940682213541,7.48011195895518,1.02292277138164,28.1734905459586,3.06626814996463,143.117020187744,13.1433369694009,6.96815752387836,0.564686996357544,5.52795500899966,0.471744032545756,7.64884451133828,0.60674028006026,12.2769926815042,0.872918197678611,17.2334170704055,1.1308843531326,70.9603417488237,3.49992520188091,375.493063063753,15.5548519213889
16.8,2.91894502947258,0.428123268586967,0.324001589409038,0.422904355816274,0.320047796942192,0.671348961798207,0.508269761288477,1.1112959235982,0.841722225340994,1.75945627680246,1.33304694528478,6.14871896184845,4.66051172263637,29.5767577474407,22.4195246550688,1.09750098851783,0.418119750994074,0.980989238820717,0.375191313915319,1.41589663716884,0.53447432325788,2.22345030562775,0.824477126395681,3.27787168831578,1.19608843637819,11.3716252610528,3.96173973535721,54.6641448508348,18.553340959088,2.91126970778512,0.465592999612584,2.42648031877621,0.399064710523516,3.38264255150836,0.527999913024191,5.31780527955244,0.767712300269275,7.56069545449585,1.02365422661782,28.5218727994744,3.06716312642715,144.93849782596,13.1372171645806,7.07608414393083,0.565424099160456,5.60748471618769,0.472038478569826,7.76023205221849,0.607074212676341,12.4649744924771,0.872663273390003,17.4965739974685,1.12989146455054,72.2135022889608,3.49654434834826,382.695287473941,15.5397847240497
17,2.93814211542352,0.429467408262429,0.324181577926231,0.42405362941623,0.320089639091286,0.672860318540376,0.508096433667955,1.11348954141201,0.841163178391808,1.76242715768354,1.33180409210914,6.15823746983178,4.65510093322043,29.6209890112254,22.3913893142504,1.10590849622078,0.418840279207749,0.987612037570341,0.375505110678998,1.42498075532735,0.534924181347804,2.23767242765054,0.824764341130855,3.29756693919677,1.19594359563326,11.4468383091529,3.96147767782472,55.1479215283342,18.516389295296,2.94472608220768,0.466360260134942,2.45168715282389,0.399502090509796,3.4178657541295,0.528462993823802,5.37571956682514,0.768328489847951,7.64137791343429,1.02370836365881,28.8714576058278,3.06744526250056,146.787131314931,13.1505852361624,7.18448032048054,0.566219464177711,5.6898477807569,0.47271531060906,7.87419017978755,0.607316952119954,12.6538169529516,0.872514317301821,17.7609529286598,1.12948658633544,73.474564814976,3.49283989889398,389.917113958202,15.5200251721646
17.2,2.95719007421951,0.430808079334157,0.3243697754413,0.42519959367467,0.320142835796676,0.674367672391252,0.507936127676617,1.11567803348098,0.840659115947918,1.7653913693668,1.33055073676998,6.16774029251862,4.64996283217737,29.6651594845051,22.3651379345357,1.11417161137654,0.419861748920984,0.994525978756533,0.376269761717708,1.43416830187537,0.535316367621286,2.25147823741187,0.825348725267464,3.31647351750964,1.19576819767229,11.5145554335322,3.95882808224596,55.4730320894337,18.5159390884634,2.9782588699821,0.467254999655215,2.4777860522783,0.400236403824918,3.45383916116239,0.529180481097144,5.43379337009599,0.768906625257769,7.72235353042246,1.02416627131812,29.2249339658908,3.07025931115056,148.7414002985,13.1493111424842,7.29340582779087,0.56688649517246,5.77187467360606,0.473429585774825,7.98801544535736,0.607592062607363,12.8435855858878,0.872473024987571,18.0266229343904,1.12869123140581,74.7428780006702,3.48894209509561,397.151741658961,15.476369234597
17.4,2.97609203430904,0.4321452192174,0.324551047172574,0.426342204474131,0.320189110700245,0.675870954797068,0.507772782491664,1.11786128294926,0.840144943003951,1.76834874674101,1.32934048545728,6.17722678303114,4.6447607548095,29.7092659385394,22.3376863816846,1.12239235147552,0.420649766351119,1.00137346298234,0.376797594524891,1.44327457675965,0.53581991159657,2.26519868816635,0.825749500280748,3.33524426853523,1.19505166725264,11.5814053798518,3.95715391381691,55.7826369776231,18.4931038298784,3.01179875630377,0.468418554698338,2.50427332392626,0.400957139329199,3.49009034068812,0.529929695432155,5.49187998054879,0.769911575329863,7.80333790413912,1.02486930980252,29.5785499472882,3.07256234076608,150.678240196687,13.1532598757926,7.40286924248546,0.567345962517976,5.8519066670681,0.473630374555896,8.10025627517971,0.607683658396599,13.0343485107524,0.872115228742209,18.2937251283026,1.12780989617786,76.0210565466866,3.48492769904324,404.45114316846,15.449159590068
17.6,2.99485101798764,0.433478771268262,0.324739945264998,0.427481422440442,0.320246081280641,0.677370103837933,0.507619426430805,1.12003918317397,0.839640203550893,1.7712991387533,1.32815880865401,6.18669634291288,4.63966179752588,29.753305375263,22.3109315576203,1.13059543022734,0.421552958866263,1.00775692164522,0.377196974876318,1.45205880336548,0.536284456245452,2.27891635853194,0.825790186771059,3.35404067308544,1.19503221868076,11.6490151321748,3.9550367262714,56.1107917530677,18.5104299576906,3.04530597101449,0.469493117418864,2.53055037503176,0.401894521317976,3.52608452652344,0.530854496036699,5.54984721312453,0.77069433676575,7.88409162525481,1.02574508387073,29.9294832485133,3.07295829904149,152.546702505386,13.1541568071514,7.51277017562049,0.568082927910127,5.93639064010916,0.474240867486196,8.21667318265175,0.608077585396603,13.2258188384354,0.872173050053798,18.5616972828372,1.12736844429204,77.2994685128607,3.48066469555316,411.526799869167,15.4322721136962
17.8,3.01346994635059,0.434808684361199,0.324928340813274,0.428617212596633,0.320299015163557,0.678865063754318,0.507469933660463,1.12221163701297,0.839158771340736,1.77424240743507,1.32698311229547,6.19614841888259,4.63456331818394,29.7972750120209,22.284767355222,1.13870432287843,0.422177502506703,1.01454744795717,0.377802740034041,1.46104877154978,0.536745894049034,2.29238546147493,0.8264298427303,3.37237986209806,1.19465873344066,11.7124711645744,3.95217651110461,56.3514452273139,18.48235991527,3.07879784768234,0.47072537964227,2.55621574537639,0.402482256471011,3.56162929552469,0.531369178827471,5.60771842042548,0.771628921826786,7.96463852386062,1.02599987041501,30.2775165174805,3.07420256887843,154.336492105983,13.1416535644787,7.62324618842775,0.568724805711829,6.01764890031595,0.474654212348304,8.33042892442527,0.608126649453384,13.4183825992662,0.872034289035799,18.8312855762079,1.12671515852245,78.5905254354281,3.47609231132533,418.742155230797,15.40921279901
18,3.03195164395263,0.436134912498511,0.325115691654219,0.429749544043372,0.320357190519441,0.680355784509471,0.507317845976493,1.12437855616597,0.838664157760183,1.77717842700059,1.32580235490427,6.20558249982707,4.62966606756188,29.8411722674205,22.2607566091511,1.14693984513028,0.423111149621701,1.02156061885823,0.378451395890724,1.47031129654544,0.537254038106468,2.30628408858153,0.826534718310469,3.39158468761178,1.19443961120237,11.7851063862094,3.95014231419175,56.7949252300793,18.4702601866042,3.112374464691,0.471755572159501,2.58181173992968,0.40332928026094,3.59718460916425,0.53212421281543,5.66579660870459,0.772695061234759,8.04557271900745,1.02678927061826,30.6307543411495,3.07537288729216,156.258393710008,13.1477902954275,7.73425719837413,0.569298984293568,6.09917051746176,0.474747822493192,8.44464118693986,0.608245249657274,13.6120148820838,0.871979419678625,19.102433419775,1.12595462420401,79.8930523186609,3.47117350500483,425.977392862632,15.3980236375248
18.2,3.05029884319575,0.437457414449138,0.325315215457862,0.430878389663685,0.320420029997361,0.681842221384704,0.507187463896348,1.12653986056464,0.838187987511855,1.78010708301245,1.32467978641901,6.21499811401309,4.62483258880578,29.8849947482101,22.2341345990321,1.15502190467261,0.423862190019321,1.0279903389629,0.378735653343169,1.47906876286563,0.537436060631326,2.31975435183968,0.826591111647747,3.40998268986733,1.19440554628126,11.8500738107321,3.94582088353125,57.0742984509132,18.44374839001,3.14594122193342,0.472534835307164,2.60826728688792,0.404066215872085,3.63337126148264,0.53280926500183,5.723878928862,0.773236405943726,8.12652276770247,1.02669352749016,30.9847357240673,3.0768709363548,158.179246576923,13.153819154089,7.84597505569994,0.569675630859224,6.1824478862168,0.475035696789939,8.56075953206747,0.608527704150195,13.8071084681772,0.871870158903418,19.3758818138769,1.12474912241445,81.2190524389431,3.46726389776004,433.638137741118,15.3745303719556
18.4,3.06851418846428,0.43877615341432,0.325505422520042,0.432003725849917,0.320477573140713,0.683324334604817,0.507054736345826,1.1286954778076,0.83773870536541,1.78302827160821,1.32355215766065,6.22439482650089,4.6199993656268,29.9287402370972,22.2096504831257,1.16308062781024,0.424657229188785,1.03472792578913,0.379369805748011,1.48798673257818,0.538104779124484,2.33319497499236,0.827161114084985,3.42835089163447,1.19414333345842,11.9151935143938,3.94540625834927,57.3597974242791,18.4229461851312,3.1794452546001,0.473346022769508,2.63323497969736,0.404588382051289,3.66833588775925,0.533263159660933,5.78179955040392,0.773715854569906,8.20716691687538,1.02725262750236,31.3350929977888,3.07754010496964,159.990897183784,13.1502355142632,7.95806371354889,0.570435041899635,6.26606182658822,0.47555609283369,8.67725290030597,0.608873444560987,14.0026943284712,0.87202276282049,19.649812443481,1.1242015891462,82.5395239221278,3.46466974680851,440.961136837368,15.3554619949555
18.6,3.08660024002455,0.440091096717884,0.325694867523558,0.433125532251086,0.320539008570147,0.684802088991186,0.50692779192939,1.13084534263664,0.8372814499502,1.78594189878327,1.32244029897124,6.23377223674225,4.61527667783263,29.9724066814314,22.1840050655731,1.17122359032282,0.425272133355912,1.04138136047709,0.379846691622725,1.49699585196779,0.538228401200866,2.34694056577065,0.827458013003533,3.44734273755441,1.19360045600866,11.9871053107405,3.94358386784293,57.7957139830312,18.4292222171311,3.21309297847153,0.474479756854357,2.65920098682386,0.405297162376247,3.70408021569738,0.533881043843806,5.84012265855142,0.774444393113504,8.28857376370187,1.02783443657783,31.6957159821592,3.07804612002188,162.052651159619,13.1453304186963,8.07078823043538,0.570992479940614,6.34995536389785,0.475994168277218,8.79421155814803,0.609070065479323,14.1996375976715,0.871973556039041,19.9258984147132,1.12380572489691,83.8829007161996,3.4602657806002,448.682872627447,15.3465407604171
18.8,3.1045594777057,0.441402215519185,0.325892685610646,0.434243791538947,0.320604166151561,0.686275453640236,0.506799675209604,1.13298939645081,0.836844163548939,1.78884787972544,1.32136623388,6.2431299763489,4.61070111037923,30.0159921826857,22.1593582534195,1.17925840898922,0.426084160860095,1.04811336448257,0.380410777574349,1.50594234905977,0.538718588843324,2.36039296267531,0.827473293906061,3.46578943392689,1.19326484531288,12.0539379986358,3.94222980280411,58.123744316427,18.4010333345918,3.2466348440332,0.475477272908426,2.68504717374232,0.405892961011792,3.73969037040375,0.534625405420463,5.89812862230594,0.775106092417244,8.36935601506316,1.0279637845613,32.0479559956256,3.07837021370812,163.881009184202,13.1364243460724,8.18407918121198,0.571363498916008,6.43305941514568,0.476251203875804,8.91080191016875,0.608945850762671,14.3976358663891,0.871589662046829,20.2034815355786,1.12293271474212,85.2356765581429,3.45599490366311,456.400882520763,15.3314511149763
19,3.12239430437605,0.442709484546837,0.326089635248873,0.435358489191253,0.320669639686772,0.687744401625265,0.506677322648398,1.13512758685527,0.836407074459395,1.79174613819701,1.32028095444557,6.25246770701758,4.60611164708377,30.059494986669,22.1360573099708,1.18723113576971,0.426798860820814,1.05458966058769,0.380814673606037,1.51457441381766,0.539042532739917,2.37369054355312,0.827669133348958,3.48395943325635,1.19292278481052,12.1183759931819,3.93929596801741,58.4023640154635,18.3886071163418,3.28024870377874,0.476577071141163,2.71162238450349,0.406507167744134,3.77609853500347,0.535247624246373,5.95626588518009,0.775846739650427,8.45038102311042,1.02841557343112,32.4035435140068,3.07783822459472,165.816889832086,13.1389200583036,8.29784440057931,0.571858973565874,6.51699358983994,0.476537708325426,9.02815826124482,0.609013871867734,14.5964645470036,0.871393165252825,20.4821980863573,1.12233496372462,86.5938725770793,3.45328075612618,464.058352292282,15.2899273231681
19.2,3.14010704922916,0.444012881851595,0.326280619762471,0.436469613290819,0.320734577030199,0.689208909719729,0.506546883179715,1.1372598672424,0.83597455237396,1.79463660596059,1.31922312701637,6.26178511859916,4.60160583041739,30.102913474415,22.1136083593602,1.19524381877119,0.427534150566797,1.06099902063006,0.381128600001301,1.52332045334476,0.539564490300368,2.38714890815507,0.827957290294632,3.5024685274449,1.19308060069103,12.1866872867015,3.93726621633123,58.7682962189108,18.3918315484009,3.31389806851851,0.477473239538102,2.7377659365893,0.407283114458235,3.81208999797553,0.535777762265416,6.01462675391742,0.776403277015075,8.53189015066779,1.02880883675339,32.7673112483704,3.08079363052347,167.939839558577,13.1453275206998,8.41222127385067,0.572353398312455,6.60069235811851,0.476883019368709,9.14552176315761,0.609300335014512,14.7965490282105,0.871384235400611,20.7628764389591,1.12163488150841,87.971986879349,3.44896808502036,472.059412067604,15.2576463698861
19.4,3.15769997089169,0.445312388576845,0.32646791143181,0.437577154339123,0.320801659515939,0.690668958140301,0.506440014447235,1.1393861964022,0.83555620918021,1.79751922224534,1.31818803152316,6.27108192730114,4.59714094007261,30.1462461536952,22.0900637393412,1.2032006660056,0.428406829709025,1.06793936273081,0.381971899947383,1.53239764944121,0.540194258843574,2.40047047202625,0.828537130071428,3.52073603841383,1.1927405200229,12.2529597801007,3.93483177998987,59.0929114166685,18.3469060578523,3.34748336384353,0.478434218040459,2.76376958366743,0.407890130626967,3.84795153707727,0.536489474671518,6.07283360243275,0.777166649248789,8.61309626218302,1.02937894264788,33.1271633758006,3.08092302378488,169.929174638496,13.1405053412601,8.52711986366126,0.573046830947274,6.68636411548889,0.477301708905098,9.26496831887976,0.609556770762283,14.9976418674502,0.871480880405624,21.0450150288284,1.12080632454434,89.3606697528011,3.44515401923101,480.089808716807,15.2278787266779
19.6,3.1751752603652,0.446607988745353,0.326664941266775,0.438681105083298,0.320874454189321,0.692124530308161,0.506326139880864,1.14150653816012,0.83514356905825,1.80039393325027,1.31715718462361,6.28035787401289,4.59277400407569,30.1894916511051,22.0684277477581,1.21115549019682,0.429071625388014,1.07407419870255,0.382237402929689,1.54083988946641,0.540483614752754,2.41382403558992,0.828901687442037,3.53909123117622,1.19260053320029,12.3205507494107,3.9325037372396,59.4489154568109,18.3593938151565,3.38111249638207,0.479428246326008,2.78848710130314,0.408386433479684,3.88277426573839,0.537142949925632,6.13109546073634,0.777860514806725,8.69437796751867,1.02985138127657,33.487645132244,3.08243069593012,171.935849508947,13.1332580403721,8.64263166849622,0.573652210111617,6.77304952513348,0.477800049423797,9.38554580303818,0.609772721406428,15.1998605774484,0.871318452338848,21.3288104224118,1.1202439793959,90.762355341575,3.44276434028414,488.307157383093,15.2099566504275
19.8,3.1925350438122,0.447899669060975,0.326872349111158,0.439781460355475,0.320943325320797,0.693575612627053,0.506229095834549,1.14362086103995,0.834743872072972,1.80326069168199,1.31616075792168,6.28961272274427,4.58840620184865,30.2326487046866,22.044582270126,1.21911532633105,0.429772690862542,1.08041505422398,0.382500940294778,1.54949775376871,0.540655366904293,2.42722883317892,0.829069788058493,3.55757018479611,1.19215489237399,12.3898142093294,3.93084093206074,59.8441004885511,18.3313172152131,3.41481560000507,0.480295785915339,2.81457690912712,0.408982850389621,3.91870137204994,0.537632413029425,6.18963442431127,0.778266050469551,8.77620664247944,1.02977121385368,33.856286039157,3.08187247802071,174.124429047376,13.1372060002619,8.758665796857,0.574200790671491,6.85913040442245,0.478402422704323,9.50572565967139,0.610176665071575,15.4030764504365,0.871344038293912,21.6140581126711,1.11971732715142,92.1749770327434,3.44007132715334,496.594641647982,15.1893728032434
20,3.20978138519678,0.449187418724211,0.327058338620489,0.440878216923487,0.321006845386397,0.695022194276886,0.506106798497276,1.14572913794993,0.834346928605381,1.8061194563241,1.31516126737116,6.29884625916943,4.5841247593578,30.2757161570384,22.0220986639051,1.22696077929399,0.430559550727449,1.08688427642373,0.383198753999156,1.55812999635871,0.541016201679384,2.44032299197776,0.829259574288109,3.57546909761045,1.19252009856003,12.4535704488125,3.92871683804904,60.1204336855288,18.3364934008636,3.44840078854518,0.481086896101863,2.84026438875214,0.40949144115271,3.95432050454393,0.538032683574745,6.24784511905191,0.7791233126906,8.85739816583908,1.02967744578883,34.2164050109944,3.08263516808594,176.069006355965,13.142127142858,8.8750953516497,0.574636706760805,6.94472996424657,0.478858299248117,9.62559251736079,0.610226119900211,15.6068341838931,0.871162244146534,21.8998426591852,1.11872005699373,93.5812425215243,3.43622381721797,504.474057058057,15.1566374433575
20.2,3.22691628878859,0.450471229260506,0.327257538731775,0.441971373352099,0.321078998627651,0.696464267021623,0.506017402991904,1.14783134589033,0.833969525970104,1.8089701916359,1.31417608996247,6.30805828926744,4.57985122173759,30.3186929488842,22.0004008183027,1.23481484302148,0.431351841991397,1.09394359277893,0.383903075322612,1.56727131736281,0.5416898375877,2.45347931776694,0.829526079347392,3.59351370298808,1.19200907995278,12.5192278655727,3.92744356709088,60.4412583398087,18.2891696358108,3.48209002464531,0.48207192369357,2.86615190436469,0.410142250357942,3.99003884205102,0.538605250963988,6.30637723702038,0.779796188471258,8.93921772161633,1.03023737502518,34.5857337810897,3.08411505854489,178.242744001823,13.154182335487,8.9920488867833,0.575173294002554,7.02891859952051,0.479072059379679,9.74434656156264,0.610275182668314,15.8115218859941,0.871010785779025,22.186927908065,1.11809730048955,94.9949272853196,3.43136562912004,512.352383534348,15.1302044317369
20.4,3.24394170153907,0.451751094360373,0.327460121484163,0.443060929873923,0.321155306337277,0.697901825030421,0.505917590745486,1.14992746568086,0.833580976528871,1.81181286737824,1.3132251724601,6.31724863805298,4.57570479918777,30.3615781130619,21.9775381561338,1.2426267824801,0.431902794984508,1.10043440318466,0.384338230095953,1.57589710395421,0.541861481838242,2.4665403524591,0.829938020950891,3.61139653393903,1.19134700446951,12.5836267566102,3.92487186914858,60.7373308597726,18.2885850256857,3.5157095284492,0.482716131429975,2.89244786966987,0.410824833476277,4.02616400433285,0.539079158474112,6.36472330009886,0.780567263663214,9.02067321672662,1.03055767148474,34.9502347444352,3.0844104883615,180.266176249351,13.1586062398052,9.10964697501326,0.575662209834151,7.11483459641293,0.479429899492715,9.86503787456718,0.610587595721186,16.0174794044015,0.870848320432445,22.4759659076621,1.11766871365948,96.4274217785852,3.42693441759396,520.56530451806,15.1039618740669
20.6,3.26085951533761,0.453027009730428,0.327656491243484,0.444146888269316,0.321226240961403,0.699334864711016,0.505826443585531,1.15201748170643,0.833205735481586,1.81464745826443,1.31227002654579,6.32641714839025,4.57152140750501,30.4043707689037,21.956619906238,1.25037513710826,0.432585055430039,1.1066699113009,0.384790412962936,1.58429822315401,0.542057343418233,2.47944188765813,0.830308139542248,3.62899282851843,1.19116139238341,12.6454847452391,3.92256563768907,60.9803103098276,18.2903486419923,3.54941795225123,0.483537131849023,2.91845982633243,0.41139520541785,4.06207236504738,0.539715381259235,6.42329416835108,0.781002102801854,9.10252882868796,1.03102048237351,35.3198086384699,3.08494169710366,182.400736516451,13.1504786947248,9.22786698833917,0.576234290836342,7.20085963649603,0.479806329711329,9.98600290678987,0.610766421385206,16.2247574943506,0.870861326882099,22.7671086382214,1.11693824117689,97.8833873475234,3.42407374331061,529.222266045958,15.0947490117767
20.7999999999999,3.27767156915499,0.454298972954528,0.32784931786913,0.44522925175456,0.321306496932044,0.700763384554427,0.505739004029739,1.15410138168001,0.832844445393781,1.81747394363447,1.31133879852006,6.33556367988422,4.56753693246802,30.4470701169792,21.9346012651614,1.25820896661111,0.433109102625635,1.11340015044321,0.385276241762202,1.59313621888693,0.542456791250159,2.49264026841076,0.830491281095059,3.64718957775488,1.19109235314286,12.7138912331568,3.92329698564939,61.3688279621678,18.2752319798113,3.5830280455648,0.484414958138135,2.94391128159764,0.411927426096,4.09748160811275,0.540199391234374,6.48157784844835,0.781584010341074,9.18381698557364,1.03143668439088,35.6814477834301,3.08615271776445,184.304003783238,13.1592169207441,9.34661134309088,0.576575671417068,7.28841880061882,0.479902742492076,10.1085214961448,0.610871701765417,16.4330240206034,0.870688365073843,23.0596835290008,1.11619517790906,99.3499147683871,3.41961794507093,537.945978927341,15.0630508170417
21,3.29437965108094,0.455566983364279,0.328046443531326,0.446308024877727,0.321378191330201,0.702187384990167,0.505646455306081,1.15617915642112,0.832480716818654,1.82029230715076,1.3103965074044,6.3446881078434,4.56343770441903,30.489675434176,21.9129276490203,1.2660036077165,0.433731458612686,1.11951622286274,0.385654366022049,1.60156201658783,0.543054069923304,2.5057526374125,0.830749127895315,3.66524164229616,1.19111491580226,12.7812039545356,3.92172748647356,61.7358125199429,18.2900514645246,3.61677104544254,0.485371077498277,2.97004971070353,0.412746495913456,4.13347637633618,0.540887758756269,6.54020449412649,0.7823205541399,9.26573444642502,1.03195170577288,36.0514024718024,3.08716988819713,186.410907774747,13.1642514813605,9.46596231382079,0.577000674368602,7.37417597902548,0.480225964064731,10.2297094149825,0.61120007694004,16.6424616608369,0.870783784187424,23.3540024522621,1.11575368603556,100.831204255245,3.41662408519084,546.851758988231,15.0455618339016
21.2,3.31098550026216,0.45683104191821,0.328245319644338,0.447383213421652,0.321456462114461,0.703606868251169,0.505560646687035,1.1582507996491,0.832127247869192,1.82310253651387,1.30948409097937,6.35379032230926,4.55943100616825,30.5321860690908,21.8929256889519,1.27376881692178,0.434443858705903,1.12575751285893,0.38599809296094,1.60996141009856,0.543182828628413,2.51880628828841,0.830836368402908,3.6832018314131,1.19066507478553,12.8479575937043,3.91886303860058,62.0934229625667,18.2182466860415,3.6505646403364,0.486083936385607,2.99514194510779,0.413166994685494,4.16864330413338,0.541466133387174,6.59892032591826,0.782798476703792,9.34779305748855,1.03246288819327,36.4228991531896,3.08719955706723,188.5525475164,13.1625644727306,9.58564817849487,0.577549563134541,7.46018754197505,0.480425708098042,10.3511749666994,0.611476273445878,16.8523492061225,0.870822135657969,23.6487055323107,1.11520362711788,102.303954008642,3.41334983745014,555.236688896932,15.0320295321602
21.3999999999999,3.32749080874656,0.458091151089013,0.328442381370667,0.448454824313494,0.321539116540268,0.705021838247749,0.505481108013879,1.16031630778979,0.831780262169651,1.82590462319686,1.30857052398892,6.36287022714761,4.55551285062124,30.5746014377136,21.8724042065488,1.28148591779247,0.435177266541127,1.13208413276503,0.386413205071215,1.61843176298036,0.543561377299048,2.53175077812985,0.831113494543917,3.70097271709012,1.19054458934577,12.9131551561784,3.91775415340593,62.4183436325256,18.2261343441606,3.68432688707897,0.486797824953032,3.02122771494485,0.41363609757789,4.20457586111411,0.542089300145912,6.65745585892256,0.783382767729575,9.42947110253327,1.03229675408464,36.788518898717,3.08766427754446,190.548206206063,13.1627283724927,9.70588977331245,0.577969911657453,7.54904050219599,0.480838336194874,10.4754779187414,0.61162833969939,17.0632550909814,0.870779608966401,23.9448612801151,1.11451570181762,103.786259722398,3.41049656097548,563.657325987859,15.0127355912165
21.6000000000001,3.34389722323944,0.459347314758228,0.328639351082827,0.449522865540409,0.321614528350657,0.706432300449918,0.505400450290678,1.16237567979496,0.831442807199256,1.82869856219684,1.30768569778143,6.37192773919726,4.55171899890942,30.6169210193822,21.8518586240378,1.28911911715739,0.43559061406265,1.13803718202305,0.386714660026505,1.62665007378056,0.543666958193478,2.54446477223018,0.831198922939424,3.71831501199627,1.18999857821739,12.9742649796169,3.91506306303261,62.656133627236,18.1936825754227,3.71807205786927,0.487665777381953,3.04659807524207,0.414202714022596,4.23996363798095,0.542456604869144,6.71593924878653,0.783782567072652,9.51103689259819,1.03224721655022,37.1525355766094,3.08717774817397,192.482108002135,13.1620981963625,9.82655841332117,0.5784183935559,7.63709370751896,0.481061670172687,10.5991168811621,0.611549836536503,17.2748840127956,0.870761458907555,24.2419274672632,1.11409270194826,105.269260158092,3.40730305175952,571.818282826661,14.9834366800042
21.8,3.36020634677632,0.460599538117891,0.328841256233479,0.450587346070888,0.321693128179266,0.707838261777492,0.505319956995031,1.16442891697339,0.831125610289911,1.83148435180255,1.30680932087532,6.38096278747235,4.54791009335456,30.6591443529863,21.8318244498435,1.29672854324825,0.436165192796049,1.1442553312153,0.387102252662532,1.63494245172858,0.544044981828589,2.55713683427622,0.831603265802072,3.73559663878334,1.18961974306203,13.0350970487147,3.91284278057029,62.8901306130625,18.1995719912824,3.75181291182439,0.488388880122634,3.07189317793108,0.414716831139912,4.2752407817724,0.542646621723843,6.77446063336195,0.784372576368753,9.5926940661961,1.03260339116559,37.5185795502692,3.08765572128169,194.449251763342,13.1602616354648,9.94800463471183,0.578933139024621,7.72372615380626,0.481251319653559,10.721814343691,0.61162459190647,17.4882047239835,0.870939115639305,24.5417848120429,1.11342853975375,106.7874788676,3.4045433852841,580.802447385499,14.9614687797163
22,3.37641974031768,0.461847827578604,0.329037407165491,0.451648275781371,0.321770804281013,0.709239730497404,0.505243730254079,1.1664760228328,0.830778369467527,1.83426199337688,1.30594499704161,6.38997531241445,4.54406082302769,30.7012710334081,21.8118191440085,1.30443775114256,0.436947442741199,1.15057949838068,0.387517303525498,1.64342952058082,0.544381489018541,2.57014529977391,0.831913511326858,3.75355359190783,1.18960606200948,13.1032760165089,3.91187999067177,63.287747666602,18.1862266528713,3.78557592936435,0.489054814231574,3.09768924501997,0.415304237665534,4.31093164012316,0.54299855576849,6.83307481264619,0.784755916549607,9.67452452571009,1.03269420764044,37.8872227463748,3.08781431104337,196.454242173463,13.1610205889485,10.0699735242648,0.579305700495269,7.8132188372054,0.48161299504882,10.847345576665,0.611664333141747,17.7025133545656,0.870817855409735,24.8430788896807,1.11278560029278,108.316611180572,3.40064349961706,589.864623980426,14.9504777373001
22.1999999999999,3.39253892426949,0.463092190683612,0.329237424598333,0.452705665387731,0.321852557004828,0.710636716127735,0.505169745332188,1.16851700293201,0.830451911152009,1.83703149115319,1.3050816482128,6.39896526519098,4.54023551158549,30.743300708182,21.7913073506401,1.31207658456285,0.43739687474793,1.15720738472415,0.388129309038924,1.65210698753293,0.544740001524958,2.58296884056396,0.832032797970065,3.77117129374697,1.18953966395771,13.1682985824139,3.90714709485802,63.6181821648564,18.1863234865606,3.81939582215835,0.489910738364215,3.12269018100749,0.415556143626259,4.34597965572616,0.543652003719934,6.89188996450769,0.785457625358419,9.75674455485974,1.03316526626694,38.2617698941596,3.08906239971249,198.588531105066,13.1570667381073,10.192498369263,0.579691243920125,7.90262525741966,0.481957570051745,10.973074559425,0.611803493359432,17.9179585430638,0.870485198424256,25.1460983538586,1.11217329096664,109.862034993262,3.39696986317784,599.115619300934,14.9251360807948
22.4,3.40856537993421,0.464332636028451,0.329434259501379,0.453759526381319,0.321929409049585,0.712029229347998,0.505115286191728,1.17055186474246,0.830140451921066,1.83979285204464,1.30423683259678,6.40793260703704,4.53660801582334,30.7852330743544,21.7720353487601,1.31971941674888,0.438081338888852,1.16359897824143,0.388625660317855,1.66064386398172,0.545377377341183,2.59583604078321,0.832313172098838,3.78889504388304,1.1896001313278,13.2347893492805,3.90618946204149,63.9832426552922,18.201672170475,3.85319887803703,0.490568888083589,3.14921713930656,0.41605859488534,4.38235814841142,0.544198382653083,6.9506199539937,0.786119352969271,9.83878141536384,1.03357911580402,38.6335139860309,3.08945466646853,200.641466039714,13.153396224904,10.315499198886,0.58003934572273,7.99226902991153,0.482216341787803,11.0992198434969,0.611932217268048,18.1342611606411,0.870628077625074,25.4502956954877,1.11155786087284,111.413432254753,3.39415960564468,608.280514213816,14.9069122494493
22.6,3.42450055089573,0.465569173185775,0.32962306335431,0.454809870969223,0.322008571783995,0.713417281915219,0.505036969992814,1.1725806175185,0.829821393050693,1.84254608546547,1.30339997708171,6.4168773086374,4.53295244249634,30.8270678755386,21.7547882906578,1.32731807290572,0.438778095034967,1.16965955973747,0.389015433492639,1.66885893746324,0.545662086068826,2.60859788782135,0.832575158950578,3.80643320766862,1.18920808511324,13.2996908907217,3.90510413293605,64.3150426691697,18.1908702776212,3.88701225781437,0.491351658113012,3.1752073016503,0.416602021716126,4.41819319653739,0.544617625337665,7.00937692205683,0.786558560931842,9.92085513039449,1.03367219216304,39.005682729016,3.09078948809955,202.68323990122,13.1584290894719,10.4391012445406,0.580550753623648,8.08195587546133,0.482438694417931,11.2256234672841,0.612177165070991,18.3517266806451,0.870566647672018,25.7562380415535,1.11111703421727,112.980442105668,3.3916334795182,617.6684989776,14.8913109637502
22.8,3.44034584434206,0.466801812635028,0.329826548757249,0.455856712018468,0.322092728526946,0.714800886585443,0.504976439155182,1.17460327217596,0.829522729928904,1.84529120316356,1.30258864054732,6.42579934954627,4.5293899785018,30.8688048991421,21.7352680644074,1.33483743505141,0.439350958197631,1.17542379599993,0.389186068316887,1.67678519974839,0.545672932251837,2.62115100691364,0.832524267029169,3.82358690946679,1.18895051870761,13.3609596942839,3.90193915574527,64.5685026111696,18.1777056690783,3.92091349903019,0.491928327612637,3.2004940944511,0.417053670405702,4.45364166232079,0.545019044664213,7.06833606400113,0.78714739788077,10.0032904206737,1.0338819769466,39.3826148256895,3.09171468557309,204.846892646513,13.1657535533292,10.5631047374515,0.580966419061807,8.17136896753697,0.482615325402071,11.3517351126022,0.612361649909519,18.5697240165486,0.870320254041202,26.0626797410374,1.11013135132873,114.53901165749,3.38823432728662,626.568324285566,14.8794501457138
23,3.45610263232912,0.468030565696607,0.33002193959826,0.456900063003869,0.322174569252585,0.716180057040273,0.504918418994124,1.17661984117826,0.82921624722749,1.84802821906338,1.3017826629292,6.43469871764207,4.52570966509367,30.9104439737641,21.7168743692793,1.34235040465764,0.439896300328913,1.18165191017451,0.389716923674874,1.68512938866714,0.546094388957984,2.63371574954699,0.83312829647944,3.84078381603902,1.18885876625626,13.4230291762877,3.90107278929765,64.8416772097165,18.1597908881477,3.95473462411223,0.492814765592623,3.2268794205209,0.417726086556389,4.48985664218676,0.545706719081489,7.12702897358889,0.787738719368283,10.0851927317466,1.03415211390193,39.7516275941797,3.09177288127601,206.789668875783,13.1666172675891,10.6877530270293,0.5815670509252,8.26300963581463,0.482960389945936,11.4802450235346,0.612536044548212,18.78904608038,0.870115122561615,26.3712085434772,1.10975315117409,116.120597995913,3.38561132297425,635.923619719408,14.8550613074384
23.1999999999999,3.47177225298877,0.469255444470228,0.330222083948785,0.457939937959296,0.322252441681857,0.717554807818108,0.504852725181054,1.17863033842966,0.828922014850023,1.85075714911876,1.30096530964271,6.44357540861514,4.52218184626436,30.9519849667453,21.6979391076651,1.34995513800386,0.440595245065858,1.18758769288547,0.389993971104716,1.69330626663471,0.546334119617533,2.64658393548339,0.833241393026475,3.85858817071185,1.18851975866908,13.4917431105687,3.8975994929244,65.2640064577468,18.1562999342487,3.98862265281211,0.493525729474836,3.25262843300375,0.418090169248897,4.52558788640689,0.546048002781714,7.18590343757065,0.788123587007654,10.1674322217418,1.03432701384087,40.1254433239365,3.09120071680199,208.847101921865,13.1617848272023,10.8130299157989,0.581853070588264,8.35446057328649,0.483231309301819,11.6087678713426,0.612571955641114,19.0096340571855,0.870137767577303,26.6817268729361,1.10930691909281,117.724112723884,3.38373416962542,645.741924154411,14.8419399063643
23.4,3.48735601168416,0.470476461777205,0.330412337823083,0.458976351432115,0.322338153461502,0.718925154249768,0.504794083188356,1.18063477917521,0.828631228009214,1.85347801117471,1.30017657346757,6.45242942548617,4.51874110649317,30.9934277818621,21.6801500296378,1.3574494221481,0.441364145905506,1.19360880970966,0.390491402408671,1.70140728535342,0.54682211515951,2.65914413107066,0.833407974633218,3.87581344082334,1.18849401470164,13.5547592728651,3.89834368508748,65.5625986323655,18.1255622255165,4.02248542420878,0.494157160030189,3.27851559450268,0.418641791865715,4.5614041267883,0.546613885783428,7.24467957181588,0.788725859272253,10.2494695182976,1.03466275809522,40.4962573744758,3.09194724754548,210.817530540534,13.1604380960587,10.9386735966588,0.582299107102055,8.44447214761774,0.483527335496343,11.7362058666263,0.612637281458392,19.2307677884815,0.870087967175592,26.9928484057727,1.10882889700767,119.323806409137,3.38092586020943,655.215032506714,14.8130807469485
23.6,3.50285518211498,0.471693631106372,0.33060857140248,0.460009318440586,0.322425415713856,0.720291112398209,0.504735688941522,1.18263317990683,0.828339665384298,1.85619082483784,1.2993927365591,6.46126077815304,4.51526849919926,31.0347723571592,21.6615105994997,1.36500218555713,0.441840756617498,1.20018330331399,0.39079975762349,1.71003049025151,0.54716082283659,2.67190832634516,0.8334464866101,3.89345376159357,1.18828405219237,13.6224433305889,3.89606440872965,65.9669915046651,18.1561131264913,4.05647454010295,0.494743151775119,3.30515495197619,0.419237552583058,4.5979282167412,0.546937589941508,7.30378730290568,0.789162612932368,10.3321222055525,1.03478656627876,40.8756618581104,3.09304264437793,213.007465965336,13.1666113063833,11.0647148786949,0.582727380650438,8.53654415382252,0.48374679348895,11.8655685126449,0.612518324567049,19.4525399802045,0.869958148530126,27.3047445601472,1.10833459885693,120.92248732249,3.3779242316729,664.409261210686,14.7877600897952
23.7999999999999,3.51827100737553,0.472906966563427,0.330805294050937,0.461038854434029,0.322507819777366,0.721652699002036,0.504679542234323,1.18462555827525,0.828062101039716,1.85889561135464,1.29860681291219,6.47006948296493,4.51190485221861,31.0760186629059,21.6435177867921,1.37234809841118,0.442402825193078,1.20601478030802,0.391056792469327,1.71790260823318,0.547433535933779,2.68407129022788,0.833517311947483,3.90994571226884,1.1880336262733,13.6784553764468,3.89348244088158,66.1151780917078,18.1142325110913,4.09040849942363,0.495532826640553,3.33091823700724,0.41962045194008,4.63363432589137,0.547345629146062,7.36275003162658,0.789484911638491,10.4144899059405,1.03499716229404,41.2510429762317,3.09371072913891,215.065851880533,13.1573118924313,11.1913993039054,0.583113389267938,8.62819451473083,0.48386991959832,11.9947532095495,0.612521001098192,19.675723457072,0.869858875973517,27.6188972394404,1.10757429080696,122.54770606249,3.37596342265869,674.075899813439,14.763264437022
24,3.53360470096768,0.474116482823457,0.330999103554998,0.46206497525556,0.322585085358162,0.723009931422614,0.504627513034722,1.18661193300734,0.827780977400414,1.86159239349722,1.2978439369709,6.47885556232117,4.50846962378457,31.1171666996728,21.6266401653706,1.3798369619633,0.442835788756035,1.21203933732082,0.391398686796681,1.72610956747016,0.547554180008071,2.69669712598574,0.834038656217175,3.92735496599699,1.18774565274915,13.7443844174868,3.89260228102687,66.4844905961031,18.0989922584336,4.12432129535251,0.496173453038903,3.35683060546677,0.419907653427059,4.66943413286688,0.547835018990443,7.42165630627846,0.789866130162453,10.4967428112352,1.03525310428266,41.6248419932676,3.0933039507487,217.063793429101,13.1601264730506,11.3186212770314,0.583489290901556,8.72004981393517,0.484254829977554,12.1244349651158,0.612653341380415,19.8998703433204,0.869781784471348,27.9344125569717,1.10717191854693,124.181591859766,3.37260157950148,683.775727587409,14.7584015649597
24.2,3.5488574477714,0.475322195086425,0.331197170581253,0.463087697107233,0.322676288294938,0.724362827594466,0.504581235177721,1.18859232382847,0.827507643882459,1.86428119545604,1.29709866789953,6.48761904429381,4.50522454394619,31.1582164965195,21.6089028524265,1.38724542112301,0.443262183205438,1.21822526097931,0.391817887867449,1.73436298304245,0.547719218528335,2.70910727507932,0.834090146441475,3.94436460590997,1.18762468098941,13.8064654445311,3.88978232631582,66.7706343579927,18.099157948099,4.15835320560792,0.496792278309853,3.38245544970611,0.420405629186667,4.70510989622134,0.548242650568181,7.48092723143057,0.790518963815145,10.5796825663231,1.03516874794872,42.0085543118264,3.0935937772712,219.292201344094,13.1631209155827,11.4464625347795,0.583932078967971,8.81287036361066,0.484467630978246,12.2551368344902,0.61275192451555,20.1253398898645,0.869893518551402,28.2520082568495,1.10670074768312,125.838714408352,3.3711231552686,693.860868550911,14.7283061024631
24.4,3.56403040497475,0.476524119035457,0.331393278488971,0.464107036517433,0.322761629335307,0.725711405978825,0.504527114767187,1.19056675138974,0.827241617286977,1.86696204273912,1.29634305634887,6.49635996227218,4.50185598875983,31.1991681092864,21.5914226415457,1.39470123605647,0.443918413052332,1.22404260753676,0.39213338569378,1.74233957623402,0.547944467194976,2.7216880932255,0.834119092117923,3.96172404934302,1.18728472964582,13.8725424161111,3.88760808685062,67.1473793160409,18.0756961259879,4.19238798930836,0.497532424277266,3.40781441160942,0.420942220287871,4.74062390525198,0.548756771559342,7.54013330215348,0.79100586428664,10.6624711015213,1.03543515780912,42.3896288706191,3.09398116742055,221.459686305809,13.1673435849133,11.5747735685104,0.584373509771023,8.90607310696667,0.484637969671408,12.3864330328208,0.612779530614845,20.3516038047405,0.869827966700806,28.5706291654164,1.10612133179905,127.497717940892,3.36817898867283,703.724129605816,14.7187878387388
24.6,3.57912470296558,0.477722270797719,0.331578506735946,0.465123010310362,0.322841124390083,0.727055685520064,0.504483578414911,1.19253523719944,0.826985436969195,1.86963496207731,1.29561119103175,6.5050783546282,4.49849991988257,31.2400216189847,21.5741951723204,1.40212555134121,0.444472916845504,1.23039237801835,0.392449805543714,1.75068282599709,0.54842131353456,2.73420038851142,0.83439269912555,3.97896761350319,1.18716512779337,13.9377131816745,3.8880997154465,67.5054448936927,18.0629310309738,4.22637343129688,0.498099530961048,3.43383253558623,0.421329959770389,4.77664820732413,0.549093447251175,7.59912386615274,0.791199529073153,10.744818210916,1.03543794650631,42.7637505395075,3.0945758432351,223.44907569974,13.1670648611666,11.7036619726701,0.584719380777427,8.99933762241328,0.484925611833287,12.5180769439038,0.612926279058611,20.5789424940351,0.869847824634539,28.8908529647742,1.10580314193454,129.170973685128,3.3651868890596,713.836969831742,14.7054287789612
24.8,3.59414144618661,0.478916666907729,0.331775659083241,0.466135635577482,0.322928498434496,0.728395685604863,0.504431751367171,1.1944978035589,0.826721812075449,1.87229998133531,1.29487527056923,6.51377426440088,4.49529833034773,31.2807771302782,21.5572803240736,1.40945098709665,0.444931361890794,1.23623286890219,0.39281819511884,1.75861151346928,0.548662633638783,2.74644248456086,0.834489014990694,3.99570627265673,1.18694598721232,13.9979186038639,3.88738420100174,67.7551174109862,18.042426952237,4.26045328260491,0.498812569584757,3.45925207640214,0.421671382842232,4.81207862618255,0.549588265464843,7.65839615998715,0.791661519279511,10.8277098360049,1.03561942524885,43.1462084818413,3.09410835783947,225.653096198758,13.1608464336421,11.832956676446,0.584921035217919,9.09197455389591,0.485109531572202,12.6491437350665,0.612958374084634,20.8068568150708,0.869682934507514,29.2116854258469,1.10545452425577,130.838219765706,3.36211548458642,723.532346368321,14.6875408682037
25,3.60908171395603,0.480107324272946,0.331970559353139,0.467144929650804,0.323009364580683,0.729731426023919,0.50438305640375,1.19645447350202,0.826464206591358,1.87495712942803,1.29414529382611,6.5224477389992,4.4920600472562,31.3214347700504,21.5405986815737,1.41679169532965,0.445487904276304,1.24218435151957,0.393155743744558,1.76656501494508,0.548952869197002,2.75875637319293,0.834428327247792,4.01260211334956,1.18668658496796,14.0600902056048,3.88507328756135,68.0505575086808,18.031858293086,4.29452306359727,0.499328590085588,3.48381414503031,0.421940428092822,4.84686653320505,0.549902723020197,7.71759074452751,0.79214129433145,10.9104293297296,1.03561365500233,43.5257704403703,3.09436374428275,227.778095348583,13.1666273795156,11.9627979650972,0.585282439682706,9.18700258472114,0.485476950941711,12.7826148090366,0.613296840432896,21.0359628886044,0.869943624826985,29.5344050671186,1.10501764205921,132.527392492174,3.3598037823549,733.585094539829,14.6678712915508
25.1999999999999,3.62394656125491,0.481294260141488,0.332157749390473,0.468150910077876,0.323088798016926,0.731062926936042,0.504339610762471,1.19840527073858,0.826201872739603,1.87760643624194,1.29344597428666,6.53109882992189,4.48895385585607,31.3619946860535,21.5240547798703,1.42419318095121,0.44610921800783,1.24800288294219,0.393519873760388,1.77454995009384,0.549174522984154,2.77127699914021,0.835016814015181,4.02991541041271,1.18639996234301,14.1269550427134,3.88355295554626,68.4524003536698,18.0198285820047,4.32866003056865,0.500006726694961,3.50931804208758,0.422376993929273,4.88252150217358,0.550320014822534,7.77701748725255,0.792579451797565,10.9935940717557,1.03608014807019,43.912149599844,3.0937120592679,230.054578436922,13.1573487380742,12.0930946087669,0.585704408289516,9.28123699916291,0.485743572256539,12.9155663625643,0.613467307329358,21.2658796421747,0.869942799162271,29.8582076806659,1.10449919703797,134.22041086671,3.3577803110927,743.451800934769,14.650986138938
25.4,3.63873701948347,0.482477492071863,0.332350110252316,0.469153594598389,0.323181666700828,0.732390208834487,0.504301279518737,1.20035021960095,0.825956605888796,1.88024793256113,1.29273312584543,6.53972759249338,4.48583545674717,31.4024570456327,21.5067398528251,1.43151684567488,0.446530364906945,1.25430182566542,0.393871337388937,1.78285033257363,0.54938850010999,2.78358366224144,0.835247257501273,4.04682974069076,1.1860716780685,14.1899065993488,3.88235417481391,68.7695117977592,18.0239059287319,4.36265908956642,0.500618838579561,3.53483847090948,0.422894120813029,4.91808774107093,0.550705370000855,7.83605649797373,0.792871881463713,11.0760130059977,1.03632836567628,44.28770595246,3.09394541728947,232.022344017957,13.1597995800294,12.2240345599568,0.586026905411284,9.37716089658734,0.485932267645097,13.0501745947435,0.6134438404662,21.4969385221011,0.869853496099155,30.1836617605153,1.10398436842064,135.925541275622,3.35612351853978,753.500317331845,14.6361678064441
25.6,3.65345409718729,0.483657037904537,0.332544889897668,0.470153001122268,0.323265697849058,0.733713292515366,0.504258751565343,1.20228934499392,0.825713284908388,1.88288164999776,1.29205270083823,6.54833408561459,4.48268807672687,31.4428220345232,21.4907125124969,1.43884118198109,0.447186735675304,1.26025690478092,0.394206450841195,1.79084244015484,0.549635875984782,2.7959218375853,0.835552826688603,4.06382384234737,1.18580406412808,14.2540334537022,3.88018555841974,69.1143088943376,18.0225822733215,4.39671557721147,0.501411431411022,3.56101725415259,0.423360523908219,4.95420676082769,0.551057125256518,7.89525816058646,0.793313382290257,11.1587301442424,1.0362233222967,44.6675232724945,3.09453708187659,234.084259052707,13.1518648889399,12.3555800643261,0.586235913364397,9.47235692340343,0.486119761917228,13.1844265340797,0.6135051221456,21.729134536565,0.869766173951174,30.5108220855432,1.10343494960992,137.646354529623,3.35328908149193,763.836566162785,14.6337923060104
25.8,3.66809878075523,0.484832915735299,0.332733953134098,0.471149147709188,0.323352738399197,0.735032199048032,0.504219933614023,1.20422267234765,0.825468480684654,1.88550762092665,1.29135585461738,6.55691837152816,4.47958606192444,31.4830898557118,21.4736378590782,1.44613672878803,0.447587065375992,1.26616611294863,0.394516233190003,1.79881648767411,0.550083475320562,2.80820032524417,0.835688829213165,4.08071947791635,1.18576871857559,14.3174313852552,3.87918146956886,69.4442097305627,18.0007534473222,4.43080318036466,0.501862853602269,3.58720898372628,0.423745736698352,4.99031865546945,0.551360640171469,7.95451840900681,0.793756638677908,11.2415479414109,1.03627658411509,45.048745450431,3.09541321440548,236.184096143423,13.1606653661086,12.4876121889313,0.586675959080545,9.56814672990197,0.486360634430088,13.3193552292303,0.613585340676192,21.9623411428989,0.869810099626211,30.8395017097724,1.10302333779583,139.381469117807,3.35111093204126,774.27198768843,14.6260567795574
26,3.68267203509023,0.486005143890235,0.332929327292248,0.47214205254939,0.3234430608587,0.736346949747302,0.504181393152271,1.20615022757337,0.825231912192118,1.88812587842378,1.29065788145933,6.56548051559658,4.47652472266955,31.5232607283644,21.4572248158715,1.45335315382977,0.448168773488308,1.27212698224086,0.394970341898649,1.80678894847343,0.550539182954861,2.82026283458668,0.835812567853012,4.09721296322941,1.1855551228033,14.3768704101298,3.87760868767631,69.68790262402,17.9850039944467,4.46492427562414,0.502538889768648,3.61312484259206,0.424242902628451,5.0262786490242,0.551941112511562,8.01383443300983,0.794166215617966,11.3244490779143,1.03628303414595,45.4307885411281,3.09519402295225,238.299558966246,13.1527313964922,12.6201384742815,0.587100557067352,9.66480379950845,0.486552336176451,13.4553405651591,0.613642654573227,22.1964874968801,0.869730630327799,31.1695370862212,1.10240713020531,141.126680842737,3.34895512398775,784.733934207941,14.6089507321173
3.1,0.258198889747161,0.405999705113277,0.404936399639146,0.40338033674553,0.402304653839868,0.646368111215072,0.644777348335589,1.07621618135543,1.07358870947394,1.71238816212615,1.70822171886747,6.00547183186187,5.99296488577873,28.9060977782648,28.8564133634249,0.382900876478842,0.274011534464911,0.38565632857553,0.275846507279141,0.620506803121468,0.443623834075868,1.03459269074571,0.738417810803339,1.65422732687891,1.17918439131172,5.79003207169606,4.11172283440805,27.8439512582319,19.7086480315266,0.829274973967763,0.388578636728471,0.726690370305959,0.343863612732096,1.04734640828739,0.482461531836229,1.57308014800476,0.696628782224575,2.25936021890407,0.960835309531422,5.98580201171459,2.25296543713775,16.9594166792423,5.55876035637104,0.659974492532961,0.337441222222186,0.61241886780319,0.313750101421258,0.930718645374521,0.474559474584815,1.50595928359172,0.762011765949343,2.30204171034948,1.15919634631659,8.05540875114265,3.96075080541216,38.7080546274829,18.70322416354
3.3,0.447213595499958,0.404897169256175,0.401988871452207,0.402371231038082,0.399504603337717,0.64510868405228,0.640576310515445,1.07446687546434,1.06707993852286,1.71005755745561,1.69835982756556,5.99866305714043,5.95906980761908,28.884996325446,28.7098848870176,0.404096315422383,0.285711803867778,0.404148349473921,0.285779423027538,0.644516221062596,0.454705136720968,1.06898754630132,0.75332285905061,1.7007669403782,1.19636215453475,5.9377373337855,4.15869479346017,28.564887712416,19.8931571719133,0.862438360972262,0.377334771519672,0.754005173311262,0.332741340148996,1.08853481012233,0.469219359676032,1.64331298628732,0.684155215133081,2.36997541246663,0.950403199329337,6.4857047034854,2.30575486198211,20.0614184384946,6.26515293592634,0.80510743483582,0.387857841754349,0.742259326925262,0.358136200937931,1.09444234012542,0.525466841757127,1.7349422924654,0.824697988965817,2.60862942426406,1.23048640358318,8.99363379712344,4.14135757125788,42.7939648299606,19.627291068651
3.5,0.577350269189626,0.403803523496323,0.399004034444182,0.401403776778528,0.396615273590362,0.643869801919832,0.636246263879795,1.07271367662631,1.06035739731618,1.70770266280473,1.68820713418929,5.99145722755687,5.9253640973691,28.8550372013251,28.5543684448342,0.423790772324932,0.296108804624308,0.420685741689728,0.294180763492737,0.666471143705043,0.464766257181322,1.10092794049277,0.766482096691319,1.74380142962481,1.21119216073325,6.07147167777666,4.19959217657535,29.1053909375031,20.1458392321783,0.891543960583553,0.374699422372947,0.782190807335368,0.331260385170654,1.12601569801515,0.465631324089722,1.70231616905904,0.679253563389316,2.46006501566182,0.948810671411791,6.87836541817772,2.35876445931555,22.5723567404744,6.84724704557991,0.941597905616608,0.42488686867304,0.861834626132371,0.389393719178194,1.24811728689784,0.559711017601013,1.9536073622234,0.868042373286821,2.9032830422476,1.28272490951422,9.93545164233332,4.28750476711166,47.0930638113171,19.9785529404218
3.7,0.683130051063973,0.402700722014396,0.39600183126818,0.400436071091064,0.393786785629611,0.642622920041481,0.632030993818546,1.07094107126609,1.05356541948451,1.70531724551036,1.67809695565493,5.98408296632902,5.89091416007334,28.8228243943935,28.4007898299044,0.442387079953271,0.304465028873652,0.43679610440161,0.300292474861692,0.687579075655019,0.472191781492638,1.13164618436771,0.776108072367415,1.78576695317568,1.22310059158205,6.21184841462855,4.23261727475715,29.8884342551345,20.2006739347491,0.919422453262949,0.37451776814224,0.807905519240653,0.332267344994236,1.16081936311561,0.465240573080713,1.75786477629381,0.680788424556802,2.54361631373808,0.949190842500583,7.23763494791029,2.41114080641364,24.9205260167263,7.35315278585255,1.06954310798202,0.452463039852551,0.972529432031953,0.412415011965963,1.39107877024231,0.585791383260915,2.16055613003541,0.900198965480822,3.18328831092638,1.31499651905476,10.8568873802308,4.37069522915209,51.419838786959,20.4026283788064
3.9,0.774596669241483,0.40158729045187,0.392959851799039,0.399462870327629,0.39086331524108,0.641365130059129,0.627758640508226,1.06914862567148,1.04678911237301,1.70290293889387,1.667798020718,5.97658288849178,5.85707797819941,28.7894229118338,28.2334508064191,0.459643841212811,0.311695642228743,0.451142595120229,0.30629123467662,0.706811597287174,0.479014833302763,1.15993662379782,0.784601176797142,1.82405260921197,1.2312314996868,6.33406340386582,4.25463608675364,30.4014504798703,20.3362181017316,0.946689062346751,0.375031292263055,0.832243197166678,0.332796785729225,1.19425418751082,0.464740135225999,1.81127840047387,0.681332387997267,2.62296843811869,0.952357231196154,7.57411168931656,2.45797499537093,27.1429148173659,7.8279187780819,1.18994306062495,0.473690286731727,1.07282267315859,0.427587190888285,1.52348713775388,0.602601541104782,2.35705817035119,0.922849577895904,3.45019291149257,1.336630156838,11.7602500992833,4.43013871119138,55.7862159387183,20.703929975641
4.1,0.856348838577675,0.400463940287402,0.389929853212118,0.398483622387567,0.388001673875405,0.640096858977857,0.623466318504385,1.06733796501882,1.04001807631052,1.70046258655815,1.65750383691093,5.96897693776523,5.82209901096193,28.7552058113584,28.0658571515572,0.475932586062951,0.318218077252206,0.465148309994491,0.311258819168768,0.725212395663242,0.484716016253766,1.18685581364712,0.791534537372948,1.86069874548618,1.23921404112962,6.45490908354195,4.2726764518106,30.9874305250158,20.4579446810669,0.973603386392838,0.376007978537685,0.85603286785562,0.333141758112271,1.22677021757418,0.46575782464384,1.8634049912663,0.683000991007586,2.6996976030091,0.956031245979789,7.896167891448,2.50008660752594,29.2716720068704,8.25108221145238,1.30335678769953,0.48914725684652,1.16660421753421,0.43902654692746,1.64790552988534,0.614225484780131,2.54355677503,0.936373502172549,3.70449772788786,1.35025733108652,12.6457376798847,4.45086959567622,60.3112488024961,20.7416787089407
4.3,0.930949336251263,0.3993320653602,0.386930122255407,0.397499130290422,0.385153827895852,0.63881954004965,0.619198728533031,1.06551141119157,1.03326007875242,1.69799954284752,1.64723220867684,5.96127941153005,5.78786077973671,28.7203598708043,27.9077512096897,0.491304159803011,0.324368262996795,0.478358965124503,0.316183907409954,0.74261077095447,0.490087481905993,1.21231168761991,0.797219111714342,1.89538529170227,1.24423036077437,6.57003499499281,4.28759329409774,31.5501288526547,20.4273434975769,1.0002547414535,0.376352525198477,0.880454076242198,0.334275809363893,1.25940301533268,0.465809802349792,1.91495023936994,0.685067622390335,2.77544111402883,0.958318102413446,8.21734792061778,2.53319990609764,31.467092678354,8.67208377911597,1.40946258216825,0.499882138699247,1.25460882683453,0.446254399663638,1.76477275478357,0.622393136464927,2.71933246006464,0.944286288537975,3.94455688140206,1.35169543755858,13.4934103156486,4.45640376778743,64.3887359009064,20.7553106460879
4.5,1,0.398193378904247,0.383922818106043,0.396510759921159,0.382286771782326,0.637535054629129,0.614911483203204,1.06367164813512,1.02649634571522,1.69551748870601,1.63695080843163,5.95350289758101,5.75360543628297,28.6850037752487,27.7357247417686,0.505775426411615,0.3292760206724,0.490595899505059,0.319359576443772,0.758886988305977,0.493578865478214,1.23611755876356,0.80188546201972,1.92759257218323,1.24787560742529,6.67310160151077,4.2923927541409,31.945577583242,20.4734996994785,1.02637034151684,0.377822717236495,0.904152478900037,0.335295418476646,1.29122754814023,0.466584938214301,1.96553762851173,0.685640271644989,2.84938661163837,0.960528934197128,8.53007418537095,2.5685863978392,33.5528239225077,9.04782282880154,1.51031665640916,0.507634156047539,1.33733109778956,0.451319732111877,1.87518915584088,0.626330114262373,2.88734537633929,0.947969714023838,4.17460305924092,1.35138653923498,14.3222192631915,4.44721773775833,68.4656891759822,20.5994609532565
4.7,1.06458129484475,0.397049782364886,0.380896484102518,0.395520167320975,0.379445440305247,0.636245534706998,0.610654176844401,1.06182159479543,1.01966957111001,1.69302034916031,1.62670640969379,5.94565951652613,5.71888467001634,28.6492268032311,27.5741980761085,0.519681126188142,0.334310326283365,0.502074608486073,0.322626117061632,0.774351179830184,0.496845005459335,1.25929856811608,0.806300611056397,1.95932435343519,1.25033729615557,6.78122855701846,4.30293363945324,32.522058328381,20.4984203728798,1.05284677324128,0.378751591748057,0.927847968598439,0.336735398226241,1.32310146567562,0.468244726729901,2.0160858760539,0.688519690155248,2.92293894401594,0.963946987281326,8.84041925090222,2.60056977385337,35.6828463903785,9.40295520814376,1.60658369366869,0.513444547526267,1.41610988242529,0.45397917255304,1.98086542015006,0.627864057720571,3.04831402404595,0.949444845109743,4.39530756061636,1.34650577428511,15.1274936211576,4.43455285521519,72.4056265207312,20.5197324846165
4.9,1.12546286774227,0.395903301535635,0.37788033963062,0.394529177700444,0.376566624954707,0.634953270465176,0.606372757825786,1.05996433792847,1.01288722418086,1.69051223929631,1.61636730247991,5.93776137067776,5.68361295893722,28.6131041965574,27.4115044196793,0.532863587974224,0.337561093656199,0.513465769521571,0.32512647831073,0.789365966113259,0.499266087723793,1.28105547891965,0.80826542683626,1.98882945762111,1.25215441253458,6.87709597013747,4.29936218374494,32.9128398761548,20.5164770422572,1.07905907027729,0.37945159570692,0.952387983280595,0.337983545449634,1.35540000055769,0.469135701628442,2.06657424696692,0.690604616789141,2.99658530202382,0.966528051754052,9.15772562879715,2.63373536867648,37.9291126015537,9.69570537631576,1.69871456215833,0.516221769974192,1.48956004686738,0.455757682994502,2.08066150331795,0.62792349789419,3.2031780787416,0.948065718275888,4.60806983878399,1.34067257808375,15.9167563228832,4.41324561444425,76.2658076431977,20.5278430028002
5.1,1.18321595661992,0.394756047194207,0.374893909822525,0.393539719686743,0.373741612276468,0.633660656068832,0.602114759349028,1.05810308666037,1.00609893036434,1.68799742056359,1.60601238022525,5.92982070415208,5.64882129459466,28.5767040597393,27.2464314268135,0.545551686465,0.340942716288017,0.52353080519885,0.327276022725603,0.803168172304191,0.501189768461755,1.30212012917217,0.810540326620493,2.01753651540653,1.25253496990962,6.97295117297773,4.29473339269274,33.3620133107208,20.4456378269058,1.10493646666296,0.381030536370123,0.976882746515766,0.339745410334962,1.38737887691718,0.470390216851333,2.11608037931241,0.692182791893158,3.06823747303785,0.968147201025246,9.46155195058086,2.65902249891569,39.9534319779038,10.0391352250858,1.78799167374849,0.519104654521832,1.56167111060964,0.456408703787188,2.17804238546103,0.62681101350176,3.35391170963637,0.944988974904168,4.81584587553217,1.33217041662645,16.7069310282621,4.38833322788369,80.4716492077883,20.3924818625513
5.3,1.23827837473378,0.393610186447885,0.371902832908717,0.39255378328285,0.370905959530936,0.632370152049598,0.597862742899617,1.05624113673436,0.999335564110129,1.68548026210021,1.59570280961791,5.92184994276637,5.61384689844542,28.5400907028826,27.0722372423138,0.557769483631475,0.344283447577666,0.534014184060521,0.329534688057685,0.817034712340926,0.503392989835211,1.32243843601018,0.812715341640864,2.04525500018508,1.25272588642032,7.06612049230577,4.29332230327933,33.8064142316834,20.4711020881865,1.13094926068269,0.382158486688485,0.999154733551021,0.340397240814811,1.41796061907675,0.47083729181125,2.16568004386973,0.693443999267415,3.13983927567929,0.970300572172835,9.76541825572333,2.68546109621429,41.9577273128299,10.3252923554233,1.87430242854309,0.521257976289099,1.62687245215373,0.455361083600143,2.26860250375112,0.624922847290215,3.49940489191493,0.942013347638418,5.01607092020463,1.32428776353032,17.4634339277428,4.3482010889305,84.2552337892183,20.1597996075362
5.5,1.29099444873581,0.392467919689989,0.368946555739894,0.391573389596593,0.368108110883983,0.631084256187214,0.593640430998108,1.05438184012037,0.992582193453963,1.68296520546229,1.58541963668125,5.91386167990743,5.57918012295477,28.5033263285422,26.9148358895789,0.569653570535446,0.347042676994913,0.543565237017907,0.331281203074597,0.830060429273885,0.505004115602902,1.3422970946462,0.814221742215486,2.07247782062968,1.25265417794037,7.16006919820491,4.28966034164388,34.3150193757405,20.4317311355329,1.15686566361978,0.38332257673033,1.02188750576964,0.341682895523878,1.44871345835491,0.472036377233904,2.21498768108466,0.695165868668951,3.21094053435105,0.972467568588609,10.0688590179566,2.71041294079623,43.9711707535568,10.5957215575781,1.95851804977909,0.522522068540204,1.69518169419128,0.456060874418419,2.36076626310494,0.623731383008418,3.64184089750409,0.937951415546102,5.21257492673981,1.31422821912568,18.2204121692461,4.30772174704148,88.2891782182699,20.0009587410546
5.7,1.34164078649987,0.391331461088056,0.365990655223513,0.39060056729414,0.36529777461817,0.629805479533848,0.589396004633376,1.05252857830652,0.985817072446569,1.68045673230928,1.57510039488285,5.90586863767754,5.54413448645012,28.4664718874564,26.7462942339631,0.581071531054321,0.349443064355831,0.553367790814291,0.33310783183286,0.842986375506487,0.506041208103516,1.36119366581177,0.814987852384069,2.09815156963271,1.25138430599001,7.24469560981743,4.28388250931639,34.6716631696856,20.4611281844971,1.18266732974444,0.38463895504144,1.04572341565374,0.343066455863308,1.48026639288577,0.473253985222544,2.26403415602596,0.69682590476689,3.2815319498217,0.973932760140035,10.3707306534207,2.7299322110478,45.9339706958412,10.8560744139121,2.04030803798161,0.524119438918526,1.75842505034518,0.455257568898057,2.44770767389979,0.621683935387879,3.78007110553141,0.933406753622596,5.40285334471927,1.30422929754524,18.9452343342291,4.26912139811606,91.7230701414531,19.7510124883406
5.9,1.39044357430761,0.390203021681643,0.363040198612193,0.389637333447081,0.362515476376821,0.628536326063129,0.585209374116572,1.0506847385728,0.979096140210575,1.67795933495877,1.56482072363338,5.89788361753674,5.50907594752917,28.4295874948733,26.5771698751319,0.592303618575978,0.351802385459616,0.562783614829575,0.334339453057135,0.855581508180963,0.507013960746854,1.38004082658926,0.815167065430147,2.12407058567469,1.25025653372595,7.33584231965163,4.27004482113012,35.1965088143829,20.4063018788632,1.20862090496075,0.385671830309329,1.06802476360434,0.343665206612149,1.51061207304253,0.473915949686786,2.31323540703266,0.698434114589347,3.35228409033655,0.974994768636719,10.6749231888345,2.75020455488591,47.9260867732955,11.0434028422996,2.12079924323625,0.524416519015778,1.82311196022398,0.455338423389603,2.5353867052617,0.62035788990207,3.91678758962462,0.928696772477134,5.59169674199713,1.29417926477684,19.6832214570886,4.22626556545621,95.5454535358345,19.5764567781223
6.1,1.43759057685652,0.389084794638477,0.360123349383942,0.388685677600384,0.359756874815451,0.627279275189415,0.581020669336075,1.04885369292033,0.97240223427249,1.67547748980598,1.55456810389529,5.88991944779892,5.47413125177056,28.3927326066989,26.4147902662256,0.603132724904798,0.353818473622501,0.571378396051622,0.33525486553483,0.867303998411425,0.507651891792826,1.39799811589579,0.815412749665268,2.14849297641915,1.24757191343859,7.41695603822597,4.26186265911443,35.5426937726709,20.2490779579259,1.23469252399398,0.387102815284825,1.09159075599789,0.345380132254165,1.54188441804198,0.474780705241853,2.3622502242176,0.699959039144191,3.42248114648486,0.977234121675928,10.9742529964418,2.76892853154362,49.8280835329429,11.2351494066278,2.19965835550338,0.525339601248705,1.88707827308255,0.455574940284651,2.62159539161737,0.618352475935365,4.05075012366878,0.924538128050914,5.77654889220068,1.28573009822539,20.4029952126043,4.19249911172927,99.0255352250176,19.4308094238283
6.3,1.48323969741913,0.387978942415046,0.357243750264555,0.387747548412808,0.357033067691712,0.626036766736027,0.576877293118931,1.04703877946879,0.965714194909722,1.6730156335932,1.54434490895342,5.88198893194648,5.43903156733639,28.355966062919,26.2480525865858,0.61379756117828,0.356079727487719,0.58065404632953,0.336850002464609,0.879584604124788,0.508861351527116,1.41585773708495,0.815305988089497,2.1729897677298,1.24564001867653,7.50215799628362,4.25671365344759,35.9993706735976,20.231167309172,1.26073360908961,0.388273318487886,1.113439027577,0.346206058701351,1.57181659417962,0.475412457990886,2.41146177026845,0.70111479332537,3.49311029961329,0.977724937009031,11.2804898059824,2.7866116081551,51.8114322085294,11.408772244185,2.27743416658512,0.525608397447023,1.94909862184478,0.455073724049417,2.70577079683212,0.616603289569443,4.18328281320278,0.921139147565223,5.95982382637703,1.2769199950427,21.1290135013313,4.15747272147141,102.734807521774,19.2790748142023
6.50000000000001,1.52752523165195,0.386887585649949,0.35437794570841,0.386824842469721,0.354320931871236,0.624811188078188,0.572771349135907,1.04524328617803,0.959065578950992,1.67057814247163,1.53418618857681,5.87410479991187,5.40400697918024,28.3193460584992,26.0791656130541,0.62409545780204,0.357832016167521,0.588998428055927,0.337552135770041,0.89085256847242,0.508858351196694,1.43284639063531,0.815155693504866,2.1959684196594,1.24350457267123,7.57630733440182,4.24027602408586,36.2500037666281,20.1900321408769,1.28670186467543,0.389392084535931,1.13581852680254,0.347032122870014,1.60224449761937,0.475928472465153,2.46054109921436,0.702315600761095,3.56344609784043,0.978925679537054,11.5859578605565,2.80336017382042,53.7225339580977,11.6083533477947,2.35412095344487,0.525734152515239,2.00816670105265,0.453848786255583,2.78711431608904,0.614333616209024,4.31384841131752,0.916494000138519,6.14027835730468,1.26693176772918,21.8432384471458,4.1208056893883,106.308661679806,19.1247618264812
6.7,1.57056253191863,0.385812793652107,0.35153733707483,0.385919394990682,0.351631211433022,0.623604863253829,0.568669590267447,1.0434704367581,0.952458748714348,1.6681693137581,1.52400970073853,5.86627966345842,5.36920266729809,28.2829300768122,25.9080028099815,0.634331259816258,0.359443782580788,0.597734786899968,0.338733567458201,0.902361166009389,0.509570207936602,1.45001932202034,0.814432631543794,2.21954405140146,1.24129586948684,7.6588431211301,4.22953006190591,36.6950169958575,20.160942939692,1.31268845338277,0.390389961520529,1.15834228480681,0.347954985711283,1.63265979949953,0.477162801948367,2.50938939587116,0.703386654123731,3.63320046740313,0.979271456470679,11.8864531497982,2.81536707997316,55.4996380597703,11.7280461435974,2.43037296254193,0.526195807560119,2.06826974946932,0.453247685550091,2.86926259498853,0.612014791116545,4.44430730643255,0.913318145078187,6.32124312938285,1.25880778936924,22.5791863553831,4.08257877852465,110.385012395102,18.9758672724785
6.9,1.61245154965971,0.384756576358728,0.348727632001304,0.385032972217078,0.348977391869859,0.622420043865835,0.564576458145966,1.04172337862737,0.945860731306904,1.66579335025272,1.51388694872666,5.85852597618407,5.33442270501815,28.2467748062077,25.7446187437307,0.644321535035144,0.360690155033976,0.605821247967108,0.339304856694654,0.913442590615809,0.509618107986186,1.46667463599649,0.814393868122806,2.24226403401397,1.23849444268487,7.73582391837196,4.21670709815803,37.0405827296486,20.0320506630869,1.33875682784446,0.392029089638741,1.18069591539288,0.349335849366602,1.66315261128809,0.47831829414194,2.55814457764658,0.704839078541651,3.70272047036423,0.980817060170617,12.1860160629093,2.83103989989641,57.2658390772767,11.8647079457983,2.50560255523171,0.526713887422772,2.12853953824386,0.45282070378023,2.95107614928954,0.610780529439251,4.57293102173295,0.90999011245542,6.49933453194291,1.25055383558912,23.2966635100235,4.05268392972899,113.996537582287,18.8288260954966
7.10000000000001,1.6532795690183,0.383720877643177,0.345946504832223,0.384167265299654,0.346342707820544,0.621258901614711,0.560555769487533,1.04000517277208,0.939355417193027,1.66345434695839,1.50388181235973,5.8508559983098,5.2996391513875,28.2109360520506,25.5796447558886,0.654169804674115,0.361957650465353,0.614205489261227,0.340085669694311,0.9245255514723,0.51019598967168,1.48314324721974,0.813318597255042,2.26478307545451,1.23543240378283,7.81318070306539,4.20352042374313,37.409973264092,19.9762829054699,1.36474651988173,0.3930538858419,1.20255482040843,0.349571839506439,1.69328278131189,0.47908077096719,2.60658140585542,0.706096603819006,3.77161830665762,0.981609177879486,12.4814941981707,2.8427167980942,58.9231061129574,11.9688234678183,2.58029836202646,0.526694334341015,2.18826840398515,0.452739795234244,3.03216011154467,0.609308348332332,4.70079289255496,0.906609335592657,6.67648009406855,1.24262237456494,24.0151827147533,4.02208983161233,117.632622247819,18.7056762371653
7.30000000000001,1.69312334656004,0.382707569855987,0.343196033765267,0.383323885526891,0.343751701939046,0.620123522309909,0.556570277048184,1.03831878535694,0.932855155903439,1.66115628002824,1.49386518398198,5.84328176619469,5.26504387258727,28.1754686516134,25.4129305075939,0.663911287768988,0.363026446199748,0.622135254012739,0.340472999761517,0.935339827329483,0.509739281152872,1.49951566010658,0.812843278940841,2.28725901018842,1.23249991857428,7.89209725125968,4.18863788297597,37.8238277194411,19.8545948243956,1.39081315490961,0.394454294181781,1.22307947231681,0.350455617965009,1.72244459068702,0.478995940843465,2.65517215187416,0.707144014580273,3.84081209911195,0.982514643441002,12.7815314915764,2.85609529799967,60.6536665938305,12.0552653039496,2.65456563319464,0.526684741266537,2.24575504259413,0.452109617755368,3.11137499676233,0.60763563541812,4.82828586787556,0.902652944673457,6.85344062732032,1.23589857490664,24.7439290733614,3.99027934058999,121.481747527882,18.4817300238727
7.50000000000001,1.73205080756888,0.381718449484927,0.340476577554255,0.382504360749275,0.341177314771044,0.619015901214777,0.552609038138676,1.03666708093423,0.926430529477896,1.65890299775672,1.48387521860988,5.83581506637239,5.23019196058281,28.1404263958363,25.2452336936769,0.673499946773773,0.364387385289899,0.630155957910383,0.340674568603876,0.946054496853842,0.509681221309857,1.51557057575558,0.811543448542323,2.30922650878833,1.22959965317105,7.96796630844179,4.17638192536766,38.188315409873,19.7938297402689,1.41691969351364,0.395520481920521,1.24460390000426,0.351051989667455,1.75246527113679,0.479430032325605,2.70401299719441,0.707829181710287,3.91048370892782,0.982973324644802,13.0879063953567,2.86297799613512,62.4493177998285,12.1333639298203,2.72853583890844,0.52677363179579,2.30323292991886,0.451586072117785,3.19064528881331,0.606075266288502,4.9555233284068,0.898962151413533,7.03029342131236,1.22740852575535,25.481199451198,3.96510974022557,125.51244266311,18.2350503089521
7.7,1.77012240631357,0.380755233824204,0.337797569653178,0.381710132866245,0.338648415292486,0.617937939587602,0.548703471084839,1.03505281710174,0.920033825353,1.65669821343063,1.47400807735314,5.82846741383947,5.19590405978792,28.1058619603803,25.083582956535,0.682908168759086,0.36512883115769,0.638090488686801,0.341462477880581,0.956579858024656,0.509763892552785,1.53125791953092,0.810634292380071,2.33058365384391,1.22683580277052,8.03978976584612,4.16304637354769,38.4748490464456,19.8115322896539,1.44311909479631,0.396421273714525,1.26709616856437,0.35180514297832,1.78331616505548,0.480397193446977,2.75282608367639,0.709001705731966,3.97999786142547,0.983138534456208,13.3930052699522,2.87377216253162,64.1996061206606,12.2055433810049,2.80197969725327,0.526710331201578,2.35959657897314,0.451029842309913,3.26850384040692,0.604205669219244,5.08155121358091,0.894882484969818,7.20511468068073,1.22069717629849,26.2018996394308,3.93353091660935,129.179846370146,18.0264842087035
7.89999999999999,1.80739222823013,0.379819558547422,0.335145477423933,0.380942556252371,0.33613934404846,0.616891442288167,0.54480979773292,1.03347864046373,0.913683877221504,1.65454549985776,1.46417423179064,5.82125003427053,5.16143115537917,28.0718268468643,24.9171188382588,0.692251233822386,0.366117132050336,0.645589344293499,0.341568462813342,0.966836497544195,0.509389328519063,1.54692263118243,0.809422897318544,2.35201198347797,1.22321257604345,8.11381962387581,4.14856264640712,38.8178311558285,19.6374732327432,1.46928255155312,0.397545972030634,1.28801987016253,0.352381475331513,1.81284635425411,0.480787415904073,2.80125174131422,0.709542642843509,4.04870063135661,0.983520950771548,13.6907979275824,2.88368564891628,65.786438236662,12.3055288636674,2.87548454933137,0.526508156538031,2.41529983932589,0.450514533664311,3.3461138351542,0.601849564275205,5.20842932534934,0.891313877119213,7.38185276880759,1.21436797476187,26.9537126351673,3.90170156742322,133.473175428829,17.9642781283956
8.10000000000002,1.84390889145858,0.378912976084784,0.332542059204829,0.380202897008882,0.333677169809138,0.61587811632736,0.540989972540405,1.03194708375574,0.907395670883815,1.6524482853978,1.45439666229955,5.81417384982385,5.12724467253236,28.0383713345794,24.7506580249305,0.701630819268305,0.367079585630013,0.653413547508758,0.342107176541168,0.977393854183445,0.509226057474547,1.56285081495645,0.808679583624127,2.37405591618573,1.22034108958237,8.19484105597862,4.13291862601362,39.3163291858818,19.5603136043091,1.49574383135559,0.398477307568437,1.30991815196633,0.353109256775299,1.84334552219439,0.481427437737232,2.85034390155703,0.71035109536987,4.11864277436465,0.983224257144341,14.0017831842069,2.89227148111342,67.6553276259916,12.369295301525,2.94868724776444,0.526258542819739,2.47205542504286,0.449957366314351,3.42441938087393,0.600615918840716,5.33471521387975,0.888546201105791,7.55758190392933,1.20754158545453,27.697917212019,3.87541829107746,137.511735269622,17.8186788622721
8.30000000000001,1.87971629064956,0.378036954711151,0.329966416493643,0.379492332935469,0.331243290927455,0.614899570245694,0.537187027359283,1.03046056400206,0.901165317870642,1.65040985132906,1.44471383942831,5.80724946819681,5.09318708204396,28.0055444424315,24.5870235424387,0.71078741324377,0.367835933633868,0.660666328493737,0.342207561218108,0.987371203023957,0.509108452565303,1.57820339452326,0.807392198168354,2.39504106821283,1.21688838967246,8.26717468377787,4.12032969716897,39.6377183885896,19.5061706193163,1.52205932353703,0.399445205692043,1.33068870097937,0.353322253582793,1.87282685014595,0.481998725683708,2.89888373500657,0.711416339872441,4.18747444505812,0.98400589875367,14.3025076157759,2.89875681077773,69.2662805557691,12.4104295112655,3.02170778197641,0.526389694482434,2.52917811412546,0.449170918170701,3.50291798069608,0.599389052818829,5.46071398550758,0.886044262929565,7.73287053815337,1.20146438419013,28.4409063374649,3.84984016381541,141.450770808957,17.5877966493813
8.50000000000001,1.91485421551268,0.377192878258333,0.327442308910444,0.378811954126201,0.328851141976296,0.613957314215071,0.533430297407057,1.02902138158308,0.894983682429082,1.64843333039478,1.43506622653159,5.80048717459906,5.05920535226283,27.9733939005902,24.4253041818129,0.719886906682964,0.368833597905995,0.668478132456763,0.342820101586409,0.997668924087885,0.508740660547383,1.59348072439836,0.806524343288018,2.41594724487778,1.21379123778604,8.33974484343056,4.10653480603396,39.9705193055475,19.4461156249788,1.54862832007497,0.400619712055271,1.35296142451535,0.354314369301812,1.90360949831961,0.482550824786874,2.94800617411417,0.712162613513685,4.25732751503793,0.983556629645194,14.6134583275789,2.90516743090504,71.0579390782012,12.4685555612487,3.09468524246164,0.52629689896008,2.58445109455048,0.448597401359877,3.57982076727676,0.598051477080886,5.58700037268434,0.882967771909121,7.90885132702213,1.19498734624022,29.1974236578306,3.82752902523385,145.595543263319,17.4452410528145
8.69999999999999,1.94935886896179,0.376382046371642,0.324957034272365,0.378162764101592,0.326485915626318,0.613052760766787,0.529725801661633,1.02763172009903,0.888863286388055,1.64652170638374,1.42550431879264,5.79389692632576,5.02552215951648,27.9419661311296,24.2598219918912,0.728987849566885,0.36968645491116,0.675774006455353,0.343081417896017,1.0077266203521,0.508281761451996,1.60889482203563,0.80534530318294,2.43719732916028,1.21071764387301,8.41655181126639,4.09370067362689,40.3960440696123,19.3455791277677,1.57523076586169,0.401629817220582,1.37429524106508,0.354701344584098,1.93370287857494,0.483012589403682,2.9969954610594,0.712400785177686,4.32683492346227,0.983502430450441,14.920939010099,2.90965808365724,72.7485089464079,12.5180471538531,3.16756397367864,0.526066705895765,2.63939700981768,0.448182433777032,3.65645984765176,0.596471595208059,5.7130971007366,0.880150830338992,8.08449953698448,1.18869940181035,29.9523260708506,3.80411184567603,149.630901193258,17.3585955793346
8.90000000000002,1.9832633040858,0.375605675237595,0.322487136709534,0.377545681397059,0.324161171714763,0.612187226057093,0.526055612160247,1.0262936469259,0.882803866347106,1.6446778146118,1.4160232137603,5.78748834963299,4.99208424349722,27.9113062369027,24.0960648507758,0.737939646349809,0.370237423822982,0.682969151239184,0.343109593104536,1.0175200333791,0.507648561312975,1.62393074297662,0.804150061333364,2.45775784762556,1.20700457762533,8.4877546385567,4.08040275438197,40.7070426636661,19.3234866632461,1.6019866341258,0.402719378991912,1.39487531882394,0.355323758185752,1.96311875923805,0.483317535491415,3.04613147141249,0.713066359893395,4.39650879978112,0.983803989256634,15.2296420247288,2.91547365390525,74.45049273113,12.5674188001861,3.24039992934868,0.526108466475068,2.69583412553607,0.447964761314952,3.73436665818514,0.59515249837692,5.83893999716852,0.876956954203899,8.25959000445022,1.18369419496032,30.7002968453975,3.78026555515403,153.446749171443,17.2399219983495
9.1,2.01659779496722,0.37486489871607,0.320089440514623,0.376961541535536,0.321890130638636,0.611361931589846,0.522473787886681,1.02500911436828,0.876821479408991,1.6429043431818,1.40664591817213,5.78127073863814,4.95871990015015,27.8814579978268,23.9343876617385,0.746825058009766,0.370930770401339,0.690454054914279,0.343323547701125,1.02748775112344,0.507329719332357,1.63885501903108,0.802593087531737,2.47815179945708,1.20346910476301,8.55816590864131,4.06372187187475,41.0029144868696,19.2346858646632,1.62873987268873,0.403644518805967,1.4156974769687,0.355543973007662,1.99275933126982,0.483430826911567,3.09514250561449,0.713545098955177,4.46589011364257,0.983152577665691,15.5357690352996,2.92071621977315,76.0603869270117,12.5933064352333,3.31349601809728,0.525905116203795,2.7517409904031,0.447112253024444,3.81180927776378,0.593764070750274,5.96560846297637,0.873668474364013,8.43624521052821,1.17725930552431,31.4695223568895,3.75426408356017,157.685161439175,17.088994490645
9.3,2.04939015319192,0.374160769816666,0.317724867446958,0.376411099319293,0.31963245792817,0.610578006323573,0.51890196345364,1.02377996132276,0.870881415163191,1.64120383491112,1.39732930781438,5.77525305599012,4.9255114875658,27.8524638737909,23.7770027715836,0.755747114420822,0.371434100152708,0.697664867214717,0.343387245076115,1.03733570527369,0.507559518168742,1.65397797510365,0.801418642013853,2.49898792531805,1.20048963946468,8.63344478656925,4.05032336239028,41.4044983938858,19.1302622399347,1.65564276663431,0.404472518607746,1.43637779921483,0.355728134701524,2.02246179976263,0.483835740279385,3.14438671605786,0.713984558747481,4.53563114985391,0.982657396978157,15.8454603466005,2.92477138295601,77.7242176186041,12.6105337698999,3.386490892576,0.525690537392449,2.80656546993825,0.446433700002321,3.88847103275086,0.592558637083561,6.09217074372794,0.871297815140388,8.61266361291943,1.17271639874243,32.2367151023417,3.73439438463412,161.70818791171,16.9839980043171
9.5,2.08166599946613,0.373494262464876,0.315391881774606,0.375895031382668,0.317427835324223,0.609836489097486,0.515382714018592,1.02260791537395,0.865020784432114,1.63957868982621,1.38808182908282,5.76944393507613,4.8925368012753,27.8243650134017,23.6161658439548,0.764619366753712,0.372076172444286,0.70478919508226,0.343304106709924,1.04715306366315,0.50677638376478,1.66901639484739,0.800153704966886,2.51969885849211,1.19713451727746,8.70817931165743,4.03453209381922,41.7961636250686,19.0424463778331,1.682702848933,0.405304642041129,1.45725409462833,0.356170442411291,2.05234264071009,0.48397537731675,3.19375880048419,0.714720303804724,4.60551727868438,0.981631898409541,16.1562323251536,2.92664763938268,79.4184606945101,12.6370601250651,3.45970909701649,0.52569194844409,2.8625683723247,0.446235976124479,3.96622810030032,0.59166672976141,6.21936318056782,0.868893967427342,8.79020248533617,1.16745050922812,33.0181701969625,3.71442216832962,165.966183110753,16.8498409477193
9.7,2.11344899788631,0.372866273509269,0.313108022790156,0.375413938953728,0.315248365854376,0.609138331318044,0.511908626022401,1.02149459525301,0.85921076437927,1.63803116813387,1.37891270441936,5.76385168355378,4.859668486052,27.7972012678472,23.4562108910872,0.77337148367763,0.372376343412385,0.712014704912008,0.343256551107744,1.05691613454475,0.506329261146195,1.68372521593656,0.798576191095302,2.53979207406029,1.19299313455676,8.77759608988745,4.02135204686131,42.0772309407196,18.9824018950009,1.7099032170712,0.406810429620083,1.47842013709161,0.356602081146268,2.08241756563822,0.484312248094998,3.24334674047521,0.714974558443515,4.67575975256941,0.981997502190457,16.4710589120919,2.9305923389427,81.1975295466106,12.6489653232024,3.53308782095724,0.525907736522809,2.91693783433454,0.445740434947456,4.04258175153474,0.590216295088084,6.34695708043825,0.866876286450065,8.96837689100973,1.16220775819385,33.8066296662019,3.69110191361722,170.263489296005,16.7435909323909
9.9,2.14476105895272,0.372277624926138,0.310873716736501,0.37496835077864,0.313122955340042,0.608484399853805,0.50848947327018,1.02044151359599,0.853498544554507,1.63656339358828,1.36988710459722,5.75848428801726,4.82738297849763,27.7710112092057,23.2973141173411,0.782152590366984,0.373013975483543,0.719083508511353,0.343297214819766,1.06653791258937,0.505595142758017,1.69862714393518,0.797564234060705,2.56031132293225,1.19032953259976,8.85169568880507,4.00844396234263,42.4549398772275,18.9062640148059,1.73712184657262,0.407413479545965,1.49918610798245,0.35710247922748,2.11210833369682,0.484386297126956,3.29297398551124,0.715294076746109,4.7460173516397,0.982160046315372,16.7862352927415,2.93112905436145,82.9188455486831,12.6499621452706,3.60685503408291,0.525897632630253,2.97431732120597,0.445757357211076,4.1216316823096,0.589379509067226,6.47570450114659,0.864614328826418,9.1486251960187,1.15768809934384,34.6211263776352,3.66868219244931,175.026391432633,16.6335748281195
10.1,2.17562251627743,0.371729066182758,0.308680258840416,0.374558726167818,0.311028897899485,0.607875480092387,0.505127459507536,1.019450079946,0.847825280442508,1.63517735718163,1.36090606902954,5.75334941962562,4.79497245084078,27.7458321525597,23.1415971827479,0.790863147309248,0.373798650135224,0.726285813020884,0.343551777410199,1.07626312654814,0.505458087940554,1.71334076334691,0.796212232407369,2.58048087162643,1.18731507111092,8.92284362110335,3.99335742511018,42.7706353417453,18.8571193211148,1.76441958752225,0.408414781253981,1.5213594356927,0.357733495629168,2.14297833097277,0.485012547757333,3.34267593419305,0.715960635080007,4.81633341657146,0.982213933818133,17.1017326029929,2.9367807992786,84.6111900570985,12.656656691731,3.68054869931238,0.52624837043344,3.03002813817392,0.445303005587872,4.19925786559073,0.588215569009581,6.6040773193988,0.862219764626691,9.32802061911469,1.15287697511247,35.4230615672508,3.6493199319895,179.386841824811,16.4867639072593
10.3,2.20605228103657,0.371221276724866,0.306530676177092,0.374185458127757,0.308980115932131,0.607312279118496,0.501805202871561,1.0185216039496,0.842233227977327,1.63387492109409,1.35202108881973,5.74845444053904,4.76297993321067,27.721700181352,22.9845199560668,0.799582789681364,0.374041244716484,0.733249378018177,0.343518054253228,1.08585679337647,0.504918884679945,1.72811952053856,0.794783341581884,2.60080435275158,1.18342257129741,8.99585457406269,3.97622847389368,43.1275376879608,18.7659505259965,1.79177340132323,0.408974472533097,1.54331459625232,0.358196994423255,2.17365004568145,0.484912689585818,3.39230252181924,0.715961357094843,4.88640648689276,0.981442396277026,17.4139147107179,2.93963201197995,86.2087978308758,12.6796333242537,3.75454206730484,0.526123873319212,3.08533975192882,0.445090021694768,4.27671175256282,0.587191204203067,6.73331750347795,0.860023586637222,9.50895070959739,1.14887903772718,36.2443398745394,3.6319545128597,184.068202293413,16.3879346530924
10.5,2.23606797749979,0.370754868557959,0.304419128103165,0.373848876546947,0.306970201467054,0.606795428977195,0.498533900477855,1.0176572987036,0.836710598717661,1.63265782284635,1.34320910164857,5.74380641102681,4.73115301910382,27.698650175476,22.8272869299787,0.808379776592074,0.374557449255243,0.740739002185583,0.343685302823472,1.09581991188979,0.504538578519554,1.74321482192899,0.793677265585395,2.62178011872733,1.17992948216242,9.07552967383266,3.96636843061675,43.622284959783,18.6828539456396,1.81927595833995,0.409875331264555,1.56330189167114,0.358164442173154,2.20289376646209,0.484998485415062,3.44214868476319,0.716177289965414,4.95681175338331,0.980602292603732,17.7292052650682,2.9426630242706,87.8610019586348,12.6689783882119,3.82889150976148,0.526335567668099,3.13967657395015,0.444696879137808,4.35360272721644,0.586335052393426,6.86342932749322,0.857747957743074,9.69134924903311,1.14426625168983,37.0825646384421,3.61175508252878,189.028120520824,16.327920621651
10.7,2.26568606239552,0.370330388895641,0.302360515160658,0.373549251408297,0.304988198750689,0.606325489990873,0.495322087776458,1.0168582842133,0.83126138899018,1.63152767960464,1.33451560726893,5.73941209712396,4.69948392208603,27.6767158416246,22.6712113109853,0.817006970650105,0.374870673107086,0.747535301383726,0.343663673943906,1.10517713155955,0.504011584351984,1.75779030809396,0.792172998533704,2.64174346995642,1.17683191945249,9.14579991655486,3.95009565031359,43.9171187848067,18.6197246496099,1.8469303703006,0.410655877429093,1.58448061623247,0.358568651523465,2.2330128109714,0.48528269422961,3.49214598184498,0.716570696866351,5.02738983912337,0.979973784823811,18.045304817506,2.94217190615212,89.5241993803329,12.6987802238608,3.90318984971038,0.526099790895167,3.19496154551594,0.444409438574744,4.43122754658479,0.585357139162016,6.99318187220985,0.855961200988507,9.87280039972989,1.14029168365669,37.9034994899216,3.59512634645708,193.368268491207,16.2024973125917
10.9,2.2949219304078,0.369948322851558,0.300331285991798,0.373286796003891,0.303039912439075,0.605902954102226,0.49214970321592,1.01612559092841,0.825861248966629,1.63048599259414,1.32588591023541,5.73527797872917,4.66809611595333,27.6559297454856,22.51901089796,0.825630277369135,0.375315694571421,0.754624080414751,0.343665682964549,1.11479453132584,0.503247107271755,1.77238351540028,0.790183295899838,2.66175456839266,1.17320921919531,9.21675214685837,3.93510952584439,44.2242161670667,18.5044511875096,1.87495887335415,0.411673619515189,1.60539579761544,0.358700557243195,2.26311351331786,0.485431267625418,3.54288678124406,0.716947030086852,5.09923484290443,0.979086444423776,18.3737339773752,2.94176845891061,91.4649005273014,12.6932248934227,3.97775428072059,0.525864102900475,3.25130227813976,0.443999104160367,4.50977431638313,0.5845005101117,7.12340122019926,0.85417847415438,10.0548599851026,1.13648298541924,38.7273660826633,3.58003860493063,197.623756887086,16.1071782800966
11.1,2.32379000772445,0.369609096154442,0.298350896820333,0.373061670131589,0.301133223085039,0.605528248219785,0.489031277385663,1.0154601633269,0.82055000336622,1.62953415158221,1.31735720004883,5.73141025804824,4.63704051441224,27.6363233454114,22.3657431482024,0.834275316121715,0.375607274249291,0.76159288858726,0.343651437356552,1.12432083558141,0.502628654462408,1.78709185839748,0.788742415820095,2.6820098731012,1.16991730597298,9.29033818759656,3.9208810787996,44.5837468401756,18.4657390443935,1.90290995594044,0.412415582388194,1.62724116324622,0.359166010289072,2.2938975808155,0.486042785439304,3.5932707587472,0.717150159227095,5.17031636585207,0.978971378639805,18.6931187933166,2.94283995697981,93.1560720542588,12.697401345364,4.05294758834114,0.525850001481649,3.3074835835451,0.443688167265014,4.58855394591588,0.583341150238414,7.25525478058271,0.852341830134232,10.2398142670734,1.13201960401575,39.587059680621,3.56247759838567,202.618365049495,16.0171078627671
11.3,2.35230383525031,0.369313077868486,0.29641362213073,0.372873983255531,0.299273117548717,0.605201737545109,0.485957125487432,1.01486286352076,0.815291568236124,1.628673439398,1.30891163660033,5.72781486829908,4.60611379085944,27.6179270272349,22.2134038914156,0.842940594067281,0.375836633127341,0.768447321850451,0.343646225260651,1.1338163062098,0.502114776825994,1.80190678320115,0.787521804672812,2.70248615988166,1.16611617117132,9.3662668091767,3.90736190770702,44.9876822298736,18.3696542569878,1.93096869235165,0.413166599974756,1.64867437654412,0.359601168546514,2.32445524224946,0.486453908961661,3.64390941590033,0.717334813500752,5.24181064302516,0.978436372702622,19.0167556575865,2.94518604448743,94.8883201656639,12.6833252875731,4.12831861850168,0.525824816317523,3.36183827850859,0.443169853302059,4.66590495741419,0.582276813911067,7.3874012308114,0.850847851732172,10.4250626643025,1.1278649471342,40.4460799217734,3.54498988697424,207.408423404361,15.9312808888539
11.5,2.38047614284762,0.369060583103637,0.294521593728757,0.372723797615609,0.297451591933701,0.604923728864405,0.482939666180603,1.01433447486148,0.810118892658665,1.62790503645918,1.30058176315979,5.72449748260479,4.57547892097591,27.6007701399432,22.0622133003511,0.851574748418473,0.376280300700336,0.775246313357941,0.343502676374358,1.14322873907685,0.501452659629675,1.8166345231784,0.786138171017657,2.72279703678087,1.16303442430021,9.44076422519481,3.89327818660961,45.3598272976187,18.3139029809663,1.95905800845242,0.414070426832423,1.66938170580022,0.359950637741422,2.35437918962714,0.486591840820673,3.69445960876034,0.71767059054058,5.31305009225375,0.978148029722797,19.3367824221303,2.94277164600185,96.5111938372318,12.674274136733,4.20383562421893,0.525680389225008,3.41900732559524,0.442717358443648,4.74556501539601,0.581407908234384,7.51969963566656,0.848542495985375,10.6103432155051,1.12387481937226,41.3007651040015,3.52729288698593,211.931064228219,15.8263498388945
11.7,2.40831891575846,0.368851875702612,0.292671392549123,0.372611131272986,0.29565328777036,0.604694473789301,0.479976870237758,1.0138757055258,0.805017453036295,1.62723002528074,1.292324983676,5.72146352300994,4.545214427523,27.5848810319451,21.9119247657206,0.86018477168072,0.376766867476593,0.782311387877249,0.343354460650874,1.15283893088894,0.500989519015948,1.831288737692,0.784693509912148,2.74296367849905,1.16020464965317,9.51394223431501,3.88137492929725,45.7016710963925,18.252783376252,1.98743395973954,0.415132735021804,1.69159372003599,0.360536122199452,2.38555690356544,0.486913340908651,3.7457308135908,0.718059565850651,5.38559048340019,0.977459598301224,19.6712526184655,2.94324306069509,98.4356731081147,12.6758690467108,4.27999906967022,0.525814928785244,3.47493826159803,0.442301823857196,4.82448388122752,0.58057617701959,7.6536997767391,0.846628794045176,10.7986614341623,1.12056402440972,42.1944709936225,3.50963433987174,217.284621830332,15.7419864562254
11.9,2.43584345419268,0.368687170893317,0.290863407424228,0.372535961081177,0.293902278318263,0.604514171934504,0.477045251792733,1.01348719206524,0.799989033043873,1.62664939494433,1.28417545512338,5.71871816956462,4.51509716942257,27.570287087721,21.765593990083,0.868817648718827,0.377001360297298,0.789501423305177,0.343330932159081,1.16249246620091,0.500393473447102,1.8460263726834,0.783273779295953,2.76329668432182,1.15691876390302,9.58882106653074,3.86299381485777,46.0766591341691,18.1617567122674,2.01579781291742,0.415783826632584,1.71220881254321,0.360494397644673,2.41545427500492,0.487023899319907,3.79678365762999,0.718041983407801,5.45760207423835,0.976102839581298,19.9983979794721,2.94345402374095,100.147757334561,12.6948197708117,4.3561443237973,0.525977579238199,3.53201359590948,0.442056665710196,4.90441881240573,0.579815192893256,7.78736910822781,0.845124241277648,10.9860746362555,1.11701396578181,43.0702554974975,3.49308205021644,222.008080788812,15.7037587461891
12.1,2.46306042692149,0.368566637897122,0.289092277063714,0.372498225573961,0.292183587389008,0.604382974021726,0.474171631521882,1.01316950290532,0.795012346829444,1.6261640455097,1.27610085221665,5.71626636942653,4.48523203054399,27.5570147646424,21.6179921919606,0.877464580930844,0.377383674965529,0.796291519724039,0.343207520550527,1.17190673028163,0.499920179075204,1.86083474227199,0.78197819126989,2.78377287000063,1.1539877040464,9.66521342891141,3.85460876509496,46.4786227885738,18.0571265464535,2.04433074302863,0.416585456219749,1.73450489982116,0.36090782502866,2.44670068772007,0.487201678233298,3.84807966033339,0.718290831737661,5.52994872152805,0.975220070792278,20.327781221907,2.94369034728527,101.887530155596,12.6687621569372,4.43302801995761,0.525874276184128,3.58944617142323,0.441824829054002,4.98491398289848,0.579182229464073,7.92275654557949,0.843728107418701,11.1764068791445,1.11325782740725,43.9799622306781,3.47761608636718,227.431115215224,15.630243336693
12.3,2.48997991959775,0.368490402484933,0.287377750509333,0.37249782776307,0.290504501457062,0.604300984901331,0.471352434391924,1.01292314178275,0.79013052319845,1.62577479235287,1.26815775002425,5.71411284594019,4.45552943088362,27.5450896298096,21.4695806189653,0.886058544894446,0.377484334319165,0.803573678149533,0.343261383657037,1.18167777118069,0.499510166215778,1.87549173209049,0.780323516604111,2.80395119161843,1.15035363340694,9.73878083215928,3.83886329644763,46.8150806863806,17.9929316795918,2.07308210565509,0.41714021951662,1.75682380229374,0.360925646362449,2.47809893858882,0.487261951425354,3.89979550208464,0.718121307214671,5.60297262318388,0.974688838071047,20.663534032755,2.94023932119059,103.74549873826,12.6651348143344,4.5099244026103,0.52596373902501,3.64713408089837,0.441711995894272,5.06571576725196,0.578691128711405,8.05795727809457,0.842509133948303,11.3661019241378,1.10998754983397,44.8750426213871,3.46115975176799,232.260730479974,15.5368635292452
12.5,2.51661147842358,0.368458549474413,0.285690998248418,0.372534637840017,0.288852749981479,0.604268266484774,0.468563443633547,1.01274855111046,0.78530330834458,1.62548237041793,1.26028271280669,5.71226210765618,4.42620668845178,27.5345363967467,21.3228647872863,0.894741568317817,0.377754920173831,0.810123831333062,0.342953704761504,1.19095853384728,0.498500960603428,1.89043495155311,0.779079670454958,2.82468855551174,1.14722410668171,9.81780345871066,3.8256758145585,47.2637301327774,17.9231815117012,2.10197598383732,0.418090402860276,1.77816638041254,0.361062023717204,2.50877687308347,0.487471115143708,3.95176257726596,0.718049254337321,5.67634513202433,0.97369272255479,21.0016848738545,2.9407973795344,105.601832769431,12.6501647907293,4.58735058569248,0.526166097116827,3.70287797132365,0.44137863573316,5.14514812056116,0.577639793525145,8.1945624235712,0.840761616692289,11.5582327307401,1.10630336172645,45.8005974738056,3.44655636865077,237.644526413999,15.4661312452022
12.7,2.54296414970142,0.368471125162854,0.284045887442798,0.372608495778034,0.287230566038694,0.604284840582448,0.465830159107984,1.01264611526254,0.780545423866052,1.62528743837177,1.25249864238464,5.71071845726015,4.39717300030597,27.5253789618341,21.180556558418,0.903410671651864,0.377964502264823,0.816591556746807,0.342539203133935,1.20019552881292,0.497698117499063,1.90533288001724,0.777581809666214,2.84532676418218,1.14390188685311,9.8957990388268,3.81228059758843,47.6845332929924,17.8750387754953,2.1309686775256,0.419007411091701,1.79976785709427,0.361441742158075,2.53966698706171,0.487518230744128,4.00381762411123,0.718109768877652,5.74978644126861,0.9734190767181,21.3395379142189,2.94183389135629,107.430280199953,12.6449105474033,4.66519799406114,0.525746786291965,3.75976300687957,0.440936923059031,5.22556741547002,0.576346063143913,8.33212121241539,0.838485297722818,11.751859279731,1.10247184505105,46.7412117524183,3.4320641035275,243.181339067877,15.3543752593419
12.9,2.56904651573303,0.368528139691329,0.282444532199586,0.372719213830793,0.285655991268462,0.604350691642634,0.463147268924274,1.01261616377235,0.775859862345745,1.62519058265309,1.2448097578841,5.70948600038491,4.36843936610118,27.5176404403714,21.0369686440114,0.911987181074437,0.37813041285211,0.82409684956799,0.342633657131133,1.21004337834519,0.49721833698714,1.91994086821554,0.775971455525578,2.8653874377956,1.1402693931029,9.96810423114852,3.79776337134403,47.9773548652131,17.8010844364922,2.16023688871229,0.419548025428344,1.8219287572298,0.361750363444831,2.57112411536213,0.487812594149902,4.05642842404699,0.718225126937204,5.82417255587902,0.972649078364192,21.6872437068532,2.93988849793602,109.4833620272,12.6206712036109,4.74319980544323,0.525601466639612,3.81616804588915,0.44057005288462,5.30579925137222,0.575378901740962,8.4699297629858,0.836546788666879,11.9456408128617,1.09883131831457,47.677362004618,3.417033049882,248.313351615434,15.235122905934
13.1,2.59486672747048,0.368629569336674,0.280878309111922,0.372866578926132,0.284103519870963,0.604465769388709,0.460495665580196,1.01265897443856,0.771244403657707,1.62519232140846,1.23721709018623,5.70856865428388,4.33987607778894,27.5113432021754,20.893883130035,0.920668182324021,0.378436511442331,0.83084707190636,0.342486846357663,1.21950508991412,0.496659381194033,1.93488963912335,0.774746486585568,2.88611473095199,1.13701690978772,10.0469604778585,3.78478853592461,48.4051947120704,17.7322877655399,2.18953310333663,0.420316232563024,1.84452415491694,0.362339415279728,2.60295052493042,0.488064032418094,4.10895291376701,0.718381446850762,5.89829445584449,0.971859269512703,22.0306190962048,2.93603126248118,111.400248774797,12.598084296689,4.82188152302536,0.525841669316279,3.87506895434346,0.440480979473147,5.38836457649249,0.57471387002013,8.60929130269723,0.835172270761695,12.1420004099245,1.0960206683022,48.6429286597673,3.40483720440339,253.99834770032,15.174112654137
13.3,2.62043253427114,0.368775358728649,0.279342636403671,0.373050354953428,0.282584932554555,0.604629991352538,0.457901792202589,1.01277477633509,0.766697507140379,1.62529310831031,1.22971703540515,5.70797015634714,4.31179731770302,27.5065089066402,20.7534722304344,0.929316168394193,0.378638339593903,0.837941139781582,0.342268419630815,1.22913856607603,0.496212063021865,1.94972850208352,0.773243507734224,2.90661473398431,1.1339899086274,10.1234959801998,3.77222217283226,48.7773715430403,17.6792592832415,2.218906600349,0.420982169949648,1.86568269075855,0.362451483767063,2.63363434845839,0.487987479570833,4.161612750247,0.718470075886386,5.97256472973615,0.971198494437839,22.374341443666,2.93379987811931,113.251624848685,12.6048042518213,4.90078226807084,0.525605741042779,3.93366064589376,0.440241890682801,5.47081309529959,0.574092325395177,8.74887060571561,0.833514200068837,12.3383593074926,1.09294387407857,49.5989660861821,3.39295642803819,259.17368407353,15.119602843398
13.5,2.64575131106459,0.36896542299042,0.277868202490567,0.373270284944305,0.281104687776172,0.604843245302796,0.455354776211821,1.01296375272183,0.762211817891006,1.62549333625239,1.22229802722109,5.70769407244517,4.28383071658547,27.503158537195,20.6141344114629,0.937958621504953,0.378964521504927,0.84487581844799,0.342282159341942,1.23866435074892,0.495440074537641,1.96455433593788,0.771960447580834,2.92707922703919,1.13100907480683,10.1996043771596,3.75875806264927,49.1329375904469,17.5960154618079,2.24850321382065,0.421818523829512,1.88833320125518,0.362725450478048,2.66563679174447,0.488118812966248,4.21479590736568,0.71867690091992,6.04773877082519,0.970440350076761,22.7279861429301,2.93182342472076,115.29778377257,12.5775272384583,4.98024676653133,0.525844062314542,3.99236138820066,0.439986982081632,5.55367525627043,0.57344503426945,8.88953520698141,0.8318592230536,12.53638266701,1.09037004712276,50.5704042482462,3.38146152964805,264.594350483245,15.0176206412371
13.7,2.67083008320135,0.369199649801096,0.276416592482094,0.373526093146999,0.279651815849071,0.605105391567978,0.452849277242046,1.01322604385426,0.757788379963293,1.62579334092009,1.21497964704719,5.70774380508766,4.25613385094024,27.5013124351055,20.4757610272821,0.946704570238437,0.379004682305692,0.851460949964979,0.342001213959998,1.24801334872583,0.494969418602894,1.97968178568897,0.770348714494046,2.94811906469788,1.12785992421271,10.2812206826413,3.74457877202309,49.6026946126339,17.5261332414793,2.27809790279106,0.422679296868385,1.91033891790203,0.363061724150575,2.69705672208247,0.488364742824351,4.26781371540404,0.718702002022584,6.1224790808893,0.969323121339483,23.0746247246486,2.92723593189926,117.121929357308,12.5925657109961,5.06034793590577,0.525719614023166,4.05079258226994,0.439691040566826,5.63645900192498,0.572650636798377,9.03164105575304,0.830325822516612,12.7367899445284,1.08682322264124,51.5694391603263,3.36792548637569,270.534680981506,14.9178123279301
13.9,2.69567554922076,0.369477901379623,0.275001525906411,0.373817486995292,0.278232165772934,0.605416265254363,0.450385665779759,1.0135617496904,0.75344518190724,1.62619340423363,1.20777107283634,5.70812260138774,4.22874360119388,27.5009903325791,20.338359452746,0.955429620998697,0.37908654644427,0.858815871087002,0.341983726971188,1.25790008221806,0.494328982049823,1.99473768839553,0.769094832224544,2.96900359000998,1.12497332319473,10.3611716440372,3.73303591527585,50.0291893089417,17.4576382411087,2.30792091454045,0.423114829386551,1.93208059328307,0.36312612295394,2.72841204135018,0.488252272225169,4.32133313484303,0.718569828462199,6.19805883304743,0.967601851251186,23.4299477670402,2.92403836874467,119.109244496662,12.5736377933626,5.14064102707583,0.525824090421825,4.10950878294137,0.439757630385528,5.71958333117557,0.571814389720477,9.17394069299736,0.828981749497232,12.9372004421083,1.08405654280437,52.5601403374175,3.35621386279842,276.009305095444,14.8555533010033
14.1,2.72029410174709,0.369800016389832,0.273633057083167,0.374144158973266,0.276841779157794,0.605775678359595,0.447968981631005,1.01397093249471,0.749159001135095,1.62669375766313,1.2006245401532,5.70883356082389,4.20156326477687,27.5022113851392,20.2009043173163,0.964125725012532,0.379138807934864,0.865460972553545,0.34157215052618,1.26720110116188,0.49349609522136,2.00968946472684,0.767443611992925,2.98966571739212,1.12171566988605,10.438727359207,3.71978278072599,50.3963925728144,17.359333103579,2.33787777732695,0.423710510308196,1.95508034247231,0.363543538422472,2.76082381032929,0.488560105894525,4.37499986373924,0.718630549708218,6.27378780599472,0.966967031682326,23.785098350804,2.92211188213082,121.067747815773,12.552374393161,5.22155370030323,0.525680079021412,4.16780063669767,0.439391401920717,5.80274021273559,0.571067348431315,9.31769933895,0.827685324415921,13.1400351240065,1.08114322717526,53.579541878524,3.34399074080735,281.992831227915,14.7808220658185
14.3,2.74469184669852,0.370165811766854,0.272295600100736,0.374505788377834,0.27548353050975,0.606183421783395,0.445592935409922,1.01445361933886,0.744935748016588,1.62729458541543,1.19357434259262,5.70987964279372,4.17465210278464,27.5049942032426,20.0672014525087,0.972785909356213,0.37932255761235,0.872602129273052,0.341601886713555,1.27690456697203,0.492978097926366,2.02452213610899,0.766010703138037,3.01007730158856,1.11870124529287,10.513605132266,3.70667269465342,50.6971443866378,17.2986802071073,2.36804465476267,0.424456962370018,1.97683636024649,0.363861775471999,2.79230387317192,0.48849112762729,4.42918675558144,0.718540506008174,6.35041123078737,0.966381931133988,24.1501887534611,2.92057792913138,123.205912770321,12.5233825086511,5.3029706447854,0.525371624936677,4.2263444721376,0.439012964939091,5.88628308402847,0.570484219692397,9.4624321927232,0.826049946185186,13.3442784672144,1.07819574952344,54.6096773413637,3.33037750915003,288.003032728751,14.7039979135422
14.5,2.76887462097269,0.370575084465472,0.27098821461817,0.374902042981136,0.274150981475562,0.606639267237015,0.443269130356426,1.01500980449996,0.740792868101588,1.6279960274932,1.18660289513318,5.71126367395599,4.14804376218089,27.5093568831257,19.9331616528461,0.981605216822403,0.379416588935771,0.879031809308506,0.341128496801743,1.28618064649548,0.49205942344026,2.03983856598408,0.764875096830716,3.03142261019167,1.11538100450438,10.5976306581743,3.69375919096221,51.1900898316898,17.2370981295195,2.39828343611253,0.425140719324647,1.99882237134922,0.363753107217366,2.82404218395397,0.488340271293668,4.48337449284764,0.718555896737489,6.42690548287455,0.965801276162259,24.5116111407968,2.91759700559558,125.21503739862,12.4821952204781,5.38486781711816,0.52524579710407,4.28428808518163,0.438437815886861,5.96937057497251,0.569632824437453,9.60804039749457,0.824553155312632,13.5497675746422,1.07509293776282,55.6487971966262,3.31897848543042,294.043623778364,14.6268203219763
14.7,2.79284800875379,0.37102761313129,0.269724585131638,0.375332580595199,0.272848244439435,0.607142969053487,0.440965069559872,1.01563945175713,0.736693303655992,1.62879818262725,1.17973142522021,5.71298835535746,4.12177702363518,27.5153170368576,19.8014564775735,0.990406313053733,0.379536620789495,0.886110297746453,0.341081041313474,1.29596442252142,0.491440322750672,2.05508416763603,0.763456332406627,3.05260845428995,1.11229003777847,10.6798530092528,3.68198230274387,51.6355535202409,17.1641692969015,2.4286999617094,0.425955618517659,2.02075793967668,0.36417878715695,2.85572060347867,0.488471894055581,4.53785172794654,0.718360347642642,6.50383562704674,0.964738847942505,24.8767949063643,2.91517670886546,127.300829454114,12.477875550595,5.46728051966366,0.525264014694917,4.34371947961464,0.438370032334234,6.05401837020343,0.569063995338038,9.75472942883489,0.823085704157788,13.7569309660405,1.07259538573294,56.7047154729443,3.30727997628719,300.294395710031,14.5460612501799
14.9,2.81661735657035,0.371523159695873,0.268487145486613,0.375797050541728,0.271577270666679,0.607694265901085,0.438720973674439,1.01634249658791,0.732668614763308,1.62970111108389,1.17294204083954,5.71505626934434,4.09572978483609,27.5228918216044,19.6695351607729,0.999182320068711,0.379646663706497,0.892936294188413,0.34074552264109,1.30545805788654,0.490790782894071,2.07022862550583,0.762030543495959,3.07357310426553,1.10893166420546,10.7595996926803,3.66923763026886,52.0193636228038,17.1061598905741,2.45917090970057,0.426449082424764,2.04274166443746,0.363939297781595,2.8873941827591,0.488415271202266,4.59235793954299,0.718525367678244,6.58072059693746,0.963645259745627,25.2399399270573,2.91409947738975,129.286375649829,12.4449775136361,5.55022951618332,0.525185140267758,4.4052491658767,0.438305705770713,6.14073706730639,0.568706548535923,9.90254410928719,0.821545137149161,13.96584122572,1.07016187006466,57.7783466415932,3.29482815381325,306.775652858464,14.4602871687893
15.1,2.84018778721877,0.372061470897227,0.26728854562405,0.376295095029798,0.27032074145184,0.608292882402513,0.436505356962712,1.01711884826609,0.728708793390309,1.63070483734902,1.16623863033512,5.7174698862573,4.06980604767796,27.5320979680927,19.5399666915455,1.0079673381133,0.380110760446888,0.900070300486358,0.340832086407336,1.31523599135229,0.490312824535392,2.08536906413557,0.761029048068645,3.09450287724954,1.10656290653283,10.8386613134462,3.65682878368407,52.3805380075755,17.052605216808,2.48978147000014,0.427072480112591,2.06631718594369,0.364507955744124,2.92040078940995,0.488827545335923,4.64710373087435,0.718039618297543,6.65794406846512,0.962316062049495,25.6055070207088,2.9089089762396,131.284744685822,12.4281381696265,5.63357313554155,0.524905207447778,4.46668267966644,0.438311807475134,6.22758467953567,0.568027286611512,10.051138700254,0.819900959579869,14.1758361665086,1.06709247884545,58.8592463376499,3.28342511142409,313.148560831516,14.3911254048941
15.3,2.86356421265527,0.372642279727162,0.266112229841059,0.376826350444473,0.269095642378291,0.60893853066259,0.434320891111044,1.01796839186293,0.724804972840172,1.63180935269152,1.15962198900528,5.72023157091125,4.04428763644181,27.5429518082778,19.4101206991904,1.01680238170616,0.380197836143817,0.907200781756804,0.340569675073411,1.32497726290446,0.489593244468707,2.10065380705057,0.759537344894658,3.11569677585358,1.10320879041886,10.9201698845467,3.64338472314832,52.7865943460147,17.0031776857238,2.52057112687717,0.4276624618857,2.08861811075092,0.364806486525589,2.95265468043748,0.488856911416634,4.70222861013336,0.718230287212157,6.73578001142285,0.961700716412982,25.9772429124639,2.90611692859847,133.384695291705,12.402915965959,5.71742948803001,0.52497272023782,4.5269805515465,0.438078792475466,6.31369838508728,0.567390542267373,10.200775270277,0.818610195401968,14.3873830607236,1.06458533265963,59.9538395627612,3.27238946106388,319.603873431878,14.3202062197004
15.5,2.88675134594813,0.37326530680728,0.2649812291805,0.377390448549646,0.267896650838567,0.609630911707388,0.43218964684507,1.01889099015406,0.720966712573004,1.63301461760852,1.15307813354894,5.72334358886122,4.01903948090109,27.5554693022188,19.2814943696645,1.02569539831274,0.380099585155713,0.914532013040875,0.340457279726104,1.33499690229512,0.488947651629217,2.11609545689166,0.757818752915748,3.13717396351093,1.10026055051184,11.0042531937064,3.63202935865699,53.2405565646684,16.908065835463,2.55146179249017,0.428208283674956,2.11203167145285,0.364916339497702,2.98565849529943,0.488697447682276,4.75754647074056,0.71786270225066,6.81386329009357,0.960550273279541,26.3501915314762,2.8997989547773,135.432370676946,12.3621788582932,5.80180803316671,0.524946390761405,4.58900462340947,0.43791179475151,6.40140049544612,0.566532719541169,10.3515555509419,0.817884446858011,14.6007124406993,1.06161393363276,61.067069001409,3.26017021622215,326.264442629268,14.2513930701485
15.7,2.90975371237269,0.373930261695379,0.263872682677673,0.377987017608331,0.266729375287071,0.610369716837787,0.430094368319048,1.01988648543422,0.717178416501699,1.63432056415532,1.14664474556551,5.72680811245687,3.99411937537507,27.5696660641693,19.1539326449414,1.03461425239151,0.380218875335434,0.921635311015167,0.340296464073739,1.34485014653413,0.488527459853352,2.13161017819081,0.756430903288687,3.15877611612778,1.09729261495533,11.0894160646074,3.62006822667313,53.709005406098,16.8510146717811,2.58258876855857,0.428866282269732,2.13554626209784,0.36504498876082,3.01892101916481,0.488835815196597,4.81334125490264,0.717450632447502,6.89271941969972,0.959674591343706,26.7308651336574,2.89656259004898,137.632015581893,12.3385522863335,5.88673156385252,0.525101787146827,4.65049021988462,0.437681808089178,6.48894735713606,0.566082298684729,10.5035256858515,0.816784376164426,14.8158746578712,1.05947981154585,62.1987519532896,3.25008470979218,333.088761280057,14.183173481588
15.9,2.93257565972303,0.374636844124244,0.262799511616559,0.378615683423534,0.265580148830188,0.611154628900557,0.428022834241065,1.02095470124252,0.713451120196139,1.63572709816319,1.14028152557485,5.73062722668824,3.96931065107784,27.5855573878942,19.0294430396006,1.04347992801255,0.380303663191786,0.92845217489271,0.340054524924954,1.35439610260964,0.487931529653544,2.14692979761864,0.755001673442441,3.1799674458453,1.09438561517021,11.1700599796037,3.60880788596327,54.069247556152,16.7901755804247,2.61396588415991,0.429411304454428,2.15838189262133,0.365225241159546,3.05173712334865,0.48882320674193,4.86970980331318,0.717441059883698,6.97253436592177,0.959128672690507,27.1218490051974,2.89431725426439,140.022656655497,12.3350090877385,5.97197672674976,0.525080132579477,4.71303630744115,0.437582590520026,6.57741355443574,0.56556618630448,10.655948300782,0.815172854737162,15.0314617411096,1.05637824723542,63.3259703844906,3.24081663990792,339.509475172396,14.101426501188
16.1,2.95522136790687,0.37538474517482,0.261760203971149,0.379276070303318,0.264459526312933,0.611985323480143,0.426003659348252,1.02209544400082,0.709790572307066,1.63723410134815,1.13399981885474,5.73480293482628,3.94488752941102,27.6031582712215,18.9044144012772,1.05242344644617,0.38037622683064,0.935265673265737,0.339674421893589,1.36402565564543,0.487183767101957,2.16245641885065,0.75370330862424,3.20153551103811,1.09152948916223,11.2541682015519,3.59471106872332,54.4973419719817,16.6983521866711,2.64533432967704,0.430032064140657,2.18005627455207,0.365187191121856,3.08355636294555,0.488553528077089,4.92590125401183,0.717120244636279,7.05188359010097,0.957922002247382,27.5044652118614,2.8895529986871,142.137256532667,12.3061790754028,6.05795485123448,0.524894248552386,4.77461301606993,0.437344638490144,6.6654790254343,0.564883434947296,10.8100318160473,0.813613371642908,15.2497744902069,1.05371845708971,64.4862005589417,3.2303762378123,346.5439184679,14.0485438036874
16.3,2.97769485788364,0.376173648385838,0.260738979314899,0.379967801953187,0.263362820435366,0.61286147001428,0.424017752224289,1.02330850456778,0.706182153058682,1.63884143331408,1.12778587521004,5.73933716386193,3.92073524635749,27.6224834398451,18.780078353296,1.06147445573801,0.380464878692401,0.942481525409575,0.339598284295694,1.37403212952223,0.486491044672121,2.17830952860622,0.752408573289824,3.22372195319954,1.08868785095873,11.3443538875436,3.58200593800558,55.0483258627975,16.620379040244,2.67691364532451,0.430544621031724,2.20203159869588,0.365409371434439,3.11568611854274,0.488394852512452,4.98250654500533,0.716913830995011,7.13187913843668,0.957113803313372,27.893061319898,2.88628749250708,144.349624999704,12.2788739093918,6.14440855170807,0.524743861634428,4.83667528956883,0.437098727140971,6.75419637786598,0.564098978105749,10.9649199497124,0.811915690713719,15.4691630865438,1.05108099975604,65.6520002006446,3.21918091280016,353.499019762217,14.0149684275104
16.5,3,0.377003230802008,0.259749191938426,0.380690502299229,0.26228583364774,0.61378273283668,0.422065966002729,1.02459365971162,0.702629343301742,1.64054893345359,1.12168188714175,5.74423176974768,3.8967578131313,27.6435473703929,18.658015406766,1.07044181050709,0.380610882718125,0.949542076157636,0.339439807650417,1.3838062679489,0.485959017793931,2.19386734130868,0.751389175768088,3.2452986047646,1.08582880558737,11.4279200136775,3.56985151889094,55.4442679800249,16.5739504213423,2.70869180003977,0.431063502404841,2.22515237254588,0.365491510348288,3.14885956335318,0.488413595094437,5.03958162184422,0.716525783723011,7.21266186157595,0.956117611651029,28.2904348506371,2.88160960423166,146.715556929964,12.2774688772966,6.23145944394334,0.524885983583131,4.89665945701547,0.436537725173797,6.84127899182978,0.563221319124464,11.121012021127,0.810735280474471,15.6903969893708,1.04870322532497,66.8363784038705,3.20904750041925,360.708855401469,13.9622110860619
16.7,3.0221405217715,0.377873163962894,0.258807140274784,0.381443796245292,0.261240599279665,0.614748772149836,0.42015124807183,1.02595067350408,0.699142176930598,1.64235642275015,1.11562822596418,5.74948854244644,3.87315210636493,27.6663643127778,18.5370929012573,1.07944604516127,0.380793064419173,0.956123962315182,0.338869804250462,1.39333223273789,0.485177208311681,2.20950697693483,0.749849785009145,3.26700531294736,1.08272660324398,11.5124297698151,3.55831900544746,55.8514731090451,16.5007578983028,2.74061312085272,0.431343804889782,2.2491702119879,0.365735289512084,3.18288745383161,0.488443932498878,5.09692167280707,0.716326314042975,7.29385062601655,0.954838641843695,28.691758248153,2.87841390204489,149.145199947929,12.2518262085658,6.31901647512438,0.524819517758377,4.95814463059681,0.436350656435748,6.92975124412612,0.562643177734437,11.27798751612,0.80954434960946,15.9128107712469,1.04642525693465,68.0265096632816,3.19944680934665,367.784581922831,13.9128377629705
16.9,3.0441200151549,0.378783114834654,0.257871628487028,0.382227310367422,0.260204290018036,0.615759244931273,0.418261174408654,1.02737929863868,0.695696480861967,1.64426370548488,1.10967439127218,5.75510921079178,3.84979231764083,27.6909483118445,18.4170604243818,1.08851187209909,0.380740373071854,0.96378747051654,0.339093642764105,1.40364017227355,0.484768076399428,2.22531449715845,0.748501761543604,3.2890135738973,1.07994354761123,11.5997010045629,3.54849212387699,56.3092817413412,16.4359882795426,2.77267472680938,0.431990876426694,2.27237069419359,0.365700194474825,3.21626122070704,0.488222254178568,5.15446502144802,0.716176041657746,7.37527955961451,0.953234548313016,29.093579739205,2.87485669087415,151.532689193089,12.2238303771744,6.40734107084528,0.524934820727475,5.02169975354979,0.436306690432852,7.02049678903408,0.562224945697005,11.4367203074831,0.808500932141571,16.1381282536766,1.04407593067746,69.2534023894049,3.19091824789176,375.579789426498,13.8482286866611
17.1,3.06594194335118,0.37973274668674,0.256967562726341,0.383040673548821,0.259194132763146,0.616813805776092,0.416413536801001,1.02887927767598,0.692309554777757,1.64627057085159,1.10377373677071,5.76109544716492,3.82665243379649,27.7173132283367,18.2982088557513,1.09759751011616,0.380914912484316,0.97087950891831,0.338816579979117,1.41357124819706,0.484227973837146,2.2411571234125,0.747379372489564,3.31106300824867,1.07738839157117,11.6870581795382,3.53425897799774,56.7591788392189,16.3805884624262,2.80470009042926,0.432560381790044,2.29610563956179,0.366148642656618,3.25004018885455,0.48832110488243,5.21190884236283,0.716125251841866,7.45642821034057,0.952356269192737,29.4901460529496,2.8732433229625,153.666062368273,12.2197485170505,6.49589722941158,0.524804337918011,5.08470742250204,0.435901785643286,7.11084000759711,0.561565558613246,11.5956891219936,0.807453088564681,16.3634312517412,1.0421360097984,70.4672356802551,3.17904475444543,382.629892256517,13.7886539113021
17.3,3.08760964717584,0.380721719915742,0.256087980484088,0.383883517558415,0.258207826827064,0.617912107679117,0.414588728100098,1.03045034421858,0.68896909940948,1.64837679448353,1.09795820420187,5.76744887199302,3.80370999811129,27.7454727591979,18.1795957425557,1.10671619998074,0.380839592354718,0.978187064791126,0.338696635685813,1.42362155692887,0.483472244510635,2.25706860328591,0.745919697680135,3.33321638250573,1.07432878952101,11.7750971989612,3.52421277197545,57.2144046972831,16.3206155375575,2.83699285349057,0.433078658789267,2.32023403032748,0.366244465968809,3.2842307447553,0.48849856655578,5.26997282581206,0.715667876883787,7.53863148121401,0.95162808732797,29.8988064234933,2.8683418547326,156.046713078384,12.1932433134021,6.58512546465953,0.524685911569148,5.14902392067795,0.435796871429608,7.20249889750735,0.561087785202498,11.756200249375,0.806279300400065,16.5912457982005,1.03948026065049,71.7120924781477,3.17008184512166,390.203251745698,13.7466603835584
17.5,3.1091263510296,0.381749692818444,0.255240939102168,0.384755477576059,0.257244609665002,0.619053802759351,0.412802293750056,1.03209222401891,0.685693475054685,1.65058213989532,1.09224508310534,5.77417105807375,3.7810714110584,27.7754404572254,18.0646300885752,1.115885096974,0.381017353360013,0.984940589876708,0.338385344611604,1.43331557925431,0.482856650939746,2.2731107689954,0.744522832222577,3.35559482156695,1.07167774248529,11.8650802652894,3.5135757595587,57.7008510868794,16.2527432693609,2.86945359215949,0.433358383443614,2.34328263867707,0.3663326489377,3.3177506235252,0.488250282929951,5.32835018596388,0.715384088075212,7.62130331657615,0.950463303621037,30.3115536586735,2.86291143194677,158.477659627902,12.1817180014159,6.67503593819725,0.524582675707336,5.212520388114,0.435625802572346,7.29384376004498,0.560510843626462,11.9181905131139,0.805141504589666,16.8214323668501,1.03704316863164,72.9853311739235,3.16066165059327,398.282824649293,13.6952972193398
17.7,3.13049516849971,0.382816322316225,0.254417597722479,0.385656192667484,0.256295651329379,0.620238542929888,0.411053208839423,1.03380463602223,0.682472353650947,1.6528863598435,1.08657026309643,5.78126353473177,3.75865706601965,27.8072297501009,17.9489806398467,1.1250794663244,0.381022170685202,0.992007067874981,0.338202482148125,1.44328849083248,0.482164103307113,2.28919701189184,0.743278836578798,3.37802598582609,1.06884800806724,11.9551812047351,3.50098903853177,58.1790058753362,16.1896174112964,2.90206137662341,0.433745759984461,2.36661975512579,0.366417938899247,3.35143568271013,0.488138957127179,5.38705445916764,0.715361546968893,7.70448474057109,0.949697122951853,30.7293754946258,2.86019934265243,160.956845418281,12.1433217163882,6.76554738669321,0.524647253794541,5.27385190547531,0.435341919717315,7.38339356104439,0.559993654661097,12.0813940263079,0.803989310509718,17.0534069711876,1.03477850849689,74.2744720507062,3.15161589594975,406.423095401982,13.6286465401383
17.9,3.15171910761942,0.383921264632836,0.25361568200075,0.386585306211711,0.255359314992216,0.621465980515937,0.4093229207095,1.03558729334789,0.679283364310115,1.65528919760904,1.08097364822516,5.78872779181152,3.73651286581412,27.8408539588127,17.8342521208733,1.13422606181785,0.381070409483711,0.999500872242688,0.338076929629699,1.45351232408267,0.481792524625917,2.30509478971403,0.742013334538451,3.40005314870468,1.06596360631895,12.0406014114435,3.48925524285399,58.5425248006212,16.1245971633953,2.93477174405922,0.434402976058028,2.39058160369646,0.366727358451044,3.38572021314571,0.488284093191678,5.44582935681843,0.715035931079455,7.7876296326292,0.948543792834949,31.1431365188248,2.85572313150028,163.260771837618,12.1276472053844,6.85664201191838,0.524447428757341,5.33730720475056,0.435092695451368,7.47516776887824,0.559159297691478,12.2457612848081,0.802610340522318,17.2870735582204,1.03225054062517,75.5778500945668,3.14104370763599,414.566378756281,13.5809594045004
18.1,3.17280107581088,0.38506417592757,0.252833086431236,0.387542466283845,0.254448625634225,0.622735768823794,0.407621156126516,1.03743990421128,0.676159853802014,1.65779038820519,1.07545804482831,5.79656528351188,3.7146180244981,27.8763263154891,17.7206565848476,1.14350481610386,0.381204360383367,1.00642409607525,0.337726666223146,1.46341220829608,0.481068699304393,2.32138599069965,0.74093260564172,3.42282287597627,1.06342872944582,12.1334299930051,3.47772555901757,59.0580894554833,16.0738759611515,2.96773173767112,0.434653307029417,2.41385149343241,0.3666370453894,3.41949514718201,0.488062778147364,5.50517682675182,0.714564964055887,7.87173132598058,0.947070513604698,31.5677043019782,2.85264926097724,165.770819897977,12.0936493314302,6.94832881292683,0.524440198558996,5.40239014915644,0.43484822836577,7.56868815508805,0.558645148014012,12.4112921204186,0.801500361291207,17.5224405791005,1.03028521038089,76.8959658363424,3.13163054300385,422.76119517348,13.5137559854193
18.3,3.19374388453426,0.386244712885819,0.252080739064522,0.388527325995891,0.253561686815365,0.6240475626634,0.405958225254638,1.03936217278918,0.673079217850437,1.66038965951391,1.07000882426304,5.80477743206772,3.69299938159265,27.9136599806683,17.6091390544046,1.15282696178671,0.381048954290581,1.01369090140812,0.33735233211354,1.47360521693019,0.480586254728364,2.33777251855993,0.739416549876734,3.44574388491108,1.06074615846085,12.2273914908293,3.46613063781075,59.5880723864116,15.988199418646,3.00083175855999,0.43508671023896,2.43734494064939,0.366741135075706,3.45350277132822,0.488026273910317,5.56477377455952,0.714293840843468,7.95617350150508,0.946077012512916,31.9944445557622,2.84682378712435,168.263633273956,12.0604264668361,7.0405606891511,0.524405243581517,5.46762804624426,0.434640100637836,7.66251613083954,0.557936114052502,12.5778214546867,0.800278537517564,17.7591994155754,1.02831802680165,78.2235983031556,3.12261163017123,430.890003624038,13.4632830602861
18.5,3.21455025366432,0.387462533268941,0.251342350305388,0.389539543798213,0.25268056661886,0.625401018827039,0.404314279077795,1.0413538000311,0.670051716707093,1.66308673335391,1.06461903399827,5.81336563128342,3.6715687034501,27.9528680600156,17.4975351450606,1.16209239902515,0.381339084398317,1.02097618660364,0.337363746719181,1.4837373386746,0.479920669305762,2.35393650684932,0.73839125293313,3.4681908859582,1.05762137039817,12.315851284286,3.45451266667175,59.9843704737267,15.9308363914493,3.03413315814526,0.435430694188402,2.46121297783255,0.366825017455571,3.48802714502636,0.487963999987155,5.62480341361271,0.714038321387536,8.0413185060005,0.944890091960957,32.4288718784938,2.84368630889616,170.895167141771,12.0381270614175,7.13346678029788,0.524314306670924,5.53428174544093,0.434537377780643,7.7578525965674,0.557323471226352,12.7457406736464,0.798968140883429,17.9980857312669,1.02577425033214,79.5734915428666,3.1116657361735,439.287129596928,13.4142729462808
18.7,3.23522281561358,0.388717296425299,0.250633524791964,0.390578783744143,0.251823698859299,0.626795796526681,0.402703350492142,1.04341448441897,0.667072353163353,1.6658813264837,1.05932734667124,5.82233124992329,3.65051721545174,27.9939636205152,17.3877105444568,1.17151058816731,0.38130288522528,1.02818645856107,0.337139620051101,1.49397282942157,0.479265505097361,2.37054633383256,0.736907666117125,3.49147960604786,1.05525979877384,12.4127856827044,3.44454616778904,60.5582969023526,15.8973897489571,3.06746100759233,0.436005657414315,2.48605414473447,0.367016494196874,3.5233549532137,0.488045257389293,5.6847484788605,0.714127409327279,8.12617732935292,0.944413692493059,32.8567691056873,2.8388768847181,173.292562437391,12.0061162112046,7.22693616650067,0.524455380570926,5.59835729650138,0.434337137360013,7.8511176773743,0.557029124970301,12.9146409995831,0.798236839202247,18.2382574118267,1.02386468622106,80.928375947485,3.10315169987592,447.429681145491,13.361328658983
18.9,3.25576411921994,0.390008663764351,0.249950581511614,0.391644715720113,0.250987347613775,0.628231557792342,0.401122585339718,1.0455439226777,0.664130302767234,1.66877315154228,1.05407388298947,5.83167563496398,3.62955069869731,28.036959706151,17.2795164644929,1.18087276112997,0.381300054897288,1.0354614447419,0.336813827924065,1.50410281355596,0.478498385740635,2.38693934737791,0.735695444706063,3.5143059094972,1.05274299627262,12.5043245642851,3.43365519210832,60.9997659638106,15.8346614478173,3.10113734078062,0.436267588589336,2.51063606474315,0.367096267834108,3.55855308802086,0.487776078112536,5.74553458767475,0.713651207236653,8.21252534078113,0.943082192960087,33.3039400622574,2.836365615774,176.157295315622,11.9832778694312,7.32120098510348,0.524231857990473,5.66421407625157,0.434065947787568,7.94619517770001,0.556476019293674,13.0851374764894,0.797201270481073,18.4809036090296,1.02162127155828,82.3102900581216,3.09410491005504,456.047877114795,13.3163250088892
19.1,3.27617663341483,0.391336299195499,0.249277465148252,0.392737015643629,0.250165302525989,0.629707967833741,0.399567628687435,1.04774181043898,0.661233533878968,1.67176191793075,1.04889980352143,5.84140011471358,3.60884471854798,28.0818693530953,17.1720033943693,1.19029177145494,0.381355356808664,1.0429982811791,0.336620455433886,1.5145694898719,0.47783232319886,2.40346498364039,0.734419457807508,3.5373553595786,1.04990978661643,12.597732232905,3.42159350724911,61.4722757770724,15.7474097112251,3.13488301525642,0.436890276580045,2.53422980055406,0.367036243799316,3.59292886469149,0.487765875082135,5.80630146922233,0.71345005055576,8.29865750418933,0.942091401448872,33.7440901101455,2.83078963188106,178.7522465208,11.9471842744148,7.4160922984602,0.524223092442747,5.72984766983436,0.433863066579506,8.0413478562568,0.55591383350102,13.2570160950046,0.796432313170984,18.7257363053692,1.01969773186418,83.718701299933,3.08590082180116,465.044084600825,13.2626735651337
19.3,3.29646275068697,0.392699869533497,0.248636098525008,0.393855365631301,0.249357655051892,0.631224695367496,0.398039475880066,1.05000784286045,0.658400429743851,1.67484733263737,1.04379659190575,5.8515060018025,3.58846265148155,28.128705604429,17.0651425062859,1.19979488603737,0.381613888673292,1.05008646321668,0.336532380331251,1.52471758305008,0.477392421473555,2.42022234477908,0.733236962248763,3.56082455517261,1.0475569429822,12.6951611784538,3.4129685928643,62.0218437762349,15.6737998559002,3.16889032693084,0.437251877637418,2.55800288719346,0.367260682718808,3.62750458522046,0.487531191580103,5.86774337266635,0.713191616424107,8.38595246599246,0.940968683155897,34.1987256751375,2.82747249845096,181.623328462428,11.9299411292182,7.5116222229138,0.52411580038518,5.79595611696115,0.433555859738118,8.13719347223198,0.55523526743355,13.4302320018832,0.795459074292124,18.9725801302803,1.01722931231858,85.1473279367038,3.07748242344668,474.161144126156,13.2157933978387
19.5,3.3166247903554,0.394099044872021,0.248010053389245,0.394999454138966,0.24856812333101,0.632781412911902,0.396541600730062,1.05234171520257,0.655603687951631,1.67802910100902,1.03876634659202,5.86199459605047,3.56816463909993,28.1774815244038,16.9592093828556,1.20926819381284,0.381566524076052,1.05726296365663,0.336236765502277,1.53491356277107,0.476770371447701,2.43683599458869,0.732274772491052,3.5839720165743,1.04480598952434,12.7886023939718,3.39935413602768,62.4706485783688,15.6420746109599,3.20304380683899,0.437600338722252,2.58252669123338,0.367449110570397,3.66283928274112,0.487525029289045,5.92939299180669,0.712946878004924,8.47348292641274,0.93967225465508,34.6533881888581,2.82335615314374,184.429252856607,11.8821869471364,7.60774920284682,0.524048890132528,5.86466157763468,0.433433673801823,8.23580791695678,0.55476212357325,13.604585742914,0.794575521629178,19.221051891544,1.01525143714029,86.5890986194397,3.0691113225429,483.263445251022,13.1551910530898
19.7,3.33666500166459,0.395533498927043,0.247407080336317,0.396168976075987,0.247796776935363,0.634377797051368,0.395065878750799,1.05474312336524,0.652849258439819,1.68130692747161,1.03379715649313,5.87286718721461,3.54815914189415,28.2282102122714,16.8550256720781,1.21885814606866,0.381603982505557,1.06455502737666,0.335934133795693,1.54524302683621,0.476130440308435,2.45377807303123,0.730916094076514,3.60772651502765,1.04236897037585,12.8880583400466,3.38951088821976,63.0415300295019,15.5786603334788,3.23733006153997,0.437933069497652,2.60705871424137,0.367382096390034,3.69825771306503,0.487302917717543,5.9912467436214,0.712567717266712,8.56124108580905,0.938812314204742,35.1078755456511,2.8183533770813,187.138456678244,11.8809007005371,7.70441386429813,0.523998416358066,5.93385148503009,0.433246708364884,8.33490227064637,0.55430268042481,13.7799319704712,0.793404691881695,19.4709021579057,1.01285841193657,88.0404030603237,3.06040089721032,492.258055807815,13.1104038750582
19.9,3.35658556671309,0.397002909351568,0.246807821045574,0.397363632895551,0.247030247087628,0.636013528672383,0.393606936179147,1.05721176438629,0.650114877691157,1.68468051620194,1.02886050294308,5.88412505762277,3.52836925916219,28.2809048156928,16.7511809008573,1.22842302776699,0.381422022204421,1.07230920297665,0.335866245829391,1.55588340416923,0.475556683924487,2.47059703205207,0.729753101997479,3.631199585477,1.03955589782491,12.9839398413815,3.37846476317567,63.5189789944119,15.5196237249921,3.27180933970932,0.438164638415425,2.63158484127891,0.367492662862189,3.73370373439779,0.487003159048095,6.0535068080627,0.711819208210857,8.64962714900657,0.937734452314323,35.5685002448637,2.81346003412901,189.919035559967,11.8581338725613,7.80170936356126,0.523847973080658,5.99897177523207,0.43299565368942,8.43057880737346,0.553750060567989,13.9564573005755,0.792567570859631,19.7224448093443,1.01097604274198,89.5054648668059,3.05239398836156,501.285074061166,13.0493311346348
20.1,3.37638860322683,0.398506958023223,0.246237181735155,0.398583132662825,0.246284443237208,0.637688293172892,0.392175543509393,1.05974733690365,0.647446511649933,1.68814957175363,1.02401665280199,5.89576948469681,3.50887245366368,28.3355785437478,16.649512855101,1.2381099172634,0.3815256184503,1.07988603383021,0.33575536828487,1.56653323104998,0.475096157370974,2.48776520798271,0.728821197960281,3.65532130714687,1.03734283430246,13.0863447638211,3.36909535299913,64.1297817052203,15.462710668357,3.30636881022951,0.43865136194693,2.65615602536589,0.367811218197729,3.76922306091867,0.487071995114431,6.11587832107095,0.711746965337331,8.73809392371413,0.936253605999851,36.0275445433887,2.80890963101802,192.555870331519,11.8241888968383,7.89993378124388,0.523635959690982,6.06502733224069,0.43259930193867,8.52752338833936,0.553102904135006,14.1351587825906,0.791425108341636,19.9776403580822,1.00869749972574,91.0237434639992,3.04375555621349,511.490074859866,13.0160320970884
20.3,3.39607616718667,0.400045331306135,0.245687168853263,0.399827190102661,0.245552620177297,0.639401780646781,0.390771657259168,1.06234954158333,0.644810118756841,1.69171379963932,1.01921796383183,5.90780174336986,3.48954436378266,28.392244679558,16.5471943167111,1.24775346291538,0.381668186739004,1.08705543787193,0.335508926298295,1.57677341155857,0.474519749926667,2.504760466707,0.727453573591539,3.67906641110388,1.03464061898628,13.1841691388249,3.35758387671797,64.6232266150843,15.3921639422052,3.3411570418381,0.439038244689646,2.68074356137014,0.36771244724756,3.80487579105033,0.487023416808961,6.17877514086573,0.711003673823892,8.82743709576116,0.934967119407841,36.4970979615389,2.80445639590131,195.39665869008,11.7834884305455,7.99863266564505,0.523693575422891,6.13462089351207,0.432464745324164,8.6276967954682,0.552754817004247,14.3146434889691,0.790487251535907,20.233765224368,1.00688152287469,92.5414631917769,3.03676643671916,521.214151452352,12.9471620204955
20.5,3.41565025531987,0.401617720288508,0.245148540405211,0.401095526628485,0.244840697096435,0.641153686045174,0.389388664814915,1.06501808151481,0.642212260728913,1.69537290687148,1.0145022872455,5.92022310840187,3.47047581128856,28.4509165925448,16.4474381418392,1.25739740106685,0.381658066925039,1.0946976919141,0.335250663159299,1.58740664832122,0.474069863787947,2.52171584766784,0.726572471680625,3.70269477409455,1.03218304699925,13.2801815436707,3.34716249869858,65.0621078081792,15.3451559804497,3.3761024437793,0.439438692043591,2.70692866723936,0.367990427624391,3.8419634604307,0.487059260546859,6.2419643412741,0.710717894463256,8.91720636125911,0.933814007782781,36.9702896106179,2.80040067016086,198.265002274417,11.7615877385222,8.09808646368418,0.52351400330823,6.20126647654754,0.432104597817445,8.72559959706864,0.552030344874269,14.4956919184339,0.789175622303086,20.4923030066576,1.00484310611566,94.0866475779773,3.02687160174057,531.328767558075,12.9173452986436
20.7,3.43511280746353,0.403223820997215,0.244633543050772,0.402387870353884,0.244131371141832,0.642943709316089,0.388030314031695,1.0677526625757,0.639660130779251,1.699126602464,1.00981736559761,5.9330348565975,3.45158452425583,28.5116077503322,16.3478521266279,1.26721229955849,0.381643070294749,1.102109995339,0.334950631547405,1.5979604915242,0.473389865110472,2.53915394049078,0.724896976920209,3.72722674209103,1.02944000184465,13.3854369873611,3.33681480864344,65.6978975094168,15.2818316743229,3.41122317630695,0.439792989206567,2.73164875544952,0.368089508385172,3.87789391920834,0.486906332177534,6.30553156166475,0.71058004311155,9.00756663705648,0.933138346111208,37.4496858595691,2.79553217264458,201.209558628587,11.7295719709127,8.19803565736687,0.523478433715765,6.2714078909693,0.431888705903004,8.82692113015285,0.551719068818337,14.677527195098,0.788339458944756,20.7517380154172,1.00305099860746,95.6288650240105,3.01984136718346,540.865780928437,12.8719073262474
20.9,3.45446570880843,0.404863334590692,0.244135092252899,0.40370395608838,0.243439604339195,0.64477155552397,0.386691945464121,1.07055299376736,0.63715481900261,1.70297459789668,1.00521701570221,5.94623826893015,3.43292582748222,28.5743317303158,16.2500140876161,1.27699179764891,0.381637663244668,1.10941753654701,0.334721502754109,1.60843948104881,0.472677798378587,2.55643082140617,0.723660796417086,3.75139888987803,1.02704742502232,13.4861538435077,3.32709423447906,66.2167610574765,15.2231059310957,3.44650853072938,0.440113173039659,2.7569465816788,0.368023297256225,3.91443112374322,0.486853041805843,6.36946759781901,0.710065812711658,9.09851506172441,0.932003628975534,37.9357244148232,2.79085727334136,204.244536381681,11.7036060596859,8.29882251595514,0.523449199514085,6.33989139116337,0.431757481913042,8.92712916459542,0.551208538347313,14.8611775486663,0.787228218464927,21.0140444887036,1.00097263776381,97.2067783225158,3.01204490261986,550.983654009545,12.8165409986039
21.1,3.47371079203014,0.406535967531363,0.243646234648316,0.40504352531871,0.242764308642985,0.646636934950508,0.385388207485645,1.073418787523,0.634676168531326,1.7069166075446,1.0006714345741,5.95983463257617,3.41450241465513,28.6391022309089,16.1528871723628,1.28682519471134,0.381721730136506,1.11680520829765,0.33443146725628,1.6189431278777,0.472169803922846,2.5738221825312,0.722607337792069,3.77574985171681,1.02476185967087,13.588174736302,3.31603120369275,66.7512351196513,15.1661024200456,3.48193669698676,0.440491807007222,2.78338341294463,0.368299742483897,3.95189349760621,0.48685031044023,6.43359715130127,0.709770011216749,9.18965796730715,0.931284579137538,38.4206492240484,2.78707165025475,207.1634751208,11.6870268080182,8.40028028725317,0.523410777650108,6.4058178266003,0.431422386681612,9.02500009130162,0.550579273906105,15.0460243149373,0.786192324917156,21.2780297445478,0.999077168973775,98.7968911589207,3.00403168512569,561.099396092942,12.7804696261437
21.3,3.4928498393146,0.408241431738767,0.243174603035117,0.406406326176947,0.242090965249036,0.648539563178083,0.384085333008679,1.07634975998986,0.632249736749578,1.71095234907422,0.996157509741211,5.97382524286278,3.39618656191531,28.7059330824825,16.0567108185179,1.29670014339432,0.38178628047259,1.12454730948431,0.334380706842874,1.62980379719498,0.471664561652848,2.59131024690387,0.721302763911397,3.80025245413415,1.02224219006917,13.6913382589865,3.30543555691389,67.2961132419429,15.1294922403346,3.51766047142044,0.440810315521251,2.80802289675791,0.368224566031837,3.98801056973012,0.486710880473196,6.4985206532508,0.709360242148801,9.2821964808955,0.930116854251244,38.9246584603254,2.78172252162215,210.479617435332,11.6741878476171,8.5024634553756,0.523222874018044,6.47366753054094,0.431063973633552,9.12503443881984,0.549963759238773,15.2322837187793,0.785182603954246,21.5441127683357,0.99709215219198,100.407702879858,2.99533780500594,571.414852906609,12.7281233994577
21.5,3.51188458428425,0.409979444724524,0.242717608930603,0.407792113396655,0.241435998667465,0.650479161157128,0.382811917367782,1.07934563128695,0.62984624704159,1.71508154380823,0.991731964487711,5.98821140513322,3.37814557436085,28.7748382580126,15.9609011668172,1.30656614807887,0.381607264565259,1.13221635493482,0.334055951770186,1.64052654274535,0.470945314327143,2.60872757135362,0.720182886033425,3.82457536636625,1.02003318361908,13.7919329473362,3.29585814759562,67.7674079554257,15.0645706759683,3.55335358798496,0.441094407998913,2.83304744676679,0.368239805814442,4.02439633749945,0.486635358215468,6.56318430578908,0.709040473680685,9.37406572568805,0.928815739280113,39.4141874694333,2.77743456442399,213.268593186835,11.6393879593183,8.60553693179781,0.52305202436348,6.54297939872757,0.430830260988038,9.22673739474502,0.549443834492677,15.4204824763828,0.784104530619438,21.8133303994352,0.995664774095584,102.061315602783,2.98870675202247,582.619754093515,12.6898824955347
21.7,3.53081671383076,0.411749729710198,0.242282166355216,0.409200648258192,0.240797059041691,0.652455455258572,0.38156011997904,1.08240612573965,0.627481638018747,1.71930391706064,0.987343387733711,6.0029944365329,3.36033335733166,28.8458318834493,15.8662158862612,1.31654348524743,0.381712095248845,1.13983646498911,0.333885988797693,1.65133810487482,0.470480688657407,2.62644263312487,0.719161075577687,3.8494382161519,1.01754277138912,13.8978674552349,3.28458729309078,68.346327043234,15.0138977283407,3.58934132028607,0.441326075950545,2.85895370810831,0.36847170079089,4.06169323976442,0.486460705466557,6.62851208208997,0.708803120207051,9.46706952475892,0.92770018312532,39.9184590746562,2.77186579367598,216.411900077025,11.614913594561,8.70921976090012,0.523017534264819,6.6161273541255,0.430654400282488,9.33226023441343,0.548960704466687,15.6099331736116,0.783236406373575,22.0844111606935,0.993621962274828,103.734475480786,2.97959863021772,593.91219891095,12.6455371469968
21.9,3.54964786985977,0.413552015729111,0.241851604213466,0.410631698524292,0.240164421257771,0.654468177312551,0.380332920267555,1.08553097209267,0.625154222350553,1.72361919844404,0.983015106061616,6.01817566771972,3.34272816578729,28.9189282478223,15.7732695122009,1.32663406623472,0.38167556715247,1.14749099944242,0.333617557069026,1.66227537112529,0.470057011644479,2.64447424152228,0.718059557198258,3.87488065860173,1.01514628698751,14.0096783423428,3.27504299522996,69.0436713838624,14.9496861390095,3.62545562281959,0.441696669517291,2.88416034267843,0.368523366599981,4.09837967543988,0.486207958222703,6.69400145793772,0.708436348880634,9.56022567005527,0.926521096632568,40.4214606006285,2.76732367894859,219.44375716123,11.5817090346633,8.81352868317893,0.522922309045011,6.68722835827342,0.430450409215637,9.43594888939228,0.548496834386009,15.8005329249678,0.782391159365537,22.3570819714391,0.991721427505035,105.418538243518,2.97193552893511,605.053010189567,12.5976533285034
22.1,3.56837965095271,0.415386037713066,0.241438787031894,0.412085038366856,0.239541273785181,0.656517064634398,0.379113989942838,1.08871990370247,0.622862890647967,1.72802712215048,0.978734441519495,6.03375644450157,3.32529324491073,28.9941418130903,15.6811343594717,1.33664560489863,0.381737316570625,1.15562510123805,0.333531803609502,1.67346745157724,0.469527761942959,2.6622193866866,0.716790342405795,3.89972147007347,1.01287199885846,14.1142393191224,3.2663832794129,69.5590081238023,14.8996938899359,3.6618778343714,0.441963208664639,2.91053034796354,0.368443485707688,4.13631194203974,0.486122766288678,6.76027338836105,0.708123130924152,9.6547355411167,0.925252309719428,40.9426784424334,2.76394138243312,222.859714771096,11.5685890193978,8.91862428830847,0.522847199236571,6.75717953826996,0.430282527946897,9.5389958888381,0.54805040838671,15.9928091597175,0.781464673611977,22.632337969533,0.989982415638574,107.133192212661,2.96658421832873,616.551385307315,12.5530060140319
22.3,3.58701361395056,0.417251536564931,0.241042103038389,0.413560448285957,0.238936758733465,0.658601860038969,0.377921232910546,1.09197265871055,0.620607805493512,1.73252742720746,0.974497124001985,6.04973812940469,3.30806599675553,29.0714872237568,15.5890744052049,1.34671454388941,0.381642667210564,1.16295688433442,0.33331867471429,1.68406983897733,0.46894110469005,2.68009609573356,0.715944130350692,3.92477724688966,1.01032204648864,14.2205754290059,3.25580428888688,70.1001040960533,14.8367224683343,3.69846272618907,0.442345896646249,2.93645890843101,0.368441192757622,4.17383330111663,0.486010389357312,6.82674900381836,0.707586853134249,9.74943269995942,0.924136065926371,41.4618413667362,2.76048865716034,226.130966563721,11.5175353143538,9.02447675929341,0.522632682406023,6.82644172373924,0.429867077795409,9.64157899605664,0.547469543452947,16.1865736245695,0.780416235884164,22.9097913156453,0.988184012662967,108.869572235058,2.95837423316874,628.198466300118,12.5238644969502
22.5,3.60555127546399,0.419148259217977,0.240659488997745,0.415057715021858,0.238340729012427,0.660722311844212,0.376748950386683,1.09528898019853,0.618383170429176,1.73711985771061,0.970338016881192,6.06612210317546,3.29105857011467,29.1509793162535,15.4985933633763,1.35695760483141,0.381710908753963,1.17068651853407,0.333077818595305,1.69509400713831,0.46826417368901,2.69845543444839,0.714468120747733,3.95072930379524,1.00780974912069,14.3362372679325,3.24574912154326,70.841299697652,14.7876074192613,3.73520322816932,0.442596399686466,2.9625981920171,0.368540438908625,4.21164622763267,0.485860664190898,6.89352169512062,0.707050837351469,9.84456975177109,0.92313564466478,41.9852098874994,2.75636098174247,229.442515354961,11.4916839091013,9.13116078475726,0.522525274056168,6.89828815300482,0.429530026078518,9.74690765057821,0.546849358642263,16.3820484891493,0.779550025529738,23.1899088560355,0.986228439627691,110.639293230239,2.95218605683477,640.447125046212,12.4745279472555
22.7,3.62399411331383,0.42107595868282,0.240289841976314,0.416576631460952,0.237758107424151,0.66287817386491,0.37559183575387,1.09866861632637,0.616195081451021,1.74180416303441,0.966216823004696,6.08290976621876,3.27422157492777,29.2326331281127,15.4091416061158,1.36712612681895,0.381683032535552,1.17833708028969,0.332728502254449,1.70601769081452,0.467716925663082,2.71652466803359,0.713361670056083,3.97606553657948,1.00575654532087,14.444302052795,3.23646195693918,71.3922055044521,14.7499257310417,3.77211318912551,0.442928497038042,2.98742740075059,0.368444847773662,4.24835743204234,0.48579174247594,6.96067273339879,0.706705441775464,9.94029134751486,0.922327522090298,42.5148066479155,2.75094782206324,232.803825904669,11.4774787246066,9.23836334029216,0.522571104482049,6.97325001791071,0.429540267696785,9.85538309346068,0.546744510957917,16.5784178917902,0.778966495728185,23.4711287065157,0.984644498457661,112.410005424482,2.94625066783134,652.122123842302,12.4302667133506
22.9,3.64234356790606,0.42303439408277,0.239932431007579,0.418116996536295,0.237178808779737,0.665069205397399,0.374455017539475,1.10211132045461,0.614040665206967,1.74658009802209,0.96214739683491,6.1001025399756,3.25758893123825,29.3164639069336,15.3204644061709,1.37737786688875,0.381641012476416,1.18607181379597,0.332577305897511,1.71705753012304,0.467156980257149,2.73481424513224,0.712235237722823,4.00179201314975,1.0032577162875,14.556171529908,3.22771204334834,72.0142148402078,14.6701967216986,3.80922170577073,0.442998602715248,3.01343884747037,0.368374304032492,4.28614595265764,0.485428334736919,7.02827145731087,0.706089171259065,10.0367303267012,0.921365486701518,43.0528516926616,2.74623902465231,236.29087103101,11.4328432277095,9.34637570871912,0.522566690108133,7.04681899059922,0.429284775548126,9.96283327284637,0.546260532531723,16.7764240126115,0.778064813767061,23.7548307069407,0.982990299101144,114.208698040416,2.93824944695766,664.143302854387,12.382906280265
23.1,3.66060104354463,0.425023330678374,0.239578551734295,0.419678615123501,0.236606373609269,0.66729517119607,0.373335447427939,1.10561685125168,0.611900177285961,1.75144742315625,0.958110335541492,6.11770186824291,3.24111664191399,29.4024871191571,15.2319669452996,1.38760608624752,0.381702053968229,1.19369282268722,0.332322125771825,1.72801059345604,0.466658158979413,2.75298121874641,0.711339171599929,4.02723400066406,1.00107273255505,14.6641727956949,3.21713182651689,72.5305923613682,14.6182616461577,3.84654453154494,0.443285441123082,3.03897177384674,0.368349689345198,4.32372688331369,0.48503726001483,7.09628389114962,0.705932162818859,10.1337848559168,0.919990330144294,43.5965900296486,2.74108775181585,239.839693753195,11.4122595970059,9.45518276053694,0.522454017852236,7.11897793828179,0.428978402309879,10.0692827227544,0.545655808231557,16.9760786784818,0.777036642233663,24.0410850193573,0.981365984542853,116.039207045624,2.930677669776,676.661035242042,12.3565127053028
23.3,3.67876790968571,0.427042539881876,0.239238543693495,0.421261297932643,0.236053154462119,0.669555841442385,0.372228296744294,1.10918497278726,0.60981698471964,1.75640590471111,0.954142605258644,6.13570921843792,3.22485864864684,29.490718458659,15.1451077077574,1.39794538749314,0.381715126088795,1.20192319117835,0.332089481487214,1.73942431380536,0.466025956850707,2.77145287396943,0.710187660560528,4.05322978096454,0.998663637669885,14.7778233394558,3.20839629602531,73.16053942485,14.5667243655299,3.88397463361852,0.443472616053568,3.06617428709054,0.368580001790665,4.36267446447916,0.485075059399985,7.16439466533848,0.7054963694684,10.2308535177442,0.918867354773692,44.1361853120282,2.73646876153061,243.170153985243,11.3865378026794,9.56457667493481,0.522470237318856,7.19089514644865,0.428783044233029,10.1757137417482,0.54508896475577,17.1768888980661,0.776239116534145,24.3289609882381,0.979510741555836,117.882535086757,2.92310266005115,688.919332783345,12.3192408634488
23.5,3.69684550213647,0.429091799262291,0.238916714788408,0.422864861396747,0.235501839325504,0.6718509917071,0.371144578987596,1.11281545461252,0.607746183312394,1.76145531488775,0.950202370379672,6.15412608280976,3.20877602080679,29.5811738551712,15.0595909734114,1.40826016528426,0.3817218561361,1.20960299117701,0.331875712808011,1.75044503473956,0.465615417320671,2.78979531701174,0.709223736075582,4.0789259659638,0.996424690924666,14.8873705052349,3.1975343324201,73.6787031633536,14.5317608663397,3.92152066810227,0.443685031251643,3.09369747886379,0.368696186513487,4.40198848824141,0.485015046792816,7.23281261706317,0.705276047793418,10.3284244614109,0.917695984753956,44.6824557291857,2.73136597781072,246.563316274708,11.3679388546974,9.67482077895813,0.522325357595589,7.26302543150708,0.428524478012362,10.2826027827606,0.544446699415748,17.3795022747347,0.775259380922882,24.6196784421445,0.977801179941114,119.763998682141,2.91591703709692,701.869178743161,12.2725649320759
23.7,3.71483512420134,0.431170892541765,0.238602396568363,0.42448912755747,0.234962968020433,0.674180402906328,0.370067707556107,1.11650807182815,0.605715049884751,1.7665954319332,0.946336874624527,6.17295397960076,3.19288028454778,29.6738694825431,14.9737596962426,1.4187616054019,0.381764644267114,1.21755059931525,0.331641776421329,1.76177199332691,0.465113792623501,2.80866644623396,0.708098019363309,4.10560993468988,0.994224935047215,15.0074859156644,3.18823836709146,74.4257569195089,14.4594745867687,3.95932222205708,0.44392833213133,3.11842788813894,0.368473412605839,4.43904663232419,0.484673286701393,7.3019347593311,0.704742694757482,10.4272247555362,0.916658732452821,45.2465468823165,2.72659148835567,250.304883403129,11.322358672702,9.78589394421478,0.522240714460889,7.33706963469096,0.428301691390704,10.3916582327054,0.543923952964146,17.583793860939,0.774261317745534,24.9129372261657,0.976010928154019,121.674769841252,2.90989804931833,715.174907782709,12.2260475145896
23.9,3.73273804777851,0.433279609583829,0.238302523078253,0.426133923948479,0.234436125043098,0.67654386125207,0.369022177688902,1.12026260514098,0.603708883692412,1.77182604024457,0.942504525540199,6.19219445415962,3.17718799133647,29.7688217668504,14.8900492195769,1.42928057005457,0.381744920182671,1.22552809393441,0.33148253574942,1.77317641605435,0.464384743605155,2.82754733120766,0.707127800315748,4.13226911214441,0.991861633437914,15.1267072951966,3.1814727327089,75.1350607484013,14.4093917416888,3.99727194471498,0.444185431151225,3.14445032915592,0.368556911699448,4.47729331274306,0.484511038262214,7.37134487990784,0.70439873089015,10.5264092921009,0.91554562635054,45.812922474896,2.72223311098991,253.959638135015,11.3007621519064,9.89766780389414,0.522146130775211,7.41147746565119,0.428013570532739,10.5012321958909,0.543403570108312,17.7893797434559,0.773463059888629,25.2079789116394,0.974454129468248,123.597435531689,2.9042761556779,728.214494607512,12.1823839715078
24.1,3.75055551440939,0.435417746374175,0.23801207664795,0.427799083477005,0.233912456280192,0.67894115819776,0.367984283823039,1.12407884090993,0.601729907602346,1.77714693045909,0.938717028618306,6.21184908000892,3.16167163730369,29.866047394363,14.8059103368191,1.43976447579369,0.381739215749333,1.23393025155263,0.331462626100517,1.78482921052999,0.463983605656201,2.84626853858281,0.705988964224992,4.15856884319135,0.989682840705111,15.2411082166833,3.17198135234791,75.7139351995153,14.3703885069674,4.03543542247735,0.444483280299313,3.17029221195223,0.368572028064342,4.51541607208925,0.484338695591373,7.44114156597512,0.704125678508427,10.626136356028,0.913961362224308,46.3832261061094,2.71810432358446,257.611112519229,11.2694392711761,10.0101967549546,0.522051792690364,7.48636345603602,0.427868134005061,10.6115247554993,0.542929459329969,17.9964260221247,0.772555019843733,25.5051251313558,0.973132147298229,125.53911297164,2.89756709599796,741.210891672286,12.1529333652221
24.3,3.76828873628336,0.437585104994482,0.237724918337741,0.429484444304022,0.233400856270305,0.681372090379351,0.366960027016343,1.127956571182,0.599784828399722,1.78255789953096,0.934975506221722,6.23191945986892,3.14626595769263,29.9655633193796,14.7238216302142,1.45033957364341,0.381891839623654,1.24158023069539,0.33132740599853,1.79595256977676,0.463592810559351,2.86521489796676,0.70501340827801,4.18525946102036,0.987355454593678,15.3592527223859,3.162080577826,76.3633352948902,14.3173224924492,4.07383983581405,0.444676510260268,3.19629359085736,0.368537908317928,4.55381287932872,0.484025369970966,7.51147737210435,0.703496143188363,10.7267244742555,0.913069231897632,46.9637469230228,2.71359100187642,261.417797408888,11.2409922989294,10.1235128603688,0.521966992199162,7.56161854535451,0.42769951983387,10.7225230805565,0.542363610333458,18.2049532744781,0.771731183939871,25.80441231225,0.971403051372631,127.500489996578,2.89158426272524,754.28675219702,12.1057883164566
24.5,3.78593889720018,0.43978149358985,0.237458473846269,0.431189849723451,0.232897276433973,0.683836459552439,0.365956517505025,1.13189559371909,0.597865974438103,1.78805875079595,0.931275776867624,6.25240722663991,3.13113117497275,30.0673867719387,14.6422819921098,1.46102175720887,0.381631604284913,1.24920439606922,0.330848065504141,1.80716280599935,0.46287427396461,2.88443581400501,0.703666262002396,4.21243791291846,0.985355802703711,15.4823016931229,3.15131140728305,77.1110595676069,14.2505155936297,4.11249108795258,0.444907797745206,3.22403447283595,0.368513458391363,4.59383196851376,0.483906205409709,7.58241525157734,0.703069052540948,10.8283261794029,0.912093455798259,47.558274029063,2.70820301362692,265.49937582499,11.2207699465771,10.2377341041725,0.521659443412617,7.63878807576222,0.427493271261737,10.8356183179595,0.541931058598986,18.4154139477004,0.770797225591546,26.1067993121316,0.969313780412808,129.507387061614,2.88458313819503,768.363608319507,12.0603208170278
24.7,3.80350715349224,0.442006726330354,0.237199370441983,0.432915148040786,0.232406882666661,0.686334072525889,0.3649646084851,1.13589571201618,0.595974200572977,1.79364929402456,0.927618536461972,6.27331404434508,3.11610815032352,30.1715352654148,14.5609740323383,1.471666798851,0.381793172960154,1.25725861358898,0.33052561914993,1.81861138926998,0.462446515284681,2.90348949416811,0.702927711000061,4.23924123715112,0.983190642166981,15.6002884695726,3.14389168837217,77.7213661240628,14.2036175621347,4.15127350131845,0.444919245326457,3.25149655089455,0.368489601452397,4.63368558888451,0.483684444843619,7.65353571973451,0.702614655341977,10.9300983254707,0.911259195761617,48.1511214561669,2.70441250532653,269.403072776539,11.1953238007101,10.3527859532437,0.521546828766858,7.71458150501864,0.427332266429183,10.9476981348589,0.541449598185415,18.6275386584889,0.769909345237336,26.4116806773213,0.967864257317928,131.542516408848,2.87833665501322,782.72553039162,12.0338925499598
24.9,3.82099463490856,0.444260623367172,0.236938090203459,0.434660192451453,0.231911462563865,0.688864741092375,0.363984886018806,1.13995673531155,0.594103384282597,1.79932934546434,0.924017622443182,6.29464160903573,3.10127038872929,30.2780266040078,14.4812439115258,1.48236828825823,0.381782277914744,1.26484932189904,0.330323346963703,1.82977170192059,0.461914975899041,2.92266409371578,0.701822358817596,4.2662312889263,0.981143105137782,15.7196760475986,3.13377332001048,78.3456870941669,14.1617335479882,4.19026906546299,0.445158895510617,3.27924124169925,0.368395362088888,4.67388091166361,0.483644443500115,7.7251124763155,0.702363312511481,11.0325703546564,0.909873530624237,48.7515367864773,2.69913060730006,273.378830294578,11.1826387902772,10.4684353622955,0.521535509660211,7.79229706447162,0.427214673512967,11.061882481424,0.54120287396465,18.8408153089462,0.769203393705705,26.7181181331396,0.966369092406995,133.58684411115,2.87151352575667,796.551902107974,11.9951697583948
25.1,3.83840244546261,0.446543010783752,0.236693257787787,0.43642484091923,0.231431502695999,0.691428281956222,0.363024700760126,1.14407847858956,0.592264578391253,1.80509872787243,0.920436458507673,6.31639164966073,3.08657201516869,30.3868788901316,14.4021307146392,1.49311875075114,0.38174127826656,1.27316693113883,0.330284024037305,1.84149158660476,0.461350493385091,2.94193834489945,0.701004766239313,4.29336790122732,0.978741597647386,15.8400287572599,3.12511431112039,78.9739327727327,14.1075029686044,4.2293916287384,0.445402030629239,3.30608187870398,0.368469749401927,4.71328949706762,0.483525579586757,7.79687099155751,0.701705313359117,11.1352264673583,0.908690059624698,49.3509261918308,2.69518807615661,277.20423577175,11.1600008452609,10.5850212498012,0.521401018862268,7.87102018431574,0.426902970168529,11.1773778520903,0.540828702160769,19.0560493813907,0.768435956368746,27.0276066845355,0.964559946095851,135.672010241984,2.86458275998532,811.087177666028,11.9692399024925
25.3,3.85573166424566,0.448853720542464,0.236462954556141,0.438208956055023,0.230960350260479,0.69402451665895,0.362078381468191,1.14826076257669,0.590447145891304,1.81095727053868,0.916913152968017,6.33856592890213,3.07207947965146,30.4981105317147,14.3232162706537,1.50400288103169,0.381749866074254,1.28131048607947,0.329983274550286,1.85316589842936,0.460815280884976,2.96157960688942,0.699814285536089,4.32117550988411,0.97670129282221,15.9675365206938,3.11543767168472,79.7520482021771,14.0556507396713,4.26871106486885,0.445652945656804,3.33216886743796,0.368368133505612,4.75207122314084,0.483237984771447,7.86902255689575,0.70134524422332,11.2384472523611,0.907747249467948,49.9550427527791,2.69115038944751,281.005121187732,11.1418432808718,10.7024940115794,0.521335589837216,7.94967641967206,0.426715739320561,11.293095262295,0.540353517280531,19.2730367686539,0.767654832568584,27.3397428714426,0.962832895559487,137.788588311002,2.85803851116609,826.07888020378,11.9379811121903
25.5,3.87298334620741,0.451192590427111,0.236234377246059,0.440012404996241,0.23049295370697,0.696653271502827,0.36113636598221,1.15250341373109,0.588670721213779,1.81690480930023,0.913423896149306,6.36116624397847,3.05768712546239,30.6117402494151,14.2453921569569,1.51488818808252,0.381764492143866,1.28930034004259,0.329684730945102,1.86472430161344,0.460306845092444,2.98116180492912,0.698963536076048,4.34881339847674,0.974478928707807,16.0922216204056,3.10794792026106,80.4440640344952,14.0043150716605,4.30829612653977,0.44582492648597,3.36014727174244,0.368383650099979,4.79269134046804,0.483048816309794,7.94177856272168,0.700713440846657,11.3426567626948,0.906675227577467,50.5720376954229,2.6865986357969,285.047530382238,11.1225804321528,10.8206760699001,0.521042417046761,8.02779445990676,0.426378726530462,11.4083937954295,0.539984910731273,19.4912959855941,0.766690365199047,27.6535973276376,0.961015932499256,139.914941754956,2.85141411463821,840.69914888889,11.8926634724524
25.7,3.89015852290538,0.453559463981696,0.236016593212962,0.441835059287004,0.230038340089878,0.699314377472758,0.36021848869781,1.15680626422646,0.586903430806605,1.82294118654804,0.909983040921666,6.38419442741741,3.04350477376163,30.7277870837597,14.1694143179361,1.52579340873495,0.381559965854091,1.29730853846664,0.329425863953234,1.87628533765381,0.459660745275457,3.0007471899939,0.697888541093473,4.37640637886633,0.972356989152659,16.2155808331297,3.09806144297098,81.0855471879154,13.9773922123874,4.3479574782669,0.446057467375118,3.38783991240107,0.368598703003444,4.83305514986754,0.482936404538586,8.0145719660607,0.700345041980525,11.4467514167517,0.905409613002739,51.1818689659655,2.68237559189794,288.707075562918,11.0968212772364,10.9398086992377,0.521015893636659,8.10637795163508,0.42628018095077,11.5246509578448,0.539613803191525,19.7116124683343,0.765920766690437,27.9707319039172,0.959391667128701,142.090177446414,2.84531162590839,856.302489988968,11.8567704169859
25.9,3.9072582032247,0.455954190445801,0.235806662587656,0.443676794759409,0.22958586459687,0.702007670156804,0.359308142750547,1.16116915193043,0.58516955223822,1.82906625122609,0.906567945709909,6.4076523477995,3.02953317087734,30.8462704022145,14.0929952183003,1.53680937448088,0.381639377835414,1.30552488014981,0.329265802956215,1.88812278544907,0.45919310425723,3.020623542666,0.696779839305806,4.40451965633427,0.970024814929687,16.3443453250084,3.08992786586742,81.8360818942198,13.9062629112718,4.38793179427168,0.445930443981659,3.41502190950549,0.368432009433856,4.8730799639126,0.48251187365454,8.08809091946522,0.699606608384472,11.5520559546658,0.904229755159779,51.8082090700042,2.67728567727518,292.715729320111,11.0634143426713,11.0596921419825,0.52089882431694,8.18195762171092,0.425736751359707,11.638211617404,0.53897296560948,19.9333151572735,0.765026498445341,28.2898016046846,0.957589470268855,144.280313717671,2.83827329186618,871.705258092214,11.8250655855603
9.1,2.01244181193238,0.376667254669843,0.322240527209942,0.378471516808585,0.323784866236315,0.613381644132036,0.52519753267833,1.02797236169069,0.881070715970502,1.64693379322714,1.41285944489373,5.79439526925968,4.97977129998299,27.9473525585091,24.0358865823719,0.747340315563586,0.371924193348976,0.691192555076867,0.344442230209682,1.02821171528954,0.508974613446641,1.63944250015614,0.80484516075765,2.47885495576557,1.2067741912336,8.55868154807014,4.07351867189265,41.0230448424687,19.2572125839097,1.6323138394709,0.404733237974858,1.41959782860369,0.35672026754297,1.99690071508271,0.484856474459642,3.09894966651526,0.714780591152073,4.46997821539347,0.985400200869661,15.5239060910635,2.92403016036113,75.918388200486,12.6099777579696,3.3191412469323,0.527261363372464,2.7571237226996,0.448293709186301,3.81821724407683,0.595347150790507,5.97343181112519,0.876035269539963,8.44607393585657,1.18101180902087,31.4786784352855,3.76740982189804,157.641196466774,17.149125451794
9.3,2.03698342705639,0.379569347757541,0.324195457028311,0.381003221938959,0.325413539819891,0.616659952389058,0.5271406346275,1.03264099520961,0.883622137682854,1.65322387881459,1.41597706644431,5.81392346185978,4.98861408584249,28.0368855464964,24.0739530085024,0.757778907645133,0.374989404751746,0.699864143651095,0.346533315390691,1.03963697590775,0.51180044947292,1.65630184164523,0.808328759034944,2.50163501551283,1.21080007826103,8.63241264342214,4.08456747409925,41.3628652462529,19.3297223736925,1.67100546084457,0.409057268315355,1.45092402948118,0.359728739016296,2.0387429709014,0.48878949196664,3.16316238021527,0.719739895966624,4.55787219130926,0.990211877840683,15.8432730842056,2.9367974967346,77.5633521722189,12.6567202318946,3.42499935385461,0.531580107408785,2.84270175666789,0.451700609760797,3.93255517713251,0.598889411868831,6.15044851213166,0.879983823221646,8.68934407030594,1.18503455276659,32.4272108994041,3.77303123412318,162.465621442753,17.1603917004652
9.5,2.06108420652304,0.382387482953069,0.326080352681407,0.383462514291824,0.326996891323264,0.619843435383457,0.52902403504301,1.03717338407333,0.886121393684629,1.65932994953783,1.41897864398078,5.83287650147691,4.99716356593669,28.1237773299878,24.1139541177512,0.768017664293937,0.377673815225485,0.709130987023703,0.349099609272426,1.05139326068013,0.514627435110746,1.67283193024505,0.811520827537283,2.52396463329375,1.2141680531785,8.7046054634879,4.093310155884,41.6932470965376,19.3600770573498,1.70925522006978,0.412864298958261,1.48331567222547,0.363301778630312,2.08131839503834,0.492200261912018,3.22651075783433,0.724450670717779,4.64441653660063,0.99514130869844,16.1540957300216,2.94819649757073,79.0525980088159,12.703253882011,3.5314961585511,0.535809037941939,2.92711386637861,0.454847021313618,4.046276092982,0.602354867673108,6.32880484639906,0.88404182285344,8.93473918515095,1.18868467555655,33.39393485626,3.78010403025983,167.586792989025,17.183720798485
9.7,2.08476134488858,0.385125614735104,0.327907191797709,0.385852764548253,0.328534438431696,0.622936559566099,0.530850501925742,1.04157600420527,0.888529169188372,1.66526077399857,1.42186966113024,5.85128198214511,5.00542514561488,28.2081548342265,24.1506758289177,0.778090173025168,0.380339207513821,0.71771412225657,0.351538483324959,1.06266806787034,0.51724495845725,1.68913398798794,0.81458087785251,2.54604038536938,1.2178664021834,8.7770639962646,4.10010573659296,42.052042948931,19.3778714833687,1.74724846434953,0.416755038525908,1.5153597030769,0.36643223432451,2.12347102307022,0.495683556491698,3.28954367932155,0.728620128601252,4.73069160458644,0.999859531209528,16.4681754326815,2.96085089886823,80.6697624167937,12.7535784763312,3.63816916764886,0.539624659677521,3.01437139782314,0.458380195867779,4.16233296298648,0.6057737107576,6.50733337463746,0.88762152084499,9.18013252310037,1.1912382715298,34.3538458236084,3.78728975086758,172.398412688529,17.2076247627992
9.90000000000001,2.10803096602984,0.387787438586441,0.329679448265221,0.388177125284912,0.330012539177902,0.62594349879618,0.532612662113473,1.04585490338467,0.890847317118643,1.67102453959268,1.4247022585981,5.86916565640723,5.0134107093896,28.2901364999087,24.1867900070039,0.787949936657963,0.383331774131724,0.726154961172149,0.353751519441787,1.07361903473056,0.51953977443729,1.70503278978094,0.818163412644918,2.56750372710447,1.22094788829879,8.84624427231333,4.10941815492744,42.3644962824856,19.4427838077104,1.78479286272061,0.420583460976968,1.54720942242642,0.369785855219311,2.16530304654982,0.499591364585098,3.35164084836038,0.732851321664696,4.81545415835368,1.00454880156329,16.7714290791599,2.9747094321809,82.0801267426562,12.7945970898936,3.74541698585865,0.54360577055319,3.10177255401948,0.46166124473928,4.27881700337094,0.609117587155514,6.68690104781236,0.891231834767314,9.42708373171759,1.19447622905757,35.3247970968223,3.79284209897328,177.39394804213,17.2178406394634
10.1,2.13090821428863,0.390376412757981,0.331401952741822,0.390438549079415,0.33145626968314,0.628868158936826,0.53432339442034,1.05001573756503,0.893105260746907,1.67662890193771,1.42742662902477,5.88655159300302,5.02119096807469,28.3698330111191,24.2196575304967,0.797660312098684,0.385789614928029,0.734403050721159,0.355618796369502,1.08438730505169,0.521773038437953,1.72074693317042,0.820496568448205,2.58878764617775,1.22371377184027,8.91624354786452,4.11794456583085,42.7146171501765,19.4654470877034,1.8221794386391,0.424166796006288,1.57784352272926,0.372693616950038,2.20611708042401,0.502837424211373,3.41373225201823,0.737117023857286,4.90050424075883,1.00911787151535,17.0832230973272,2.98603504614738,83.7128422480208,12.8677420979017,3.85308439275322,0.547232590809404,3.1884632673801,0.464645838559417,4.39481441569617,0.611988784982474,6.86716368925767,0.894538222409193,9.67496108624931,1.19767236122305,36.299176773245,3.79834392632741,182.358886949596,17.2492200962632
10.3,2.15340733585859,0.392895777796168,0.3330647843011,0.392639804778909,0.332844207552904,0.631714199925273,0.535986863406634,1.0540638034308,0.895289024694449,1.68208102916915,1.43009533949767,5.90346231801617,5.02871155423903,28.4473479464304,24.2520502542674,0.807194972519187,0.388495543464714,0.742720514426152,0.358099018796899,1.09512673753864,0.5244634946139,1.73617140428778,0.823793087733727,2.60967566941432,1.22719479731647,8.9848989531105,4.12571421374222,43.057047670608,19.4987314602929,1.85924258519339,0.427686667073847,1.60830265839202,0.375496123415463,2.24665017793493,0.505859003544457,3.47513300027753,0.741339986094828,4.98447609852851,1.01322212538149,17.3881254079937,2.99814158343033,85.2461115596028,12.9136727386616,3.96131570809159,0.550534409536475,3.2754270980527,0.467449761481781,4.51146868844511,0.614895681511748,7.04872318294541,0.897980775154881,9.92498710083416,1.19999015345639,37.2947370136942,3.80491634003526,187.703562182594,17.2672581323966
10.5,2.17554175166336,0.39534857410866,0.334679968585287,0.394783492151542,0.334200991430139,0.63448505562056,0.537589039385537,1.05800406764862,0.897419182802523,1.68738764172736,1.43266934217264,5.91991894161476,5.03593217567811,28.5227783637486,24.2837147652309,0.816552533371692,0.39104752502739,0.750737812278122,0.36010879038732,1.10550663583924,0.526535839798525,1.75129218075947,0.82689624078118,2.63013416312785,1.23053162735619,9.05180872809262,4.13489458853607,43.3826780678008,19.5262391759771,1.89593671215544,0.431079313157606,1.63921719837138,0.378375556516837,2.28734010152589,0.509181503601546,3.53586326359129,0.745265069145475,5.06746594522112,1.01748272463243,17.6881120712572,3.00886161292311,86.7122156630237,12.9485752836326,4.06975192875897,0.553950543867002,3.36283616776732,0.470359711481871,4.62829263677302,0.617589379963053,7.23040837069939,0.901524812201934,10.1748881147585,1.2029641889255,38.280760458006,3.81257676281612,192.704107273192,17.2815881969212
10.7,2.19732412279031,0.397737657798953,0.33625442327145,0.396872055112115,0.335517943471712,0.637183951698508,0.539163212254234,1.06184119321473,0.899460257018699,1.69255504818584,1.43515508134511,5.93594127206593,5.0430755286847,28.5962153260241,24.3150102404874,0.825733772256021,0.393290212059844,0.758735144532097,0.362117346834642,1.11584470647554,0.528830387601747,1.7661065567996,0.829525888894388,2.65015319139546,1.23351332735736,9.11681187155603,4.1419944943006,43.6871931945418,19.5464633133383,1.93238878655151,0.434596141164088,1.6693240375404,0.38112272895933,2.32726268993282,0.512274425520648,3.59629141212387,0.748849786883979,5.15018022640493,1.02155312298328,17.9907684227142,3.01884815063948,88.2872440611025,12.9884432805852,4.17862078245734,0.557248347622382,3.45120552978355,0.473265483470762,4.74629008035723,0.62031375020462,7.41291568328607,0.904626194767301,10.4260725737206,1.20559797089502,39.2775951265543,3.81624872018114,197.91408028006,17.3120265878867
10.9,2.21876640938986,0.400065714973043,0.337773905075869,0.398907793684459,0.336802304232577,0.639813921814954,0.540689660107246,1.06557956323261,0.901487380046406,1.6975891775768,1.43756075870258,5.95154791855871,5.04988713239554,28.6677443755674,24.3457798245228,0.83473726611959,0.395826041252102,0.766727004015802,0.36405169110434,1.12604473674187,0.531000682366968,1.78060434583479,0.83217967808242,2.66970855606178,1.23642930847581,9.17961795390988,4.14904613046365,43.9638360019237,19.5446335253922,1.96859680260761,0.437692445201922,1.69909246394505,0.383603179336243,2.36671855778676,0.514985879761276,3.656210121594,0.752360929495482,5.23215406888224,1.02544750636682,18.2898956976753,3.02725801584365,89.8526596629631,13.0299162410328,4.28766982733045,0.560339523895852,3.53754832591342,0.475824627836588,4.86254243994193,0.622973913102229,7.59571670331843,0.907562812717982,10.6775758099163,1.20838608527468,40.2735179940441,3.82117699430051,202.98097291075,17.3114754690541
11.1,2.23987992382194,0.402335274690685,0.339265809374963,0.40089287484423,0.338043693313785,0.642377822240751,0.542170600122757,1.06922330242165,0.903430794543201,1.70249560862488,1.43991927906087,5.96675638411956,5.05659699711085,28.7374459623757,24.3739588997985,0.843594933978003,0.398119559767133,0.774235326257933,0.365807691312327,1.13588152175455,0.533400390000015,1.79487675550047,0.8347164791474,2.68897527392366,1.23934591526962,9.24181877677028,4.15623385620095,44.2462967185357,19.5962042502048,2.0043979075649,0.44085361439537,1.72893934439602,0.386394921667749,2.40605057071015,0.517741501877172,3.71534971822974,0.756020098448289,5.31292100749127,1.02927735736467,18.5812988351207,3.03752073339051,91.2767359473737,13.0694005777782,4.39713476124733,0.563538225601051,3.62550248465878,0.47847023703484,4.98043192292329,0.625705473443554,7.77933812514121,0.910580386658812,10.9303106282247,1.21125269952299,41.2784055307773,3.82633411231438,208.145326686458,17.3227085969343
11.3,2.26067537872262,0.404548720714156,0.340713089296687,0.402829342365458,0.339253471035941,0.644878345134495,0.543611452357052,1.07277629660986,0.905313994687905,1.70727959623506,1.44223177612276,5.98158314976032,5.0630439382979,28.8053958322165,24.4032473047212,0.852369147338086,0.400517687107959,0.781969190175424,0.367734742028742,1.14580366089048,0.535512648764346,1.80911578285294,0.837078929673752,2.70832645361335,1.24229735490896,9.30689191788392,4.16331423737104,44.6073064982628,19.6423289067837,2.0398755991281,0.444029311385687,1.7588669213211,0.389031005155568,2.44532775079487,0.520682028405433,3.77393547453453,0.759665319834269,5.39287843199475,1.03266718391539,18.8686226885504,3.0467544812021,92.628621031004,13.099776305724,4.50700224421423,0.566637374392087,3.71381792099616,0.481112582477746,5.09870453910741,0.628388634560902,7.96382073690122,0.913367906094955,11.1844389346274,1.21384522141038,42.2965211886595,3.83253025696281,213.548914463635,17.3330776001662
11.5,2.28116293057296,0.406708302185613,0.342105253536237,0.404719125778178,0.340423627628954,0.647318030605947,0.544995210948395,1.07624221043462,0.907141976369643,1.7119460955389,1.44443712860274,5.99604375081138,5.06929127426777,28.8716653783741,24.42993494005,0.860825228785225,0.40262071231493,0.789460899525798,0.369805938915225,1.15531572230102,0.537438187467419,1.82257100361946,0.839569768667459,2.72628030329856,1.24476599847106,9.36070120239998,4.16869912562395,44.7472027536187,19.6737576305349,2.07522343672576,0.446968833484742,1.78815619983544,0.391684814492629,2.48409659571066,0.523484969157173,3.83249965680184,0.763114031892811,5.47306101134128,1.03650825650564,19.1634200905696,3.05710841244439,94.1958744889654,13.1272216299013,4.61727533088559,0.569793863713976,3.80160727258915,0.483731963817851,5.21679028911411,0.631043429732789,8.14898887796537,0.91628058620986,11.4395532675179,1.21674235879219,43.3206912019435,3.83761524061692,219.04575212164,17.3061941845734
11.7,2.30135221927462,0.408816143348166,0.343478657546819,0.406564048533404,0.341580369477691,0.649699277697878,0.546364413102091,1.07962450344445,0.908940907546731,1.71649978376516,1.44660388223843,6.01015284632465,5.07538155102634,28.9363219615301,24.4564848460407,0.869241736066314,0.404853289551336,0.796199920779929,0.371294608513847,1.1643424366348,0.539198149629433,1.83612522070383,0.841872517336185,2.74457351517777,1.24748717546966,9.41972238248334,4.17498010662222,45.0140389899625,19.6638472503252,2.11016808996494,0.449769642987696,1.81768467500233,0.394203046312398,2.52282158888597,0.526097924389371,3.89033977897593,0.766664666869369,5.55213967419421,1.04042724122688,19.4515040916206,3.06681484890732,95.6294594150985,13.1666171423478,4.72769928732906,0.572390315301798,3.88828849931925,0.485784377393121,5.33390350014929,0.633389979489968,8.33424159406092,0.918862660798227,11.6945763412764,1.21918683241868,44.3380423369604,3.84224493587921,224.307799114719,17.3066197375222
11.9,2.32125240417147,0.410874252412204,0.344795845733574,0.408365835456607,0.342699047212295,0.652024354402351,0.547681671902781,1.08292644477402,0.910681665982215,1.72094508016754,1.44868885183554,6.0239242822592,5.0813933263369,28.9994292010375,24.4833088445057,0.87755553756963,0.406866458996108,0.803362414356672,0.372967642993795,1.17365268413121,0.54124142470979,1.8495685711091,0.844637825125828,2.76278741781283,1.24981106298156,9.479911220792,4.18189525102875,45.3218312538494,19.6696779562408,2.14489085343479,0.452861407729414,1.84692705221722,0.396580257690433,2.56119337987212,0.528817788207713,3.94780710963249,0.769949420109252,5.63072273053832,1.04424285928269,19.7383296645047,3.07613910269546,97.0741669544425,13.2151131797387,4.83830353298124,0.574794093189824,3.97718128385546,0.487757686358504,5.45297705622598,0.635260407400127,8.51994398960941,0.92116507489099,11.9503112045812,1.22092862086772,45.3619863532363,3.84434379379238,229.619154298,17.3137371162437
12.1,2.34087219689993,0.412884529655079,0.34610765629175,0.410126119563677,0.343789169211105,0.654295406810675,0.548990889188692,1.0861511265398,0.912371388053459,1.72528616421186,1.45075649475092,6.03737114913139,5.08718156143653,29.0610472404657,24.5078587397289,0.885753017567065,0.408779943331555,0.810802892477379,0.374864397690862,1.18303251842488,0.543324375877977,1.86284905171205,0.847163364980643,2.78081451013011,1.25224337376185,9.54017926787588,4.18738498159067,45.6473112397107,19.7013761277621,2.17929048315656,0.455629238322905,1.87590658859896,0.398807777630942,2.59921148555877,0.531038993928612,4.00466401506433,0.772772447874363,5.708402518117,1.04774074098357,20.0202690684729,3.08438939916203,98.4567507277855,13.2435947080362,4.94921827317195,0.577781623711306,4.06534178572715,0.489969995624157,5.57157924366393,0.637484015512743,8.70623500104691,0.923896180126158,12.2069169597031,1.22309232224607,46.3920699663094,3.8491523558107,234.996857318415,17.349340686384
12.3,2.36021989140343,0.414848774832565,0.347368227857124,0.411846448303544,0.344845156987364,0.656514467485108,0.550237593828941,1.08930147608856,0.914025492332918,1.729526992202,1.45274638940763,6.05050583468103,5.09279263851424,29.1212329903008,24.532993331392,0.893731852523484,0.411013050434285,0.817658139724655,0.376504254723355,1.19191861994544,0.545134435803389,1.87564083645693,0.849229338386343,2.79801012494254,1.25513127949244,9.59432444935192,4.1926056696305,45.8580691907878,19.7193089891106,2.21338859536569,0.458408955627436,1.90333718038935,0.400816547881148,2.6359726530707,0.533468640981366,4.06104456701877,0.77566837564677,5.78545139836867,1.05036443899136,20.300591523514,3.09360302668237,99.8396395672179,13.2687524300444,5.0603865207819,0.580164765773414,4.15353343201203,0.491869680220642,5.69030036379827,0.639342047332976,8.89297110871411,0.926234930789983,12.4641209445701,1.22497547662286,47.4245983424464,3.85241429397254,240.338097858606,17.3503270221299
12.5,2.37930339140486,0.416768693970919,0.34860090249553,0.413528289284093,0.345883257892063,0.658683463131221,0.551465489611082,1.09238026721418,0.915647188682373,1.73367131250272,1.45468939189994,6.06334007206909,5.09828425857698,29.1800403498769,24.5577588405905,0.901654569467303,0.412961263775092,0.824663843890643,0.378439348683371,1.20087718131753,0.547179834688204,1.8884491558646,0.851260567945045,2.81536335039111,1.25750962883901,9.65171259099706,4.19903105083964,46.1520086538051,19.7438911565372,2.24723321973044,0.460886169386354,1.93233219394401,0.403220849115274,2.67375933525501,0.536146974055076,4.11702248978907,0.778644685927235,5.86197557159247,1.05341059964844,20.5798236175332,3.10217861657607,101.235482850016,13.2902982483615,5.17182279508446,0.582692521857993,4.24175142195151,0.493953925669676,5.80916740969793,0.641408502312632,9.08012054959681,0.928790000595445,12.7218522555579,1.22756782784246,48.4583061457392,3.85583974626872,245.641798359885,17.3655763430347
12.7,2.39813023559569,0.418645905600469,0.349799426962843,0.415173035531925,0.346896502378995,0.660804221639133,0.552666915919821,1.09539013044553,0.917205095146595,1.73772267949963,1.45661203060093,6.07588498406489,5.1037306773473,29.2375204110345,24.5822983569335,0.909396169459445,0.414822120805243,0.831746325394723,0.380062059261723,1.20977950504893,0.548972671314284,1.90087098904673,0.853461226832514,2.83207812102076,1.25983262868889,9.70469667185565,4.20597373857829,46.3674209323019,19.7907488415728,2.28083281377771,0.463519118671995,1.95992209957819,0.405640499205459,2.7103573005916,0.538484719588078,4.1726565100268,0.782085378020502,5.93810739724704,1.0566743646509,20.8598098837329,3.10854589434415,102.68884662194,13.3233758740766,5.28369775874573,0.585075459614927,4.33155811031867,0.496042576562884,5.92961365572139,0.643685968919512,9.26824009986475,0.931045690120198,12.9812157796553,1.22967103008273,49.5094638974627,3.86096491209395,251.323952245624,17.3698568514495
12.9,2.41670762076981,0.420481946484906,0.35098070687408,0.416782010330471,0.347884026174709,0.662878478554884,0.553838002582572,1.09833356249542,0.918749229634543,1.74168446641819,1.45846277832328,6.08815112358409,5.10895225128703,29.2937216447316,24.6039244625169,0.917026227495544,0.416533929114529,0.838377221519864,0.381527451842631,1.21834410603082,0.550524294468265,1.91312421260229,0.855365959106087,2.84858170243735,1.26158097651066,9.75733757415108,4.20998030250712,46.5901652134622,19.8012698845407,2.31412973230425,0.465800854078295,1.98746864644945,0.407575690172542,2.74679745100294,0.54044715829766,4.22780210685382,0.784690220082624,6.01356230735335,1.0594615990835,21.1372461443751,3.115206384012,104.109795051241,13.3561168415828,5.39557783416679,0.587439335915082,4.42134650670805,0.498152254629949,6.04989991247094,0.645840236051876,9.45614018103169,0.933043370340618,13.2399720851246,1.23155374004682,50.5479876158188,3.86467036102738,256.62136815763,17.360409998495
13.1,2.43504242310367,0.422278276894281,0.352124305117522,0.418356471676639,0.348850155416811,0.664907883036117,0.554981974516102,1.10121293495174,0.920243476292064,1.7455598771122,1.46026111381625,6.10014851097197,5.11408283278801,29.3486900727273,24.6251404580951,0.924587914684335,0.418609500422584,0.844384745061223,0.382838677372733,1.22645880458137,0.552010652750622,1.92534246834386,0.857668694662225,2.86513387803589,1.26389857100364,9.81208314979441,4.21425743849998,46.871301905677,19.8157277220946,2.34714109345272,0.468069844543561,2.01471661835025,0.409633873835664,2.78285867971857,0.54263138919618,4.28243583159367,0.787658695590167,6.08826320167905,1.06247501593529,21.4106531445288,3.12288126669632,105.468075188925,13.3820056270072,5.50790592818608,0.589792861894727,4.51186133599608,0.50012408730602,6.17106931036134,0.647683935013906,9.6451569762343,0.935343695573044,13.5007024229939,1.23358573593139,51.6103534163056,3.86858297811201,262.454238971953,17.3644419278187
13.3,2.45314121776128,0.424036285464499,0.353233847623705,0.419897616391085,0.349779571062651,0.666894003341007,0.556086109658321,1.10403050228232,0.921691385653724,1.74935195692041,1.46199200870869,6.11188666831184,5.11897336702542,29.4024694256092,24.6484644219107,0.931992651680471,0.420405745890769,0.85095280480904,0.384439103847859,1.23483010825253,0.553868874117441,1.9372366977319,0.859702708476832,2.88116058625674,1.2666789415254,9.86335778762819,4.21827851727204,47.092288281654,19.8441186055519,2.37989574974264,0.470338368699622,2.04178486379408,0.411522993852507,2.81869226926399,0.544755630770352,4.33670284862347,0.790192096301355,6.16251504909385,1.06541219929955,21.6839376637764,3.1309292670144,106.851630542608,13.4191026468409,5.62022672548324,0.592159548569129,4.6022120425981,0.502122655905014,6.29209058732979,0.649648601981704,9.83396594446008,0.937534375870641,13.7608562789203,1.2353933263849,52.6606282667899,3.87052459964106,267.896844984128,17.363469208333
13.5,2.4710102969828,0.425757293681542,0.35433530035733,0.421406583913786,0.350715819738303,0.668838331892793,0.557191663882793,1.10678840921643,0.923127912710491,1.75306360267568,1.4637469906717,6.12337465104324,5.12387132666033,29.4551012883152,24.6692521868355,0.939393062476695,0.42200126264374,0.857038225408266,0.385669281580579,1.24291589947636,0.555355822139748,1.94929131778699,0.861789477811888,2.89761351863206,1.26840891468706,9.92027871341153,4.22490104444053,47.4455462760296,19.8852817228527,2.41239183564833,0.472837228051514,2.06926190043965,0.413746129181796,2.85480589733877,0.547203159768568,4.39052949255538,0.792843779131223,6.23615890750657,1.06826083566451,21.9549823115476,3.13939875054968,108.223126761839,13.4558057037556,5.73281677666202,0.594600885434852,4.69248264714221,0.504057172087122,6.41304971933709,0.651666255639433,10.0233531015211,0.939680814828555,14.0219633744113,1.2370704385077,53.7208040309156,3.87685338183732,273.542858274635,17.3931849683029
13.7,2.48865568679771,0.427442560024258,0.355397805649309,0.422884459813504,0.351605673783078,0.67074228995895,0.558252690940304,1.10948869756131,0.924528846809601,1.7566975719463,1.46542993879038,6.13462107714546,5.12851948943168,29.5066252344831,24.6895700757796,0.946580029204457,0.423775818900314,0.863480268958746,0.387416082374775,1.25109147258237,0.556961636801864,1.96083988794722,0.863467235958795,2.91318017060666,1.27111479854841,9.97021982348553,4.23188058424097,47.6636093691769,19.8626300152943,2.44464388702551,0.474996881817757,2.096114719457,0.415739258888008,2.89022528849662,0.549199383706147,4.4439773378443,0.794933419541454,6.30930688956192,1.07085897729415,22.2249329184597,3.14638653695784,109.599122834049,13.4848205981385,5.84536313120515,0.596694108971682,4.78404873524008,0.505924509316352,6.53514217776117,0.653689632542243,10.2124382783681,0.941716522311371,14.2823575958987,1.23877343832996,54.7679200624851,3.87944671435262,278.809053508942,17.3993098253383
13.9,2.50608316248845,0.429093283796821,0.356448654023281,0.424332279036468,0.352491011073659,0.672607231979592,0.559292306083906,1.11213331250409,0.925891275698127,1.76025649157925,1.46706740795763,6.14563415410639,5.13326957920685,29.5570789506447,24.7099659125269,0.953725338538672,0.425273997390154,0.869507580059825,0.388510814448014,1.25895992889183,0.558215711804951,1.97241406273962,0.86505797715068,2.9289003443873,1.27240359124041,10.0230896570366,4.23783131936148,47.9566362679141,19.9043108778869,2.47661095571603,0.47701486572,2.12333337926031,0.417577173471135,2.92579358616637,0.551381100189648,4.49694466540793,0.797456974297092,6.3817756234872,1.07327060945138,22.4919338784568,3.15298627373007,110.937411188122,13.5053519645192,5.95820796155699,0.598798026078459,4.87337634868215,0.507802106896991,6.65542008704334,0.655590000989046,10.4022309672745,0.943838613887977,14.5439525591225,1.24065942798248,55.828405624991,3.88446639173026,284.342406804931,17.4085517390694
14.1,2.52329826291706,0.430710608677633,0.357470198249024,0.425751028916712,0.353350680426132,0.674434449575644,0.560316735027787,1.11472410844422,0.927220557275108,1.76374286560464,1.4686829315604,6.15642170385937,5.13766201674267,29.6064983509396,24.729481693798,0.960675793951133,0.426901165429535,0.875184325142641,0.38981422105827,1.26646596618929,0.559615939887332,1.9835329226257,0.867162530436599,2.94382941717008,1.27425720436677,10.0698116949971,4.24347416265657,48.1314544578432,19.9305658785608,2.50832298043173,0.478917591603091,2.14994059937737,0.419216301498535,2.96078857908296,0.553202001680314,4.54947387776463,0.799637426487232,6.45363589315588,1.07565809036597,22.7565754349816,3.15790458631615,112.261004051802,13.5117374428358,6.07115285202543,0.600954934973733,4.96372146107562,0.509563740618869,6.77666452412466,0.657456881689045,10.5921924549175,0.945641294087652,14.8057525188626,1.24249660312809,56.8891431734051,3.88674354260759,289.821847484647,17.419492020717
14.3,2.54030630381537,0.432295626009784,0.358474525851358,0.427141651969351,0.354185005731317,0.676225175265031,0.561314756187885,1.11726285439838,0.928532984878822,1.76715908256092,1.47026223197026,6.16699118589011,5.14215128360736,29.6549176834549,24.7490561866674,0.967546316355828,0.428525958675814,0.881629608039498,0.39127724201658,1.27450383565743,0.561352287037595,1.99455615397659,0.869116751578587,2.95867145953073,1.27571709990153,10.1171152749672,4.2474832897625,48.3305271884114,19.9650083729402,2.53982987668004,0.481089626161796,2.17585909156868,0.420684621880873,2.99514764518223,0.554997189459887,4.60163177185551,0.801767820586899,6.52497779310073,1.07846276597882,23.0191466310872,3.1628241436353,113.579870271532,13.5402227487478,6.184240170486,0.60289490939358,5.05435839738108,0.511154445729829,6.89830155907152,0.659274564039891,10.78250468717,0.947429048755527,15.0681541829171,1.2442520168866,57.9570148774143,3.8887652342612,295.43778371133,17.4291758315355
14.5,2.55711239012912,0.433849377854958,0.359448505542808,0.428505048484322,0.355019203778748,0.677980585911713,0.562285954536251,1.11975123901469,0.929814812966123,1.77050742228851,1.47180489388639,6.17734971865766,5.14644943259233,29.702369628859,24.7684069900437,0.974288931178488,0.430172162146487,0.887673984146719,0.392524853687831,1.28215714583015,0.562702893535988,2.00533431415884,0.870901248706367,2.97313267288934,1.27789828603025,10.1621691089471,4.25142322481118,48.4933070903876,19.9607511393327,2.57104670061779,0.483355468129093,2.20189017680312,0.422531916772171,3.02943745606546,0.557273008100576,4.65321944719052,0.804334849693102,6.59544054245497,1.08095203906656,23.2759183062019,3.16826654909647,114.802356542548,13.5731633131674,6.29748811167394,0.604618281613321,5.14349643254701,0.512588831850915,7.01871144905682,0.660574066499871,10.9731738660997,0.949027079316618,15.3311306516426,1.24550763515389,59.0306542960105,3.89237420395434,301.14410338737,17.4319483480877
14.7,2.57372142749709,0.435372859830938,0.360400340156815,0.429842078938259,0.355814572990775,0.679701805930223,0.563238022909923,1.12219087522855,0.931049081015229,1.77379006223813,1.47329315620148,6.18750409947415,5.1506563564709,29.7488853918243,24.7873513629469,0.981031198437255,0.43160503427426,0.893448546901751,0.39373376901173,1.28965861399506,0.564075056075013,2.01625593670209,0.87238100318746,2.98796894085304,1.27971838751578,10.2121545780967,4.2548719581976,48.7716718150485,19.961492619749,2.60210266605,0.485294604747082,2.22740272551105,0.424121635851955,3.06328260983992,0.559251344646529,4.70466566035171,0.806581245429617,6.66586236725288,1.08317992472197,23.5367574387792,3.17519077305632,116.154039419225,13.5947343933952,6.41084636047473,0.60652815053572,5.23305649668314,0.514156641414454,7.13953054998717,0.662076112853535,11.1640179093036,0.950918442696405,15.5943314807648,1.24708367387533,60.1050159064512,3.89482250879525,306.831098065117,17.429193585667
14.9,2.59013813293835,0.436867023750696,0.361343049198051,0.431153566238745,0.356607140080349,0.681389910266051,0.564171296477268,1.12458330459161,0.932257943421103,1.77700908333434,1.47477735481412,6.19746082298269,5.15494952459358,29.7944947860663,24.8036942796678,0.987636553387303,0.433303436021973,0.899010128628072,0.395100624236285,1.29691242510634,0.565552747748875,2.02689286468879,0.874263526529717,3.00234007500376,1.28215018010701,10.2589889715717,4.25937897544214,48.9941013424824,20.0054144789613,2.63285202507579,0.487377640565158,2.25277272595548,0.425709981393651,3.09682530700304,0.560957185887737,4.75549435765907,0.808841216385986,6.73531663946312,1.08575286740425,23.7908101337972,3.18069269842533,117.387522132006,13.6298463963718,6.52420570330506,0.608520735837989,5.32294302549005,0.515778759411297,7.26056884265739,0.663629150423264,11.3546850836461,0.953013503669683,15.8570987423258,1.24887807750716,61.1710415532727,3.89732436725177,312.302493833738,17.4377410737458
15.1,2.60636704481328,0.438332780079213,0.362267292770483,0.432440297815015,0.357381986261827,0.683045927170441,0.565083123992501,1.12693000129934,0.933467428755987,1.78016647543136,1.476208779972,6.20722609833775,5.15899472172899,29.8392263133873,24.8234535015975,0.994145900729442,0.434733562559242,0.904211636067656,0.396075152438474,1.30391731477895,0.566658547288037,2.03736926460992,0.875783091633167,3.01648649416559,1.28346026872555,10.3049385182817,4.26382218399978,49.2081147831398,20.027782407482,2.66344796344404,0.489186475341199,2.27856313492118,0.427248431929799,3.1306146659917,0.562726199095272,4.8061529640269,0.811018632710456,6.80463912494108,1.08813859408529,24.0472106164975,3.18663356008886,118.703995561711,13.6522119611042,6.63762749125856,0.610459754383661,5.41340254677627,0.517472125277896,7.38203057180622,0.665249059184841,11.5455156254459,0.954992664917839,16.1201179035799,1.25047943542061,62.239409551739,3.90032384164364,317.771193050007,17.4727686812504
15.3,2.62241253211813,0.439771000223109,0.363161820769317,0.433703027567547,0.358139972261476,0.684670840786016,0.565975775439869,1.12923237594329,0.934636588261345,1.78326414239416,1.47763080103814,6.21680586520693,5.16291331893686,29.8831072372514,24.840611715182,1.00063515731757,0.436153592167203,0.910337212951087,0.397397799796629,1.3114690771402,0.568103721958928,2.04792000815378,0.877603260453741,3.0308677484159,1.28481104505302,10.3544214081117,4.27048443236728,49.5078611225643,20.0450643264428,2.69383791319438,0.49109248434681,2.30438364853404,0.428928979797414,3.16436052286275,0.56449869711586,4.85648370455068,0.813141428666016,6.8735384596155,1.09033136493886,24.302843854492,3.19261202125942,120.039159694847,13.6676617856122,6.751255734661,0.612365657251434,5.5042481630989,0.51921000727511,7.50399277677432,0.666771538851459,11.7369198251868,0.956945950117173,16.3841978496676,1.25232022307435,63.3224100153669,3.90298520478135,323.582438478381,17.4864441607318
15.5,2.63827880316656,0.441182518666307,0.364039207644781,0.434942477687304,0.35888434860737,0.686265593558562,0.566849720356245,1.13149177900912,0.935770213492523,1.7863039068356,1.47899776415269,6.2262058086792,5.16679811686899,29.9261636514175,24.8562090496146,1.00695409732403,0.437564917699284,0.916123351220956,0.398885608667045,1.3188287729559,0.569513438048206,2.05806913679536,0.879207596367315,3.0445479232421,1.28707945780084,10.3983737597278,4.27390482025809,49.7004884113826,20.0552043064971,2.72395785563704,0.492957441540543,2.32931616942356,0.4305225751085,3.1973325260548,0.56624987741054,4.90630149569896,0.81525095271648,6.94165835291595,1.09252644462481,24.5535742212408,3.19801957995093,121.293426647376,13.677839383819,6.86499333079291,0.614138205029093,5.59346307473638,0.520542150206875,7.62465904168559,0.668074185310947,11.9285238158788,0.958436801709807,16.6485802939614,1.25358630192577,64.4080324316109,3.90619268928316,329.439623847694,17.4993555512921
15.7,2.65396991370721,0.442568134963934,0.364911062920202,0.436159340355455,0.35961704217095,0.687831088488968,0.567716299522812,1.13370950414114,0.936904435844431,1.78928751453638,1.48035329162771,6.23543137317374,5.17053534036081,29.968420543866,24.874276105957,1.01320843523893,0.438866597463622,0.92125225334665,0.39993977206327,1.32560610641683,0.570859260413401,2.06814597940935,0.880805497125988,3.05817061385935,1.28857875422145,10.4429716884644,4.27721580807153,49.9168511199264,20.0871623111886,2.75385160892255,0.494790553207658,2.35387266609037,0.432034171975366,3.22987190345535,0.567974102437576,4.95576320318454,0.817323558608442,7.00930677982667,1.09458448920307,24.8030792387238,3.20385789016139,122.548347741217,13.7015767227199,6.97867505936242,0.615682805475857,5.68360175108969,0.522002959168478,7.74598918512643,0.669480521622953,12.1199426176549,0.960096450092623,16.9125708552239,1.2552180167226,65.4873463384422,3.90863543034385,335.099043419441,17.510395441977
15.9,2.66948977452123,0.443928615605409,0.365755280186606,0.437354279332232,0.360325065824273,0.689368191236942,0.568563544659737,1.13588679119162,0.938013136025562,1.79221663857336,1.4816767678969,6.24448777542741,5.1743474979564,30.0099018565811,24.8900444539441,1.01933631860531,0.44018872283485,0.926598497260851,0.401062351059321,1.33246764565546,0.572327255008076,2.07795225105771,0.882593642957646,3.07134526887886,1.29064448732269,10.4844156262738,4.28161210567306,50.0761916591824,20.1059529793283,2.78343225576792,0.496280586054167,2.37886224556576,0.43347934042678,3.26261896087204,0.569537001701066,5.00462764711496,0.81887353228863,7.0760297605143,1.09635813638469,25.0462678950883,3.20926736547978,123.684197014647,13.71526352607,7.09253201055451,0.617280948796611,5.77548049034678,0.523256459628978,7.86904099798957,0.671002427005418,12.3118135407599,0.96133427547738,17.1773720947666,1.25654505292459,66.5772974702953,3.91124717377242,341.000982021866,17.4927335702617
16.1,2.68484215854018,0.445264695756984,0.366583944619736,0.438527931443882,0.361030648055741,0.690877732089203,0.56938540832778,1.13802482907137,0.939097577956832,1.7950928831781,1.48296419769147,6.2533800166273,5.1779840989119,30.0506305412696,24.9062037884462,1.02543034720011,0.44162240565422,0.93197545186732,0.402321411919383,1.33937260862432,0.57354867056821,2.0877769394875,0.883990625828136,3.08463688206266,1.29220431141725,10.5281442778631,4.28654648763099,50.29384876698,20.123214579761,2.81282790594952,0.498282223080196,2.40312348945247,0.434933168350767,3.29468780141105,0.571187269313704,5.05325450779754,0.820929663487891,7.14250365384179,1.09820323113045,25.2906966433153,3.21492958929639,124.876676539224,13.7421898401141,7.20616542661351,0.618955788375069,5.86504433336912,0.524553184755482,7.98989170102825,0.672191784643558,12.5030859584359,0.962736927834365,17.4410096134008,1.25773476245759,67.650166724665,3.91354948156876,346.400891017465,17.4985222283009
16.3,2.70003070752063,0.446577080892853,0.367402712914874,0.439680907975043,0.361713965395879,0.692360507801174,0.57019724974209,1.14012475841718,0.940151733486297,1.7979177873475,1.48426726213121,6.26211289376298,5.18153570761603,30.0906286116466,24.9218396428129,1.03137809951699,0.443107938998285,0.937232237366512,0.403272867502213,1.34607279368386,0.574607950668696,2.09726672912205,0.885648117712839,3.09735188497546,1.2943086542816,10.5674351582872,4.28939674877438,50.4265960071376,20.1365713362751,2.84210618823826,0.500115578865794,2.42763635407656,0.436357659813379,3.32696971029589,0.57270433031843,5.10178908812926,0.823032484973225,7.20899594108311,1.1001889263465,25.539268409255,3.2218852999406,126.206741650736,13.7734405846971,7.31998503656692,0.620591288694081,5.95605218234762,0.526079746686686,8.11207729619097,0.673576617778659,12.6948158382101,0.964308672451791,17.7054652688293,1.25901413048681,68.7336921621719,3.91618394350075,352.057416366818,17.5080157307279
16.5,2.71505893830894,0.447866448323041,0.368198563866228,0.440813795973875,0.362387590860674,0.69381728332252,0.570997851267295,1.14218767408937,0.941189914043574,1.80069282822392,1.48552847715437,6.27069101025058,5.1850765232543,30.1299171922497,24.9390354006345,1.0373250327229,0.4442148369442,0.942498694180914,0.404411803053051,1.35277489594602,0.575771774836778,2.1068715649386,0.886860782798357,3.11036882611141,1.29601942306415,10.6107415035676,4.29376405384101,50.6539163771325,20.1514050509827,2.87109230750896,0.501697028604976,2.45139083012184,0.437577357142827,3.35849044367169,0.57421420074157,5.14973552390506,0.824858490020282,7.27454201087813,1.10226659457125,25.7805068412255,3.22755007527401,127.3867072481,13.7849340411333,7.43406060631758,0.621962803416686,6.04515542304254,0.527084752904826,8.23272864393702,0.674830576840978,12.8872587453032,0.965714009421227,17.971256047843,1.26016771908368,69.8362545726451,3.91900067157214,358.185526916158,17.5015762397794
16.7,2.7299302487265,0.449133448625948,0.368987241451715,0.441927159476244,0.363048431760036,0.695248793415099,0.571772520798001,1.14421462751292,0.942217244555027,1.80341942426314,1.48675488867738,6.27911878588606,5.18848688687178,30.1685165641846,24.9535227564605,1.04315908795588,0.445775238480495,0.947463866305597,0.405578282426321,1.35926521704144,0.577274508806717,2.11623847343845,0.888557938737233,3.12299485727756,1.29690765113594,10.6513427889844,4.29803160809491,50.8328696175721,20.1712371063973,2.89992217842452,0.503212312075601,2.47455046059514,0.438753739913026,3.38945483959215,0.575520485169074,5.19743125989832,0.826488014681443,7.33978357419672,1.10440602024752,26.0217576195632,3.23206540844118,128.610008439865,13.7924005880905,7.54789465149414,0.623512409529159,6.13474680235466,0.528297555017609,8.35374433694865,0.676220302651526,13.0790311636914,0.967052249573046,18.2357724989351,1.2611108314782,70.9207416818468,3.92103301547714,363.826144827803,17.5033478204478
16.9000000000001,2.7446479231032,0.450378706992535,0.369752270820716,0.44302154065479,0.363696311019137,0.696655744170557,0.572533276807821,1.14620662887283,0.943220637239436,1.80609893820518,1.48794170135027,6.28740046617646,5.1918986139077,30.2064462080622,24.9673887410085,1.04892425996365,0.446871860316695,0.952499328742605,0.406656717482682,1.36573734854699,0.578366981836386,2.1255023337759,0.889616792374467,3.13549228826271,1.29898054115638,10.6917490846818,4.30011013050458,51.0165403040088,20.1735713998535,2.92859776856912,0.504772653891757,2.4988021487906,0.440210762588463,3.42116029063597,0.576941205383182,5.24494648616448,0.828121850020126,7.40486017558182,1.10619419102901,26.2647556301103,3.23706192924505,129.897366916195,13.8088089889026,7.66195659248179,0.625120378216761,6.22636785479162,0.52966761714165,8.47661444756134,0.677662205030229,13.2715331582014,0.968313407227809,18.5016994466455,1.26222698340558,72.0266340897182,3.92409310416553,369.98697251054,17.5139237728488
17.1,2.75921513748448,0.451602824488331,0.370502843512826,0.444097460898489,0.364328385530285,0.698038814435783,0.573277716358217,1.14816464917525,0.944181062047461,1.80873267986264,1.48912034770152,6.29554013109889,5.19516709713549,30.2437248442598,24.9805229489383,1.05460503558559,0.448064333459258,0.95701666022795,0.407419644134593,1.37178831720765,0.579260605538881,2.13461098927458,0.89120628024928,3.14775680978501,1.30018786762911,10.7309186177036,4.30395587908539,51.1825972589014,20.1770355315197,2.9570112377964,0.506398716764899,2.52315739972124,0.441579236055998,3.45288171150739,0.57849044687278,5.29199385118,0.829846364866993,7.46924068201515,1.10827231244125,26.5036929461607,3.24090389998672,131.113841947931,13.8453652390315,7.7757282614869,0.626671870636935,6.31663540728619,0.530931673695698,8.59828233159546,0.679002950261851,13.463144794206,0.969707407502378,18.7658882832865,1.26363527615881,73.1063406500796,3.926842212557,375.450975336719,17.5374588673915
17.2999999999999,2.77363496453537,0.452806379239421,0.371251076682834,0.445155421827463,0.364961873095402,0.699398657152048,0.574026060583426,1.15008962218308,0.945155779997102,1.81132190873961,1.49029546527943,6.30354170332198,5.19843102896323,30.2803704706857,24.9959477289417,1.06021371445837,0.449403487182366,0.962023146145393,0.408569395436149,1.37810562848601,0.580275571342088,2.14360037750345,0.892764959877727,3.15985711306921,1.30154067344138,10.7694919416386,4.30729561551517,51.3444445508787,20.1800814802643,2.98529194787564,0.50792133199061,2.54646461982082,0.44290699414074,3.48377661999287,0.57986524555955,5.33888118230005,0.831710248415594,7.53349429640816,1.11036088715343,26.7448100759886,3.24525270152265,132.420360409444,13.8642234700994,7.88951281628381,0.628287416623672,6.40636327269067,0.532010446431341,8.71925425100149,0.680079573347154,13.6548167796509,0.971022160528372,19.030172054424,1.26507141616747,74.187119463856,3.92932919795528,380.897328431831,17.553093143715
17.5,2.78791037816253,0.453989927547741,0.371980619600359,0.446195906247705,0.365573912693406,0.700735900614537,0.574752829015798,1.15198244623626,0.946103388523499,1.81386783649372,1.49143393222595,6.31140895593298,5.20164934069733,30.3164003983498,25.0097848123808,1.06575844744648,0.450510987575129,0.966893645788177,0.409485267050639,1.38437586047242,0.581478459287796,2.1524950871828,0.89397333430794,3.17184056541726,1.3030487284982,10.8079171411929,4.31144055767423,51.511443825411,20.2211173167175,3.01324198793358,0.509417924537357,2.56974973128031,0.444209675873793,3.51443465781017,0.581212302958507,5.38506504993762,0.833412921088795,7.59659178160073,1.11225891474814,26.9762862298282,3.25101751890414,133.530253797587,13.8846704812982,8.00345714757919,0.629941192171108,6.49563631973006,0.53339015842771,8.84004424878257,0.681472279179148,13.8469192438953,0.972484707785393,19.2952700473603,1.2665824312856,75.2799073667459,3.93108029981868,386.658509627204,17.5637110126024
17.7000000000001,2.80204425787415,0.455154004940323,0.37269000701157,0.447219379049812,0.366172265753101,0.702051149657249,0.575458312178737,1.1538439859632,0.94704284964874,1.81637162925129,1.4925575238847,6.31914551970398,5.20469907707978,30.3518312847068,25.0244627254814,1.07129818477293,0.451688978102357,0.971500465520162,0.410343887209433,1.39041922904647,0.582396732620601,2.16147759055159,0.895296669711053,3.18406261155512,1.30482218017979,10.849619937752,4.3139616548142,51.7559493351551,20.2372805888081,3.04104179923551,0.510914780607665,2.59300950930368,0.445413952583406,3.54503979676196,0.582527478792399,5.43108800090098,0.834841413810445,7.65956241911646,1.11398278530164,27.2099706894697,3.25369272082905,134.713032249441,13.9014328280664,8.11738619673851,0.631255004202481,6.58532901576782,0.534416660354857,8.96121374464222,0.682418828271875,14.0390404351145,0.973735024657539,19.5604233381516,1.26774970932511,76.3743214989657,3.93265981930042,392.434658727119,17.5898686836772
17.9,2.81603939289547,0.456299127157717,0.373386926040153,0.448226288055712,0.366767934175883,0.703344986769126,0.57615705566955,1.15567507389266,0.947962708678313,1.81883440978722,1.49365382072504,6.32675488993226,5.20797961599372,30.3866791651504,25.0394613392054,1.07677306660318,0.45272529401479,0.976249402767718,0.411326134456866,1.39653800943906,0.583417792299654,2.17036371080426,0.896599183201556,3.19616317154931,1.30553450831213,10.8911173919306,4.31788674662239,52.003760931513,20.228892026948,3.06862156277007,0.512372520212718,2.61596588662453,0.446748949880092,3.57523852498888,0.58374691060578,5.47675462922162,0.836745659315529,7.72204667007939,1.11552458388535,27.4419463462773,3.258545770598,135.882527108795,13.919031295757,8.2313011793346,0.632636082633154,6.6752147114568,0.53549542246341,9.08254343784601,0.683645714847119,14.2312203459808,0.974931257753019,19.8257483444276,1.2688578061071,77.4731976510455,3.93394718386187,398.319967715856,17.5759724359047
18.1,2.82989848605668,0.457425791085008,0.374085883942941,0.449217064816789,0.367361771370236,0.704617973145448,0.576856112144793,1.15747651197162,0.948866327596283,1.82125725957767,1.49474626611939,6.33424043287551,5.21097663349981,30.420959482537,25.0513381471582,1.08211037834747,0.453900599373295,0.980932521808358,0.412119639067894,1.4025617274063,0.584137342095147,2.17892474440559,0.897539533462649,3.20769444932533,1.30705745628042,10.9280532655028,4.32088794559887,52.1622554741124,20.2538533883134,3.09597527787871,0.513717975273818,2.6384453762737,0.447939060985401,3.60503667963923,0.584994657466558,5.52205632490092,0.838390374263208,7.78402054657487,1.11702597757456,27.6717768631108,3.26283358279001,137.019490590778,13.9448406388985,8.34497231312836,0.633980936688765,6.7655523049883,0.536557701056323,9.20397981448058,0.684721374310666,14.4228654759426,0.976043224724416,20.0901402841916,1.26989974627483,78.5609751434479,3.93592154523453,403.894885592422,17.5936290474485
18.3,2.8436241574681,0.458534475629934,0.374764822232525,0.45019212536678,0.367924016546755,0.705870649679503,0.577531062382024,1.15924907299638,0.949736545492482,1.82364122073547,1.49579438764528,6.34160539182442,5.21401195855779,30.454687115147,25.0661162006997,1.0874216328826,0.455145704346583,0.985753137117453,0.413452947598761,1.40862578590634,0.585415891512504,2.18750021083341,0.899281007485558,3.21931596567848,1.30885163512148,10.966763124991,4.32580115822491,52.3659682949775,20.2943931511955,3.12323204152605,0.515214344356897,2.66036110071147,0.448907916550371,3.63427201957392,0.586226123149906,5.56728626705987,0.839973414694686,7.8460137897433,1.11872074316612,27.9050663819756,3.26593910514805,138.267649183494,13.9562182724598,8.45867045361223,0.635157807054416,6.85600133829662,0.537669295846173,9.32560555287916,0.685784291264869,14.6146951694331,0.977068825278692,20.3549330281712,1.27062913011933,79.6562819108981,3.9370243365928,409.641905152596,17.5916534056829
18.5,2.85721894799704,0.45962564255118,0.37542677696313,0.451151870932287,0.368492046802441,0.70710353789781,0.578190986617671,1.160993501962,0.95058753193965,1.82598729783461,1.49681707971903,6.34885289282114,5.21697620018448,30.487876402909,25.0792393356546,1.09262274284127,0.456200410209908,0.990350352285267,0.414500091566958,1.41447334964181,0.586660355706512,2.19583117597338,0.900350515521381,3.23052314950551,1.31014075246231,11.0023711940416,4.3278409498755,52.5112035024371,20.2696972989447,3.15022250096851,0.516694436971908,2.68267817093441,0.450108032969775,3.66376295508524,0.587452167545577,5.61196666630933,0.84155700486159,7.90711960984878,1.12066357544044,28.1312858013543,3.26975491710082,139.374835727248,13.9784344161034,8.57239521080711,0.636478815637187,6.94498784781456,0.538764623055128,9.44609668200063,0.686821616739942,14.8066307532113,0.978378890279068,20.6199558605037,1.27186767074431,80.7560407350618,3.93920094744692,415.509173333136,17.5966200595272
18.7,2.87068532255904,0.460699737240577,0.376077467902728,0.452096688604047,0.369049298428468,0.708317140843685,0.578837635005718,1.16271051733661,0.951448503161287,1.8282964596331,1.4978757658239,6.35598595005996,5.21969977266378,30.5205411722592,25.0904015331325,1.09778475507349,0.457123605737597,0.994878925525571,0.415352253645422,1.4203112466028,0.587753871962866,2.2041325796591,0.901389241102176,3.24173277908953,1.31144991962072,11.0388756940907,4.33092537056924,52.6829071914782,20.2916923420656,3.17700567084994,0.518099910942222,2.70525075330467,0.451443839722265,3.69336162472624,0.588822759557509,5.65629237259396,0.84311355169998,7.96772533328892,1.12239476033753,28.355279459527,3.27308653990981,140.458287024269,13.9925506049306,8.68599603295388,0.637716626671224,7.03462582997229,0.539757536569284,9.56708340583863,0.687722453903047,14.9982655370784,0.979714137427595,20.8844575058191,1.27277111201088,81.8497803503053,3.94057884398821,421.233343456957,17.6095543987201
18.9,2.88402567323556,0.461757189461887,0.376734412456848,0.453026951971051,0.369591985639733,0.709511943911199,0.579484789171572,1.16440081226411,0.952292818357101,1.83056964069904,1.49887480715288,6.3630074709847,5.22249445084504,30.5526947595619,25.1025361160949,1.10292731544378,0.458280208131496,0.999439955259919,0.416211929088619,1.42613480022754,0.588879284834716,2.2124627016349,0.902603023442174,3.25305704869296,1.31271969989524,11.0773455821002,4.33579219098545,52.9037347307146,20.2956204840813,3.203600420657,0.519441802027993,2.72783169492812,0.452700715012281,3.72288272494394,0.590224099547914,5.70030173390864,0.844631773852536,8.0279001902751,1.12397981172117,28.5777774675039,3.27766052572414,141.539073233876,14.0103587103512,8.79953769983855,0.638916694581482,7.12399150911647,0.540921640189292,9.68776092240711,0.688716036337398,15.1898335413464,0.98087534044931,21.1488862798759,1.27364314637009,82.9441969621774,3.94366822185675,426.960093101548,17.6259652585066
19.1,2.89724232222916,0.462798414049181,0.377364327368236,0.453943021720324,0.370124681763819,0.710688415634056,0.580114468280957,1.16606505570115,0.953108146772874,1.83280774294763,1.49986062880636,6.36992026110224,5.22524574581174,30.5843500331847,25.1151553077053,1.1079485236117,0.459268553081883,1.00352084906648,0.416898123574392,1.43154565920964,0.589810387674893,2.22050130273295,0.903497493090539,3.26386923005187,1.31400309015809,11.1116730388427,4.33930434546872,53.0438004794223,20.3057791662136,3.23009641944118,0.520750601305763,2.75011275188487,0.453907671499072,3.7521685887311,0.59149374158732,5.74424346706122,0.846136715870841,8.08811280729899,1.12534891484029,28.8041832084926,3.28164100760858,142.746201168071,14.0269715324481,8.91290414119076,0.64001133105931,7.21195601736664,0.541780039632637,9.80709947582894,0.689539386896975,15.3810845243053,0.981924050446544,21.4127871466852,1.27461178486011,84.0331247192054,3.94484062546344,432.497488999907,17.6270620112048
19.3,2.91033752466646,0.463823811567346,0.377983841996829,0.454845246204332,0.370652603664594,0.711847008431392,0.580736339794081,1.16770389349227,0.953921667643998,1.83501163709439,1.50083266184849,6.37672702853641,5.22807181120503,30.6155194144749,25.1278297916107,1.11298234457053,0.460330797502659,1.00788093315776,0.417816600932833,1.43719753009731,0.590762784632287,2.22866156883545,0.90465703824605,3.27497365717523,1.31536360685238,11.1496380753035,4.34219860447768,53.268351283235,20.3303221065497,3.25637549969592,0.522182643212258,2.77143007960485,0.454812283959784,3.78055167520804,0.592584296524665,5.78776906475361,0.847460832274499,8.14768340445935,1.12680149763574,29.0261858934954,3.28551908523258,143.873281108304,14.0347354879597,9.02656290634306,0.64129356739105,7.3017224342292,0.542840674567728,9.92824403684893,0.690672985994796,15.5732737258103,0.983226766473442,21.6785301306895,1.27538677507182,85.1512915301059,3.9478047114758,438.786553352246,17.6318646181572
19.5,2.92331347125821,0.464833768937141,0.378596068457631,0.455733961978065,0.371173946477173,0.712988159313687,0.581352426750161,1.16931794938666,0.954709662822151,1.83718216402949,1.50178166993462,6.38343038833193,5.23069353062493,30.6462148975086,25.1402267057584,1.11792018674117,0.461379032976493,1.01232124704131,0.418748894528423,1.44286593802797,0.591600977724974,2.23661391537443,0.90553736244385,3.28572959080275,1.31676734526396,11.1850531301838,4.34491023670576,53.4451759829538,20.3320444806018,3.28247756223058,0.52333913936574,2.79321296461998,0.455873321028774,3.80924978747972,0.593754477319725,5.83099753910939,0.84859793075195,8.20685398890832,1.12807299975738,29.2469396185924,3.28965761704004,145.005155051207,14.047008441307,9.1400116785425,0.642469737304303,7.39207926346492,0.543931038172843,10.049808813616,0.691780337047476,15.7649105891913,0.984356606713598,21.9432941546477,1.27645372502257,86.2572044818147,3.95061904921687,444.797619119129,17.6245776593085
19.7,2.93617229082553,0.465828660027108,0.379207019090852,0.456609494307922,0.371682153545967,0.714112290551054,0.581955717280787,1.17090782600099,0.955501455202581,1.83932013611906,1.50273101308502,6.39003286653022,5.23345076334557,30.6764480678021,25.1501158893371,1.12278503823358,0.462446783969746,1.01632230902788,0.419628899989502,1.44810332383065,0.592660588372187,2.24442745432891,0.907327740928548,3.29627039413919,1.31750014113277,11.2191896280535,4.34766312244137,53.6011016541217,20.3531020436323,3.30843857203625,0.524411174781577,2.81433928675877,0.456815327872782,3.83734453985605,0.594793955857296,5.87403931793614,0.849997474848623,8.26581843091711,1.12937144293364,29.4683933528577,3.29272609618653,146.173645879899,14.0537379052849,9.25320562998288,0.643521311928516,7.48189501855928,0.544861724520959,10.170880845726,0.692569432512217,15.9558878589494,0.98516326331715,22.2068749979652,1.27703470486663,87.3477334872474,3.95071566212452,450.433609422127,17.6307398979158
19.9,2.94891605270017,0.466808846214141,0.37980604279605,0.457472157653715,0.372188243246608,0.71521981030647,0.582551551243281,1.1724741057312,0.956275730291998,1.84142633843734,1.50365401895801,6.39653690402517,5.2359117790148,30.7062301200472,25.1624081362377,1.12758828183056,0.463304872011622,1.02082768973132,0.420564674061803,1.45369659032709,0.593590616519604,2.2521344340434,0.908206762987232,3.30665761992954,1.31848429489613,11.2526251508402,4.35039868935126,53.7484783949487,20.3598975699895,3.33417147461696,0.525801954824828,2.83521397895963,0.458016890844507,3.86513142266471,0.595830901091023,5.91665951508832,0.851479961541779,8.3241485584129,1.13073792408608,29.6858879628296,3.29634632603618,147.275136778536,14.0677502520108,9.36643835886522,0.644724671297419,7.57049175461662,0.545807085434106,10.2907963232496,0.693582799458036,16.1470804362445,0.986200700843504,22.4709566844954,1.27793348325073,88.4485548896586,3.95314041376102,456.365315467948,17.6514520066683
20.1,2.96154676900664,0.46777467691518,0.380382874781036,0.458322256125973,0.372678454550199,0.716311113235977,0.58313188891783,1.17401735161671,0.957036628715614,1.84350152993459,1.50455847444728,6.40294486022041,5.23846153076116,30.7355718749085,25.1719996775012,1.13232346239717,0.464175515361146,1.02459006693313,0.420945309878345,1.4586954103237,0.594113205298297,2.25971015399032,0.909331741465751,3.31684092618327,1.31936932423639,11.2848376454881,4.3515928579803,53.8762135353385,20.3663058928261,3.35970264905949,0.526864719205735,2.85612946327218,0.458939932487705,3.8928624456042,0.596886707195983,5.95891500676129,0.85273351636819,8.38194284426563,1.13213715718604,29.9003736644314,3.29955505624015,148.332787900078,14.0719211357763,9.47951832031023,0.645875055619451,7.65964722955873,0.546793122945012,10.4110819096877,0.694427629599591,16.3381342420708,0.987124119245642,22.7349200315169,1.27867308001087,89.5519981197539,3.95411778625556,462.322270388597,17.6497710956583
20.3,2.97406639683307,0.468726490091108,0.380962206051678,0.459160083919617,0.373163019061888,0.717386581057847,0.583712504663334,1.17553810815956,0.957777080764834,1.84554644454393,1.50548296132219,6.40925901649375,5.24099928110618,30.7644837949301,25.1852293879298,1.13704910525792,0.465052490449122,1.02860579509289,0.421699910954109,1.46393239962478,0.595205702605021,2.26733217831775,0.910285567907874,3.3271644431513,1.32015640223477,11.3191445211545,4.3542353015305,54.0548334820309,20.3561800546435,3.38504286983296,0.528054947298267,2.87672255252922,0.459879020966463,3.92027077775062,0.597993955135771,6.00083580459965,0.853906747773526,8.43926628188766,1.13378269594584,30.1127758196637,3.30324056325147,149.375015940405,14.0819785592027,9.59246484666762,0.646821049668607,7.74751896477321,0.54765989400291,10.5302664036913,0.695191774845769,16.5289782199133,0.988216318753835,22.9985883249839,1.27918713748055,90.6542290817201,3.95489966147602,468.242581454125,17.671189384169
20.5,2.98647684029746,0.469664612725106,0.38151588824617,0.459985925725634,0.373638879961176,0.718446583092824,0.584261744626903,1.17703690210182,0.958511901099973,1.84756179223171,1.50634197689143,6.41548157948208,5.24347914680756,30.792975999626,25.1957566846895,1.14168130137391,0.466151690158133,1.03268747295657,0.422639374054054,1.46913468173982,0.596130617457966,2.27474288267463,0.911451006955382,3.33712663453784,1.3219076205277,11.3506770994539,4.3591592049432,54.1804819056887,20.3930892935421,3.41026521597001,0.529261980920402,2.89801758283114,0.461045647448137,3.94816871471521,0.599157042196588,6.04264393620684,0.855313470388555,8.49652132009762,1.13523643483327,30.327442791504,3.30675892336861,150.486085868199,14.0940171338621,9.70521556012686,0.647974240119372,7.83608067645824,0.548390083723069,10.6500212646556,0.695880626627036,16.7194496495408,0.989302225925388,23.2616534879656,1.28015486083921,91.7506481985505,3.95606859801268,473.996128261115,17.6640362800421
20.7,2.99877995251536,0.470589361276743,0.382084923523262,0.460800057122021,0.374118507499199,0.719491476776738,0.584822100946625,1.17851424316316,0.959240362977015,1.84954825999415,1.5072394256957,6.42161468420085,5.24585718733091,30.821058279809,25.2051914769865,1.14628663547999,0.466972594639474,1.03691298039469,0.423513871332598,1.47445109238309,0.596984349674377,2.28214714084659,0.912696867407081,3.34712589226547,1.32331038837433,11.38329728677,4.36123371738177,54.3352511047233,20.3917650057375,3.43524783276627,0.530459013516469,2.91901196618025,0.461998246807068,3.97567891258614,0.600221332502669,6.08398624218555,0.856652852230824,8.55303209146558,1.13670112156646,30.5362877957483,3.31065639689981,151.47083230514,14.1036716500977,9.8178300908844,0.649061748265873,7.92616856595789,0.549291589270691,10.771018866193,0.696874580461386,16.9096456683641,0.990198774919398,23.5242851531834,1.28093924006311,92.8433429763166,3.95796247473491,479.670719608762,17.6735674683497
20.9,3.0109775374747,0.471501042113231,0.382637361766645,0.461602744945238,0.374588594304907,0.720521608147701,0.585370678867254,1.17997062474154,0.959936776278455,1.85150651280376,1.50809646282824,6.42766039700434,5.24832391321528,30.8487401111797,25.2166619001144,1.15087162520481,0.467817002154359,1.04078743972502,0.424110482883927,1.47953572705788,0.597730912801006,2.28956219081615,0.913675551334292,3.3571947223168,1.32418065950833,11.4173080493501,4.36356236035487,54.5257624841182,20.438789004764,3.4601656303773,0.531795006881145,2.93954657723889,0.462899982952383,4.00282820303426,0.601410264830251,6.12529409602164,0.857748960708292,8.60961640070486,1.13805941760138,30.7489436408922,3.31379484412213,152.586858330635,14.110423651553,9.93052796758498,0.650145217063446,8.01450587347835,0.550131424186244,10.8905875101375,0.697744418405281,17.1001888675986,0.99109172841093,23.7876466429713,1.28184531598729,93.9492348349213,3.95854361926854,485.690945581217,17.6959763705599
21.1,3.02307135182308,0.472399951919341,0.383176041616612,0.462394247643298,0.375041330402494,0.721537312308786,0.585914209076211,1.1814065245786,0.960651466088264,1.85343719450847,1.50895134849795,6.433620718397,5.25062555464569,30.8760306672625,25.2259688863389,1.15537784238281,0.468854578972277,1.04477272250674,0.42485030368839,1.48461463214407,0.598780609251659,2.29680952286466,0.915019821160852,3.36698559207261,1.32533929155339,11.4493300659067,4.36714091679974,54.6796845740577,20.4571634168159,3.48492101629036,0.53295786084662,2.96114088275381,0.463988841895374,4.03078571922138,0.602618756429809,6.16632879546802,0.859126403541802,8.66582412537949,1.13945884857213,30.960160079507,3.3168218197381,153.694556496437,14.1271783802083,10.0429480135298,0.65117377086833,8.10280481590128,0.55106813697688,11.0100507973662,0.698690330125747,17.2900973670507,0.992163187145196,24.0499116060858,1.28268633173795,95.0419893670529,3.95994831499172,491.37677587192,17.6921647911666
21.3,3.03506310657241,0.473286378086992,0.383711781429707,0.463174815611505,0.375506446499277,0.722538913868196,0.586439701331295,1.18282240539245,0.961352839692121,1.85534092868616,1.50979449351755,6.43949758570642,5.25294791437762,30.902938831653,25.2350399681087,1.15983794176439,0.469493265822228,1.04881518673633,0.425565939929248,1.48973789683539,0.599620948985379,2.30398503721262,0.916015237036985,3.3766829283924,1.32634920698794,11.4811229238153,4.36965241020402,54.8344971534491,20.4486612007775,3.50940826800617,0.534168052686587,2.9818312848851,0.464957805146679,4.05786208538079,0.603701672078489,6.20680279659703,0.860398663184767,8.72112300743223,1.14084295162738,31.1639090283093,3.3195401849971,154.6538847972,14.1427037498368,10.1551955600433,0.652111875869999,8.18788210850999,0.551726122647804,11.126552361672,0.699438676019964,17.4796009943101,0.992990084180064,24.3114949678457,1.28346977585112,96.1271772776691,3.9601449570584,496.898586769581,17.6892437290621
21.5,3.0469544687256,0.474160599085926,0.384232247505711,0.463944691512011,0.375946437331714,0.723526727357768,0.586965164455894,1.18421871547928,0.962028657403779,1.85721831945743,1.51060671298677,6.44529287562368,5.25519315369106,30.9294732096874,25.2477396207849,1.16421915666107,0.47034161380599,1.05276447514765,0.426347695522268,1.4947435471168,0.600184339428715,2.31098987004493,0.916576636449008,3.3860949565175,1.32755292085088,11.5108287182903,4.37167625890445,54.9504324205456,20.4617698427423,3.53372507052148,0.535194311158216,3.00169364333391,0.465819391043285,4.08421250953195,0.604782273195593,6.24702327145841,0.861470773014351,8.77609700742008,1.14209465777187,31.367118560065,3.32273160027439,155.619528169381,14.1574640190617,10.2674323548586,0.653112225655845,8.27634685291886,0.552671616585385,11.245999948821,0.700424883399695,17.6692724945235,0.994071456931032,24.5735227141641,1.28412977568506,97.2228869754783,3.96211505503284,502.698228639508,17.702980247668
21.7,3.05874706282957,0.47502288481647,0.384749714448608,0.464704110577832,0.376375388300395,0.724501057631327,0.587473001418328,1.18559588928573,0.962684413167541,1.85906995225875,1.5113825316527,6.4510084066201,5.25753662829491,30.9556421395683,25.257587413077,1.16850695256067,0.471399671175793,1.05631453927324,0.426971653722996,1.49938938824041,0.600886531933759,2.31777961215444,0.917504908619656,3.39513471569281,1.32877226574782,11.537590868383,4.37413205746627,55.0090246939578,20.4728964240106,3.55793995012298,0.536258171520099,3.02202473704194,0.466835634255952,4.11087411929687,0.605794857806631,6.28714842497648,0.862622955929909,8.83103522956964,1.14346384618392,31.572989548991,3.3256681852506,156.675271643087,14.1745972562875,10.3797484258777,0.65418392034824,8.36244922750248,0.553371965456727,11.3634297671821,0.701204424459549,17.859323895177,0.99483256257803,24.8363822136326,1.2848753680057,98.3345795175967,3.96332580212529,508.933490590846,17.7035593297335
21.9,3.07044247245858,0.475873496945263,0.385265224519411,0.465453300902532,0.376807993943757,0.725462200243823,0.587987341801019,1.1869543479539,0.963364799169295,1.86089639457831,1.51221381332315,6.45664594124846,5.25990179014641,30.9814537029083,25.2663934384234,1.17284525018185,0.472248726978863,1.06033072660692,0.427743047814321,1.50442098941932,0.601784876145072,2.32478819578227,0.918626539715536,3.40464294874405,1.32977241933413,11.5695414482224,4.37782202821293,55.1836503752807,20.4778369095434,3.58192324735698,0.53730606888956,3.04173904433841,0.467758381193895,4.13699289821564,0.606768656342985,6.32682579846035,0.863969466073863,8.88526752996619,1.14459832472115,31.7735398347102,3.32907971488707,157.62190806671,14.1839657553092,10.4916716056472,0.65512546164409,8.45061487909945,0.554158183004373,11.4826233941086,0.701927311889567,18.0483920556469,0.99575333611786,25.0974921775091,1.2855524296773,99.4234343948182,3.9634360720696,514.603916841249,17.702374369762
22.1,3.08204224163178,0.476712689225162,0.385762164966746,0.466192483716114,0.377228101085518,0.72641044181259,0.588480344930714,1.18829449983988,0.964006970460992,1.86269819665655,1.51300302494741,6.4622071883298,5.26196159344788,31.0069157347613,25.2749706746846,1.17710472668248,0.472988847652237,1.06408828438488,0.428621750357868,1.50921575226847,0.602545816889019,2.33162133558446,0.919530797019442,3.41385342381825,1.33058609052995,11.5992357790635,4.38110779357199,55.315506192372,20.4873628897745,3.60579144033618,0.538311426516024,3.06161608415655,0.468753805803295,4.16317293977712,0.607563528019078,6.36634086484568,0.865256711238972,8.93932049872008,1.14576121985854,31.9747025710578,3.33270619913811,158.609614690438,14.1886294786111,10.6035396783229,0.656058535173771,8.53911171344082,0.554859905193322,11.6018869213289,0.702773595900792,18.2375405087924,0.996452629753712,25.3589088036991,1.28649282488489,100.521618086336,3.96451175820633,520.527942345596,17.7213480663816
22.3,3.09354787616839,0.477540707799958,0.386263553766462,0.466921873647979,0.37765702932936,0.727346060361446,0.588973093815951,1.18961674100845,0.964646333357606,1.86447589215396,1.51374681167113,6.46769380504247,5.26419559214803,31.0320358332424,25.2841351727427,1.18134216647832,0.473932297225676,1.06784538784125,0.429392645947927,1.51403125418848,0.603379560661129,2.33844916096519,0.920608861241063,3.42309532803413,1.33152913599645,11.629853025633,4.38396940977822,55.4724180800989,20.5106813146254,3.62956571256946,0.539285534782554,3.08054941655143,0.469456161291523,4.18854694135701,0.608317134725255,6.40578976737035,0.866111122936381,8.99338027951761,1.1468238952567,32.1787785039522,3.33550826885233,159.681265244281,14.195249840203,10.7152762463075,0.65691514465376,8.62691372853466,0.555528667743003,11.7205751582971,0.703569999745967,18.4265293734096,0.997244166026156,25.620158301238,1.28722178518616,101.621437511753,3.9658849691028,526.497411733762,17.7245072530856
22.5,3.10496084498388,0.478357791494981,0.386751765079804,0.467641678977712,0.378074400329864,0.728269325648954,0.589465864513407,1.19092145570398,0.965275154206623,1.86622999878727,1.51452460540889,6.47310739890882,5.26626937025043,31.0568213686302,25.2944752373062,1.18553722576761,0.474657665935258,1.07124482295693,0.430029101339018,1.51856109751292,0.603940313704015,2.34521088411175,0.921205582421168,3.43225058441683,1.33270033547377,11.660246184972,4.38584798184129,55.629680653875,20.5161420395386,3.65307357542332,0.540259042796352,3.10023413415376,0.470432527975127,4.21441085140052,0.609442401664371,6.44467445544182,0.86721219703063,9.04651435457287,1.1480824819621,32.374925077173,3.33866875616236,160.589460715441,14.209718559871,10.8269552663046,0.657758043289956,8.71543510831311,0.556417454312514,11.8399861900865,0.704481886143694,18.6155751163044,0.998182307726736,25.8816587492195,1.28789275828533,102.729468883158,3.9675835174563,532.690480969238,17.7323195069754
22.7,3.1162825813303,0.479164172094107,0.387233627910878,0.468352101874258,0.378479693866544,0.729180499481079,0.589943367364734,1.19220901679965,0.965893825851446,1.86796101893581,1.51528331483418,6.47844952968739,5.2684111497176,31.0812794920663,25.3029019543815,1.18966056652806,0.475536119213221,1.07467137120775,0.430708982740684,1.52304818951602,0.604662005886771,2.3518166817913,0.922061553156608,3.44114446662045,1.33357998660251,11.6887108305173,4.38897993934727,55.7508867345695,20.5529265232282,3.67647527089559,0.541261547884881,3.11938338605978,0.471149349208525,4.23982030473738,0.610202865360694,6.48341131770255,0.868431904316343,9.09949161972387,1.14903713537757,32.5718493864301,3.34134129966645,161.543711551224,14.2152258036905,10.9385043942401,0.658525844805047,8.802621645498,0.557013663364835,11.9580814970282,0.705029353471275,18.8044456712459,0.998806882068933,26.1429647953859,1.28843609459503,103.838825414775,3.96923547043748,538.938870327344,17.7549780237498
22.9,3.12751448398358,0.479960074604186,0.387714188035265,0.469053338624265,0.378874590112695,0.730079836010003,0.590413874764993,1.19347978622615,0.966518185362274,1.8696694402204,1.51599242536875,6.48372171118435,5.27047955268796,31.1054171438675,25.3136186896386,1.19375571180872,0.476125453515968,1.07823450007953,0.431404009013357,1.5276324024298,0.605314311596375,2.35839730000827,0.923171773947346,3.45002988711236,1.33447386639914,11.7176919341378,4.39113968080499,55.8881511785237,20.5400982039182,3.69971042019907,0.542253372929923,3.13819158711119,0.472078542482936,4.2648978906722,0.611228471857985,6.52185799747164,0.869557090555641,9.15205409689401,1.15012322265813,32.7667318894904,3.344752471153,162.473191319508,14.2349340387858,11.0496071350793,0.659491252797285,8.88953954581425,0.557674258407928,12.0757702475298,0.705827444127495,18.992235208617,0.999711006328142,26.4023422469343,1.2892804008306,104.922628212034,3.97091855567249,544.516456885,17.7480748529223
23.1,3.13865791838066,0.480745717507333,0.388181229716551,0.469745579849931,0.379266981892066,0.730967582018838,0.590876016766393,1.19473411538044,0.967126442989467,1.87135573605529,1.51673873316965,6.48892541297315,5.27241871328056,31.129241061422,25.3218652394993,1.19779270573854,0.477038841252138,1.08175099910476,0.432072476676954,1.53211558113767,0.606107321740471,2.36486219014781,0.924152690477645,3.45873075341209,1.33541791514359,11.745471990951,4.39354946330516,56.0045627728579,20.54440590818,3.72291398811438,0.543062471552623,3.15692715212461,0.472671648483154,4.28987570269382,0.611911284148038,6.56036184574959,0.870465714076849,9.20483776479788,1.15089012469212,32.9666840504775,3.34723225088551,163.54643813534,14.2506214193818,11.1605790708311,0.660435496091777,8.97661739092598,0.558314570939767,12.1934931124017,0.706511942729611,19.1798197093001,1.0006357325607,26.6614674102708,1.28985232402525,106.006771625028,3.97208378176064,550.14066387063,17.7373738454889
23.3,3.14971421770888,0.481521313001806,0.388634049955793,0.470429010717212,0.379656829312714,0.731843977193829,0.591332443049748,1.1959723455162,0.967726435702613,1.87302036617521,1.51743557465217,6.49406206204395,5.27450094082374,31.1527577867463,25.3299693534935,1.20174307663202,0.477885599388233,1.08525703126441,0.43270228636364,1.5365666379848,0.606732533937644,2.37112331823125,0.92504888035241,3.46707545758834,1.33629933866664,11.7703689770322,4.39515011479912,56.064300074809,20.5671830553216,3.74592246260846,0.543985123658965,3.17587730917824,0.473446368541613,4.31492960355528,0.612649543606152,6.59844979848509,0.871417275938684,9.25694445891239,1.15199618609164,33.1609588774644,3.34984949105917,164.508770800385,14.2521792071673,11.2714299586906,0.661234048648497,9.06419703731096,0.559074202435377,12.3116521749692,0.707079226539125,19.3672173946083,1.00136319111944,26.9203605089501,1.29065638778095,107.091140957107,3.97316332321868,555.798402665151,17.7358445330657
23.5,3.1606846839502,0.482287067232257,0.389097214342919,0.47110381113466,0.38005188583605,0.732709254384177,0.591799955476652,1.19719480811667,0.968318758357062,1.87466377713875,1.5181717191856,6.49913304437204,5.27646102683294,31.1759736737077,25.338140454992,1.2057058444214,0.478542321097622,1.08898116709394,0.433375874748207,1.5411886704632,0.607791406588844,2.37747928291194,0.9257180408481,3.47564219167734,1.33708936161486,11.7979887653624,4.397516570745,56.1867323614706,20.5591061164637,3.76878345292188,0.544955969040037,3.19445505812016,0.474122846078803,4.33960782172921,0.613343843924596,6.6362835848891,0.872293031034898,9.30869662871304,1.15288243084396,33.3537381523408,3.35186750646371,165.461162660599,14.2667479387775,11.3821773673729,0.66198700123021,9.15143281909223,0.559761216033878,12.4296560582895,0.707684157127287,19.5546748634397,1.00200103605156,27.1795922944032,1.29122019952069,108.187526340205,3.97339931644421,561.782729519595,17.7424149964789
23.7,3.1715705888824,0.483043180509517,0.389542550224559,0.471770155943508,0.380433414341738,0.733563639850456,0.592239587345771,1.19840182525092,0.968896294566258,1.87628640280938,1.51885174381579,6.50413970642158,5.27837611974646,31.1988948949282,25.3461000836109,1.20969718305844,0.479212969406326,1.09226541047519,0.433934326227297,1.54554523411366,0.608241603020112,2.38397739703958,0.926539750207895,3.48452150835966,1.33782013538188,11.8291979918847,4.39750389326402,56.390155860337,20.5517771425319,3.79154047254329,0.545890546168168,3.21334828233801,0.474992412477081,4.3645103108642,0.614383157323269,6.67400924442845,0.873327878857113,9.36037314879784,1.15415524098345,33.548403374999,3.35453236782172,166.476651360347,14.2789063586847,11.4927244711629,0.662900211189991,9.23948019503192,0.560505962073015,12.5480808209835,0.708556651882634,19.7416762287944,1.00290335644788,27.4380616746274,1.29218854405499,109.27547332634,3.97394686646815,567.5800423979,17.7500334911894
23.9,3.18237317503951,0.483789847520956,0.389990825061499,0.47242821509942,0.3808114262829,0.734407353501974,0.592691026098016,1.19959370991426,0.969474071487417,1.87788866481488,1.51956118259613,6.50908335657775,5.28043632216669,31.2215274483346,25.3546867520855,1.21356072512629,0.480052066729649,1.09535995927384,0.434439315582181,1.54963054884744,0.608817640795222,2.39014487125973,0.927446158039924,3.49279701881663,1.33904680418879,11.8550904464267,4.39951522130104,56.4847528870072,20.564776945742,3.81411834860207,0.546873225394978,3.23185042417519,0.475719878709573,4.38903547537657,0.615191080872853,6.71140597526437,0.874567878939177,9.4115530625078,1.15530950458976,33.7398652332589,3.35689504231784,167.434517659225,14.2906128166703,11.6031985892389,0.663815827656674,9.32667758919547,0.561253321685891,12.6657201747242,0.709213967635874,19.9285761823352,1.00366362048962,27.6964356937032,1.29278144580353,110.365000555991,3.974528697857,573.45426913181,17.7595857050811
24.1,3.19309365663334,0.484527257531351,0.390427825607967,0.473078153846282,0.381176499836323,0.735240609123825,0.593115770660748,1.20077076635383,0.970032362533977,1.87947097298682,1.52024006551427,6.5139652665187,5.2822120949974,31.2438771634761,25.3629929915707,1.21737671976623,0.480698216813251,1.0986698053269,0.435014661011018,1.55387834974444,0.609417768468141,2.39622233802737,0.927932873869694,3.50093409180457,1.33956619380912,11.8801718640755,4.39941591551073,56.5665675820228,20.6068546936893,3.83658709468884,0.547971886666731,3.25056359928746,0.476558955435955,4.41367453740752,0.616152735545803,6.74865808542635,0.875603695325458,9.46258120404699,1.15654053880989,33.9321572554743,3.35979970145,168.434307261695,14.2995233363087,11.7133703474763,0.664572120979437,9.4131595075785,0.561880694713449,12.7826694408978,0.709969543811925,20.1148040758512,1.00436470345982,27.9536849154485,1.29345481753812,111.441901251234,3.9762060859042,579.03321431394,17.7732181896496
24.3,3.20373322043821,0.485255594575371,0.390867290702541,0.473720132882611,0.381545028786784,0.736063614594026,0.593542784684813,1.20193329037987,0.97059020164744,1.88103372578077,1.52092607954282,6.5187866725287,5.28419737593646,31.2659497075491,25.373647977053,1.22116501760155,0.481376125879445,1.10198441663019,0.435510652672481,1.55813284352729,0.610132799546312,2.40226605272043,0.928854628510422,3.50904018032075,1.34069761081331,11.905463658293,4.40239409513237,56.6574791280664,20.6035042766935,3.8589772829798,0.548891840707789,3.26932533529674,0.477339313479188,4.43836809900568,0.617016053572971,6.78585409637815,0.876486194161772,9.51362572716243,1.15762910237115,34.1273120790785,3.36256245576857,169.524546365972,14.3173005448151,11.823360574978,0.665304764853478,9.49971735902363,0.562487645704298,12.8995925810146,0.710653234346936,20.3007482864339,1.00505495946077,28.2105503807336,1.29383203165036,112.517647020817,3.97653490973992,584.593542039049,17.7791746707635
24.5,3.21429302664046,0.485975037641529,0.391284156167538,0.474354308520682,0.381900266557904,0.736876572091482,0.593969449619493,1.20308156966381,0.971152805587584,1.88257731067863,1.52157488182205,6.52354877674995,5.28590479752391,31.2877505911427,25.3815356497486,1.22500159952132,0.482047873610135,1.10504425145799,0.436028324542627,1.56223330256955,0.610695484047629,2.40850607678468,0.929644986872066,3.51756097727396,1.34159727326997,11.9353009214147,4.40601734782268,56.8495968243638,20.6053388412136,3.88111573026909,0.54982980585194,3.28763207512466,0.478076732053173,4.46251956531411,0.617793095634271,6.82250613455573,0.877623842604836,9.56375880399851,1.15859457953098,34.3141196366894,3.36539738138819,170.431767510861,14.3215518618634,11.9332961555929,0.6661857269571,9.58560559420605,0.563115153170995,13.0160413888049,0.711206302813003,20.4868251610625,1.00575652128554,28.4678347682319,1.29451419614479,113.60496887055,3.97701683682137,590.44777477046,17.7732934108395
24.7,3.22477420965459,0.486685760848358,0.391712161394215,0.474980832839037,0.382268963776647,0.73767967829476,0.59439307500143,1.20421588402318,0.971708836873185,1.88410210457296,1.52225462684374,6.52825274838377,5.28788081385922,31.3092851737398,25.389363202481,1.22877242954646,0.482703816124111,1.10858466874218,0.436677480881642,1.56668632782903,0.611489524762245,2.41460102538534,0.930298515193471,3.52583606343858,1.34241332212424,11.9632776267504,4.40903635801737,57.006378300511,20.601587380496,3.90318662050245,0.550615336082384,3.30617298544026,0.478778526992752,4.48686830887146,0.618572645362225,6.85915103277707,0.878612291250332,9.61400726728466,1.15941429304326,34.5051149083964,3.36753618898695,171.458469221981,14.3273616776967,12.0431348592734,0.667066146021628,9.67226986675259,0.563899146297153,13.1331725050723,0.712042105671986,20.6728855150383,1.00661592500968,28.7252622261989,1.29521911944428,114.699878236643,3.97852806061135,596.520536989705,17.7727573969945
24.9,3.23517787890755,0.487387933613238,0.39212427888559,0.475599853828509,0.382622548544669,0.738473124572864,0.594814052083201,1.20533650569501,0.972229382380608,1.88560847413636,1.52288626633935,6.53289972484282,5.28959785971934,31.3305586690305,25.3968798484128,1.23248624338253,0.483339205001322,1.11184805926372,0.43736610220987,1.57086999566867,0.612291729284509,2.42057614095398,0.931301092789762,3.5339136590299,1.34307135095588,11.9898505201511,4.4100193877571,57.1374081166004,20.6105649066005,3.92509018422281,0.551643593206726,3.32353580591669,0.479462042547075,4.51017563214046,0.619380007504722,6.89548462350559,0.87959175104435,9.66378714743643,1.16054941914758,34.6931181736729,3.3703249066013,172.435341372401,14.3402845563838,12.1526361124203,0.667851993455033,9.75847688653569,0.564475723524661,13.2495269254879,0.712707725992504,20.8582571092738,1.0073189849908,28.981556532896,1.29583785145657,115.782694282465,3.97994547778009,602.279085605149,17.7822988436744
25.1,3.24550511959264,0.488081720813919,0.392530327979143,0.476211515532063,0.382961785624103,0.739257097167614,0.595215359909171,1.206443699597,0.972762053194043,1.88709677617342,1.52350839064263,6.53749081284726,5.29139736285963,31.3515761499133,25.4041457688097,1.23617848216774,0.484089978205601,1.11509106157826,0.437968699413946,1.5750245727875,0.612876560400094,2.42653503807296,0.932068064039726,3.54199267486203,1.34419566861779,12.0169285463939,4.41304882445942,57.2833328762078,20.6189445846674,3.94685391504482,0.552536023177469,3.34122765955326,0.480135787957583,4.53373687229833,0.620163918375059,6.93155559083902,0.88056853725804,9.71318035205817,1.16143392533892,34.8788868764816,3.37246258003663,173.385352382193,14.3544320463605,12.2619634158231,0.66863380342824,9.84389341699959,0.565116075725461,13.3652866811446,0.713318857809737,21.0433333482672,1.00807194078682,29.2374563224572,1.29643407346319,116.864549597038,3.98077246220682,608.062612420525,17.7746687949953
25.3,3.2557569933946,0.488767282943473,0.392935413846778,0.476815958178994,0.383307682569523,0.740031777368622,0.595614341943516,1.20753772357829,0.97328851587897,1.88856735795968,1.52415257033154,6.54202708948265,5.29305418729579,31.3723425533743,25.4112608743713,1.2398177563231,0.484822274838291,1.11813346791335,0.438526001119426,1.57898903501386,0.613493865745351,2.43238173912537,0.932833676891929,3.54988684579492,1.34493569809844,12.0426924210831,4.41506919759531,57.4054284790206,20.6349147839228,3.96849990000214,0.553265685225333,3.3591066852259,0.480702470774948,4.55734150632349,0.620840495903057,6.96743508558755,0.88130206919589,9.76231868942581,1.16215413123833,35.0639416148156,3.37412403450873,174.339097047292,14.3549412059707,12.3711979362588,0.669392950040527,9.92953591185376,0.565740259491303,13.4811305826849,0.713990030448745,21.22835449278,1.00874166334545,29.4934242473965,1.29692888765018,117.952802908803,3.98110301026658,614.068673377833,17.7837574553114
25.5,3.26593453918704,0.4894447762588,0.393344245549447,0.477413318313435,0.383644760532991,0.740797341680994,0.596018496246743,1.20861882865967,0.973804685424931,1.89002055756517,1.5247602658857,6.54650960320992,5.29486747443349,31.3928626851144,25.418317462099,1.24338683402838,0.485544479759991,1.12131406242256,0.439100048363132,1.58304528934617,0.614164101926307,2.43806528660188,0.93343097145845,3.55749761226699,1.34587451195304,12.0661824832643,4.4192791653065,57.4830319292179,20.6583620908047,3.98998233513787,0.553938742463247,3.37732467130085,0.481463775807151,4.58118863554278,0.621690707854327,7.00301560742506,0.882229438992734,9.81100818662679,1.16298242206782,35.246151482918,3.37669983108927,175.242972311669,14.3706690974468,12.4800571734267,0.670047428196566,10.015944493851,0.566331018441927,13.5975581569465,0.714644276884445,21.4125409720234,1.00927271501206,29.7479807409179,1.29753228199921,119.02455840636,3.98211250909494,619.669368339737,17.7881058261356
25.7,3.27603877370362,0.490114352922965,0.393733863506814,0.478003728917719,0.383971212328803,0.741553961986131,0.596409296113836,1.20968725926377,0.974312069919889,1.89145670416559,1.52536921423733,6.55093937483294,5.29648644497436,31.4131412239899,25.4250120874578,1.24692510290797,0.486262303806305,1.12437228211565,0.439622419047028,1.58695958757385,0.614718027199911,2.44370367409423,0.934033716822701,3.56505267045363,1.34675693193457,12.0896039023488,4.42135104132193,57.5630575033861,20.6623328498534,4.01144473747515,0.554664192082264,3.3943460172856,0.482049002889887,4.60407445123532,0.622405452899902,7.03869578070929,0.883025159847059,9.85999419495079,1.16384039535238,35.4343006086479,3.37921783287487,176.304781787588,14.3831358305753,12.5887745502411,0.670740566826092,10.1015607854692,0.566866869631756,13.7133077663254,0.715156424598685,21.5965609364849,1.00981806179988,30.002393125005,1.29792359576638,120.099393606665,3.98296408074184,625.382452406504,17.7942169910886
25.9,3.28607069218407,0.490776161141813,0.394126566805262,0.478587319530685,0.384313760988304,0.742301805695977,0.596801750312728,1.21074325343599,0.974824467866318,1.89287611833996,1.52598511507654,6.55531739842921,5.29825876918437,31.4331827262754,25.4346059325427,1.2504300848936,0.486969718629508,1.12756900622617,0.440216344808195,1.59100440350542,0.615463126035166,2.44928897768185,0.934658983921772,3.57253660930729,1.34724232796938,12.1128055769661,4.4227456860553,57.6423498986316,20.6959018850474,4.03270320933907,0.555626994993557,3.41193214670595,0.482780922156417,4.62728284531351,0.623160240685982,7.07397089451048,0.884010561996715,9.90832937657015,1.16494124475772,35.617145816217,3.38185796586146,177.252927122775,14.3926437674651,12.6972003933274,0.671427706132176,10.1861263963923,0.567482646567173,13.8279017851832,0.71569018810812,21.7800147269595,1.01052448350167,30.2559039104842,1.29832875332112,121.165593057082,3.98384948085026,630.877298181078,17.7966863180577
3.1,0.236971131024671,0.408004026080785,0.407170564383742,0.40513984259787,0.404316280392703,0.648634251663324,0.647399907910505,1.07943448918182,1.07729258559044,1.7167186983575,1.71348396604573,6.01885538911481,6.00999457349194,28.9652120863643,28.8981305490726,0.382896385706081,0.274207594153907,0.385799713051066,0.276349030516643,0.620577993235958,0.444185503477726,1.03452338318373,0.738540142395967,1.65407691700617,1.1789503021322,5.788623068109,4.11549297272276,27.8190165499735,19.7463249536453,0.838672677923806,0.394849782144674,0.733166963518439,0.348978891346012,1.05602542982719,0.488050818074389,1.58453910182671,0.704788715580565,2.27163118675942,0.968925706637804,5.98609846223678,2.25481715393643,16.7553492700416,5.47945508507088,0.656373470310918,0.33690131916729,0.609365465683294,0.313372593297861,0.926803632554656,0.473643544455208,1.50048296874444,0.76077013071012,2.29480294432939,1.15725451882856,8.03510636028,3.96303349451596,38.6167243155399,18.6689428856148
3.3,0.409764816500002,0.410832394535824,0.408450671616192,0.407555392461887,0.405175502693036,0.651810878799691,0.648046095108968,1.08401097009084,1.07792286222875,1.72291466981415,1.71343380373087,6.03864910692538,6.00572181893962,29.0670463956179,28.928456825423,0.4042431164005,0.285978403926798,0.404495199479541,0.286165486495146,0.644708287047979,0.455639900803933,1.06893403874585,0.754202249731879,1.70048926650134,1.19793275746062,5.93344583227958,4.1568327898533,28.4960156815391,19.9887733190614,0.891035093349044,0.391776526517423,0.779470566524031,0.345479385801629,1.11920307803482,0.483438071578665,1.68206469440004,0.701591107362331,2.41629352886433,0.970142565330743,6.5499894670723,2.3291431348101,19.8256191043714,6.17147952529837,0.797062560339014,0.385256247085694,0.735679559096657,0.356360582409867,1.08584244874098,0.522895717859378,1.72203350023763,0.821813029742283,2.59135648689995,1.22283911513767,8.94093620378247,4.13446154316579,42.654522041071,19.5067146982445
3.5,0.528142124315925,0.413600221364586,0.409596976154255,0.409953998997758,0.406027427600242,0.654930182013224,0.648715595222671,1.08847134594054,1.0783904689272,1.72893410413023,1.71315842985326,6.0575569494704,6.00387855742243,29.1572357688482,28.9202551445224,0.424483466669027,0.297041328932268,0.421776179129952,0.295332039050809,0.667461107700784,0.465669187114113,1.10163315372602,0.767989254867611,1.74465443151454,1.21359003544891,6.07249048957084,4.20445273623185,29.1624568342122,20.0826152198432,0.939292117295333,0.394560809532369,0.821779436216469,0.348351404241183,1.17588872565155,0.486273665788959,1.76871291749933,0.70641512582725,2.54134475727348,0.975466955758438,7.01420007519258,2.38674106443104,22.3362413861061,6.67490313117009,0.933229955748209,0.424106102966697,0.855515019394765,0.389788492484579,1.23864989023824,0.560398862497291,1.93846469730376,0.870188975148196,2.88213773588807,1.2812680832528,9.85274722420119,4.27457025375944,46.7859939556466,20.0869798253532
3.7,0.62390607602916,0.416291849046683,0.410820898166744,0.412293536686825,0.406876797259719,0.657965626489295,0.64944713417134,1.09280525851242,1.07883666719774,1.73477901533357,1.71303553664332,6.07585473522165,6.00163474010787,29.2430604491494,28.9116707187051,0.443673513857748,0.306285878326221,0.438450233061017,0.302835361294083,0.689070570893748,0.475056297786782,1.13259503384227,0.779631094336496,1.78637692288528,1.22778784289989,6.202410268337,4.24805772652233,29.733628267714,20.2807671707085,0.985396272788881,0.399361684504436,0.863912417787866,0.353755696100587,1.23076836150474,0.491622602608599,1.85016516167465,0.712176982826493,2.65726797795052,0.986389746842912,7.4337856799081,2.44856704311804,24.5718529313612,7.13686504496092,1.06493528570977,0.455666165028672,0.97171530363831,0.416712054185256,1.38723279299304,0.590936196023228,2.14947334437163,0.906043687980503,3.16648077127916,1.32451748087156,10.7639699191613,4.38815851706618,50.9197142306773,20.4226875224833
3.9,0.706330483380775,0.418908789120437,0.411990679018195,0.414570890555392,0.407736092647511,0.660917551673008,0.650128281857339,1.09701745087216,1.07933419203062,1.74045828153924,1.71298160131968,6.09361185370231,5.99990369250893,29.325777725803,28.8977673953219,0.462069748514334,0.315533054608767,0.454461577537317,0.310351782229878,0.709881142332931,0.48425615611645,1.16247402707245,0.7913162268639,1.82687072568498,1.24091639470696,6.33258552895035,4.27561145618457,30.3967949321515,20.4361237834452,1.03062005426763,0.405248581425741,0.905001947083995,0.358859433365954,1.28392873151289,0.497391976502564,1.92882009740767,0.719229979009652,2.76831058750932,0.995002974399937,7.83049956594268,2.49915282618672,26.7167054437143,7.54403574048585,1.19391329168929,0.481993566006753,1.08125435017993,0.437621353421641,1.52963489322042,0.61492930453994,2.35667525162744,0.936912609835556,3.44609125891238,1.35858147475484,11.6706882764391,4.47669610710436,55.1057722913895,20.9062623271565
4.1,0.779670619888578,0.421454324000419,0.413080688586855,0.416787487000102,0.408484009109954,0.663789227972202,0.650741403134097,1.10111395444578,1.07974219146998,1.74598083428142,1.71272084305864,6.1108694625616,5.99811469684563,29.4058809391585,28.8858936877877,0.479594763943851,0.323882126079403,0.469992626481229,0.317231092182985,0.729831584846541,0.492110774142492,1.19090528938922,0.802021728956122,1.86530860729495,1.25319530929634,6.45473200412288,4.32120088873998,30.967218048755,20.6170441221707,1.07493843333836,0.411216339003218,0.941761013393912,0.363101494437421,1.33374114839097,0.500854549637178,2.00550019550268,0.725908214052294,2.87620700681048,1.00360624264062,8.21609418741801,2.54876211620966,28.8444712465686,7.90283676297971,1.32028272032805,0.5049946965228,1.19074754458497,0.456555796211247,1.67057019404336,0.634742643638109,2.56039660527256,0.963747438233589,3.72147124749753,1.38527540946796,12.5758906308915,4.5508316728296,59.3617787281712,21.247008577104
4.29999999999999,0.846302876983173,0.4239319646922,0.414125722402612,0.418945764900496,0.409251043377865,0.66658443558899,0.651382206215679,1.10510074488672,1.08029844234787,1.7513550733038,1.71256465597121,6.12765937475532,5.99579681836386,29.4836481671362,28.8659472985984,0.496402849887485,0.331366611471929,0.484077768032164,0.323010832262074,0.748535087986353,0.499310165639355,1.21816600062301,0.810711076677102,1.90214260929479,1.26369903774277,6.57155642857605,4.3446456967474,31.4992379854724,20.7315395144907,1.11834767856076,0.415886265544833,0.980646011183471,0.367807323873268,1.38435780017976,0.506757518358132,2.08030842194906,0.73347289148078,2.98094558330617,1.01162712938289,8.58734424274918,2.58927858066682,30.8585464514663,8.23735845206292,1.44423994378694,0.523950707468091,1.29635821995266,0.471234530400922,1.808026123432,0.651724045023214,2.76101229462327,0.982676506991587,3.99315924010011,1.40667945720267,13.4821984772364,4.61073066596954,63.7082104050465,21.4009147157476
4.49999999999999,0.907715699122001,0.42634512210144,0.415154309016121,0.421048379743591,0.410012221833957,0.669306935124225,0.651968017125807,1.10898347836268,1.08070609196743,1.75658879724301,1.71246452879137,6.14400867166351,5.99384547332367,29.5592712849766,28.8517368207269,0.512526459767349,0.338411307596601,0.497743178843534,0.328450890835895,0.766506745377011,0.505501624552156,1.24421066682501,0.819248929599938,1.9372091476772,1.27404173170471,6.68073972785909,4.37362307675033,31.9433805530565,20.8589750951669,1.16108815907571,0.421321691071068,1.01767854179685,0.372554991097463,1.43331232284139,0.511374421622726,2.15391996367221,0.739500570150609,3.08383816732511,1.02045751670524,8.95306575140971,2.63307485362693,32.8507296295578,8.55114542524046,1.5666414910846,0.539569807558348,1.3998648666317,0.484174861799148,1.94343723296742,0.666423419750092,2.96020158441077,0.999717709391499,4.26392907520701,1.42454725615729,14.4102920831071,4.64466142813821,68.5758271236022,21.6025661776894
4.7,0.964915136666804,0.428697020661844,0.41615708378693,0.42309796127299,0.410700635364237,0.671960318257342,0.652547788582177,1.11276743954856,1.08115700675895,1.76168922740244,1.71226661143812,6.15994135980754,5.99256376138652,29.6328989978822,28.854483579289,0.528145627031263,0.344941107636869,0.511728804639391,0.334286936706372,0.784424605153452,0.51193747940774,1.26961444867649,0.827429402450181,1.97161747787662,1.28276419333003,6.79154412028756,4.38851271041358,32.4789830747835,20.9825489523849,1.20294388390651,0.425644653788275,1.05487509762971,0.377101988767929,1.48175947146152,0.516214970921311,2.22553419882278,0.746122571065851,3.18354183977484,1.02872354998753,9.30466769288969,2.66778225537653,34.7493997212589,8.82679888397367,1.68636381685798,0.55296587386587,1.5000977196623,0.49327697579752,2.07469640984512,0.676482423264147,3.15509648823351,1.01193813065187,4.52830627708192,1.4358362892546,15.3065397224627,4.66813780723953,72.7246739643767,21.7403110483521
4.9,1.01861928100757,0.430990679502742,0.417126918579084,0.42509703000912,0.411403790313373,0.674547965758356,0.653081113886757,1.11645754624723,1.08150413635014,1.76666305166174,1.71209482116685,6.17547914177759,5.9906516710868,29.7046546162114,28.8364395689474,0.543217934283857,0.35143438364901,0.524462524653377,0.339443500228697,0.80119964480611,0.518047960671229,1.29412798356782,0.83503793705937,2.00481253756553,1.29166921427335,6.89842959005536,4.41246969859368,32.9898295656259,21.0489402833307,1.24425838455888,0.430638810690433,1.09119248151052,0.381410274780218,1.52930469310124,0.520433401681851,2.29627508305136,0.751697879274353,3.28200309094797,1.03584517177496,9.65402849571944,2.70226112704448,36.6528233001218,9.07347920045938,1.80432328293018,0.564924061572931,1.59778462663815,0.50170656470409,2.20362578813535,0.685420446268568,3.34761828624012,1.02302505091905,4.7896607512875,1.44405763476258,16.1989485909088,4.697606216589,76.7819093917895,21.8718711028877
5.1,1.06936216168126,0.433228915853108,0.418050235855398,0.427047969354633,0.412084145679667,0.677073041840861,0.653639538474003,1.12005837094936,1.08193243883305,1.7715164708679,1.71196996567697,6.19064185157609,5.98885812432486,29.7746446105907,28.8245748359623,0.557807886021071,0.357563190871735,0.536617074618498,0.343738413807155,0.817350004862706,0.522958614849791,1.31788763694592,0.841802957487709,2.03702134535083,1.29895757781669,7.00285631046577,4.43752564021931,33.5019666898622,21.164134412188,1.28502204746988,0.434995730990577,1.12573202795835,0.385111132358057,1.57516950564235,0.524955525692231,2.36607266438362,0.757600062100405,3.37918813300678,1.04301171195887,10.0017960839316,2.73155467611768,38.593297489477,9.36050954038407,1.92137105625832,0.574105924376369,1.69483576254911,0.508740876629628,2.33184868649079,0.691698565316214,3.53955088476533,1.03138935351661,5.05102449480015,1.44945133143455,17.1121371644703,4.70682176150144,81.2638887176947,21.8337575135033
5.3,1.11755386512923,0.435414356151297,0.418991737390272,0.428953019591344,0.412760605150237,0.679538501915902,0.654186631094404,1.12357416689488,1.08232385692175,1.7762552427625,1.71191311069229,6.20544773848913,5.98741899689647,29.8429632498038,28.8116532631741,0.571844846587988,0.362873371644705,0.549174130128532,0.348536102211839,0.833421759885809,0.528477418725207,1.34053157179756,0.848142962619846,2.06745233648906,1.30614472313753,7.09693206770007,4.45160930409018,33.8486646492747,21.1261293899891,1.32512763108849,0.439008788025476,1.16045974151767,0.38840028580613,1.62067277655258,0.528446777910864,2.43454369730506,0.763201118196982,3.47423443683405,1.04930223111698,10.3395676756477,2.7631574840923,40.4275959766703,9.60852611551338,2.03730175385326,0.582735527343397,1.79111055406795,0.514696581796898,2.45868660619031,0.697698029670482,3.72987330382614,1.03750230115753,5.31024766453122,1.45623791533213,18.0212251490207,4.71401199496412,85.6477067451791,21.8916751234192
5.5,1.16351751699688,0.437549449534655,0.419862753429711,0.430814281035197,0.413391989978078,0.681947105220811,0.654709769914889,1.12700889427584,1.08266620185535,1.78088472211741,1.71174737369395,6.21991367212129,5.98510238441053,29.9096953716097,28.8054328868605,0.585681556418373,0.368412207704673,0.560973374547773,0.353077547036647,0.848948681482472,0.533213827185918,1.36320638512337,0.85385228677989,2.0983841898979,1.31179137647663,7.20083434034346,4.47069414155327,34.4440620083192,21.234405021414,1.36459606725353,0.44330434696436,1.19482924370653,0.392274971404218,1.66590806530526,0.531974387103138,2.50194990682671,0.768040380387105,3.56769812569238,1.0558653736186,10.6719395341747,2.79540361616427,42.2041165965475,9.84453983202848,2.15234749204606,0.589338141181249,1.88745705813349,0.519619441377114,2.58560035270391,0.701652736339368,3.91923655110967,1.04334867357266,5.56846527369118,1.45701174335418,18.9359890194069,4.72612160584991,90.0925980771701,21.9417577168033
5.70000000000001,1.20751316558349,0.439636481599777,0.420719587418065,0.432633721019339,0.414020535732453,0.684301428859508,0.655196584695199,1.13036624500381,1.08304671501993,1.78540989691682,1.71164449100341,6.23405530120131,5.98362270789531,29.9749181775451,28.7892931888279,0.599011021760114,0.373474105614442,0.572509707537238,0.356745166088928,0.863963049679218,0.537552029389931,1.38481381622676,0.859852582137765,2.12756914636467,1.31827744713651,7.2938329106252,4.48944985808253,34.8555343747638,21.3948622112433,1.40421657287403,0.447286008975821,1.22917930288059,0.396233730631717,1.71098727487212,0.535425810101724,2.56937623386886,0.773575617457992,3.66118241222873,1.06222448147851,11.0060235356722,2.82212644594209,44.051207116715,10.029955504066,2.26732268677277,0.595646719724971,1.98262527253064,0.52398002017368,2.7115786839706,0.706590304803628,4.10915173763991,1.04822718421271,5.82828557675314,1.45977925284104,19.8792147624034,4.72383218195553,95.1944150239471,21.8615301502809
5.90000000000001,1.2497538295654,0.441677587578124,0.421549377287373,0.434413182313918,0.414613696852489,0.686603881778678,0.655712902280575,1.13364966552211,1.08338322180042,1.78983542081042,1.71159265519553,6.24788718247204,5.98228799960057,30.0387024763654,28.7883907659433,0.612005988027679,0.377959840245084,0.583713696636442,0.360782011606835,0.878614693532568,0.542184728659232,1.40593888704724,0.865290932714412,2.15618097517465,1.32374148156052,7.3864807949209,4.50509899267464,35.3004953366048,21.372354121894,1.44330810938482,0.451603969060257,1.26321854477039,0.399419938299538,1.7554093024612,0.5393732220629,2.63581100105234,0.778904557595373,3.75319315793024,1.06767644828045,11.3348580246645,2.84559158897326,45.8610410844687,10.2045074019259,2.38096998497989,0.600983879290349,2.07637021006752,0.527683277121663,2.83542842879553,0.709458877469555,4.29616044901182,1.05184413007079,6.08315981221925,1.46089591101961,20.7828269896376,4.73285597356172,99.4369883187647,21.9024759227586
6.1,1.29041664206789,0.443674764600336,0.422351567843332,0.436154391864378,0.4151888894087,0.688856718053587,0.656164657539093,1.13686237757046,1.08370422765113,1.79416564218283,1.71141840595119,6.26142288862146,5.98047715071615,30.101113594456,28.7787902590142,0.624634541084506,0.382406071776695,0.594767477482012,0.364103786633601,0.892823448900384,0.545795667462873,1.42641150549067,0.870198428553426,2.18383466383715,1.32943005815062,7.47475655592289,4.51665313322438,35.6898016568607,21.4823934743121,1.48192806646888,0.455198397126413,1.296909090547,0.402765289256605,1.79941821058256,0.543030819559069,2.70136377767169,0.783528890117803,3.84385225768601,1.07325194015621,11.6581658821331,2.86866376042747,47.6098548841127,10.4077963741163,2.49434112136523,0.606397054926109,2.16931385239644,0.531100170697767,2.95891911781648,0.712820277320189,4.48334723987078,1.05487742221992,6.33889320910733,1.46274179394587,21.7064914350256,4.73385631236793,104.077275143502,21.8781628111625
6.30000000000001,1.32965080810908,0.445629882955059,0.423158195889783,0.437858969318888,0.415786496065956,0.691062049239634,0.656652120784626,1.14000739698401,1.08404423346329,1.79840463020052,1.71135776745052,6.27467510061449,5.97916970159605,30.1622120729646,28.7683154931052,0.636927700140066,0.386936157714773,0.605266557691133,0.367596189194511,0.906501902262364,0.549695792480959,1.44631462074431,0.874991147766827,2.21068359266816,1.33468882699992,7.5598756083171,4.53322221339141,36.0473873161504,21.5646290208893,1.52034351995377,0.458672076248282,1.32922970531369,0.405676337398465,1.84232198936745,0.546405009627108,2.7663579785032,0.787825806073885,3.93362696890454,1.0782706038541,11.9777523202179,2.89020931920741,49.341740453149,10.5783084844336,2.60715158612791,0.610827976128723,2.2614171614676,0.533835831710932,3.08122259414086,0.715109615263071,4.66980498503543,1.05707235535404,6.59365531512732,1.46375635064672,22.6290228683011,4.73485697744275,108.614203732009,21.8560181938214
6.49999999999999,1.36758342388948,0.447544696352964,0.423950281145033,0.439528435102289,0.416335779854952,0.693221855723933,0.657091617341869,1.14308755067486,1.08431929666065,1.80255619817769,1.71120213099031,6.28765568786281,5.97756495647341,30.2220542210808,28.7553488204674,0.649007465183073,0.390951352217772,0.61509148335894,0.370669189119602,0.919738275525411,0.553089184370778,1.4659933746319,0.879430133979784,2.23739077224034,1.33900112151727,7.64752651644869,4.54330937836064,36.4907956354683,21.5763087653646,1.55834414755148,0.461795581704928,1.36224070505231,0.408730275916871,1.88543780826765,0.54931553136574,2.83086391815342,0.792355894541652,4.02292632469361,1.08294850535883,12.300357440632,2.91107481149088,51.1532073102683,10.725224616882,2.71940264625674,0.614697687232607,2.35343790129664,0.536222136952813,3.20350123753902,0.716606631504058,4.85546032239699,1.05950721524297,6.84730624040528,1.463404613011,23.5487573184052,4.73234838479829,113.033350693994,21.9064956563005
6.70000000000001,1.40432382140469,0.449420851252267,0.424683766605393,0.441164217937442,0.416887071597029,0.695337997095762,0.657514172668378,1.14610549196384,1.08468424100783,1.80662392457081,1.71108966635122,6.30037577858895,5.97614513962485,30.2806925678025,28.7475341745062,0.660821072094454,0.395023568569121,0.625454788188407,0.373286713920263,0.933148157788587,0.556505524410025,1.48527613658276,0.882847101604593,2.26360242757819,1.34280161585086,7.7343824011853,4.55565398618734,36.9472095134018,21.6196016431034,1.59578307138655,0.465391526968904,1.39536844423386,0.41208455851794,1.92844079920083,0.552688782633959,2.89444251204825,0.796617017472602,4.11080706267333,1.0868215123696,12.6167214097628,2.93361533559141,52.8615639022151,10.8810948406034,2.83125511060445,0.618148512430901,2.44647785115653,0.538908846879246,3.32637262302182,0.719270588272013,5.04058356102167,1.0608415325408,7.10024968559305,1.46309872154873,24.4678993780946,4.72826159376238,117.37874511028,21.8269328853081
6.9,1.43996687134965,0.45125989531979,0.425434369578798,0.442767661788496,0.417423032086758,0.697412221591542,0.657948460058119,1.14906371442887,1.08499487543433,1.81061117187601,1.71101020490481,6.31284582208276,5.97454890566421,30.338176239174,28.7386276567178,0.672169370077935,0.398677318184873,0.635541663554152,0.376875813488337,0.946017049904308,0.559988811906222,1.50349065330674,0.88775469585453,2.28796024223839,1.3467990266888,7.80783771806919,4.56789544888871,37.1512160833831,21.7238072384172,1.63323669191355,0.468233820843383,1.42652809502435,0.41404998840511,1.97002376786454,0.55537464581967,2.95815626408851,0.800268916694882,4.19905701722609,1.09035813864575,12.9388449769121,2.95281482587433,54.6826265022118,11.0372378632244,2.94302074783242,0.621224240636523,2.53871455354322,0.540563221418537,3.44868678307073,0.720623729302583,5.22575790266646,1.06116378842431,7.35349277731299,1.46040410846713,25.3955419841412,4.72130187714181,121.895306302726,21.8085186838909
7.1,1.47459553454332,0.45306328510574,0.426161456675841,0.444340032237571,0.417936902644264,0.699446174686158,0.658380791800927,1.15196456442553,1.08529526013362,1.81452110367115,1.71091241436894,6.32507564412806,5.97359632172074,30.394551278939,28.7338308387954,0.683541588469335,0.402012435242481,0.645437421664908,0.379810303994004,0.958897490436355,0.563241585259451,1.52218690360819,0.891488594671939,2.31353469797635,1.35113764556162,7.89561583762707,4.57566241112389,37.6800396059751,21.7141479294876,1.6701987136934,0.471784454971982,1.45864516762239,0.417104209678707,2.01200559056942,0.558373923403473,3.020634526719,0.804661763595546,4.28522743633775,1.09472688172751,13.2478704131805,2.97202680613999,56.3332155252554,11.2155431621281,3.0546742212539,0.623885770029466,2.62977392778897,0.542764807297894,3.57003764415985,0.722128777548433,5.41122534893318,1.06165015114803,7.60749375602719,1.45918292112249,26.3368482604436,4.71347367419833,126.593085441714,21.8136711824761
7.29999999999999,1.50828286106873,0.454832393008616,0.426858564018308,0.445882522324771,0.418447936129115,0.70144140690534,0.658770330756943,1.15481025242121,1.08558382554249,1.81835670001369,1.71084576611626,6.33707449659774,5.97223578574989,30.4498609249648,28.7213670777383,0.69452966828346,0.405078986195405,0.654538593252552,0.38205753955766,0.971044262303178,0.565633463467549,1.54000309272727,0.894627022302317,2.33759420728306,1.3540949241424,7.97259992367819,4.58520305864869,38.0099732665304,21.7997411677426,1.70702644001201,0.474657333187947,1.48916126213,0.419130215630198,2.05265474798108,0.560742413456476,3.08280950262441,0.807885699649718,4.37102975192192,1.09926461136053,13.5574499019613,2.9872406373226,58.0424529533009,11.3447319307712,3.16612101647162,0.626349113933433,2.72135656664424,0.544407683120377,3.69156697255386,0.723147192359386,5.59630980754528,1.06263981000549,7.86088981419834,1.45627086014568,27.2752486287465,4.70410191123046,131.190374958017,21.8311046092665
7.5,1.54109357673934,0.456568513601145,0.427543595545955,0.447396257889367,0.418951537339625,0.70339938093252,0.659174817275377,1.15760286327057,1.08586685068049,1.82212077137951,1.71072514374427,6.34885110201172,5.97141311503659,30.5041458502288,28.718148831973,0.705312666146636,0.408654123552527,0.663989658370866,0.385139683272138,0.983260405624441,0.568985991739941,1.55749465850281,0.898869391861206,2.36123341383478,1.35736805313383,8.04861193444647,4.59122417276633,38.3456261282025,21.7793375787968,1.74359290818092,0.477705818319146,1.51995546022447,0.421198267953013,2.09342931710622,0.562993432537162,3.14464920786216,0.81057900743565,4.45643539573181,1.10331715960775,13.8677635232327,3.00519989546494,59.7721757548993,11.4705187290966,3.27776308221037,0.629163246777749,2.8121177524825,0.54613056427483,3.81258071356324,0.724105607649438,5.78205957763011,1.06296220270634,8.11559387467804,1.45543090384781,28.2306214186494,4.68953857562698,136.122185445397,21.6836347022949
7.70000000000001,1.57308535659012,0.45827286938246,0.428221954338488,0.44888230245251,0.419428691850744,0.705321478078726,0.659556602145385,1.16034436554508,1.08615137645815,1.82581597130457,1.71057426484934,6.3604136937131,5.96950697194129,30.5574443748549,28.7122938284027,0.71586524545421,0.411571781118385,0.673240621673007,0.387238073841684,0.99511165203387,0.571238470648321,1.57458590329109,0.9016095564552,2.38429648160794,1.36035410819065,8.12215619828642,4.60257730142583,38.652948692236,21.8329583334254,1.77990285737629,0.480368648115052,1.55082709645709,0.423648427995178,2.13400958270009,0.565743777883182,3.20592858975185,0.814150717553058,4.5409990407939,1.10668233771862,14.1746536768072,3.02085946743109,61.4832982255228,11.5689351786577,3.38904694042965,0.631426651082925,2.90128296265644,0.547349260123314,3.93196777910003,0.724521425326627,5.96690502040533,1.06341303284477,8.36863675589374,1.453438062091,29.1697092145758,4.6800135451701,140.642360287119,21.6344896322493
7.89999999999999,1.60430985779825,0.459946616015137,0.428869698536966,0.450341661681261,0.419906726479781,0.707209004178517,0.659947360815715,1.16303662001727,1.086428993285,1.82944480787043,1.71049483257478,6.37177005219963,5.96855258778153,30.6097926540838,28.699313041816,0.726342274734843,0.414966641502862,0.6821136866865,0.389846088758444,1.00681734605369,0.574054243173212,1.59176748962654,0.904610899720743,2.40774703987548,1.36497480111006,8.20192831283579,4.61364992205824,39.1107141161775,21.8276524876052,1.81566542518481,0.483269982731429,1.58215656298018,0.426325178509722,2.1745876339043,0.568368542203651,3.266273536666,0.817272029596025,4.62414006550522,1.1099302385114,14.4746814115004,3.03222310831115,63.0778767405018,11.6721677231002,3.50062357915262,0.63372850822098,2.99269171545126,0.548967349033744,4.05358467286406,0.725326172535511,6.15277239968594,1.06415929160662,8.62362373803349,1.45120626522976,30.1322567274162,4.67149724421866,145.592702936397,21.6408459231376
8.09999999999999,1.63481356542299,0.46159084709971,0.429523997584034,0.451775287472088,0.420379334025066,0.709063194969211,0.660332510702354,1.16568138738852,1.08670786804735,1.83300965415834,1.71037652273994,6.3829275380715,5.96712800142994,30.6612248459273,28.6945884111641,0.736472028073399,0.417718193942235,0.690884493027743,0.39211981671402,1.01818363199666,0.576221691758579,1.60810998232832,0.90747750606693,2.42972238411886,1.36709339703524,8.27062969114027,4.61796241459127,39.360776883967,21.9599571324384,1.85116416124622,0.485846046442572,1.61078139611626,0.428105445300893,2.21309306424898,0.570724568156575,3.32606553341251,0.820209365925771,4.70645548938965,1.11359274633734,14.7712433259324,3.05099957360326,64.6462503187493,11.77021321016,3.61196968464099,0.635666629416752,3.08200750267699,0.549831656515007,4.17342350623096,0.726064025367638,6.33810325957099,1.06429789274395,8.87761309867576,1.44895336480409,31.0851098534796,4.66231206683905,150.255860600897,21.5739735429388
8.30000000000001,1.66463849088115,0.463206598533623,0.430154674911798,0.453184081688906,0.420811191709719,0.710885221004782,0.660693747540285,1.16828033533882,1.08697036884199,1.83651275778061,1.71029790624486,6.39389312197987,5.96607614416142,30.7117732615231,28.6854363280456,0.746459220642535,0.42052272920658,0.699136174305675,0.393773853640669,1.02920528695508,0.579047934187653,1.62428822231075,0.910467444763422,2.45156301300829,1.37065631490458,8.34055402293561,4.62459251086079,39.6574494908311,21.9531742754852,1.88651166736033,0.488508037676571,1.64040914506737,0.429986772381012,2.2523377070813,0.572869752507498,3.38564194102374,0.823070364446258,4.78852864531605,1.11736053745709,15.0686876676515,3.06588877815169,66.2449027077746,11.8681685988217,3.72364995127347,0.63798950107068,3.17293127458529,0.55128870208867,4.2947545337396,0.726926530728643,6.52439191568561,1.06486255702308,9.13333881475318,1.44762745222003,32.0575655260483,4.65370485649759,155.274109031425,21.5256376163011
8.5,1.69382275338002,0.46479485249645,0.430757754810422,0.454568899588206,0.421252914969747,0.712676192150567,0.661050829094152,1.17083504496821,1.08721527627937,1.83995624958506,1.71018369157898,6.40467341191038,5.96500230071445,30.7614685005352,28.6796660103045,0.756357078826014,0.422889222785255,0.707521813096578,0.395925138309942,1.04027356201497,0.581147613276821,1.64044371964154,0.913610321803078,2.47353430631155,1.37277077210041,8.41396328831169,4.62799930886809,40.0471512856428,21.9744133974082,1.92165853034269,0.490763027821026,1.66971991891233,0.431931609613104,2.29125929406452,0.574295098883153,3.44490673688703,0.825690098244423,4.87021598081993,1.11995939305087,15.3662766605396,3.07742308806546,67.867423029279,11.9730293032074,3.83504564836551,0.639962158717762,3.26533372316199,0.552501020207061,4.41675147876878,0.72794973768683,6.70990843980522,1.06484816437565,9.38750283035272,1.44555763615583,33.011138202373,4.64507836088861,159.743466580774,21.4875733640921
8.7,1.72240106745619,0.466356541098561,0.431359273107593,0.455930552960654,0.421701774415645,0.714437161700055,0.66140344574753,1.17334701669102,1.08745066800253,1.84334215161722,1.71012450242412,6.41527467809144,5.96348464677976,30.8103395736177,28.6709844217518,0.766036166922517,0.425495679520745,0.716197509141364,0.398216691803441,1.0512850604778,0.583019136358006,1.65615794909508,0.915877462055207,2.49480013445137,1.37487391367117,8.48308480545624,4.63571950915547,40.366097988231,21.918232787618,1.95673393569438,0.493428546792752,1.70114623109635,0.434436133407645,2.33162023852084,0.577124734010391,3.50416068322593,0.828802464263068,4.95205144404889,1.12269948515651,15.6683309130212,3.08926964795673,69.595812274346,12.1036374697363,3.94664340242829,0.641954410043185,3.35678136191418,0.553947494942552,4.53834420270042,0.728521094298135,6.89603715849232,1.06421944209019,9.64281011728336,1.4438490543313,33.9787015768716,4.64245540042539,164.47191160919,21.4866572593134
8.89999999999999,1.75040515454001,0.467892549726419,0.431954057676324,0.457269813015824,0.422133571346983,0.716169130150444,0.661765917780363,1.17581767563776,1.08771606073395,1.84667238441473,1.71000996241302,6.42570287577352,5.96241835729553,30.8584140134659,28.6644313711164,0.775543838188386,0.428375536567089,0.724293296251832,0.400282586539855,1.06189700117992,0.585488888590907,1.67157257711438,0.919259359046289,2.51563319658916,1.37803550574232,8.55031415863143,4.63972810840272,40.6628995352532,21.9945094007504,1.99140935644143,0.495528192310139,1.73124584067255,0.436465747990797,2.3706497452425,0.579412241628536,3.56248458603636,0.831276444799926,5.03230186537195,1.12531196834503,15.9592284037254,3.09875953116696,71.1352982927899,12.2057463096164,4.05846056844846,0.643765826793079,3.44770185916154,0.555186371814694,4.6597017891106,0.72933720309663,7.0828327091659,1.06433799232915,9.89930078508771,1.44160696038763,34.9595692436228,4.63160003537717,169.397918954793,21.4454200916332
9.09999999999998,1.77786409255508,0.469403720113925,0.432527436149709,0.458587413034102,0.422536568743434,0.717873048670151,0.662092819147609,1.1782483766129,1.08795197239665,1.84994877370039,1.70995944214868,6.43596366610353,5.96148865813805,30.905717975936,28.6596753075106,0.785052602557832,0.430658555749364,0.732765944446593,0.402381135242401,1.07272559236037,0.587651305387452,1.6872504506025,0.920836585762265,2.53714877334534,1.38010201153226,8.62597398052046,4.64582889484659,41.1521028572481,21.9433582133851,2.02592662223576,0.4982521138675,1.76011508120028,0.438465094453027,2.4089329685139,0.581562213509752,3.62070896314291,0.834050506951272,5.11258473712428,1.12823970506893,16.2542515894904,3.1126487335882,72.7641129539057,12.2996988223222,4.17066989115458,0.645656347267591,3.53688093832665,0.555761482112905,4.77985636177288,0.729490875308038,7.27045436856824,1.06471508506409,10.1571776324557,1.43937574510345,35.954200537039,4.62589501587144,174.595629402198,21.3398882668339
9.30000000000001,1.80480461460464,0.470890853166134,0.433114312473296,0.45988405080743,0.422956576714784,0.719549822287188,0.662431323115925,1.18064040865126,1.08820522217956,1.85317305653172,1.70986283363983,6.4460624352806,5.96048583401847,30.9522763322468,28.6518255645775,0.794201886229989,0.433170082762028,0.740099664048931,0.40405259150391,1.08267752372641,0.589527807351787,1.70200012009996,0.923477566688846,2.55697704976869,1.38164793769583,8.68800830747623,4.65085656667049,41.3742394477161,22.0339637461528,2.0600858526744,0.50008560779834,1.78857099429626,0.440184887987674,2.44668119224578,0.583339389213707,3.67826830538142,0.83666348664075,5.19180628335762,1.13042458955025,16.5430385796726,3.12579828371715,74.2732126588918,12.3679969052936,4.28299800028346,0.646868447425093,3.62796842719017,0.557030314877567,4.90146600004929,0.730315813560358,7.45825733823331,1.06488778913019,10.4153012912732,1.43771305350834,36.950914233463,4.61805253199213,179.806054945336,21.3311313587994
9.49999999999999,1.83125136553797,0.472354711558688,0.433670602663873,0.461160390888269,0.423371249007552,0.721200312825044,0.662756934256774,1.1829949992116,1.08843077388322,1.85634688695989,1.70978434156959,6.45600431216742,5.95929720539436,30.9981127533424,28.6456103564706,0.803257067033522,0.435294039709451,0.747840406726563,0.405463507571615,1.09269122230852,0.591039168717839,1.71667945014991,0.92528746349842,2.57681270271969,1.38516040528013,8.75203465106803,4.65600743103163,41.6536429309339,22.0263323324867,2.09402123533692,0.502439429857088,1.81695493395978,0.441887016830319,2.48423846733558,0.58513378027807,3.73539476878285,0.839123610105961,5.27038824977402,1.1331625358782,16.8291248515651,3.13622864647443,75.7535035413592,12.4411107391341,4.39503015885494,0.648649730135565,3.71805648332848,0.558018990589748,5.02213330507116,0.731000519007979,7.64534694375324,1.0647213651138,10.6720164879234,1.43585924706192,37.9306814254366,4.61458253071807,184.50045593452,21.2987705548509
9.70000000000002,1.85722712344763,0.473796022134005,0.434219287819532,0.462417066664363,0.423771989438904,0.722825341609306,0.66306209851273,1.18531331804122,1.08864728599754,1.85947184124362,1.70967092285892,6.46579418450243,5.95840722711266,31.0432497872171,28.6408363707498,0.812273735802524,0.437796032016411,0.755397101236759,0.407422637113867,1.10267724487992,0.593024963268773,1.73145172793165,0.9277595925266,2.59697125213354,1.38683838261586,8.82090045739674,4.664234366215,42.0496924888628,22.0605513704901,2.12774581385016,0.504307615069442,1.84526020334065,0.443491070153002,2.52167139149652,0.586703810586665,3.7921723134959,0.841583793454267,5.34853139585574,1.13566753134355,17.1149669425317,3.14641205236427,77.2610100771611,12.5223928583746,4.50733104680698,0.649985993053007,3.81111374332074,0.559320254415486,5.14531085070401,0.731736918570181,7.8328916646648,1.06403496781968,10.9294416281715,1.4336723239331,38.9165828192677,4.6064100701752,189.322865157018,21.1985521488388
9.9,1.88275299179299,0.475215478112798,0.434746323612799,0.463654682274951,0.424144268455069,0.724425691966077,0.663388376188635,1.18759648074216,1.0888699023578,1.86254942265991,1.70955740137513,6.4754367138482,5.95712445944395,31.0877089299221,28.6327141671313,0.82106184586725,0.439967927197772,0.763565470263173,0.409169120357363,1.11287641958995,0.595008285841837,1.74568491244645,0.929749926043722,2.61619192540455,1.38760689511045,8.88276234855841,4.66450875310712,42.3143499603774,22.0173907099534,2.16140154329112,0.506361088884816,1.87373622250436,0.445521609510815,2.559158151373,0.588814788707771,3.84892292013017,0.843963911547997,5.42676894110479,1.13852179479981,17.4044052246335,3.15721630230917,78.8575084478363,12.5863558316883,4.62011651406094,0.651234715640996,3.9012313526778,0.56029141191742,5.26650474327825,0.732113771324965,8.02177924379737,1.06387104293744,11.1893060768937,1.43208023768815,39.9305771595972,4.59969940445057,194.705523018746,21.2068419729138
10.1,1.90784856678266,0.476613741137772,0.435270836329725,0.464873814382642,0.424525224517443,0.726002111530997,0.663692373646916,1.18984555206598,1.08908071499752,1.8655810659481,1.70950764791447,6.48493634939261,5.95593110375711,31.1315106909243,28.6306038658276,0.829684203718612,0.441693323159103,0.770778774631546,0.410626668615546,1.12251622664665,0.596532946930669,1.75958688060422,0.93205146796292,2.63488615466687,1.39059122942302,8.94142729110113,4.67200509077339,42.526335707168,22.057414159758,2.19491432537609,0.508349690610519,1.9022689785644,0.447042744466016,2.59661439008423,0.590803609991406,3.9054176723176,0.845832169782772,5.50465604880741,1.14079234293255,17.693121930982,3.1659780761919,80.4585402843397,12.6774136839675,4.73254424520649,0.652676453416114,3.9922632587754,0.561325437216617,5.38792042172562,0.732878888512084,8.20968077145033,1.06389168253743,11.4472500742358,1.43018184232377,40.9211673151372,4.59136754197449,199.464455216333,21.1259070067294
10.3,1.93253208380777,0.477991443164448,0.435795007424252,0.466075013813572,0.424907122903365,0.727555314385791,0.664003401788902,1.1920615489618,1.08929021145619,1.86856814142037,1.7094353189601,6.49429734070709,5.95524786169836,31.1746746533318,28.6255164300985,0.838378699873171,0.44405817734169,0.778075289510698,0.412140934084363,1.13215899440803,0.59823000103664,1.7739099308964,0.933753626452571,2.65453220765076,1.39252067022337,9.01055571756002,4.67482181189384,42.9700973461256,22.1271876893126,2.22812512204615,0.510035111063056,1.9302207666981,0.448378332015044,2.63345568973566,0.592034202869951,3.96129402863323,0.847527369318977,5.58152875072884,1.14222243809402,17.975146906596,3.17235433128081,81.9343556863999,12.7222683746604,4.84550531532864,0.654117820082936,4.0818829880353,0.562027158451331,5.50862625237686,0.733283150975049,8.39870978805695,1.06384520540737,11.7071219841123,1.42874739118814,41.9315139811796,4.58331999662396,204.665292063551,21.069449953677
10.5,1.95682054604911,0.47934918821264,0.436307512608763,0.467258807077444,0.425289391723847,0.72908598303749,0.664295832371677,1.19424544339914,1.0895194199278,1.87151195876861,1.70933012722509,6.50352374955759,5.9541260175072,31.2172195295226,28.6169596284447,0.846761036913023,0.445968087802755,0.785393363865511,0.414042864457564,1.14161541695024,0.600395007706697,1.78743313276504,0.935749857781366,2.67272154009559,1.39357241062301,9.06776033744,4.67937722727096,43.1764656645248,22.1321566005294,2.26118152041018,0.512164703666574,1.95741134993163,0.449918597291879,2.66962314630983,0.594002468807557,4.0169543834719,0.849788324826485,5.658136099819,1.14453768920028,18.2573154361049,3.18082570820357,83.41857032448,12.7885496842995,4.95873863679225,0.655182206223441,4.17273209857656,0.562666601031149,5.63040131132482,0.733648151535625,8.58845192727664,1.0636586985492,11.968193619594,1.42679599214162,42.9541476799062,4.57744274773067,210.038550412147,21.0375867902788
10.7,1.98072983784487,0.480687553990647,0.436811666628523,0.468425697777686,0.425635850115756,0.730594770253946,0.66459059666919,1.19639816498542,1.08971772005496,1.87441377059362,1.70927047864299,6.51261946085036,5.95323223840579,31.259163212568,28.6121591721886,0.855064446328843,0.4481624019669,0.792931707093645,0.415818298557786,1.15111740499539,0.601783619774728,1.80088380282733,0.93755424572959,2.69088390771073,1.39565531782822,9.12626417496953,4.68425076684011,43.4233019758098,22.1642356675485,2.29428078444923,0.514094244710301,1.98598596632751,0.451702162454206,2.7069977453563,0.595464853587584,4.07288309143897,0.851770109769414,5.73538357792572,1.14636182227767,18.5481223280735,3.18957370575666,85.0963864354124,12.8495707979644,5.07214040359321,0.656316581492875,4.26283260436653,0.563289060650597,5.7517612307146,0.733985552148728,8.77871986610196,1.06367089363247,12.2301532798458,1.42475120437471,43.9862913619344,4.57037941430359,215.505820086193,21.0071848655725
10.9,2.0042748249727,0.482007093403164,0.437300791229678,0.469576167921077,0.426004773792425,0.732082300768023,0.664870818605488,1.19852060339568,1.08994490010534,1.87727477568122,1.70923641658338,6.52158819278879,5.95211482297132,31.3005228238595,28.6069455248147,0.863437428422572,0.449815459151972,0.799515236899003,0.416967879304766,1.1601775203668,0.603151738145898,1.81471461890111,0.940067513726381,2.70990119568948,1.39658583406005,9.19417204484564,4.68742986171425,43.8801407933086,22.1113710444943,2.32703960062247,0.515520826503188,2.01339150017027,0.453068482823636,2.7432977929937,0.596742382422668,4.12825478069684,0.853498513959979,5.81178554882333,1.14779394847402,18.8346047011247,3.20034059590537,86.6796430134221,12.9338483474421,5.18544467741894,0.657301252694897,4.3526711961104,0.563889937157745,5.87282424237885,0.733715045034525,8.96844223484536,1.06330078109919,12.4908501512389,1.42272258537109,44.9986133443404,4.56251719418665,220.421062269924,20.9604618321553
11.1,2.02746944364909,0.483308335952677,0.437784393513766,0.470710679135334,0.426347482542759,0.733549172861483,0.665155896993527,1.20061361063049,1.09012252559047,1.88009612204623,1.70910104579813,6.53043350630872,5.95123121990233,31.3413147572663,28.5993630155423,0.871359310994108,0.451783030240911,0.806570738492428,0.418418384391068,1.16902426768952,0.604615915391875,1.82727526416834,0.941198677584995,2.72652224790863,1.39881424341991,9.2411505796287,4.69040366586518,43.9102837858985,22.127985036714,2.35953527772981,0.517273053308864,2.03959743990794,0.454261091116785,2.77853128181918,0.597988508209003,4.18317026870179,0.855001891103864,5.88751114868574,1.14936595506075,19.117990528263,3.20895602151831,88.2100820137986,13.0063792272939,5.29954749088672,0.658286756656837,4.44645488285486,0.564934308647525,5.99764528982532,0.734186778997602,9.1602680899408,1.06294019509406,12.7553563353591,1.42076146513622,46.0551507845959,4.55249363563786,226.289347440739,20.8847881389574
11.3,2.0503267797619,0.484591789043242,0.438248546231249,0.47182967380217,0.426672360843105,0.734995959838635,0.665401535668755,1.20267800311639,1.09029717358562,1.8828789097642,1.70906161544647,6.53915881385313,5.95023186618422,31.3815547201456,28.5932584363786,0.879467807954926,0.453469205885959,0.813611197585489,0.419984978721207,1.17826435686112,0.606363479089803,1.84058160468304,0.942953573927165,2.74471337593287,1.40029048059679,9.30415365201269,4.68977498924994,44.2881472022923,22.1664797751154,2.39174986242864,0.518797821911781,2.0682914379499,0.45620545018567,2.81549932531606,0.599753805670299,4.23742361180983,0.85673563317204,5.96215234747275,1.15215723991927,19.3939774182753,3.21828296288198,89.6282594070023,13.0616474740909,5.41347139425629,0.658883539677404,4.53763148036576,0.565536141205014,6.12002042726852,0.734291943124591,9.35142599048204,1.06283791100018,13.0184210073477,1.41896018043962,47.090713321132,4.5492866294468,231.570294138657,20.8990760503272
11.5,2.07285913961678,0.485857939194735,0.438723022330152,0.472933576112838,0.427014014857885,0.736423211398799,0.665689222133306,1.2047145636619,1.09049614194553,1.88562419360813,1.7089963475794,6.54776738754173,5.94914018573476,31.4212577714604,28.5900571808598,0.887435194419365,0.455320007878789,0.820553685749174,0.42118136747357,1.18726931693501,0.607547925531437,1.8535967057529,0.944224185026362,2.7624345611198,1.40186528191151,9.36417923842194,4.6944116018274,44.6163250916892,22.2065903100606,2.42370598522869,0.520519784306029,2.09469343581189,0.457447617877438,2.85054805632348,0.600904632387384,4.2911279239394,0.858555308414341,6.03590890340127,1.15392691329729,19.6641859315748,3.22368736861122,90.9478707077204,13.1109455626552,5.52784841999957,0.660379951910927,4.62866012780895,0.566269619686009,6.24270099303657,0.734546015438058,9.54358317988083,1.06250013410695,13.2831521641301,1.41758021362641,48.1428602978583,4.54004203216587,237.170696282413,20.8823838614912
11.7,2.09507811328424,0.487107253174794,0.439175335380331,0.474022793052385,0.427349129439034,0.737831454915785,0.66595850084399,1.20672404328083,1.09070031519032,1.88833298550625,1.70892638468976,6.55626236678406,5.94827523141309,31.4604383572618,28.5814567916787,0.895147643116633,0.456964724470003,0.827175008756999,0.42273322061811,1.19581649820451,0.608903563547011,1.86595714728503,0.945775739947307,2.77896493939344,1.40356455706859,9.41438477123723,4.69923862818885,44.7492060343699,22.1459887803528,2.45563874951583,0.521840804995712,2.12210312009539,0.458857270346346,2.88641587248386,0.602503804331879,4.3449470388638,0.860597190985335,6.10998980119579,1.15546379612135,19.9396246693836,3.22985661112463,92.3740763350184,13.1363620754802,5.64209328979065,0.661495927818636,4.7191364165991,0.566763924552581,6.3646564755742,0.734838035550604,9.73528454654283,1.06246068542884,13.5468732524214,1.4164385246213,49.1797710887588,4.53396745074153,242.30255497671,20.8384438535847
11.9,2.11699463147302,0.488340179055086,0.439625471892072,0.475097715318256,0.427683827301935,0.739221196631854,0.666223382178826,1.20870716289357,1.09088803051931,1.89100625683518,1.70883897307871,6.56464676538214,5.94768920525505,31.4991103437419,28.57307039065,0.9029636903192,0.458985097651654,0.833636552999471,0.423708312239351,1.20450367592459,0.61044049818131,1.87879540187831,0.947713353170464,2.79652704094568,1.40432022050124,9.47549897089844,4.70242349188354,45.1195733931588,22.1803791987283,2.48747690683571,0.523536407467704,2.14918706143622,0.460168719343141,2.92204303616038,0.603593036623238,4.39870510690616,0.862116678658028,6.18409356369308,1.15703155662584,20.217902733967,3.23869229260575,93.8670446320552,13.1838412789381,5.75671880325534,0.662401555138234,4.8107357271707,0.567416881431966,6.487703480301,0.735091209844309,9.92782449120023,1.06251420243449,13.811972376415,1.41560475990439,50.2299930789966,4.52579110040508,247.668563669345,20.7752423028306
12.1,2.13861901672147,0.489557147197836,0.440085026878763,0.476158718178475,0.428006611337149,0.740592922772895,0.66648398185273,1.21066461491589,1.0910810099919,1.89364494056153,1.70877250892041,6.57292347816248,5.94684050768,31.5372870480841,28.5679835046059,0.910614873701427,0.460423361940285,0.840375620793326,0.424873112012971,1.21313098744084,0.611521934261974,1.89123924566815,0.949151424887109,2.81340219440426,1.40604569132584,9.5313950796195,4.7050069755052,45.3925578372734,22.2722414338933,2.51916724482883,0.525018627892364,2.17608980774342,0.461437566669799,2.9573346086906,0.604716772371527,4.45219567496605,0.863590740038537,6.25781051125805,1.15865428554826,20.4946951915477,3.24722093562795,95.3423051101637,13.2365271993177,5.87154825408897,0.663553706052394,4.90188392645995,0.568122270693303,6.61056139897584,0.735167417460732,10.1208416100837,1.06246571895412,14.0778346897421,1.41367351226378,51.2874242328394,4.51778390166481,253.115259315856,20.7461584412068
12.3,2.15996102958667,0.490758571178183,0.440524375368914,0.477206162274083,0.428323112109474,0.741947100591054,0.666727696502645,1.21259706474444,1.09123948020083,1.8962499332439,1.70869003637629,6.58109528717545,5.94602229943029,31.5749812672541,28.5637013225349,0.918045916257682,0.46187544736606,0.846701098868778,0.426381807740753,1.22133757774971,0.612889870915502,1.90313657795328,0.950412970833222,2.82929660006901,1.40700168585526,9.57936439971865,4.70566045804781,45.5091089685826,22.1993280483576,2.55073498110429,0.526414259803517,2.20100479384259,0.462067166177617,2.99116901007111,0.605700572082726,4.50555473521642,0.864888235009765,6.33142611121614,1.15988045650029,20.7732801966527,3.25469829645075,96.8659489849883,13.2882608397886,5.98649042792828,0.664059818565815,4.9936804345878,0.568657854957736,6.73396930436954,0.735040794724559,10.3140545917956,1.0620148952123,14.3439325504701,1.41196324086991,52.3454694530675,4.51086220470192,258.500137615797,20.6713368680636
12.5,2.18102991041673,0.491944848647133,0.440959274742605,0.478240394370086,0.428636673376792,0.743284179340254,0.666992774894366,1.2145051521463,1.09141915612367,1.89882209690587,1.70860064549397,6.58916486749468,5.94510434709599,31.6122053049156,28.5601666841502,0.925538211746292,0.463622500381667,0.853320485673461,0.427445483965522,1.22986055974073,0.614261419481001,1.91534651482516,0.95203757373951,2.84588533543071,1.40809408351065,9.63494208135906,4.70741647053992,45.7949137582789,22.1582081995178,2.58200882179102,0.527717135121157,2.22721234103418,0.463158104534307,3.02589363114659,0.607076155955646,4.55825574746418,0.866489677406556,6.40397622335724,1.16102690865966,21.0446042600686,3.26069841855469,98.2753434702066,13.3400160175693,6.10147446221498,0.665144069703832,5.0859059177468,0.569350125721228,6.85770737160302,0.73512130081722,10.5071563341186,1.06182218746976,14.6096433669562,1.41070078639486,53.3951217532508,4.50518662324104,263.624215746714,20.6700094981861
12.7,2.20183441721245,0.493116362139824,0.441371904195578,0.479261748058875,0.428944044337042,0.744604591189853,0.667232274525,1.21638949256066,1.09159686600532,1.90136226079009,1.70856551450302,6.59713479264777,5.94433567208219,31.6489709966246,28.5550010981129,0.933005419507792,0.465035858148698,0.859495477443531,0.428708897445284,1.23806138867753,0.615524840306589,1.92760327701263,0.9532235171187,2.86264984003601,1.40860335911099,9.6933312359351,4.7116009740491,46.1499996994938,22.2366325709254,2.61321942209968,0.529295684349637,2.25294539751359,0.464220086405623,3.06021337483039,0.608129328023304,4.61084774380205,0.868139922212531,6.47641113625177,1.16268440681123,21.3166126636502,3.26605268672834,99.7206174030909,13.3842741169234,6.2166034429092,0.665882581839569,5.17889788965368,0.570027563551602,6.98201852030504,0.735295397373195,10.7005113461494,1.06174056105989,14.8757113235738,1.40907553144358,54.4470937748609,4.49928492180646,268.755280863583,20.6017944219589
12.9,2.22238286001712,0.494273479833075,0.441802701180321,0.480270544419603,0.429253697116196,0.74590875208103,0.667485598928198,1.21825067831846,1.09180393107128,1.90387122300225,1.70849457467976,6.6050075397054,5.94362436296606,31.685289733405,28.5509931026904,0.940180296092201,0.466351653102894,0.865393608211105,0.429671422962855,1.24584370239339,0.616139897015908,1.93905167693829,0.95506959167173,2.87790687737597,1.41049325774182,9.73864643542486,4.71200448006133,46.2419647811669,22.243182048796,2.64434202647287,0.530768367906205,2.27926283784009,0.465684043279744,3.09489385448018,0.60938422622115,4.66327260175002,0.86971249719473,6.54861702385121,1.16436762895202,21.5881025353796,3.27288185493017,101.171721037162,13.4301116394308,6.33201831507758,0.66687051186776,5.2702655228482,0.570635725456304,7.10529628795437,0.73552080564275,10.8945939530664,1.06155022042522,15.1430249702217,1.40825353700632,55.5126183543366,4.49411690708927,274.11777037513,20.5592863270052
13.1,2.2426831322163,0.495416556256059,0.442206631002066,0.481267092636861,0.429542719135931,0.747197062530147,0.667706389701225,1.22008927978679,1.09195832935076,1.9063497520531,1.70843245908927,6.61278549405575,5.94260626411468,31.7211724838684,28.5452785975528,0.947486768653723,0.467923319567764,0.871722461936115,0.431008868610605,1.2540954196923,0.617580354111388,1.95103777488221,0.956173184443442,2.89429498076451,1.41183108645295,9.79564055890118,4.71489289264782,46.5859908211837,22.194897327741,2.67534367927739,0.532209333901911,2.3055240958849,0.466912742273177,3.12951438521734,0.610714934187524,4.71547341229889,0.871507382998689,6.6204982803671,1.16644664440026,21.8583048771739,3.27927055487652,102.60888338439,13.4852628070214,6.44755888672361,0.667948500664953,5.36388546917877,0.571577249966396,7.23041591041572,0.736142346983768,11.088753553172,1.06156233260822,15.4102773668503,1.40762376179194,56.5730497895311,4.49006577786071,279.297997913983,20.5532553987042
13.3,2.26274273908069,0.496545932957494,0.44261415304552,0.48225169058156,0.429837164140165,0.748469908383007,0.667947886162654,1.2219058464431,1.09213220872549,1.90879858830619,1.70835791736412,6.62047095388535,5.94182857762822,31.7566298149478,28.5430836668445,0.954749998293264,0.469516913522287,0.878129838976336,0.432447061818685,1.26233552853227,0.61890818933247,1.96300165541426,0.957335000006614,2.91071539573884,1.41277913062341,9.85400571250968,4.71860610796256,46.9686385874838,22.2790975980365,2.70609779633342,0.533458544944935,2.33104468089223,0.468015162703756,3.16333775616054,0.612095549986718,4.76719843187573,0.872818079209565,6.69162180943769,1.1677911918585,22.1235543386288,3.28566704663962,103.946701273084,13.5381358444945,6.56363277947,0.668865766950516,5.45693628718052,0.572182983735184,7.35528290176654,0.736456617758748,11.284154175828,1.06145961277014,15.6796715475604,1.40617681457399,57.6569285304379,4.48264930377707,284.975950700138,20.4870676803238
13.5,2.28256882384339,0.497661939132572,0.443013366509339,0.483224625356798,0.430115701150621,0.749727661523513,0.668189311739655,1.22370090788445,1.09230165339292,1.91121844533802,1.70830020168943,6.62806613439001,5.94102486497957,31.7916719113823,28.5399111826029,0.961790311520783,0.470703126918317,0.884456768176515,0.433085365989676,1.27039404236192,0.619933870241152,1.97440153751093,0.958493539428104,2.92611032856074,1.41346841159141,9.90383150812355,4.72196705063654,47.1786859808931,22.2620826860439,2.73664544294187,0.534558346238906,2.35686039596828,0.468900298321027,3.19727352731937,0.613284284443065,4.81855544916111,0.874224859753733,6.76219917533981,1.16893353123526,22.3860791893698,3.2889166365563,105.238833202072,13.5570718596705,6.67994344559222,0.669407098837367,5.54897069143025,0.572450967178124,7.47939519202862,0.736670755743142,11.480017972638,1.06102360654718,15.9497705106366,1.4049167472598,58.7465527679738,4.47896818028532,290.728276301396,20.4979990318673
13.7,2.30216819156732,0.49876489221242,0.44340439586625,0.484186173811207,0.430405411792321,0.750970680540088,0.668428536721576,1.22547497477663,1.09244377377732,1.91361001121692,1.7082560806569,6.63557317173334,5.94049945333079,31.826308594015,28.5360456267169,0.968653643430388,0.471934769885732,0.890123741714404,0.43406611996418,1.27781267427806,0.620928831552651,1.98537045526577,0.95981835824678,2.94073747737007,1.41477058495271,9.94748057654767,4.72657009070408,47.2667477533925,22.2821638154276,2.76721149140077,0.536209843891137,2.38174360294276,0.470061724717438,3.23049999642201,0.614410160344424,4.87003751511696,0.875783660266722,6.8331071549872,1.17068053067606,22.6538271515025,3.2943415385836,106.666748694692,13.5893778101404,6.79637504740121,0.670306705019413,5.64187330137824,0.572787559980304,7.60439456538332,0.736830117837785,11.6760578288448,1.06095718910076,16.2200154605887,1.40396918350397,59.8342360472227,4.47624173400947,296.335614862987,20.4668843720548
13.9,2.32154733102761,0.499855098418832,0.44379872322505,0.48513660302203,0.430685886146965,0.752199311352726,0.668643468273451,1.22722853974716,1.09261792114127,1.91597394970649,1.70818509117115,6.64299412677181,5.93963527998468,31.8605493370113,28.5273340164009,0.975629665957471,0.473426812201102,0.895934676074712,0.435191370508936,1.28548802195135,0.621662292865731,1.99679792176138,0.961330581560799,2.95633047684456,1.41595711475226,10.0011709982754,4.72414630857723,47.5730051463589,22.3131761364715,2.79772482048013,0.537624199878034,2.40735150339932,0.471198159217936,3.26441884018417,0.615374404664246,4.92143464039862,0.87715430893442,6.9039247016139,1.17153782627731,22.9221372607461,3.30038531670038,108.121066416503,13.6103979368293,6.91291929695377,0.671156751105427,5.73453467689221,0.573145451774764,7.72915099623062,0.737001253907138,11.8722152224795,1.06072244549529,16.4903121509247,1.40281900849673,60.9190702358726,4.46987379421065,301.807862548411,20.4832550930901
14.1,2.34071243480724,0.500932853286629,0.444184339204835,0.486076170750119,0.43097463619068,0.753413887803506,0.668864237689407,1.22896207822617,1.09277466035653,1.91831090139875,1.70814768440075,6.65033098856259,5.93880287025064,31.8944032840646,28.5220480739964,0.982435604760084,0.474777973015522,0.901622836148127,0.436187619873171,1.29302572267189,0.623085931487167,2.00779018996836,0.962169504124848,2.97113783487097,1.41672970156849,10.0483819884216,4.73024193131738,47.7519775221682,22.2446145340872,2.82818438410782,0.538869603790853,2.43349205785971,0.472215230707829,3.29868351345295,0.616481377764948,4.97286599968024,0.877981618917407,6.97492755462118,1.1723368516588,23.1947152610609,3.30599342454878,109.674666291498,13.6460595229659,7.0298533031127,0.671931492233132,5.82473970130505,0.573523635195178,7.8521266869011,0.737163335062496,12.0692833191804,1.06074999253029,16.7621244590203,1.40196308395314,62.0193754470617,4.46710915672575,307.549773426856,20.4253611037235
14.3,2.35966941778127,0.501998442155949,0.444552992172118,0.487005125868732,0.431241601888452,0.754614732213112,0.669081246667185,1.23067604923895,1.09290959645252,1.92062148478202,1.70803892165457,6.65758567766882,5.93798661641807,31.9278792636546,28.5197084667988,0.989142881910381,0.476061818048452,0.907569485371152,0.437113189015836,1.30059873858924,0.62411568311338,2.01857367226162,0.96345675366976,2.9856025411668,1.41761441433784,10.0932762873163,4.72589340533157,47.8904260309998,22.3531158056224,2.85829212440434,0.540016864259089,2.45739143837788,0.472958279604964,3.33099872231909,0.617293749713641,5.02348062283011,0.878915964573151,7.04452088951763,1.17317072992128,23.4554423691824,3.30903927195244,110.988583902301,13.6610816945372,7.14687616277208,0.672536705769491,5.91667418126574,0.573926135931247,7.97648897187132,0.737265024102101,12.2663520738337,1.0604995923864,17.0337591262904,1.40074644497243,63.1135638379436,4.46261355904684,313.096226096266,20.4049584916688
14.5,2.37842393414486,0.503052140636478,0.444928815296219,0.487923708767917,0.431517474098237,0.755802155905595,0.669309485084126,1.23237089615317,1.09309771904715,1.92290629724788,1.70803179580544,6.66476004927683,5.93718696185574,31.9609858034371,28.51727723905,0.995899869066072,0.477663360433837,0.912763219340993,0.438029129527677,1.3077590426739,0.625058711246742,2.02960436303258,0.964997903394727,3.00061285457746,1.41911146597785,10.1441842582517,4.72837378089683,48.1624229887742,22.312505274011,2.88824366893108,0.541218033875937,2.48245535465267,0.473882197295853,3.36407612562651,0.618331030946797,5.07373690300326,0.880012719455701,7.11354429482628,1.17485071594913,23.7123949527836,3.31425216849583,112.250238068895,13.6986314330624,7.26420427918637,0.673562367973105,6.00861606600326,0.574484962912403,8.10109176290253,0.737592633732993,12.4640788086996,1.06058161792584,17.3064568000904,1.39960839993988,64.2179208862881,4.45510056456513,318.815152918248,20.3803500136664
14.7,2.3969813931231,0.504094215045533,0.445299728159395,0.488832151736186,0.431778457041603,0.756976459703609,0.669522700159046,1.2340470473841,1.09323190861355,1.92516591604144,1.70793644186114,6.67185589613753,5.9367321844113,31.9937311438212,28.5088675492899,1.0026210796077,0.478768326651749,0.919125097166036,0.439289647909953,1.31566067856889,0.626174873532645,2.0406170583948,0.966070108680562,3.0156514833906,1.41999186321355,10.1962573565126,4.73036411467358,48.467032652018,22.3444445752757,2.91802223592414,0.542411335588691,2.50820215528149,0.475092356798477,3.39762418843638,0.619363716515127,5.12376406319993,0.881247933355933,7.18228562588375,1.17622439797965,23.9692848297832,3.31623682130914,113.512021808337,13.7294670623012,7.38156746956023,0.674413211698515,6.10347903892467,0.574992193648272,8.22803612341161,0.738202786892626,12.6617222892321,1.06055031724334,17.5788185856511,1.39875047828287,65.3139622974893,4.4488995234854,324.249775921772,20.3359404593309
14.9,2.41534697348518,0.505124922821753,0.445664728989129,0.489730679320927,0.432030579744084,0.758137934396064,0.66972636878274,1.23570491706049,1.09336739257493,1.92740089915854,1.70783414584581,6.6788749513434,5.93584378962492,32.0261232507722,28.5050909444774,1.00924874636224,0.480185909052982,0.925023993161025,0.440328914089902,1.32320868333968,0.627298488234559,2.05143731753009,0.966599400084654,3.03037677937129,1.42093372076829,10.2462600785387,4.73268670712245,48.7351082514081,22.323861781482,2.94785362032807,0.543623015604439,2.53220069788854,0.475844414359425,3.42990825136751,0.620292096798357,5.174041262119,0.882341563715836,7.25159230215094,1.17730201207771,24.2338811413849,3.3210028934134,114.958421277161,13.7649965034684,7.49942968784549,0.674913787982654,6.1950172987631,0.575165587809291,8.35252485907861,0.738177628607081,12.8605192563338,1.06027259480777,17.8531511658857,1.39760593124575,66.4315458709758,4.4446960105158,330.134254684766,20.3346232414137
15.1,2.4335256369725,0.506144512916001,0.446008342993869,0.490619508668987,0.432292473472195,0.759286861179993,0.669931272676842,1.23734490565377,1.09350865539614,1.92961178619362,1.70779668416274,6.68581889095405,5.93505015746262,32.0581698279264,28.503606765685,1.0157399193951,0.481099028092678,0.930218674432131,0.440911485324638,1.33020076178187,0.628021773855481,2.06192801510895,0.968027899723295,3.04451927227431,1.42202689900847,10.2916140149535,4.73830343016598,48.912344708226,22.2905452777565,2.97739419945244,0.545033021410374,2.55578026125334,0.476665862527257,3.46171353216955,0.621048466419581,5.22358019073179,0.883691217837956,7.31959383025431,1.17846178909802,24.4867392618955,3.32531406142493,116.169607613041,13.7900469790513,7.61764912686217,0.675547613123853,6.28774401420664,0.575383846692865,8.47805704098153,0.73836929703321,13.0601413987384,1.05998670191992,18.1288686885346,1.3968849462584,67.5638724065282,4.43864328360108,336.298994491931,20.3304098843295
15.3,2.45152214073832,0.507153226160986,0.446366834763402,0.491498849848755,0.432560381608807,0.760423512078388,0.670151199477758,1.23896740057296,1.09368084681048,1.93179909914134,1.70774314121433,6.69268933647675,5.93438744383576,32.0898783280206,28.4959846819078,1.02219294578229,0.482303482873437,0.936081603312875,0.441835179397997,1.33770167235652,0.628964904168247,2.07238990068387,0.968824297333747,3.05866491542277,1.42307495934755,10.3378332817947,4.73918816033637,49.1148759237235,22.3041537048964,3.00692303882198,0.546002926210178,2.58072772017927,0.477520744104538,3.49453265403357,0.621799137323659,5.27314653099507,0.884775369169449,7.38772398945163,1.17967883955044,24.7424841104379,3.32776352400147,117.464224445219,13.8102884964818,7.73607602984836,0.67623170230896,6.37809378047621,0.575547173478382,8.60164239687714,0.738457374277203,13.2602108507231,1.0600236063739,18.4052691800927,1.39591395242579,68.7019306700331,4.43403244902445,342.513070309396,20.2747195692436
15.5,2.46934104888671,0.508151295620934,0.446717458338377,0.492368906154848,0.432822825071611,0.76154815033547,0.670342505022322,1.24057277672754,1.09381771760851,1.93396334315494,1.70769800465351,6.69948785721447,5.93358989168343,32.1212559637207,28.4925843955692,1.02864202936549,0.483390504355468,0.941469100341542,0.442671826701901,1.34479858847575,0.630032111081367,2.08291907835604,0.969567977393216,3.0729976857253,1.42346935510867,10.3866127272768,4.73767361559926,49.3787411269822,22.3186275670087,3.03638593398467,0.547195670557249,2.60467372862414,0.478507214100884,3.52656409836037,0.622596149120701,5.32276335763912,0.886232930939586,7.45606241836538,1.18099029466206,25.0026191805032,3.33330417050218,118.842025374885,13.8259989549757,7.85461092320989,0.676907465168202,6.47117500050197,0.575890821881358,8.72781416145655,0.738456458395862,13.4604851986235,1.05971325052969,18.6819318300787,1.39469501677448,69.841013339163,4.42636816063206,348.675115644167,20.2377881800489
15.7,2.48698674318893,0.509138946922657,0.447071405362517,0.493229874396629,0.433061067491008,0.762661030790915,0.670551764620109,1.24216139706022,1.0939710622396,1.93610500726416,1.70762322138759,6.70621597248875,5.93276602870772,32.1523097178568,28.4894811966696,1.03499646492588,0.48450125073918,0.94657398640801,0.44384099899261,1.35166621838976,0.630783054368813,2.0932349343767,0.971228690349201,3.08696894806813,1.4238037750032,10.4327486615109,4.74266095551922,49.5941961601542,22.3218420765724,3.0655955411406,0.548130354641072,2.62883514817031,0.479417998764595,3.55878269441836,0.623594247550127,5.37182694244977,0.886980653784412,7.52347235823905,1.18193728309637,25.2553264262714,3.33809162918958,120.069416944877,13.8660063862367,7.97329774532606,0.677603989502946,6.56595361143567,0.57631673408934,8.8554908526369,0.73889255420725,13.6609651137158,1.05945304505842,18.9587921720391,1.39353405143914,70.9785413605805,4.42417682590322,354.727403864682,20.1972108537449
15.9,2.50446343304822,0.510116398569115,0.447409835230576,0.49408194517147,0.433303148132234,0.763762400234311,0.670754142993142,1.24373361305166,1.0940892773623,1.93822456505532,1.70756342709207,6.71287515374466,5.93224909606091,32.1830463531321,28.4829869253258,1.04126651555451,0.485808148299996,0.951854708832585,0.444291716899351,1.35851206650686,0.631564666270043,2.10337975086135,0.972039584180642,3.10066263138494,1.42455899261518,10.4770497957791,4.74373479622967,49.776706600523,22.2960575669285,3.09486353629717,0.549298635559017,2.65292426680155,0.48029347996506,3.59088745317781,0.624478933282735,5.42117614326391,0.888310748097487,7.59151090926229,1.18295767896559,25.5164285402323,3.34310720037868,121.490438375336,13.9052716747324,8.09184006272684,0.678169305071649,6.65900093754282,0.576888116441351,8.98143310674944,0.739276949399271,13.86089723051,1.05933278607968,19.2344592868418,1.39228725692293,72.0964521772453,4.41802031617674,360.210433296336,20.1961512176644
16.1,2.52177516477615,0.511083862236668,0.447745633410715,0.494925303123806,0.433548826573488,0.764852497741156,0.670938270740008,1.24528976519884,1.09423408842585,1.94032247531586,1.70750727799189,6.71946682654657,5.93169642530676,32.2134724213049,28.4807651520439,1.04744218285588,0.486839293817845,0.957153045932703,0.445228406852296,1.36545475322431,0.632169856444821,2.11331406733989,0.973114298700223,3.11400025152805,1.42494312173192,10.5187467724798,4.74257525710822,49.9112664683594,22.3667989883562,3.12389531378854,0.550596877839724,2.67813535009553,0.481351757681738,3.6237845607608,0.625491670996609,5.47001970439016,0.889494219526982,7.65869726345858,1.18400490957724,25.7706264429251,3.3486107395228,122.764507547375,13.9244529840877,8.21107059328024,0.678761989413692,6.7511494404236,0.577196269097738,9.10709577778257,0.739264129646774,14.0625871560501,1.05907327970713,19.5132670757459,1.39133391404195,73.2528224658174,4.4122291792016,366.552264271988,20.1784773789012
16.3,2.53892583023788,0.512041543056903,0.448086382193997,0.495760127190778,0.433798914804673,0.765931554991432,0.671141284020351,1.2468301834687,1.09436140982085,1.94239918264551,1.70744443667993,6.72599237247022,5.93083946634122,32.2435942719057,28.4751473254544,1.05368020364098,0.487994146335791,0.962508006612242,0.446090158451559,1.37241799452912,0.633274456758911,2.12351481802017,0.974012595978038,3.12790895715215,1.42597641483455,10.5665899530147,4.74410755523571,50.1817105367387,22.3371478381456,3.15282285008549,0.551522896222781,2.70248680209057,0.482326293027584,3.65595751640041,0.626325870969992,5.51869081229732,0.890264433291068,7.72566379723621,1.18498386579907,26.0246080569327,3.35164442887939,124.052938060554,13.949778157202,8.3304330037864,0.679270709583678,6.84688803803662,0.577895663543203,9.23562668488479,0.739230014797807,14.2644829504777,1.05875629762884,19.7922969171569,1.39028572853021,74.4085518513411,4.40670734761573,372.797572064802,20.1415824802268
16.5,2.55591917491814,0.512989639884127,0.448414958607034,0.496586590835362,0.434023775860768,0.766999796571949,0.671326198344011,1.24835518772854,1.09450523496581,1.94445511803631,1.70739064616708,6.73245313089897,5.93025146166099,32.2734180605108,28.471759591069,1.05990724777087,0.488937494316256,0.968231740004064,0.447212957076846,1.3796205843422,0.63420789755897,2.13376305091699,0.974767819657461,3.14196100029072,1.42606584321494,10.6165257908717,4.74355407873309,50.5014715349962,22.3255028180696,3.18176764333631,0.552638928803012,2.72643541918339,0.483133757647141,3.68777131407668,0.627100659786917,5.56746443146817,0.891523566878657,7.79289448204607,1.18586159218833,26.2828610116127,3.35633545828133,125.456007426569,13.990164343338,8.4496688078287,0.680123887913799,6.94140661248068,0.578498672951676,9.36301685295373,0.739555912652346,14.4658369380159,1.0589492536779,20.0701471465061,1.38937811299727,75.5447231583635,4.40347345096399,378.499716744807,20.1021593029114
16.7,2.57275880545455,0.513928345549252,0.448733220070936,0.497404862267693,0.434264998477129,0.768057440263352,0.671527510853476,1.24986508815468,1.09463753157774,1.94649069942317,1.70733203266534,6.73885040072807,5.92956343679205,32.3029497565835,28.4687204704011,1.0659526977926,0.489933667674032,0.973072195667197,0.447623510866769,1.38615601862595,0.634999226822027,2.14352663791932,0.975230981468569,3.15511842148714,1.42755605919258,10.6586836499266,4.74331803652926,50.6634741264461,22.3552094570069,3.21052941581875,0.553496767866062,2.75012786263561,0.483917370945024,3.71931118354891,0.627965304168686,5.61588941192362,0.892444443639275,7.85956879072988,1.1868689708727,26.5372718913316,3.36009023218571,126.776793719748,14.0064495453956,8.56921035313145,0.680658968899208,7.03661317915312,0.579074792186361,9.49122917774476,0.739693125689651,14.6679069721938,1.05882958483875,20.3492195600213,1.38865291409882,76.6947019505822,4.39913562382063,384.483763531442,20.0965915619494
16.9,2.58944819668065,0.514857847101027,0.449063655815618,0.498215104655302,0.434493183183815,0.769104697312758,0.671707183381233,1.25136018562062,1.09478140619774,1.9485063322069,1.70728188262942,6.74518544198431,5.92891737459001,32.3321951509331,28.464048029555,1.07192512166206,0.491124889406842,0.978742429849872,0.448862131520265,1.39317300390288,0.636024756485906,2.15314945432326,0.976433287567091,3.16805388987534,1.42795253270979,10.699476583307,4.74968974755928,50.8019712745015,22.3499366249798,3.23916581391818,0.554239049187047,2.77380813237807,0.484708349016273,3.75075535853412,0.628616234967965,5.66407846469828,0.893476539688339,7.9258715168541,1.18771369247334,26.7892644024139,3.36534827104222,128.045715408256,14.0407983026292,8.68915557649512,0.681097028006042,7.12949911172459,0.579284344767748,9.61763739854477,0.739637069281503,14.8709409846227,1.05852869037694,20.629937527047,1.38805093906913,77.8632140556186,4.39501437731065,390.839995988357,20.0595619158569
17.1,2.60599069821718,0.515778326035244,0.4493784367282,0.499017476322949,0.434723797944789,0.770141772692846,0.671884487639416,1.25284077206598,1.09488942866595,1.95050240975124,1.70722159248107,6.75145947736526,5.92815885926382,32.3611598627937,28.459796583504,1.07799693737024,0.492042010789098,0.983820378172347,0.449589648685908,1.39989483467981,0.636709966829898,2.16314499267836,0.977349457934579,3.1817617428501,1.42871375583756,10.7482757814642,4.74690966182382,51.1150992540015,22.3018479097514,3.26773327970943,0.555227896495785,2.79661595532873,0.485245318467054,3.78148942952702,0.629222870218899,5.71215819229999,0.894168480952101,7.99205203573332,1.18830467271573,27.0416757174824,3.37016290681621,129.34271507647,14.0632948620958,8.80923858578486,0.681437641231816,7.22312713031614,0.579587358792678,9.74473780117478,0.739805281959384,15.0741841814336,1.05838524142854,20.9108855723901,1.38761695405813,79.0311531736802,4.39118317855805,397.109881701732,20.0222651388587
17.3,2.62238954064646,0.516689958512741,0.449687096718545,0.499812130942645,0.434950546862168,0.77116886534828,0.672077781232561,1.25430713084722,1.09504136413278,1.95247931385551,1.70718165499593,6.75767369370296,5.92766519783874,32.3898493465678,28.4558069886679,1.08402027819464,0.492832039887354,0.988685396553389,0.450079285666675,1.40638121458445,0.637143609312961,2.17306649008764,0.978458253263861,3.19537284370661,1.429550663261,10.7968473198536,4.74825083066898,51.4287652029152,22.3630706239269,3.29629580805467,0.556266502166724,2.81954609660999,0.486033111006593,3.81240262442328,0.629827424836703,5.76036517526689,0.894983869396585,8.05856319870291,1.18887903607381,27.2994772813099,3.3736722184115,130.764044229213,14.0955364143426,8.92929216658511,0.682014026490556,7.31604266595126,0.579862313227824,9.87128387063328,0.739990730795787,15.2770688551331,1.05814776823515,21.1909724161326,1.38634450367913,80.1829035117928,4.38579129728164,402.942979352696,20.0187388301915
17.5,2.63864784130165,0.517592915566767,0.450004468132258,0.50059921771442,0.435181040864856,0.772186168430062,0.672248350565285,1.25575953707142,1.09515707394967,1.95443741520423,1.70717785099437,6.76382924335622,5.92722846718558,32.4182688982238,28.4522499268218,1.08970820762415,0.493795298271567,0.993521123748445,0.450876027786891,1.41265509386918,0.63769654371792,2.18203580610161,0.979036100799431,3.20717947567349,1.42962300369566,10.8289497402849,4.7511244113799,51.399949011316,22.3438012448311,3.32470512859885,0.55735271586755,2.84264634336805,0.486885498328987,3.84330450364651,0.630775084107749,5.80825837753779,0.896258835576176,8.12457160987059,1.18983623847273,27.5537460343341,3.37756749601731,132.118521605323,14.1111246839825,9.04995683837545,0.682556391209655,7.41077347751264,0.580211404479493,9.99956102336524,0.740302111850077,15.4814746257505,1.05805496826508,21.4737613484719,1.38562589271222,81.3679935489874,4.38312940722872,409.538356085932,20.0135167109147
17.7,2.65476860969981,0.518487363300364,0.450306596593947,0.501378881538422,0.435399225597612,0.773193869518655,0.672432586598292,1.25719825791387,1.09528117721737,1.95637707379511,1.70711543933202,6.76992724553591,5.9265047820725,32.4464236613949,28.4466840725262,1.09554185670994,0.494838107544684,0.998700877009555,0.451840300668526,1.41918071209219,0.638827273904244,2.19150993826511,0.980115897191036,3.22001135830682,1.43109892087743,10.8714181790609,4.74914540980958,51.5961854986276,22.4034230985128,3.3531567087138,0.558181196573636,2.86632066620212,0.487496410667828,3.87480938484568,0.631536041306708,5.85636204593046,0.897147171769352,8.19104607639019,1.19062159843227,27.8145005941764,3.38158249099943,133.626272582205,14.1084428332988,9.17047713087435,0.682943248431778,7.50569930545937,0.580444000896569,10.1278250435766,0.740386077166204,15.6852564986933,1.0580842462375,21.7551972968975,1.38405223154914,82.5302503620224,4.37930097914998,415.506440791079,19.976613933796
17.9,2.67075475264528,0.519373463074357,0.450610178509766,0.502151263178783,0.435626964320378,0.774192150836464,0.672617566298252,1.25862355292061,1.09541457969367,1.9582986393466,1.7070349095534,6.77596878756751,5.92580737730372,32.4743186331936,28.4458098203276,1.10137931499836,0.4958153339788,1.00374945288162,0.452604582431911,1.42578325278564,0.639506598599555,2.20106150085822,0.980888037670791,3.23303662693779,1.43133441023114,10.9163455587267,4.75114945680558,51.8489336416912,22.3749569646125,3.3813132190718,0.558961066864819,2.88961893372006,0.488199476083796,3.90575931334619,0.63212666162524,5.9037289924648,0.897882748114678,8.25623112676028,1.19190720471657,28.0634432300297,3.38392680008667,134.89667766188,14.1263495020963,9.29103809938412,0.683655224167512,7.60174104333523,0.580879396351749,10.2572245575044,0.740788065723581,15.8890044426545,1.05801737599004,22.0364159450825,1.38367140277995,83.6858437149102,4.37577323372386,421.229119821823,19.9355108587031
18.1,2.68660907902739,0.520251371686436,0.450902280719695,0.502916499419765,0.435846860037373,0.775181189450218,0.672770848757249,1.26003567429656,1.09554809417751,1.96020245168618,1.70699899507602,6.78195492609378,5.92512533164207,32.5019586697329,28.4430213080349,1.10721003831587,0.496708790368619,1.00854789611093,0.453196855970417,1.43231745215688,0.640286751023587,2.21065599806711,0.98166643819922,3.24618923171465,1.43246935041291,10.9631258076729,4.74879366128252,52.1466261915098,22.3275446784076,3.40947516860964,0.559853203261922,2.91307622799681,0.488853024020621,3.93684184235285,0.632773618383495,5.95122650886819,0.898845261043023,8.32174875136923,1.19291431850959,28.3177604060777,3.38816429499318,136.298792503826,14.1465710849151,9.41203790084064,0.684181269700766,7.69815305240509,0.581220901521307,10.3870797670006,0.741004191866998,16.0939060346432,1.0581612280066,22.3196673971201,1.38276157001165,84.8662839006664,4.37033440100487,427.458778147487,19.894924952091
18.3,2.70233430433462,0.521121241541876,0.451208543676372,0.503674723214592,0.436049952368678,0.776161157463933,0.672957877552186,1.26143486718027,1.09565300367775,1.96208884112048,1.7069547749263,6.78788668822057,5.92455622294828,32.5293484914042,28.4405094098283,1.11288367515007,0.497648020643667,1.01362642016555,0.453901038372729,1.43869557530728,0.640949830921566,2.21983433744109,0.9823583528051,3.25857641845092,1.43274351680219,11.0032463562993,4.7500841914197,52.3093276565933,22.3937831762874,3.43748422579832,0.560822372319092,2.93593941170224,0.489585741726127,3.96740315462301,0.633498857290804,5.99840719629741,0.89997312968877,8.38674988409295,1.19382218247458,28.5681922581087,3.39207037218604,137.62216309204,14.1670506796348,9.53320243759433,0.684808271563602,7.79102142846712,0.581400569943083,10.514013620049,0.740940977559467,16.2990853955294,1.05764922614269,22.6032851041382,1.38194079688472,86.04808774653,4.366512603722,433.660462288076,19.8884374771378
18.5,2.71793305490543,0.521983220816323,0.451503128349785,0.504426063827395,0.43627321184818,0.777132222202917,0.673128720872454,1.26282136990585,1.09578317582624,1.96395812878819,1.70688887609556,6.79376507261095,5.92393529022758,32.5564926879037,28.4347591406,1.11861514617105,0.498542099851345,1.0187382616451,0.454707881740906,1.44521025877144,0.641844623929111,2.22925948788113,0.983180144930309,3.27148579503076,1.43408916044112,11.0489633223414,4.75476183683456,52.5940396269647,22.3881784262424,3.4653460350135,0.56171680061273,2.95918237476861,0.490372863713134,3.99824352280988,0.63429902756608,6.04524617976053,0.900739087935383,8.45118314776328,1.1944516778623,28.8140680095691,3.39538495659033,138.862638158477,14.1889186110344,9.65482415222113,0.685201048918636,7.88530490048364,0.581607926447571,10.6423358361427,0.741071841358633,16.5055436435363,1.05755830626336,22.8892199496602,1.38115372642877,87.2602199187968,4.36297345807668,440.512168667515,19.8567294215962
18.7,2.7334078719342,0.522837453611103,0.451794294621301,0.505170646968619,0.436476577381275,0.778094546389292,0.673309305293645,1.26419541425287,1.09589344905093,1.96581062699683,1.70684448769673,6.79959105052757,5.92346870510522,32.583395723028,28.4326922898895,1.12428485424614,0.499229710823656,1.0233770740555,0.455310860796817,1.45146546487997,0.642317276791979,2.23855613429261,0.983996518301282,3.28418624211227,1.4346637187524,11.0932859685676,4.75431238981877,52.8545755249831,22.3693958846167,3.4931480634138,0.562656652002627,2.98181519246932,0.491008211305164,4.02845558598764,0.634997380617058,6.09199851659737,0.901396111422331,8.51551884496033,1.19551692460436,29.060272729118,3.398849099703,140.1204325505,14.2126690053475,9.77653771321186,0.685651559145412,7.97842655977221,0.582164821306821,10.7698957253038,0.741119263246307,16.7120790925427,1.05767385131693,23.1751434126448,1.38052911296155,88.4685510145881,4.35781214168922,447.20661695835,19.8198938449689
18.9,2.7487612152495,0.52368408010149,0.452076630783471,0.505908594924297,0.436678194828491,0.779048288309553,0.673460987224766,1.26555722568495,1.09601988753005,1.96764663954411,1.70679732200502,6.8053655668286,5.92286514303306,32.6100619392534,28.427281059668,1.12968302509197,0.500361727921876,1.02749806734367,0.45575612279306,1.4570172253458,0.642771065022989,2.24708608767078,0.984909674312433,3.2954390154699,1.43471113165668,11.1243914652829,4.75658239986673,52.8406711419236,22.4278004998523,3.52091651669287,0.563440657397057,3.00563355150316,0.491941196368548,4.05964297702369,0.636131226023247,6.13875264940754,0.902149866901998,8.57993397090164,1.19590254553531,29.3089354328639,3.40116925172943,141.445288949861,14.2172236907208,9.89828727882472,0.686032275677155,8.07448508521902,0.582531665215227,10.899735422219,0.741098980742837,16.9185744705247,1.05731202596797,23.4608329638922,1.37981036835628,89.6698479578173,4.35238890951302,453.635378609668,19.793058532401
19.1,2.76399546687998,0.524523236678232,0.4523643752281,0.506640026679471,0.436889315565645,0.779993601974546,0.673628010645691,1.26690702357751,1.09613116409756,1.96946646202484,1.70674809978286,6.81108954091845,5.92233944406574,32.6364955621046,28.425828744191,1.13526085930046,0.501295511516506,1.03277475835888,0.456491099587494,1.4636047673408,0.64368985749698,2.25622132525198,0.985278685654728,3.30790489186041,1.43501789089647,11.1676200450559,4.75918908483695,53.0871741416643,22.405052804682,3.54853684068061,0.564166394158672,3.02776479487384,0.492751278133511,4.08949222970893,0.636629475390572,6.18523190068662,0.903293177017645,8.64392475614633,1.1967173099703,29.5549098163477,3.40218303807266,142.716546923161,14.2344210796033,10.0201847912892,0.686421043821549,8.17027125135738,0.582843320262947,11.0295048294062,0.741373925325493,17.1253036736187,1.05708026436215,23.7468047654708,1.37922751979114,90.8712931293779,4.34887444647771,460.002218181659,19.7840381136002
19.3,2.77911293442259,0.52535505608281,0.452635489169607,0.507365058036107,0.437082624202093,0.780930637272305,0.673775986702688,1.26824502143531,1.09623906746662,1.97127038212404,1.70669965248719,6.81676386765578,5.92162138885969,32.6627007043304,28.4208096609436,1.14078547219794,0.502197867464979,1.03765680179678,0.457126382488705,1.46989315138216,0.644155896962929,2.26524932823759,0.985902544890037,3.32020044831259,1.43551089229523,11.2097781326082,4.75957026547315,53.3160812294892,22.405059331517,3.57606817260872,0.564795897084875,3.05017338575591,0.493360014193899,4.11954332499065,0.63734736103988,6.23155064510745,0.904049496123909,8.70768511514447,1.19741678518194,29.7998859473554,3.40402083574483,143.97666984703,14.230743107478,10.1422163500386,0.686656728313118,8.26620373244947,0.583005897268581,11.1593723877425,0.741438580097131,17.3322994382546,1.05685502007227,24.0331469108599,1.37847890333592,92.0748239286177,4.3464427931378,466.338350871255,19.750869941593
19.5,2.79411585422618,0.526179667536659,0.452924133401477,0.508083801725799,0.437296656940322,0.781859540114113,0.673953278883123,1.2695714271005,1.0963675697899,1.97305867989722,1.70664125062152,6.8223894182221,5.92103860504852,32.6886813698957,28.4199630879037,1.14631511703369,0.502998903032707,1.04236328755173,0.457997834367907,1.47611135631501,0.645016037838957,2.27435060663087,0.986758675101906,3.33267696073114,1.43627233589579,11.2542361473926,4.75961011374084,53.5984496947877,22.3578646473971,3.60360619441646,0.56564456885804,3.07340165725853,0.494033233431656,4.15014763216282,0.637703258098419,6.27801813378005,0.90457132948512,8.7718155960103,1.19810428261584,30.0507904470832,3.4065506885658,145.380165514923,14.2520064747779,10.2643765621322,0.687181036260413,8.36133017246688,0.58331180945936,11.2887439601551,0.741586759120325,17.5394190494823,1.05710870683929,24.3195561096672,1.37779559570769,93.2751953491886,4.34310860912733,472.555758037069,19.7096161388791
19.7,2.8090063944027,0.526997196864734,0.45318768831449,0.508796367517498,0.437482808021324,0.782780452574147,0.674108483255522,1.27088644295134,1.09647069384995,1.97483162803813,1.70658334333822,6.82796704095116,5.92046170348798,32.7144414577972,28.4155653134916,1.15166651969044,0.503819421980671,1.04672403814254,0.458422940896976,1.48191726310159,0.6455877763124,2.28296070295419,0.987389424539423,3.34423679214863,1.43694074469737,11.290463548856,4.76060225490984,53.7116837025825,22.3399599947884,3.6309444745402,0.566604180218833,3.09498159400943,0.494806648544211,4.17939783221446,0.638403230518439,6.32405939789978,0.905653475365085,8.83523552149929,1.19911023913008,30.2958358450872,3.41028971644553,146.65967213781,14.2703018542227,10.3868373760347,0.687532272798787,8.45785529985078,0.583416107531124,11.4193713685399,0.741679720126562,17.7472452485712,1.05687100520502,24.6071680355587,1.37703908753768,94.4894956352496,4.3392954183094,479.060875146321,19.6952883508244
19.9,2.82378665767733,0.527807766613681,0.453469220340404,0.509502862320589,0.437681286011291,0.783693513023038,0.674269868329893,1.27219026609242,1.09658346913218,1.97658949213504,1.70657830813427,6.83349756212306,5.91994748543314,32.7399847657081,28.4125069950509,1.15703823544064,0.504396346129509,1.05134650899256,0.459095448369101,1.48790635588582,0.646057611307869,2.29168308017513,0.98823244952615,3.35605081909914,1.43779805092163,11.3296516102008,4.76433843555485,53.8928118678585,22.3490932461051,3.65820208896839,0.567241176399501,3.11691428260402,0.495379081879608,4.20889247295033,0.639095074419178,6.36998936313672,0.906429565396928,8.89852168612373,1.20021795345988,30.5410177409496,3.41280156108397,147.947329812893,14.3063420433696,10.5093510591546,0.687875561970756,8.55132649379277,0.583535919044153,11.5473450172471,0.741654475889458,17.9550115333777,1.05690169846453,24.8944961423801,1.37613317099786,95.695504594852,4.33550452580108,485.29534370722,19.7099222171274
20.1,2.83845868408789,0.528611496164953,0.453727465951539,0.510203390283486,0.437876099308696,0.784598856255662,0.674418127676198,1.27348308853654,1.09669775446291,1.97833253091583,1.706517417703,6.83898178672407,5.91933206587448,32.7653149934724,28.4074941733562,1.16239796814454,0.505306667866977,1.05572414257601,0.459891994546577,1.49370041484246,0.646729044605169,2.30042696848214,0.988807883245502,3.36794277474034,1.43750854617648,11.3701163358364,4.76518843394973,54.104523120275,22.3824780422372,3.6854360068889,0.568111288525224,3.1384815740655,0.495669222490262,4.23802225402743,0.639551477113171,6.41592231689135,0.906942763078535,8.96187066080855,1.20076589714341,30.7881429652964,3.41607866232635,149.288650068767,14.2950165370893,10.6321631347902,0.688505322405709,8.64581247835252,0.583633734878124,11.6764284985936,0.741663342261908,18.16358196921,1.05700916353063,25.1832702265776,1.37498693834618,96.9205946496188,4.3305402914248,491.945230932779,19.679399346101
20.3,2.85302445354309,0.529408501843017,0.453999409446574,0.510898052888037,0.438071575293232,0.785496613613477,0.674570027675347,1.27476509737895,1.09680406135917,1.98006099648267,1.70644161958267,6.84442049917332,5.91902856130073,32.7904357464469,28.4072679072924,1.16766460371417,0.5062748537724,1.0603402927482,0.460562076196004,1.49963786694749,0.64762668139383,2.30894846634988,0.989561329076733,3.3794406769076,1.43815573279517,11.4073541222878,4.76448248515097,54.2514242108748,22.3901990311574,3.71246178077626,0.568783627926402,3.16103421945089,0.496173089319121,4.26791944773372,0.640130765370377,6.4613741659675,0.907427140320265,9.02436759521913,1.2014283583353,31.0270462916674,3.41843604352774,150.437296718216,14.305482870387,10.7549510476053,0.688859154119286,8.74231758754827,0.583926235220588,11.8071637664794,0.741777552772388,18.3719374224687,1.05678526742328,25.4714866341579,1.37410170595512,98.1339538398195,4.32720458924851,498.2177768982,19.6702402067468
20.5,2.86748588824873,0.530198897019015,0.454260927496397,0.51158694903991,0.438263443106501,0.786386913101665,0.674726897577911,1.27603647496404,1.09691136991686,1.9817751345367,1.70641356295778,6.84981446401965,5.91846681836851,32.8153505387009,28.4006415173058,1.1729804151567,0.50678606341458,1.06453707603578,0.460618509832645,1.5053724448799,0.6476785473547,2.31766491487511,0.989867071527851,3.39135098560215,1.43875112966139,11.4490481567669,4.76357883166031,54.4980631812613,22.3703124227056,3.73952462146801,0.569688356946248,3.1829128777406,0.496524247289658,4.29725143591906,0.640647603614495,6.50694130748316,0.90814825169362,9.08714776715574,1.20196865102512,31.2704922858556,3.42153808696802,151.726437462033,14.3130452111792,10.8783333417819,0.689278949327133,8.83788614293134,0.584267013052608,11.9375295042212,0.741943130641015,18.5818182041321,1.05665189390958,25.7624290234484,1.37359486184609,99.3825929207804,4.32218737982483,505.301870435546,19.6659168919814
20.7,2.8818448550098,0.530982792210074,0.454528970055091,0.512270175155182,0.438457590977257,0.787269879501307,0.674878874904865,1.27729739904516,1.09703137975058,1.98347518459327,1.70637054548127,6.85516442660832,5.91795490164717,32.8400627960796,28.4005851392208,1.17806403607449,0.507907895250522,1.06860329289985,0.461189470125528,1.51080787767449,0.648698221805064,2.32572789888424,0.990635229349282,3.40202857857519,1.43877696779481,11.4794289128124,4.76614691166191,54.5094239815156,22.3332184616983,3.76640058648853,0.570328150651593,3.20426357137234,0.497016023250665,4.32616159330803,0.641482672887914,6.55211736780343,0.90908832554667,9.14927387113146,1.20282150159227,31.5084255232554,3.42397467093723,152.892548068172,14.342711239959,11.0014320303826,0.689590714020769,8.93462366592966,0.584354959987254,12.0684378265961,0.741948552021718,18.7906727290486,1.0562977820349,26.0512614504969,1.37290848755116,100.59657295484,4.31730457952662,511.456130039337,19.6751143593213
20.9,2.8961031674164,0.531760295174432,0.454779789739381,0.512947825243331,0.438644031713552,0.78814563447697,0.675026153176248,1.27854804293768,1.09712816561652,1.98516138018822,1.70632663817469,6.86047111372035,5.91726711150904,32.8645758591436,28.3954302835747,1.18328764905374,0.508482222545682,1.0735918167997,0.462002724093146,1.51693740182357,0.649286702337871,2.33426966332117,0.991463459015304,3.41366820057341,1.43948803448921,11.519526295336,4.76558550021571,54.7295672952985,22.3491236625489,3.79321505072755,0.570878016470063,3.22668209541191,0.497603526064773,4.35583342819075,0.641985621850278,6.59720914718245,0.909704167555422,9.21130793939218,1.20342526318104,31.7467553562162,3.42661824177432,154.076685600433,14.3719845882637,11.1250126427524,0.689933190572472,9.03015592947948,0.584588407259471,12.1987967127254,0.742163294964851,19.0006518744287,1.05639949405818,26.3420476986819,1.37249563754701,101.834364635919,4.31441329271225,518.169950543804,19.6542512472057
21.1,2.91026258792034,0.532531511002674,0.455035380828725,0.513619990986768,0.438827512802319,0.789014296679723,0.675166537669953,1.27978857566575,1.09723051466392,1.98683394907556,1.70624700458362,6.86573523418562,5.91662079010662,32.8888929859865,28.3921669138972,1.18848833455141,0.509226811677535,1.07792238902092,0.462521204810458,1.52267293915081,0.649916983031921,2.34279274226003,0.992156776573825,3.42530567783443,1.44039305774213,11.5601085112794,4.76530995037709,54.9641651579936,22.4169991896113,3.82002006941748,0.571608624340923,3.24743026407591,0.498015492293736,4.38403383246524,0.642441775920113,6.64235286420313,0.910515098536001,9.27349433799636,1.20392477040287,31.9879674253312,3.42862758128999,155.331271474331,14.3845322761101,11.248501428176,0.690331323973857,9.12723157307218,0.584840621473101,12.3301781938866,0.742175666461385,19.2102599203433,1.05639972540493,26.6319998769558,1.37182362213505,103.0567898985,4.31071951450319,524.409665405116,19.6360545522289
21.3,2.92432482980922,0.53329654220519,0.45529416807511,0.514286761817138,0.43900652396336,0.789875981846022,0.675312160479553,1.28101916210302,1.09731878965801,1.98849311341712,1.706224027126,6.8709574794702,5.91620092808234,32.9130173549315,28.3884865830538,1.19355334609711,0.510052901992104,1.08240812192541,0.462963253621892,1.52842975789757,0.650422802897335,2.35095545918621,0.992771262740507,3.43627874146709,1.44035399992705,11.5948152512406,4.76601747386576,55.0785654107072,22.3742828774059,3.84671567421641,0.572051230074367,3.26920327722451,0.49850254088162,4.41314466608947,0.643101817752631,6.6873036731274,0.911415694548972,9.33538268813628,1.20443182482753,32.2272630613847,3.43241179372326,156.540440397595,14.39438850848,11.371980626073,0.690841223034914,9.22379389791243,0.585143015002923,12.4611110255074,0.742523675458102,19.4196582553944,1.05639329472707,26.9214083354864,1.3714148990177,104.267535806268,4.30746747564065,530.298909901314,19.6166160900759
21.5,2.9382915590839,0.534055488796091,0.455548426928126,0.514948224988494,0.439192692336363,0.790730802892518,0.675465184451709,1.28223996310765,1.09742926578728,1.99013908996446,1.706175052797,6.87613852424067,5.9156765367999,32.9369520671245,28.3857583643243,1.19873985504407,0.510948774457308,1.08708964125716,0.463805895478627,1.53442450996324,0.651030464132194,2.35952835369285,0.993301020812236,3.44807757787335,1.44140979388538,11.6379100147143,4.76648646976531,55.3751305656057,22.3771260650393,3.87329676815479,0.572801305535624,3.29047934221231,0.498997484233415,4.44173888579091,0.64343458337318,6.73202436624466,0.911953388868039,9.39692691002585,1.20489081681163,32.4645937262154,3.43499177436905,157.728039818371,14.4107656225001,11.4957678461895,0.691004865861651,9.32026095242183,0.585410291992839,12.5921733194757,0.742703075600271,19.6297375563589,1.0563390717167,27.2119607206964,1.37081730174811,105.491186173242,4.30433469231511,536.471492973949,19.5934274320667
21.7,2.95216439624529,0.534808448373738,0.45579329130437,0.515604465647534,0.439368662784032,0.791578870007069,0.675609010079985,1.2834511356519,1.09753201351916,1.99177209023336,1.70612647076678,6.88127902690463,5.91515705151512,32.960700149021,28.3833609757612,1.20383468308803,0.511691460499359,1.0914089130744,0.464564022666476,1.54008269217812,0.651601028105275,2.36787260953085,0.993770128897336,3.45946561895446,1.44162473803332,11.6775403970382,4.76671512107959,55.6021876314683,22.4158117499406,3.89980231163024,0.573810149038425,3.31188302439735,0.499764785223393,4.47049209548532,0.644152935457254,6.77661707439226,0.912981355416976,9.45830624870667,1.20589278449173,32.7016980850852,3.43656806551265,158.927835916362,14.4185777240322,11.6200241013095,0.691347180660582,9.41626695533083,0.585691536413168,12.7229269810554,0.742754330560534,19.8409324606038,1.05621092643935,27.5044798725537,1.37038212178179,106.739831853959,4.30230605075871,543.249655111994,19.5798154661742
21.9000000000001,2.96594491799549,0.535555516198048,0.456045220990794,0.516255566901014,0.439540287331106,0.792420290736075,0.675750475877391,1.28465283294645,1.09762509311804,1.99339232067144,1.70605980493037,6.88637963013088,5.91467004670909,32.9842645547707,28.3790173181379,1.20882365644112,0.512363759045423,1.09582928442023,0.464955538467004,1.54570756462106,0.65200403563283,2.37594305769086,0.993951347379957,3.47035392097164,1.4415352153104,11.7128204078086,4.76876013806161,55.7404356504219,22.4086078304477,3.92623013121614,0.574444217521807,3.33350899366012,0.500327168735066,4.49934568201181,0.644726273657283,6.82108310097591,0.913563716367645,9.51950914840808,1.20625890720452,32.9381663809104,3.43935961809478,160.118083532775,14.4188863918341,11.7442413051861,0.691934583954793,9.51426928844936,0.586045866795726,12.8556027580406,0.742977800268406,20.0518881792962,1.05619160651202,27.7964252622065,1.36961963656841,107.977061450356,4.29985254201393,549.677654860649,19.5522829038233
22.1,2.97963465885853,0.53629678526471,0.456279406155325,0.516901609880503,0.439719949115084,0.793255170068371,0.675898889220924,1.28584520455986,1.09771962794555,1.99499998281905,1.70604741460029,6.89144096134772,5.91425043943665,33.0076481685097,28.3791418783397,1.21379448239592,0.512844118928626,1.0998048810555,0.465361734519076,1.55105597884764,0.65253488970811,2.3840005242551,0.994802226262998,3.48124582399114,1.44208939860698,11.7485596393558,4.76508097091214,55.8921248700556,22.5005910799182,3.95280684080091,0.574943536375265,3.35451551788924,0.500834364630749,4.52784078537395,0.645401062472891,6.86602696832877,0.914046233141936,9.58165777352313,1.20675627149399,33.1862944388946,3.44238000268968,161.582406966572,14.4360063780996,11.8685386668198,0.692147222848137,9.60899028790264,0.586129847726284,12.9852704637728,0.742889109356992,20.262975066158,1.05606978030842,28.0885007944525,1.36870328092949,109.213201414525,4.29547841980257,555.999746177139,19.5544875127979
22.3,2.993235112725,0.537032346376518,0.456528013717744,0.517542673804563,0.439904389473718,0.794083610515798,0.676032738122145,1.28702839653326,1.09783024430051,1.99659527346381,1.70599251204007,6.89646363322227,5.91387109837175,33.0308538065621,28.3739343298453,1.2187138341049,0.513625545381517,1.10399324293958,0.465909807086439,1.55655791604453,0.65337557358408,2.39194445862071,0.995526109045733,3.49194750345119,1.44268663718536,11.78290626389,4.76820341298929,56.0183339040965,22.4048332577299,3.97918515945195,0.575609297368047,3.37618546119388,0.501034783660734,4.55669055992866,0.645899111270934,6.91048011252188,0.914821409996914,9.64293153948509,1.20712081291049,33.4256956046366,3.44508588565739,162.852269793048,14.450359388333,11.9931194882938,0.692412901371957,9.70546135552404,0.586397041537886,13.1166295003308,0.743003437268585,20.4747151545951,1.05578634027266,28.3816874057346,1.36791482326222,110.462450354063,4.2918077886027,562.605600117924,19.5532840455984
22.5,3.00674773432515,0.537762288211866,0.456767351905928,0.518178836038513,0.440068901562735,0.794905712190631,0.676167051085086,1.28820255149063,1.09792462539431,1.99817838478919,1.70595710365924,6.90144824412134,5.91331083680234,33.0538842195581,28.3687985589508,1.22350776439324,0.514232464907115,1.10790320895352,0.466512329048222,1.56169270976452,0.653373561016173,2.39955363256312,0.996185822845141,3.502031958201,1.44347894775117,11.8117677653295,4.7657089905065,56.0327668740281,22.3923503228004,4.00546336402194,0.576266846698908,3.39729180535282,0.501345047417803,4.58508975550226,0.64627794573329,6.95470755412185,0.915595663537316,9.70384156740737,1.20771884800762,33.6623348221696,3.44683765127398,164.077145541539,14.4597189158696,12.1180285206903,0.692978583403101,9.80269942176132,0.58677973685077,13.2488556622195,0.743092542796947,20.6872786010643,1.05564838578488,28.6763136428073,1.367345319794,111.72989589407,4.28841425209132,569.604265151793,19.5467962199404
22.7,3.02017394063425,0.53848669739063,0.457011090541123,0.518810172151891,0.440246648132924,0.79572157288001,0.676307793713332,1.28936780874472,1.09801034942621,1.9997495045172,1.70593141998784,6.90639537855363,5.91267496880262,33.0767420944626,28.3674598039049,1.22846436135683,0.514724738801622,1.11215322024558,0.466950141630436,1.56718299508518,0.653928730979778,2.40769436248959,0.996709990813479,3.51317283982362,1.44337033501061,11.8512015607532,4.7709049487663,56.2741513316519,22.3933581665704,4.03172630390699,0.577027886663917,3.4186381597468,0.501817184281951,4.61369435304951,0.646813842310266,6.99895781878956,0.916403482849558,9.76486073056174,1.20820329591656,33.9016465442169,3.45012241425745,165.382046489338,14.4817092365771,12.2428499377744,0.693342353938386,9.89787494371521,0.586906958006122,13.3791388448445,0.743036329148951,20.8995062876871,1.05535997862988,28.9701902954916,1.36641527899112,112.983433500012,4.28553639148474,576.168454606583,19.4942214392215
22.9,3.03351511221413,0.539205658537474,0.457237320209931,0.519436755973657,0.440415697862728,0.796531288117461,0.676446076170638,1.29052430439896,1.09811996582464,2.0013088160457,1.70588184717662,6.91130560759549,5.91233679840455,33.0994300565351,28.3646433015688,1.2333870842839,0.515859654490656,1.1164366823076,0.467427364133488,1.57270375971844,0.654825929139699,2.41578188420235,0.997086839045889,3.52424041423767,1.44423261646451,11.8903760754861,4.76931002956984,56.5127484687124,22.4633643971405,4.05780474978717,0.578033185444425,3.44015805993056,0.502388164143473,4.64226699131647,0.647389296983307,7.04271280633228,0.917278377364118,9.82498129706568,1.20897209110689,34.1315733260948,3.45288787120715,166.482579769494,14.5013182010843,12.3677912244581,0.69381698740203,9.99499545532978,0.58719606073971,13.5113884532575,0.743370155732084,21.1119683793307,1.05537667641474,29.2644104424421,1.36585108077221,114.239534601935,4.28319532897286,582.745744349188,19.4850210596049
23.1,3.04677259449433,0.539919254342782,0.457470488451734,0.520058659645351,0.440589047648365,0.797334951251756,0.67659180890363,1.29167217144539,1.09820818082628,2.0028564985804,1.70582265923061,6.91617948930066,5.91171405940362,33.1219506712085,28.3647245046765,1.2382031120969,0.51633633356439,1.12040729953935,0.467877339075125,1.57802749655429,0.655196309593964,2.42358949520633,0.997317394000133,3.53479444959618,1.44456112369983,11.9250237150159,4.76757226320736,56.6588784407595,22.4594889133546,4.08387084047425,0.578749033029932,3.46166241603845,0.502945705080385,4.67082820479069,0.648078093292629,7.08653448762607,0.917858459508572,9.88529077863318,1.2094956771319,34.3650078734914,3.45619256122511,167.666657881868,14.5000549724133,12.4929380688057,0.69413126179812,10.0907608427493,0.587413659786591,13.6422442304147,0.743494283178999,21.3249324321326,1.05541175472557,29.5594695437686,1.36556438626251,115.505227482134,4.28098595364454,589.487061875237,19.471022166004
23.3,3.05994769899606,0.540627565621232,0.457703453582769,0.520675953672183,0.440745933097461,0.79813265351312,0.676713122758441,1.29281153985902,1.09828787047073,2.00439272726189,1.70578016080873,6.92101756909365,5.91128799690494,33.1443064458973,28.360187393469,1.24308781574939,0.516959486274496,1.1247401550006,0.468402954435498,1.58364795318119,0.655766757609139,2.43163884578216,0.997707528124563,3.54584260364935,1.4444539791074,11.9648303496844,4.76955134299784,56.9186341320602,22.4463677490562,4.10986068004549,0.579310116240848,3.4826714072465,0.503415595407264,4.69900305071236,0.648549348864359,7.13024997576803,0.918565827020208,9.94547488104856,1.20973092771257,34.5986242920529,3.45793664708866,168.862867194812,14.4998178405943,12.6182413586893,0.694481606677318,10.1881573135059,0.587668547749957,13.7749415636172,0.743542574096877,21.5382163683876,1.05523016376159,29.855013385197,1.3649677650113,116.77501223578,4.27826213507859,596.269958249033,19.4431133744952
23.5,3.07304170450231,0.541330671368219,0.457931734274835,0.521288706972232,0.440913203746946,0.798924484076928,0.676837285315129,1.29394253668848,1.09839160057978,2.00591767328789,1.70576225829116,6.92582038014934,5.9107499194335,33.1664998317418,28.3558867320895,1.24784474499295,0.51777877071013,1.1288285240673,0.46895033108268,1.5890060696077,0.656227393732838,2.43934365636196,0.998347348455512,3.55625298349896,1.44456576563532,11.9989172919983,4.77277877831684,57.0610470749017,22.4558278045999,4.13587119826414,0.579853111778834,3.50431619236009,0.503886716933822,4.72775421160161,0.649123895998161,7.17409658901868,0.91909752419665,10.0059774929479,1.21024610929871,34.8374204743877,3.45985503116487,170.198753711049,14.500593026981,12.7435767450913,0.694772742025967,10.2837718705921,0.58778030221116,13.9061404725494,0.743640765879317,21.7515307609531,1.05522829749062,30.1505107081655,1.36444693401547,118.041465783291,4.27447009204064,602.879977207783,19.4366197427503
23.7,3.08605585817664,0.542028648814115,0.458156151202622,0.521896986923797,0.441068079835549,0.799710530125068,0.676970629731681,1.2950652861434,1.09847860857484,2.00743150403084,1.70569327663249,6.93058844375749,5.91018400169528,33.1885332252812,28.355011767985,1.25260141379504,0.518310136434045,1.13332555462593,0.469820283798621,1.59450345700283,0.656936448494963,2.44708859126005,0.999311908836814,3.56676728800689,1.44509708780126,12.0343999116212,4.77215158749281,57.2358972468209,22.3852847665407,4.16174302096363,0.580429491669222,3.52439821002019,0.504266623781284,4.75508237966433,0.649451856543555,7.21763488854021,0.919570929402374,10.0659714831519,1.21076615306912,35.0719932239277,3.46098023407087,171.45377747799,14.4971209390714,12.8693344634764,0.695159051808494,10.3818599743686,0.588099995351874,14.0393461483264,0.743803701364087,21.9658784261633,1.05526316111484,30.4478222857196,1.36382566718521,119.331219862272,4.27161260036942,610.028030532,19.4184780549847
23.9,3.09899137663361,0.54272157347657,0.458378143275268,0.522500859410999,0.441241751140567,0.800490876904999,0.677093313777343,1.2961799096785,1.09856327346907,2.00893438315132,1.70564667715274,6.93532226967451,5.91000863328229,33.2104089700698,28.3510068141864,1.25722370258722,0.518642969020666,1.1370361228351,0.46989988430415,1.59941423385224,0.657116731294394,2.45447157766599,0.999549916885744,3.57660947715199,1.4458010364526,12.0638097068558,4.77264840266098,57.2850616962373,22.383030816885,4.18740640401352,0.581030752992273,3.54541216981693,0.504821129577282,4.78307522862261,0.649932452165243,7.26070723560977,0.919991165154783,10.1251566153879,1.21132133673838,35.2988206332558,3.46213865194709,172.528245002709,14.5101922635458,12.9952431744189,0.695486431353519,10.4799763662513,0.588296350180658,14.1729306930612,0.743985811450254,22.1805530866444,1.05531046311543,30.7456398713702,1.36354868730021,120.625674590613,4.26990922987387,617.227564177488,19.4086967684972
24.1,3.11184944696331,0.543409519210856,0.458609311679695,0.523100388867702,0.441397890772729,0.801265607786665,0.677221333359783,1.29728652607458,1.09867243004933,2.01042647070714,1.70560353273654,6.94002235646192,5.90941559690524,33.2321293582336,28.3471462414863,1.26194364556578,0.519415789527552,1.14128642349066,0.470641111799752,1.60487853856851,0.657623361444745,2.46218425212061,1.00023497917138,3.58711468733394,1.44570999303843,12.0999999447079,4.77350753631842,57.4815400083016,22.4234672441112,4.21311479769808,0.581741243999018,3.56671750577273,0.505371926142481,4.81138219440649,0.650497189686206,7.30397683704263,0.920438355124985,10.1847773945945,1.2118218956474,35.5320245983769,3.46395236953466,173.766252842942,14.526822031948,13.1214346557009,0.695630386874984,10.5797772252373,0.588471411754405,14.3078425331497,0.744121569633802,22.3958994850811,1.05526810090866,31.0446306602166,1.36290491550099,121.935260524961,4.26623142466529,624.78433367096,19.3975824212803
24.3,3.12463122771235,0.54409255825839,0.458817427453436,0.523695638319834,0.441558540608537,0.802034804317267,0.677352615771481,1.2983852515166,1.09875197970111,2.01190792325848,1.70560008661885,6.94468919181252,5.9089758385853,33.253696631966,28.3465599459474,1.2666750366991,0.519947985795327,1.1451502006666,0.471111955406083,1.61003236560236,0.658051862417136,2.46996936746083,1.00053225181165,3.59778583447552,1.44619612532322,12.1381844145878,4.77397744988849,57.7236559899817,22.3923150897757,4.23872886655743,0.582134820081737,3.58777952263336,0.505845231624981,4.83946341050006,0.650890479183824,7.34707683159076,0.920612108670937,10.2441414739313,1.21183383192572,35.7636667278146,3.46469766975716,174.97271990192,14.5325945148799,13.2475986774005,0.695932771864375,10.6760088228786,0.588535116709725,14.4396280277149,0.744223473775869,22.6110266373413,1.05510564206434,31.3430838485629,1.36222408731231,123.233661972809,4.26344101637744,632.000708665582,19.3929063513689
24.5,3.13733784982348,0.544770761293476,0.459035361786071,0.52428666942617,0.441717768350647,0.802798546274143,0.677475866369167,1.29947619966888,1.09883584180852,2.01337889396927,1.70551817439118,6.94932325286462,5.90837156207655,33.2751129849714,28.3414138831191,1.27123217546246,0.520631092672635,1.14888675567566,0.471370512177271,1.61491402445146,0.658395548585828,2.47727762326053,1.00120353605699,3.6075631252669,1.44667301241701,12.168150727376,4.77322922043986,57.7935530823991,22.3847101385647,4.26433049645812,0.582766323992658,3.60854663800488,0.506319047064951,4.86734868637733,0.651402218364002,7.39023305572432,0.921026212132,10.3036801704406,1.21252206932715,35.9988196818147,3.46559549126954,176.271780104706,14.5439165439075,13.3738709707577,0.69623844263131,10.7725626620329,0.588610659561017,14.572013044524,0.744474553884302,22.8263350511027,1.05523217792104,31.6417484877768,1.36193737228514,124.531790744159,4.25997535893589,639.135642014378,19.4017475461937
24.7,3.14997041753616,0.545444197468396,0.45925894798406,0.524873542517647,0.441873330068212,0.803556911715653,0.677616855322476,1.3005594817476,1.09892365322012,2.01483953270485,1.7054932142385,6.95392500650543,5.90802839749633,33.2963805638598,28.3397502734687,1.27570402295558,0.521319993915412,1.15289630093271,0.472136682859399,1.61994806058324,0.65895119327742,2.48436691424018,1.00153767556087,3.61694269396271,1.44680429620017,12.1946520395406,4.7733361314907,57.7935995303575,22.3993880252059,4.28969076085529,0.583493417025824,3.62898678029286,0.506653414704316,4.89482230725045,0.651770332152551,7.43279490644945,0.921551212057982,10.3621616752596,1.21280642309243,36.2231914365623,3.46637165807831,177.328775949631,14.5703155984188,13.5003824783526,0.696563474583272,10.8699619075089,0.588829804920572,14.7053752080506,0.744408620942257,23.0421615070556,1.05519415908614,31.9412516781108,1.36130014284736,125.838770356325,4.25720169034884,646.437086325823,19.3916031540777
24.8999999999999,3.16253000924978,0.54611293445687,0.459473409585199,0.525456316635288,0.442036623919153,0.804309977030328,0.677736364104455,1.30163520659077,1.09901955197003,2.01628998612623,1.70545803098216,6.95849490966314,5.90747749237028,33.3175014694866,28.3363331485121,1.28032078669554,0.521954882343245,1.156599572679,0.472459686549981,1.62494179916411,0.659132935541419,2.49192373436999,1.00224470335593,3.62724879461005,1.44729810149333,12.2304503323126,4.77629518264321,57.993464104667,22.4200552589915,4.31505306544216,0.584184112264441,3.64977172887908,0.507203190626853,4.92256332190177,0.652228546408446,7.47544920532678,0.922243520519905,10.4208772894277,1.21347214743791,36.4515693404844,3.46874036214714,178.485376310564,14.59640674339,13.6269031692643,0.696887353908854,10.9657577207882,0.588914164558664,14.8368385897993,0.744332538078402,23.2578658556006,1.05515571388731,32.2403917573695,1.36082214638235,127.136785477329,4.2550475966693,653.446690154668,19.3787239840315
25.1,3.17501767835158,0.546777038495975,0.459691864481453,0.526035049566762,0.442183327023957,0.805057816984178,0.677856609581116,1.30270348072558,1.09911380167181,2.01773039778086,1.70541576035599,6.96303340958879,5.90716797423499,33.3384777582504,28.3331678550284,1.28496950316601,0.522509697841367,1.16051362959391,0.472766187101212,1.63013025815767,0.659641232892937,2.49960820210913,1.00246933153972,3.6378239919362,1.44734050225831,12.2691931681485,4.774988958403,58.2588318951536,22.3958177833917,4.34044972250896,0.584861009712483,3.66997864591014,0.507742138428954,4.94979972923003,0.652673018248617,7.5182738675366,0.922981231318999,10.4799772804728,1.21399315310246,36.6857807733573,3.47052287548677,179.792256929741,14.6105765213948,13.7531970242556,0.697035641774049,11.0629180185599,0.589078452802871,14.9693687331917,0.744283217939101,23.4727503283342,1.05495080629732,32.5378473295477,1.36038429262142,128.405766708494,4.2533252214985,659.662641243897,19.3563403568291
25.3,3.18743445401091,0.547436574426594,0.459895838752802,0.526609797881664,0.442337066177892,0.805800504766444,0.67798337860381,1.30376440843357,1.09917331016117,2.01916090819038,1.70537378813845,6.96754094412839,5.90667799694677,33.3593114433398,28.3333371139686,1.2895927963678,0.523213432634315,1.16446543802026,0.473370362210266,1.6352865759554,0.660174881725676,2.50724987084565,1.00319828351936,3.64833977302133,1.44781418066922,12.3077197088234,4.77519694202129,58.5230000023037,22.4022842060146,4.36566376817057,0.585528649865921,3.69052827381877,0.508267423225783,4.97714193895694,0.653115900990202,7.56071980202591,0.923669310759588,10.5384357768747,1.21442395670688,36.9141658190347,3.47204921559039,180.958810980118,14.6172547568509,13.8798532874246,0.697308267559118,11.16282653174,0.589408131022748,15.1048211763927,0.744430181069174,23.6885655040606,1.05482226344482,32.8369809336146,1.36023870163751,129.69793516833,4.25111781684484,666.439841932058,19.3334962620192
25.5,3.19978134194163,0.54809160573244,0.460103352234843,0.52718061696557,0.442495654151788,0.806538112033659,0.678102180570446,1.30481809181332,1.09928763466577,2.02058165493521,1.70535288593966,6.9720179419852,5.90624488923292,33.380004495938,28.3290652694031,1.29413165852053,0.523815502658733,1.16806866665676,0.473668884576902,1.64021176652932,0.66077939102215,2.51467649255056,1.00333126122083,3.65846507780389,1.44808609785985,12.3428463419355,4.77515537656924,58.7178449212906,22.3843905051132,4.39078060561119,0.586236143145355,3.71150458492405,0.508735193481034,5.0048557837086,0.653563310780362,7.60301984078173,0.924309996220525,10.5966837080719,1.2149898170302,37.141530416093,3.47423027648838,182.094323613564,14.635882480439,14.0068884627116,0.697657090006058,11.2592902801688,0.589623443153881,15.2371810992758,0.744548877474246,23.9054044394542,1.05480816370053,33.1379631957606,1.35969702816362,131.015823174916,4.24863445319219,673.805304750239,19.3151713099801
25.7,3.21205932513399,0.548742194577741,0.460316735739583,0.527747561052891,0.442636915012616,0.807270708952219,0.678221574577936,1.30586463084113,1.09935624112243,2.0219927727361,1.70528441742335,6.97646482297336,5.90579274494273,33.4005588463911,28.3275609021969,1.29856305117059,0.524326477413594,1.17189952157991,0.474011475190139,1.64514738692427,0.661024263086285,2.5218133165902,1.00389541917543,3.66805385189338,1.4484196562644,12.3731253465995,4.77733441213871,58.8128570905006,22.3599677659407,4.41583880148707,0.586804755215244,3.73160126146501,0.509156343368822,5.03180452810153,0.653957754636859,7.64519402522643,0.924668837979574,10.6547405930156,1.21545133257358,37.3677162356869,3.47577263719918,183.217865482083,14.6412066939323,14.1336128424557,0.697870031503566,11.3565963818967,0.589731654071664,15.3700698771011,0.744648508943738,24.1212515821027,1.05459786577054,33.4369430872175,1.35917928893821,132.2999430469,4.24581653576507,680.2154520901,19.3004432202828
25.9,3.22426936455762,0.549388401843609,0.460518945825447,0.528310683258621,0.442791540625772,0.807998364239494,0.678340661445999,1.3069041234295,1.099452270988,2.02339439353315,1.70526828195621,6.98088199826253,5.9054213471452,33.4209763853278,28.3281317507904,1.30298975948955,0.524826619997646,1.17593715998923,0.474537813512055,1.65028670051081,0.661354055159544,2.5289675617006,1.00417931368075,3.67769870307262,1.44816526659634,12.4042843897014,4.77710294006983,58.9297580412652,22.3959041136861,4.44084028441328,0.587445848555841,3.75113215589563,0.509508673122204,5.05834456030538,0.654425014456165,7.68729737236517,0.92537308166846,10.7127223978951,1.21600925069577,37.5943241453036,3.47758278814703,184.355641400828,14.661261930848,14.2608722434156,0.698271923257347,11.4558814906352,0.590033399825134,15.5050478894214,0.744849024972787,24.3385009236645,1.05444622030268,33.7384704674645,1.3586595727497,133.619934489498,4.24344737473237,687.502749311811,19.2586121691881
2.1,0,0,0,0,0,0,0,0,0,0,0,0,0,0,0,0.230885678560463,0.177259125993644,0.256407108147429,0.196508905911618,0.449236521746071,0.343985485194163,0.785793041283502,0.599101840453359,1.31738004238815,1.00391597020955,4.72689194434731,3.59144750170835,22.9796106734917,17.4116765810541,0,0,0,0,0,0,0,0,0,0,0,0,0,0,0.191727348216033,0.130143515729005,0.228582669311044,0.155470656007658,0.42015030248873,0.285704886565588,0.75518701043147,0.512221706877545,1.29091428780333,0.873549456005421,4.88093042317216,3.26613898049632,24.1758322991501,15.9115376072128
2.3,0,0,0,0,0,0,0,0,0,0,0,0,0,0,0,0.273728429012647,0.207138415403575,0.292451224863832,0.220927747751014,0.497432361127354,0.375869916098882,0.856153209094425,0.646409282087746,1.41267286422718,1.06350424027478,5.02638503530571,3.76915467409406,24.333538241135,18.1873080739262,0,0,0,0,0,0,0,0,0,0,0,0,0,0,0.291193439117546,0.188335784793854,0.305339151736446,0.197364348064008,0.526482818999386,0.340081779827871,0.916048605136729,0.588300322275136,1.50832650429705,0.961690950831533,5.57022933787264,3.49413331311223,27.5178036080977,17.0037368548648
2.5,0,0,0,0,0,0,0,0,0,0,0,0,0,0,0,0.308320612331081,0.230993961449979,0.322510282959517,0.241552496449896,0.536809848065943,0.401389533597868,0.913062906360968,0.681167687164313,1.49003621475016,1.10895936459726,5.27518600681505,3.90633283564818,25.5884147493934,18.8288102775573,0,0,0,0,0,0,0,0,0,0,0,0,0,0,0.381009474993935,0.231541455288794,0.378046722494227,0.229911515686096,0.623758443274503,0.379120433427516,1.05976594877786,0.642215889897731,1.70133165140631,1.02002086242834,6.16438767543999,3.66357746515677,29.9766060381918,17.7459314356582
2.7,0,0,0,0,0,0,0,0,0,0,0,0,0,0,0,0.336581866618633,0.248349233357513,0.346478582826758,0.255535778634318,0.568677858684155,0.418938142975406,0.958954530281333,0.705831360151493,1.55176633850979,1.13970679167031,5.46397827848654,3.99530093565868,26.2989994900865,19.1995252321891,0,0,0,0,0,0,0,0,0,0,0,0,0,0,0.464315449839804,0.267312663014839,0.446076401017478,0.256905088653651,0.714650482716333,0.410062158282985,1.1939346813223,0.682992872710805,1.88210892089791,1.07032648162701,6.73393521088715,3.77332203182019,32.4343539395169,18.0756477903781
2.9,0,0,0,0,0,0,0,0,0,0,0,0,0,0,0,0.3608970892823,0.262197797668784,0.366811504988248,0.266731481811075,0.595859420295617,0.433133142395225,0.99901410959809,0.723679140600165,1.60636373761352,1.16214911045122,5.64294175041743,4.07015577743464,27.2584339265908,19.5084750509574,0,0,0,0,0,0,0,0,0,0,0,0,0,0,0.544158402087707,0.296271895946019,0.511717313523234,0.278782350916926,0.801818911715768,0.434720940075135,1.32304216806147,0.714003193084574,2.05673128674258,1.10136163745665,7.29872035126324,3.8393645069605,35.1494554577517,18.3909449854351
3.1,0,0,0,0,0,0,0,0,0,0,0,0,0,0,0,0.382216230612505,0.273141354737081,0.384681879113186,0.275073852016244,0.619567588276091,0.442128694558985,1.03391320208718,0.737342534796124,1.65359119542687,1.17577165165326,5.79268158498934,4.10145052497982,27.9149360709325,19.6552313760609,0,0,0,0,0,0,0,0,0,0,0,0,0,0,0.621868967195008,0.32178406362992,0.577338345381363,0.298679338630334,0.887919063813624,0.457091269869613,1.44929545458183,0.740598425486296,2.2278926012381,1.13018013611163,7.86229389595447,3.89531412684192,37.9309891117791,18.3752116431732
3.29999999999999,0,0,0,0,0,0,0,0,0,0,0,0,0,0,0,0.401602906313742,0.28278588961764,0.401446454893455,0.282688610735271,0.641643968101072,0.451409701098609,1.06577692394712,0.749090735797939,1.69683568967157,1.18948382309947,5.93211699807627,4.13251962850324,28.5663398121607,19.8319413707021,0,0,0,0,0,0,0,0,0,0,0,0,0,0,0.698159553968022,0.343184671128899,0.641788207243997,0.315315503914047,0.972040470841918,0.474799397103299,1.5721026861504,0.761898202825644,2.39328759132029,1.1473207393083,8.38751802328835,3.94258809801175,40.0715685049369,18.4741573126454
3.49999999999999,0,0,0,0,0,0,0,0,0,0,0,0,0,0,0,0.419492400396512,0.290472040657943,0.416758148904313,0.288863371290639,0.66168757682531,0.458333569147001,1.09506596607858,0.758014563826911,1.73638750825918,1.19903706085074,6.05656188121834,4.16293726566123,29.0503877320595,20.0651269141856,0,0,0,0,0,0,0,0,0,0,0,0,0,0,0.774109732554019,0.361961690284244,0.706539859086214,0.331204394646962,1.0568055325047,0.490603716093292,1.69541744295438,0.780518844479302,2.56059058652865,1.16549224171584,8.94463249306685,3.97034427557371,42.9050717423867,18.5364673392915
3.7,0,0,0,0,0,0,0,0,0,0,0,0,0,0,0,0.436493442143621,0.298300429407087,0.430855863575746,0.294512156780375,0.680752723614737,0.464427826761652,1.12324277439146,0.76569074634045,1.77483921548683,1.20796543149451,6.18451080893308,4.18456513839512,29.7117174862481,20.0944926857578,0,0,0,0,0,0,0,0,0,0,0,0,0,0,0.848974988436829,0.378934044794052,0.769747693511105,0.343866945408458,1.13954350966809,0.504868849863898,1.81739404330072,0.795230353633627,2.72605641044437,1.17921584752887,9.49704159619164,3.98479382654998,45.5241389648548,18.6581238226257
3.9,0,0,0,0,0,0,0,0,0,0,0,0,0,0,0,0.452699767280225,0.304893412560188,0.4446326218919,0.299439959146925,0.699057584400483,0.470138217613478,1.14996017017888,0.772359797209009,1.81115913851217,1.21341980521233,6.30323344286068,4.20133169100991,30.2744367943959,20.1379762301325,0,0,0,0,0,0,0,0,0,0,0,0,0,0,0.923428097179032,0.392526803312123,0.831444374683768,0.354616466143618,1.22115099026495,0.516738298302135,1.93872439973522,0.808176635273246,2.89053872532398,1.19006182169557,10.0455685825733,4.00228770569502,48.0057769727398,18.8062432706629
4.10000000000001,0,0,0,0,0,0,0,0,0,0,0,0,0,0,0,0.468251458922237,0.310684489445678,0.457774768932495,0.303493027418553,0.716500516599268,0.47506118836697,1.17566982654494,0.777464234486293,1.84617473729561,1.21892802377035,6.41899271510582,4.21893321468157,30.8435941308685,20.1120204125673,0,0,0,0,0,0,0,0,0,0,0,0,0,0,0.998360373345881,0.40622597796371,0.893832897879757,0.364431371921487,1.30368756253626,0.528057474880568,2.06155904859062,0.820165066074326,3.05789516601594,1.20053301526875,10.6228262001655,4.01682292993084,51.019685536247,18.9189478138569
4.3,0,0,0,0,0,0,0,0,0,0,0,0,0,0,0,0.483382742181636,0.316202106782943,0.470210238346669,0.307761960102195,0.733394467001297,0.479628006929504,1.20071616753335,0.783897022563362,1.88036703649698,1.22334922574987,6.53358877933269,4.21853979906794,31.4490916584197,20.1855382066749,0,0,0,0,0,0,0,0,0,0,0,0,0,0,1.07342679728771,0.418323763670741,0.957309477439475,0.374179810618812,1.38687299569423,0.536801011226239,2.18485199324141,0.830240155507773,3.22602214981454,1.20763979559246,11.2078117722595,4.03740424232986,54.0957237714697,18.9982786663979
4.49999999999999,0,0,0,0,0,0,0,0,0,0,0,0,0,0,0,0.497946383052432,0.321372232100108,0.482769914270669,0.311830519909604,0.749799960382015,0.483328200791138,1.22461444225319,0.788061986396674,1.91273037536763,1.22764214421621,6.63771232761233,4.2294233105819,31.8872097670116,20.2724571178517,0,0,0,0,0,0,0,0,0,0,0,0,0,0,1.14808178192731,0.429545383211773,1.02116443881756,0.383075506389072,1.47008674840602,0.54580990611337,2.30705108307098,0.840801496511683,3.3920132227298,1.21475056548033,11.7730803962662,4.04682976019164,56.6617388320341,19.0232925248838
4.69999999999999,0,0,0,0,0,0,0,0,0,0,0,0,0,0,0,0.512264712250227,0.326596554449393,0.494715892053917,0.315384022305819,0.765783923878225,0.487558426299009,1.24838244755845,0.792479146549543,1.94525076722468,1.23082241833691,6.74829767483623,4.23563792510399,32.4977808404613,20.1913242248628,0,0,0,0,0,0,0,0,0,0,0,0,0,0,1.22327506998318,0.439464917802719,1.08501408887909,0.392256854396607,1.55372684928056,0.554153746143548,2.430613536492,0.850100549030474,3.56044050622279,1.22346846972484,12.3609297645201,4.05404859187773,59.6392008363879,18.9872196462355
4.89999999999998,0,0,0,0,0,0,0,0,0,0,0,0,0,0,0,0.526136724899066,0.331184499956157,0.507121236393469,0.319262471800532,0.781701166834726,0.491797688490805,1.27120183812567,0.796900626227798,1.97621864167052,1.23388662828364,6.84932955723904,4.24493535216222,32.9477041099577,20.3981436597869,0,0,0,0,0,0,0,0,0,0,0,0,0,0,1.29872037987171,0.448780462390281,1.1470887613637,0.398283765919461,1.63616595142632,0.560050004838091,2.55479762285879,0.856905356119149,3.7298326333472,1.2287418440919,12.956348119921,4.05456708941478,62.6591211347118,19.0045560826325
5.1,0,0,0,0,0,0,0,0,0,0,0,0,0,0,0,0.539610855764667,0.33553303425952,0.518347668695621,0.322418298763645,0.796637731682765,0.494588940663842,1.29326248025821,0.800259918237855,2.00601123640694,1.23774348269763,6.9440551741638,4.24745956964431,33.2989680729809,20.323283776865,0,0,0,0,0,0,0,0,0,0,0,0,0,0,1.37413083298437,0.457567020629005,1.21013915515675,0.404856259387628,1.71947209313384,0.56668689254608,2.67886100552002,0.864464231739179,3.89877076994442,1.23323980679046,13.5450310581588,4.05999700044336,65.3822965259009,18.9592135268183
5.30000000000003,0,0,0,0,0,0,0,0,0,0,0,0,0,0,0,0.552942300577827,0.339650026656703,0.529891509451459,0.325615229057634,0.811816886669766,0.497699528840663,1.31534930348292,0.804570078228656,2.03616586197362,1.24069653699109,7.04584443139081,4.25729621743416,33.826334648126,20.255074383788,0,0,0,0,0,0,0,0,0,0,0,0,0,0,1.44974195003425,0.466044073044242,1.27315123147866,0.411523861021615,1.80258701796683,0.572433661660703,2.80310155117407,0.870085845179847,4.06773176761754,1.23737514158724,14.1299077017357,4.05787847878388,67.9264853342493,18.8984663531102
5.5,0,0,0,0,0,0,0,0,0,0,0,0,0,0,0,0.565883635255963,0.343689145360305,0.540352845260224,0.328409658027485,0.825901530797152,0.500252353772822,1.33648862568426,0.807616778070881,2.06467701033042,1.24288932595812,7.13599194696483,4.2595181974595,34.1456690107739,20.2723503914115,0,0,0,0,0,0,0,0,0,0,0,0,0,0,1.52589509997531,0.473123194976493,1.33664955204107,0.417256716872294,1.8863527108469,0.577862102810912,2.92878357978774,0.876169489688098,4.23919716607258,1.24066458401022,14.7372766276795,4.06031309569789,70.8254946946217,18.9068046380372
5.70000000000002,0,0,0,0,0,0,0,0,0,0,0,0,0,0,0,0.57877057111989,0.347484478216186,0.551529004840792,0.331174358701755,0.840564749026248,0.503546556358182,1.35787507525382,0.810684631676694,2.09395546456367,1.24545125276769,7.23647140117649,4.26598777504636,34.7074912223646,20.2926966846586,0,0,0,0,0,0,0,0,0,0,0,0,0,0,1.60254448121776,0.480295920452735,1.40250871962893,0.423194223777793,1.97241574056545,0.583273025135917,3.05576033257369,0.881534572006473,4.41285968440056,1.24421795417919,15.3639605669498,4.0638868167326,73.999820324856,18.9327959673254
5.89999999999996,0,0,0,0,0,0,0,0,0,0,0,0,0,0,0,0.591432756370774,0.350788373112575,0.561795597910754,0.333556314024201,0.854532456259251,0.506273272805073,1.37890611677189,0.813483879779747,2.12277769738418,1.24780026548736,7.33606796532926,4.2665908667543,35.2800987102957,20.3143542323358,0,0,0,0,0,0,0,0,0,0,0,0,0,0,1.67952373864895,0.486453291189736,1.46609105688803,0.428076895574173,2.05686908432297,0.587682251533019,3.18361822160367,0.885913271477317,4.58796011704336,1.24806844678068,16.0029139170964,4.07028122778171,77.2934965944187,18.9238986229006
6.1,0,0,0,0,0,0,0,0,0,0,0,0,0,0,0,0.60362935346377,0.354918116548132,0.572156837550837,0.336780360336814,0.868162242698936,0.508864363060344,1.39872772846075,0.81642893083809,2.14939894009283,1.25029686022962,7.41840235385899,4.27180479929057,35.516429804599,20.293816075171,0,0,0,0,0,0,0,0,0,0,0,0,0,0,1.75668069222781,0.492481847520232,1.52922953094196,0.432151029586221,2.14104571962742,0.592305815179822,3.31136871303359,0.890238375932455,4.76239979723757,1.25055111238187,16.6284075970148,4.07389459787114,80.1784340569929,18.8557294628228
6.3,0,0,0,0,0,0,0,0,0,0,0,0,0,0,0,0.615740225451696,0.357771949684668,0.582362875693075,0.338589834174241,0.881630233595083,0.510922556274676,1.41862445856615,0.819521003025553,2.17639746594748,1.2520357554219,7.50702688562881,4.26933914449863,35.9074102684841,20.3386550441659,0,0,0,0,0,0,0,0,0,0,0,0,0,0,1.83445599511044,0.498180776227756,1.59474728521707,0.436667366539529,2.22728459967154,0.59709840658608,3.44038889894611,0.89490802322061,4.9388953703947,1.25250083902237,17.2703646712327,4.07291564527183,83.3364044068131,18.8124841387623
6.49999999999999,0,0,0,0,0,0,0,0,0,0,0,0,0,0,0,0.627892661160594,0.360964619204672,0.592580397218974,0.340854311431047,0.895280147309885,0.513565546420986,1.43899246669662,0.821636531148182,2.20455325518942,1.25426584697977,7.60902286560042,4.28249720672826,36.6013559956274,20.3010293660578,0,0,0,0,0,0,0,0,0,0,0,0,0,0,1.91288757573139,0.503582064231421,1.6596721181048,0.440991420295264,2.31334055982768,0.600764712157481,3.57063936856783,0.899943375525192,5.11733472916636,1.25531472036584,17.9271663870529,4.07338090624542,86.760607833902,18.7814491483762
6.7,0,0,0,0,0,0,0,0,0,0,0,0,0,0,0,0.639504165414257,0.364169021063403,0.602431247704204,0.343424331092802,0.908173987943682,0.516083880447521,1.45774511895065,0.824294872597388,2.22962011873185,1.25541476558371,7.68449175985854,4.27163546831699,36.7614324602399,20.3631148783969,0,0,0,0,0,0,0,0,0,0,0,0,0,0,1.99158892527499,0.508330506144149,1.72502211260236,0.444805435525152,2.39991409520569,0.604741026715525,3.70127529786166,0.903400254393694,5.29616248934482,1.25678388299217,18.5831791372284,4.07370792893967,90.0538988274725,18.7789313879098
6.9,0,0,0,0,0,0,0,0,0,0,0,0,0,0,0,0.651149065513549,0.367718406172374,0.612596384014505,0.346146238810954,0.921487118720739,0.518316608778829,1.47692384779241,0.827325131094969,2.25573763541942,1.25753219907813,7.77216021887967,4.27735819713088,37.1975580092024,20.2600633320978,0,0,0,0,0,0,0,0,0,0,0,0,0,0,2.07053797389618,0.5132640248125,1.78840134836245,0.44799901052169,2.48508833517854,0.608362883918674,3.83235176280524,0.906328960840467,5.47553253889581,1.25820069215396,19.2407821630407,4.07161067619696,93.2588388666665,18.6598007006672
7.1,0,0,0,0,0,0,0,0,0,0,0,0,0,0,0,0.662700619801316,0.369947812838473,0.622655781370573,0.347924365214321,0.934489923993016,0.520562681484443,1.4960914575459,0.82922191751564,2.28201958094867,1.25862308468444,7.8637837471502,4.28478695212672,37.7360215240169,20.3201511646161,0,0,0,0,0,0,0,0,0,0,0,0,0,0,2.15015824691661,0.517488166303306,1.85445274185834,0.451373416709369,2.57265214480461,0.611460084555059,3.96492116279605,0.909067684343775,5.65736087641109,1.2597888534926,19.9192397641475,4.07050870083748,96.8090357885143,18.6834519202943
7.3,0,0,0,0,0,0,0,0,0,0,0,0,0,0,0,0.673994463022521,0.372752765517825,0.63199783289531,0.349900485138512,0.947042450373835,0.522373759925178,1.51459330641198,0.831164270791283,2.30711292174795,1.25988735990204,7.94627244784602,4.28953830849567,38.1035995993991,20.4257976209251,0,0,0,0,0,0,0,0,0,0,0,0,0,0,2.23036609463308,0.522370653408821,1.9204883045129,0.454778224655718,2.66049940931661,0.614765911988161,4.09846618323366,0.912353835078833,5.8405664497068,1.2612479797235,20.605116054959,4.06264345780402,100.437729172727,18.6541659570056
7.50000000000001,0,0,0,0,0,0,0,0,0,0,0,0,0,0,0,0.685106536764195,0.37587840123468,0.641570476331338,0.351849746153651,0.959494889095896,0.524129570872556,1.53278568865958,0.833429947938696,2.33176741710777,1.26130928972441,8.02701342059056,4.28231240154831,38.4522085246437,20.4203696173025,0,0,0,0,0,0,0,0,0,0,0,0,0,0,2.31081717030055,0.526736152265989,1.98754328294851,0.458465883620648,2.74896467786934,0.618019420815072,4.23209371616312,0.915097436036817,6.0235035201324,1.26282587963738,21.281092299868,4.05819967980149,103.752710391552,18.5917113493465
7.7,0,0,0,0,0,0,0,0,0,0,0,0,0,0,0,0.696132676930575,0.378516421222795,0.650535956054797,0.354085869955617,0.971596844930933,0.52620383849544,1.55091384699732,0.835879171773277,2.35643886810032,1.26375217903218,8.10981606227302,4.29172488695915,38.8610131733792,20.3961319991167,0,0,0,0,0,0,0,0,0,0,0,0,0,0,2.39168560258793,0.530601818691334,2.05213889921169,0.460865492866963,2.83581215621766,0.619817243216054,4.36654127216821,0.917350722733999,6.20766040020388,1.26307728235279,21.9651117665881,4.05576260805929,107.134315544041,18.608327120244
7.90000000000002,0,0,0,0,0,0,0,0,0,0,0,0,0,0,0,0.706837618289171,0.381074862249233,0.659370637373169,0.355853628545799,0.983320944803352,0.528301911781975,1.56824621742632,0.838185938919331,2.37968400213529,1.26437940852278,8.1814365856039,4.28982836012142,39.051080908033,20.3269837588703,0,0,0,0,0,0,0,0,0,0,0,0,0,0,2.47284216758743,0.534005518503089,2.11970685622367,0.46413747797577,2.92525924634339,0.622764154051312,4.50148795171199,0.9202800114161,6.39242099652887,1.26350333898935,22.6501500377741,4.0502235638971,110.400320460363,18.5925747304937
8.09999999999999,0,0,0,0,0,0,0,0,0,0,0,0,0,0,0,0.717576452621392,0.383254088776504,0.668974073781265,0.357766391981783,0.995622405826125,0.530394062666271,1.5859771991205,0.839516985340853,2.40388541270022,1.26656809899301,8.26408490585664,4.29175004536191,39.4839033359185,20.3946999588659,0,0,0,0,0,0,0,0,0,0,0,0,0,0,2.55467264716185,0.537774057704041,2.18733377268231,0.467203220116922,3.01496565708997,0.625197721434025,4.63792546051644,0.922840139773692,6.57963695766851,1.26409749109254,23.3564366582882,4.04467837239945,114.03161054229,18.5059574848488
8.29999999999999,0,0,0,0,0,0,0,0,0,0,0,0,0,0,0,0.728198431859386,0.385845626467513,0.678209211430331,0.359654878440418,1.00777466316551,0.531826121934406,1.60353999489241,0.841901078275313,2.42788958509757,1.26810226843291,8.34673874170058,4.29065457137742,39.9319754461451,20.3475298051532,0,0,0,0,0,0,0,0,0,0,0,0,0,0,2.63684690460418,0.54131507670375,2.2536110874159,0.469731939991861,3.10366499285963,0.627425256003694,4.77501572455444,0.925232176167477,6.76776113342642,1.26581621609048,24.0675151373408,4.04462824402552,117.643837239453,18.4854927275344
8.50000000000001,0,0,0,0,0,0,0,0,0,0,0,0,0,0,0,0.738640933827362,0.388125257830477,0.686529456321277,0.361256331199169,1.01916953554942,0.533427427241853,1.62073392594268,0.843139749399019,2.45130035624271,1.26915312141183,8.42572935659872,4.29484214188315,40.3188049759677,20.3724162803276,0,0,0,0,0,0,0,0,0,0,0,0,0,0,2.71943033811817,0.544705366381155,2.32087714957924,0.472110233108378,3.19343430475689,0.629957825514437,4.91282483882169,0.927731688368818,6.95687324690944,1.26684151319441,24.7833480879273,4.04195096209227,121.249093534292,18.4149859950727
8.69999999999999,0,0,0,0,0,0,0,0,0,0,0,0,0,0,0,0.74896851755799,0.390157678823818,0.695286300485228,0.362713962321861,1.03063133216615,0.535417599832432,1.63775067894424,0.845111216595163,2.47448249730477,1.26954433537489,8.50424320243476,4.29327678069609,40.7081455459847,20.3160449927381,0,0,0,0,0,0,0,0,0,0,0,0,0,0,2.80265969164198,0.547787962868257,2.38990783332024,0.474812124619894,3.28499500155355,0.632323613453094,5.05202669205882,0.929805028696406,7.14821999497823,1.26708827168645,25.5176284743421,4.0386736276833,125.142355552891,18.4604690917181
8.89999999999999,0,0,0,0,0,0,0,0,0,0,0,0,0,0,0,0.759282519434872,0.392092756838877,0.703638506398778,0.364381101566046,1.04187264171196,0.53645036909483,1.65493596178235,0.847099133499362,2.49813283715917,1.27059719704856,8.58896634830336,4.29630847769471,41.2426569828093,20.3220872520624,0,0,0,0,0,0,0,0,0,0,0,0,0,0,2.88605868194734,0.551135490994026,2.45606595679314,0.476534042427493,3.37421574868055,0.634230422249254,5.19127685038049,0.931566196752748,7.33926420459998,1.26874337770655,26.2414050913574,4.03655270916011,128.657237293434,18.4647213539531
9.1,0,0,0,0,0,0,0,0,0,0,0,0,0,0,0,0.769251342397123,0.394219016312768,0.712383894616887,0.365436534072444,1.05328261203384,0.538517760673447,1.67117161377106,0.848864977801709,2.52001489623717,1.27081097447806,8.6586628444836,4.29470328598019,41.4742100296219,20.2475137549751,0,0,0,0,0,0,0,0,0,0,0,0,0,0,2.96990211194654,0.554251348120163,2.52451355143824,0.478794000773131,3.46536580629473,0.63637009487297,5.33121743631503,0.933280538985082,7.53119190813054,1.26936310568542,26.9675411088183,4.03305027357083,132.123179314645,18.4704433793697
9.29999999999998,0,0,0,0,0,0,0,0,0,0,0,0,0,0,0,0.779017877853294,0.397171337443969,0.720966194222087,0.367501080461929,1.06426768083088,0.540028803774584,1.68690024967201,0.850319162280643,2.54099991312409,1.27258258423495,8.72136975589476,4.29281534653687,41.5748148232232,20.3222180945877,0,0,0,0,0,0,0,0,0,0,0,0,0,0,3.05445640490378,0.557258122629058,2.59305055088715,0.481347402647938,3.55709709129218,0.638338128566379,5.47278697827089,0.934896139800001,7.72588261835482,1.27039987535867,27.7200767501363,4.03001616283246,136.09952515195,18.4520280832007
9.50000000000002,0,0,0,0,0,0,0,0,0,0,0,0,0,0,0,0.788969500361678,0.398781580667413,0.728609165029511,0.368510447121869,1.07482275250672,0.54104275404802,1.70341464282446,0.851295302689995,2.56365353396053,1.27434886633076,8.80127364462504,4.29991262279193,42.045905991579,20.3500672733997,0,0,0,0,0,0,0,0,0,0,0,0,0,0,3.13932448405271,0.560062283491541,2.66024423113801,0.483141360800466,3.64783765273522,0.639752026714407,5.61484951830025,0.936223440118526,7.92116934504068,1.27074399526315,28.4735301137081,4.03005776988424,139.988583701443,18.4178273699739
9.7,0,0,0,0,0,0,0,0,0,0,0,0,0,0,0,0.798704939853036,0.400703212207845,0.737110142436037,0.370321050086626,1.0858259845168,0.542597074624708,1.7193726867868,0.85329183104233,2.58530821751529,1.27524133521331,8.87318804378378,4.29781370143862,42.3639488066604,20.3970032582115,0,0,0,0,0,0,0,0,0,0,0,0,0,0,3.22443911954442,0.562590744268015,2.72934438583856,0.485145555814662,3.74025509197709,0.641295248416981,5.75734067426141,0.937924740347275,8.11693543839904,1.27105191072615,29.2265309340938,4.0283628496083,143.708777797018,18.364356465071
9.9,0,0,0,0,0,0,0,0,0,0,0,0,0,0,0,0.808528369717734,0.402714601182302,0.745640300599246,0.371663730164158,1.09707936348191,0.544034508227619,1.73579341914189,0.854817074911738,2.60799313869129,1.27589281143094,8.95640893917051,4.30033888367584,42.9327861174578,20.3182450094696,0,0,0,0,0,0,0,0,0,0,0,0,0,0,3.30986488253307,0.56485033995978,2.79779062119028,0.486678786413019,3.83215124320678,0.642771720269714,5.90036723447443,0.93947967709082,8.31339795601384,1.27122626853726,29.9818669763538,4.02817183685193,147.366238270401,18.3355730527619
10.1,0,0,0,0,0,0,0,0,0,0,0,0,0,0,0,0.817974790504992,0.40448692866626,0.753560985741111,0.373237816632825,1.10751130585065,0.545722779019515,1.7511229873911,0.856481198941213,2.62860950253677,1.27734499713595,9.02133357889111,4.30117490852777,43.1286604730201,20.3095581772812,0,0,0,0,0,0,0,0,0,0,0,0,0,0,3.39571803706992,0.566985240062678,2.86552561598436,0.488153226483078,3.92375842019826,0.644177483417493,6.04412145904929,0.940975590647946,8.51086259151441,1.27157267921956,30.741887226215,4.0259163847745,151.029874126953,18.3305768546167
10.3,0,0,0,0,0,0,0,0,0,0,0,0,0,0,0,0.82736645971557,0.406773166276209,0.761956077391525,0.374918782594019,1.11831076202109,0.547289522364501,1.76644361928519,0.858167618160039,2.64931321572196,1.27696365191948,9.08851264564507,4.29560584775777,43.3832176170526,20.394952718637,0,0,0,0,0,0,0,0,0,0,0,0,0,0,3.48220356980323,0.569088215559596,2.93551668075857,0.48964815291933,4.01759519592718,0.645567173889699,6.18923585394104,0.942142124222999,8.71052054480032,1.2718911697525,31.5207587505816,4.02046228189054,155.005149669339,18.3284053455999
10.5,0,0,0,0,0,0,0,0,0,0,0,0,0,0,0,0.83679597611712,0.408190106134312,0.769443886013401,0.376151593141833,1.12849856429997,0.548074792377614,1.78205409269309,0.859485669683073,2.67069500770326,1.27836035273956,9.1635688489692,4.30264220135627,43.8143756775961,20.3059854606223,0,0,0,0,0,0,0,0,0,0,0,0,0,0,3.56914151377249,0.571347267389634,3.00508884669075,0.491173335255558,4.11115215740439,0.647384439984253,6.33510667420929,0.943311977623588,8.91125144611068,1.27214208436229,32.3056240119364,4.01719965723083,159.049311620299,18.3330705068254
10.7,0,0,0,0,0,0,0,0,0,0,0,0,0,0,0,0.846111947000208,0.409857375596111,0.777395795216965,0.377046450896554,1.13889089136682,0.549347046117676,1.79745409628936,0.860163408637904,2.69175562218003,1.27866192991652,9.23690954575275,4.30275287789497,44.2188867671384,20.3314505546141,0,0,0,0,0,0,0,0,0,0,0,0,0,0,3.65647440127905,0.573760801077304,3.07480285130195,0.492735138951178,4.2049076314864,0.648935395719665,6.48157295760009,0.944533818105954,9.11272130858259,1.27234404679326,33.0917729723495,4.01775928628146,163.029433498548,18.3722197768917
10.9,0,0,0,0,0,0,0,0,0,0,0,0,0,0,0,0.855131090737817,0.411808540173011,0.7847077088692,0.378233708045389,1.14876978466701,0.550662597402343,1.81204258986358,0.862082080926784,2.71130526655569,1.28043520677673,9.29715933573285,4.3034325872043,44.3576306886702,20.4119765212337,0,0,0,0,0,0,0,0,0,0,0,0,0,0,3.74422920956745,0.575758393409547,3.14558927200909,0.494308063172208,4.2997074138843,0.649947106517886,6.62875216976272,0.945544230510428,9.31516570224894,1.27300678588956,33.8822939934476,4.01320980275583,167.010711610014,18.341273534809
11.1,0,0,0,0,0,0,0,0,0,0,0,0,0,0,0,0.864344404005479,0.413262582348413,0.792618121800552,0.379556561458373,1.15915003827459,0.551829798189609,1.82738570027279,0.86364133407267,2.73243131237828,1.28190736161941,9.3736166549552,4.30754628894011,44.8481325950424,20.4165957685062,0,0,0,0,0,0,0,0,0,0,0,0,0,0,3.83258702541916,0.578053208393971,3.2152732117958,0.495730556606048,4.39391620119717,0.65125676216521,6.77717966642845,0.946434301196278,9.51963341770691,1.27300549598491,34.6908225837776,4.01135279786163,171.33402419277,18.3414857158884
11.3,0,0,0,0,0,0,0,0,0,0,0,0,0,0,0,0.873260500570578,0.415155811385904,0.800210060186647,0.380904796107149,1.16900523543223,0.553500916109194,1.84189859158546,0.864440874928241,2.7520014233122,1.28205448970156,9.43641124151936,4.30172382969088,45.0607444934626,20.3109820786098,0,0,0,0,0,0,0,0,0,0,0,0,0,0,3.92119633276927,0.58010070802864,3.28641610132399,0.497180148463996,4.48934663591219,0.652399468397044,6.92597989168609,0.947766711260714,9.72448771834517,1.27306903100484,35.4978012989178,4.00700267572576,175.500281714462,18.3204110530454
11.5,0,0,0,0,0,0,0,0,0,0,0,0,0,0,0,0.882208022581838,0.416482659550156,0.807341810614537,0.381844309892624,1.17866732335624,0.554307402663041,1.85663739946718,0.865806672375071,2.77209814335147,1.28184338574393,9.50536167749795,4.30487194100205,45.4122837954733,20.2777844733179,0,0,0,0,0,0,0,0,0,0,0,0,0,0,4.01030763229582,0.582115644467163,3.3570044892559,0.498503828670415,4.58459228181385,0.653408619184484,7.07590422469301,0.948783748845932,9.93114746509005,1.27330942636569,36.3206382770055,4.00437939510087,179.900282475595,18.291518632015
11.7,0,0,0,0,0,0,0,0,0,0,0,0,0,0,0,0.891117641817879,0.418372717736028,0.815169332697165,0.383206907167079,1.18889417285792,0.555286872987621,1.87139356694529,0.866912113325442,2.79231751287707,1.2829047565965,9.57673921016168,4.30466776616254,45.8249732900811,20.3634607929212,0,0,0,0,0,0,0,0,0,0,0,0,0,0,4.09978387060965,0.584235814172943,3.42738624400803,0.5000323389564,4.67994037802768,0.654612187928408,7.2264373510034,0.950405929344573,10.1386180236304,1.27372396573058,37.1466461214512,4.00154125695683,184.275019803019,18.2641276391173
11.9,0,0,0,0,0,0,0,0,0,0,0,0,0,0,0,0.89988072495824,0.419701662695646,0.822562723778433,0.384387111877855,1.19864904914999,0.556559214986424,1.88579440829142,0.868064931654542,2.81191178244775,1.28327310706165,9.64321115910626,4.3058521619288,46.1431710217174,20.299466954861,0,0,0,0,0,0,0,0,0,0,0,0,0,0,4.18977643412637,0.586161424960678,3.4990178381204,0.501483785639864,4.77654440199215,0.655758443562385,7.37811510951621,0.951206746043517,10.3479629802463,1.27441611107102,37.9902333259536,4.00215906928356,188.960726571739,18.232696103192
12.1,0,0,0,0,0,0,0,0,0,0,0,0,0,0,0,0.908461795491401,0.421317010038835,0.829794405539834,0.385314117030793,1.20803741877579,0.557578268149892,1.8997449058805,0.868701520419656,2.83070293454581,1.28357279000181,9.70317262418721,4.30793871508239,46.3331669167518,20.2544124247975,0,0,0,0,0,0,0,0,0,0,0,0,0,0,4.27988505525591,0.588031373295307,3.57243374055976,0.502897875423896,4.87462294283375,0.657083956330146,7.529767795499,0.952394089205117,10.5569530535371,1.27443353613007,38.823153555838,3.99993143634384,193.282992518046,18.1736415339245
12.3,0,0,0,0,0,0,0,0,0,0,0,0,0,0,0,0.917165917556553,0.422972311584343,0.837431079884303,0.386530354270243,1.21800801319952,0.558508563921908,1.914205201255,0.870292516722664,2.85057109309604,1.28486886679916,9.77449901069323,4.30373127740449,46.7708367606263,20.2451703638325,0,0,0,0,0,0,0,0,0,0,0,0,0,0,4.37049398807376,0.589340665348605,3.6445758041231,0.504315469859468,4.97187056468999,0.658173082023766,7.68248951550014,0.953187638485036,10.7676534030819,1.27423488304819,39.6711580921552,3.99573504073512,197.853526242485,18.1330437907027
12.5,0,0,0,0,0,0,0,0,0,0,0,0,0,0,0,0.925726945511537,0.424491873129791,0.844838681218359,0.387869463483633,1.22768022879486,0.559542158804281,1.92832623378713,0.871486433814156,2.86984534547844,1.28658732869703,9.84119355915917,4.30499369724593,47.1187026119478,20.2543376637263,0,0,0,0,0,0,0,0,0,0,0,0,0,0,4.46134337308347,0.591025131600233,3.71570590944877,0.505241435002067,5.06835067367496,0.658939297234073,7.83555233200742,0.954044903465562,10.9786975608636,1.27394256630127,40.5172761321608,3.9935923839738,202.267822323143,18.0777425900164
12.7,0,0,0,0,0,0,0,0,0,0,0,0,0,0,0,0.93415685160678,0.425873963808709,0.851825684726523,0.388964092508165,1.23690384998307,0.560739172246175,1.94213024679272,0.87238894427527,2.88856539701579,1.28696770452456,9.90355722719341,4.30553248583499,47.3840481320528,20.2706830640199,0,0,0,0,0,0,0,0,0,0,0,0,0,0,4.55276562695693,0.592610217474731,3.78683169948124,0.506202752776813,5.1650026593937,0.659767171047781,7.98985787794314,0.955080417339065,11.1917538961797,1.27387594983938,41.3818036849419,3.9931234383741,207.005078521474,18.0890518680151
12.9,0,0,0,0,0,0,0,0,0,0,0,0,0,0,0,0.942484150397869,0.427309916388723,0.858860047264152,0.389684145082439,1.24618293001357,0.561941326998224,1.95571603388095,0.873427173947321,2.90692618833407,1.28743743546409,9.96345888836273,4.30586655132745,47.6052560535709,20.2417786941163,0,0,0,0,0,0,0,0,0,0,0,0,0,0,4.64449837012638,0.59400812243175,3.85988268066826,0.507374801820152,5.26356766630161,0.660604166364193,8.14471471151518,0.955523143910349,11.4055370456349,1.2736510318579,42.2489774401095,3.99016778423853,211.677066802602,18.0653259211288
13.1,0,0,0,0,0,0,0,0,0,0,0,0,0,0,0,0.950810923471727,0.428537451180565,0.866627212950843,0.391115010955286,1.25598488180409,0.563122596905466,1.96941288129098,0.87484755476779,2.92557660564768,1.28771736597962,10.0271671333898,4.30481975774955,47.9146671633623,20.3200212226808,0,0,0,0,0,0,0,0,0,0,0,0,0,0,4.73641004772932,0.595658988166012,3.93221895918596,0.50866351502076,5.3614321824029,0.661575927000749,8.29983676219352,0.956605384055072,11.619545350053,1.27337517646988,43.1132340046053,3.9889710565526,216.137078011537,18.0474544273702
13.3,0,0,0,0,0,0,0,0,0,0,0,0,0,0,0,0.959125414706487,0.42972536489978,0.872824080073113,0.392058244683262,1.26471685490623,0.5641508553503,1.98316324755928,0.875292356342703,2.94439717780817,1.28780201147379,10.0934589120935,4.3071348898652,48.2878358911767,20.3135934876236,0,0,0,0,0,0,0,0,0,0,0,0,0,0,4.82882246398608,0.597232357802777,4.0057989155772,0.509980353022915,5.4606429817021,0.662478004521124,8.45592396559496,0.957570802392814,11.8350542756992,1.27336847286735,43.9897862655306,3.9874717420117,220.820488247174,17.9981731110172
13.5,0,0,0,0,0,0,0,0,0,0,0,0,0,0,0,0.96729417474264,0.43124713437009,0.879644045642447,0.392694655686065,1.27372864915568,0.565026826434366,1.99653728986481,0.876594336315276,2.96253699528442,1.28834235591717,10.1540322827285,4.30671877415841,48.5474000777234,20.2941641135027,0,0,0,0,0,0,0,0,0,0,0,0,0,0,4.92151150223351,0.598527733988974,4.08138548991816,0.51141844922254,5.56164559598017,0.663686054447773,8.61248763063473,0.958315468904208,12.0511941513155,1.27342362449984,44.868746262556,3.98735623136324,225.460091623777,17.9742029420207
13.7,0,0,0,0,0,0,0,0,0,0,0,0,0,0,0,0.975347570350637,0.432219443284846,0.886282854364036,0.393565752383009,1.28247542398128,0.565770913741555,2.0096559889982,0.87750403567483,2.98024271149585,1.28813863552141,10.2113776510021,4.30196253214662,48.7451645553885,20.3004162115436,0,0,0,0,0,0,0,0,0,0,0,0,0,0,5.01456906419753,0.600308743322569,4.15492004471101,0.512436382029811,5.66106918346711,0.664819887741242,8.76982188138113,0.959117576441277,12.2685235360626,1.27365256697421,45.7574098963979,3.98386398860494,230.219386012054,17.9461376137444
13.9,0,0,0,0,0,0,0,0,0,0,0,0,0,0,0,0.983559932884221,0.433435484084858,0.893323098208962,0.394623331288752,1.29172582909408,0.566545307304574,2.02337256604392,0.878602362862142,2.99918243559737,1.28900309676278,10.2815363379492,4.30939301039897,49.2210103786145,20.291913904932,0,0,0,0,0,0,0,0,0,0,0,0,0,0,5.10806813976699,0.60173828037947,4.22793902619552,0.51333728048832,5.76023613388585,0.665338285049892,8.92799509133308,0.959640678945465,12.4871155721947,1.27372715034824,46.6554214427242,3.98210844593108,235.111595629236,17.9107493226093
14.1,0,0,0,0,0,0,0,0,0,0,0,0,0,0,0,0.991532447400109,0.435431537803849,0.900258608056093,0.395786992051943,1.30069334408037,0.567680010989563,2.03642750201584,0.879816430654234,3.01688436484395,1.29075847056913,10.3406061604471,4.30833202833613,49.4680297119691,20.1988948484957,0,0,0,0,0,0,0,0,0,0,0,0,0,0,5.20202193443247,0.603032674058306,4.30155796148648,0.514236278149589,5.86020683535336,0.666086638802277,9.08713698893407,0.960733069702297,12.7072708542285,1.27358870081006,47.5681309198556,3.97904935388521,240.272475338074,17.9163835389698
14.3,0,0,0,0,0,0,0,0,0,0,0,0,0,0,0,0.999476432451147,0.436343896888268,0.905986614312547,0.396474349055054,1.3089035143316,0.568044669515851,2.04947477316875,0.88036455258383,3.03462820486737,1.29141128373228,10.4009106631638,4.31206259687848,49.7488931981807,20.2856949650339,0,0,0,0,0,0,0,0,0,0,0,0,0,0,5.29608891793097,0.60416467057057,4.37748245118848,0.515141648774435,5.96199668613044,0.66682039312255,9.24617415273043,0.961358457747493,12.9268827105517,1.27348393475745,48.4659563430714,3.9753573502095,244.954069409982,17.9282095661182
14.5,0,0,0,0,0,0,0,0,0,0,0,0,0,0,0,1.00737399386656,0.437744765000383,0.913053483556096,0.397377878764576,1.31784123806595,0.569103102506084,2.06246540445927,0.881397367236493,3.05232226037508,1.29167267053266,10.4616276424392,4.30799097469744,50.0465611275355,20.3251118796339,0,0,0,0,0,0,0,0,0,0,0,0,0,0,5.39062823867622,0.605506157170846,4.45279238275085,0.516077471645788,6.06358811554799,0.667574509826564,9.40624463400182,0.962108377173296,13.1481809866659,1.27326297820136,49.3801145325798,3.97473125801374,249.937897287926,17.9268161627746
14.6999999999999,0,0,0,0,0,0,0,0,0,0,0,0,0,0,0,1.01518337784141,0.438734738797573,0.920065825428526,0.398499523286935,1.32685496850085,0.570239577549402,2.07525987508987,0.882078282211275,3.06968647563886,1.29250308656937,10.5199435187028,4.30595425522519,50.3000031487463,20.3014261862878,0,0,0,0,0,0,0,0,0,0,0,0,0,0,5.48546955692802,0.606797458845133,4.52856213212002,0.517142466480501,6.16556620032687,0.668350412517947,9.56678330467583,0.963011264572417,13.3700584597736,1.27262791019052,50.2950480935411,3.97369168713166,254.846088702098,17.9176750222651
14.9,0,0,0,0,0,0,0,0,0,0,0,0,0,0,0,1.02287062730878,0.440137461958404,0.926391680447386,0.39974395116879,1.33527236960841,0.571246184838506,2.08774960088948,0.883750196447307,3.08650629414067,1.29344368494771,10.5737378856551,4.30632409199036,50.4639154781356,20.2672863991825,0,0,0,0,0,0,0,0,0,0,0,0,0,0,5.58054225776444,0.608029412746756,4.60431576609734,0.518049790472684,6.26775121430248,0.669212618289694,9.72774676135935,0.96392744936738,13.5924778325288,1.27204526149697,51.2113230395247,3.97010063306513,259.648257295307,17.9308952983467
15.1,0,0,0,0,0,0,0,0,0,0,0,0,0,0,0,1.03075111887261,0.441389023242407,0.9334644683554,0.400505075160497,1.34444296682948,0.572027451013004,2.10092178137112,0.884206704396721,3.1047162673398,1.29287616251031,10.6418385782592,4.30795890390545,50.9391609612658,20.3039978977897,0,0,0,0,0,0,0,0,0,0,0,0,0,0,5.67590601908801,0.609266947896442,4.68003467028075,0.518917132310056,6.36986187088996,0.669834158484279,9.88919403056959,0.964289694684822,13.8155172558003,1.27161800637973,52.129100666326,3.96670602067106,264.376372877612,17.9217046765338
15.3000000000001,0,0,0,0,0,0,0,0,0,0,0,0,0,0,0,1.03846357255267,0.442440566213492,0.93927757403122,0.400811934737951,1.35249756949463,0.572207224040717,2.11365594845675,0.884605307371973,3.12212333443155,1.29342220642407,10.7029506819607,4.30871510039791,51.271473553762,20.2480477658414,0,0,0,0,0,0,0,0,0,0,0,0,0,0,5.77173658131619,0.610233551116964,4.75476517112941,0.519517154938489,6.47154307142488,0.670322213368345,10.0515939789158,0.964606122900137,14.0400611881139,1.27122107806418,53.0601801264109,3.9653208022702,269.340052925077,17.9161004786063
15.5,0,0,0,0,0,0,0,0,0,0,0,0,0,0,0,1.04606096907714,0.443239842823886,0.946038987779513,0.401654400412063,1.36114932827669,0.573512914152906,2.12611834851902,0.88572350124108,3.13905342275317,1.29367757445091,10.7602290553828,4.3071345585851,51.5274647269427,20.1852477224578,0,0,0,0,0,0,0,0,0,0,0,0,0,0,5.86799067743955,0.611636886988118,4.83013697312434,0.520282641085945,6.57393225496778,0.671307229981074,10.2149138098065,0.965234780807268,14.2660737457017,1.27117534651009,54.004830273919,3.96085141852049,274.521906607959,17.8978615125432
15.7,0,0,0,0,0,0,0,0,0,0,0,0,0,0,0,1.05351688072006,0.444352325604874,0.952331467410691,0.402592809710076,1.36938319177976,0.57398313538074,2.13823169908852,0.886429732356235,3.15535728576151,1.2941612000789,10.8122318746919,4.31337532413379,51.6762267585895,20.2412708879487,0,0,0,0,0,0,0,0,0,0,0,0,0,0,5.96440635676867,0.61274085212487,4.90435055932369,0.521022184110849,6.67539739531481,0.671733974931959,10.3783683374291,0.965938901050288,14.4920431404626,1.27079465361837,54.9419629585434,3.95852206338492,279.3895165967,17.8849268923285
15.9,0,0,0,0,0,0,0,0,0,0,0,0,0,0,0,1.06105206622918,0.445679205468691,0.959359152961358,0.403733664248224,1.3782670757127,0.57509101761775,2.15065749916273,0.887547165460437,3.17231824226781,1.29534568985033,10.8713250586367,4.31464674298284,51.9825027527516,20.2685411809492,0,0,0,0,0,0,0,0,0,0,0,0,0,0,6.06106109688756,0.613905327574022,4.98108973894591,0.521900315705156,6.77907191587924,0.672281553806144,10.54220614623,0.966343845501296,14.7184514768666,1.27059622586604,55.8783040685428,3.95444193238174,284.106004515188,17.9036085970296
16.1,0,0,0,0,0,0,0,0,0,0,0,0,0,0,0,1.0685789970905,0.446957195601581,0.965192950610326,0.404218776676868,1.38629209670659,0.575843063039216,2.16312748269806,0.888070195642274,3.18941362213892,1.29515418207051,10.932454432737,4.3098029409932,52.3386176613848,20.229072390974,0,0,0,0,0,0,0,0,0,0,0,0,0,0,6.15802565324966,0.614826459271037,5.05665539040917,0.52261523266441,6.88174774483199,0.672704148093131,10.7065247370552,0.966935783452578,14.9454614867006,1.27017799891754,56.815454687223,3.94975557381483,288.749424492601,17.9171967091907
16.3,0,0,0,0,0,0,0,0,0,0,0,0,0,0,0,1.07596822008247,0.447555951647674,0.971227452248446,0.405009320513306,1.39436610027654,0.576417433114512,2.17523545488092,0.888395250545908,3.20584607538901,1.29535049383958,10.9877748507513,4.31394188692059,52.5761345890298,20.2860910974657,0,0,0,0,0,0,0,0,0,0,0,0,0,0,6.25550288124859,0.615428256755705,5.13343963715866,0.523054486260496,6.98581900710513,0.672953136262622,10.8719061924618,0.966879882797908,15.1741965778058,1.26943574721269,57.769335686771,3.94678424499849,293.739061633361,17.909688231978
16.5,0,0,0,0,0,0,0,0,0,0,0,0,0,0,0,1.08322533278437,0.448506340713798,0.976841298018763,0.40556579667247,1.40200963482746,0.577245569095083,2.18701263864716,0.889723435307709,3.22168263389639,1.29575853211672,11.038011248527,4.31354129032455,52.7104424571309,20.3132822155289,0,0,0,0,0,0,0,0,0,0,0,0,0,0,6.35337280299198,0.616354923303971,5.20833815663462,0.52369641485056,7.08848101324557,0.673558056094317,11.038021181346,0.967489706961841,15.4040028384272,1.26930965314092,58.7302713869535,3.94470745491995,298.794900648385,17.8935495260559
16.7,0,0,0,0,0,0,0,0,0,0,0,0,0,0,0,1.09066347014356,0.449391856262056,0.98288622043681,0.406059542574784,1.41015457647111,0.577603499252211,2.19941413402846,0.890096728017978,3.23878339943918,1.29609200807076,11.1012927206071,4.31233166552073,53.1295160843073,20.3071197152121,0,0,0,0,0,0,0,0,0,0,0,0,0,0,6.45176847990336,0.617412745229531,5.28476298781558,0.524325548673538,7.19269231420983,0.673994780249591,11.2052436096638,0.968146538830794,15.6355910067497,1.26898709614033,59.7081708263951,3.94164691757998,304.172978093857,17.8908271262454
16.9,0,0,0,0,0,0,0,0,0,0,0,0,0,0,0,1.09798058501237,0.450227218785634,0.989481691206743,0.406948882762058,1.41858432045079,0.578445334094044,2.2115017323102,0.891087348543958,3.25531512869562,1.29718938941179,11.159673133145,4.30924009301826,53.4504345805763,20.2774857103068,0,0,0,0,0,0,0,0,0,0,0,0,0,0,6.55062808170359,0.618395401509807,5.36004440554868,0.524907099143909,7.2960724297375,0.674576276477997,11.3734076328328,0.968469451935443,15.86865480639,1.26865876524712,60.6991109462271,3.9397564562937,309.777993240115,17.8834049860256
17.1,0,0,0,0,0,0,0,0,0,0,0,0,0,0,0,1.10515235999494,0.451651521478879,0.995558380697335,0.407591352034644,1.42661467572786,0.579707145313556,2.22319897785798,0.891948971570371,3.27112559113396,1.29763639447907,11.2115931369747,4.31102443820854,53.6381432541865,20.3304017302196,0,0,0,0,0,0,0,0,0,0,0,0,0,0,6.64948082610576,0.619340930841818,5.43737429084765,0.525715079593793,7.40109627759313,0.675042873227119,11.5412668566106,0.968943413911724,16.1008714205242,1.26850074292414,61.6718217408959,3.93860734513513,314.798880522974,17.8682612389791
17.3,0,0,0,0,0,0,0,0,0,0,0,0,0,0,0,1.11237749616505,0.452391282297561,1.00176022996217,0.408443119187797,1.43469332200665,0.580099209457637,2.2351274326881,0.892656268188369,3.28743011462371,1.29827331451888,11.2690066493509,4.31061119837195,53.9482353161295,20.2872883897343,0,0,0,0,0,0,0,0,0,0,0,0,0,0,6.74892890212968,0.620180452841728,5.51502766708932,0.526428715161473,7.50658469368425,0.675647711238443,11.7105173650561,0.969083607553288,16.3354658664155,1.26845178845799,62.6714568071241,3.93677050908498,320.405384848392,17.8512071262273
17.5,0,0,0,0,0,0,0,0,0,0,0,0,0,0,0,1.1195464076522,0.453203041792214,1.00794686575888,0.409340624080709,1.44274382356403,0.58060556869233,2.24696503697543,0.893019851121342,3.30360708779981,1.29885814100627,11.3259210872583,4.31286332991015,54.2519226206072,20.2748085571813,0,0,0,0,0,0,0,0,0,0,0,0,0,0,6.84838217560272,0.621228084039277,5.59159487955943,0.526905661990989,7.61119419474968,0.6761271197878,11.8794383588399,0.969520097888846,16.5691508161017,1.26818757202774,63.6514073597658,3.93656598019265,325.407558776651,17.8229344324653
17.7,0,0,0,0,0,0,0,0,0,0,0,0,0,0,0,1.12666842266072,0.454774690509907,1.01383153902186,0.41007748133596,1.45057662594157,0.58125650339975,2.25871748580632,0.89340036846377,3.31966065888824,1.29774908758828,11.3822731723337,4.30957474169537,54.549706905549,20.2326070269027,0,0,0,0,0,0,0,0,0,0,0,0,0,0,6.94834394545326,0.622024729324023,5.67035623015443,0.52763272989491,7.71789131418344,0.676752917907419,12.0494098498765,0.969856378286801,16.8045225722024,1.26803453189442,64.6474728706036,3.93462997984434,330.730730762384,17.8041697394237
17.9,0,0,0,0,0,0,0,0,0,0,0,0,0,0,0,1.13368038463657,0.455636721697529,1.0200119130229,0.410727340916024,1.45849307124431,0.582090836729357,2.27018808256845,0.894173814723632,3.33520386326114,1.29814506698924,11.4341980646925,4.30875461439857,54.7573354844995,20.2481105113243,0,0,0,0,0,0,0,0,0,0,0,0,0,0,7.04845995268942,0.622818138031353,5.74918132988679,0.528289092707635,7.82465208267762,0.677361901009804,12.2194482878859,0.969933882766033,17.0397237348435,1.26788587075459,65.6337055212186,3.93239187289525,335.70398480123,17.7980387493013
18.1,0,0,0,0,0,0,0,0,0,0,0,0,0,0,0,1.14064164770866,0.456503211292182,1.02545131291071,0.411307396303042,1.46594642817323,0.582521012602187,2.28156310336664,0.894679359633507,3.35060136045222,1.29837796459481,11.4852998162064,4.30906918215777,54.9522494718609,20.2698208418912,0,0,0,0,0,0,0,0,0,0,0,0,0,0,7.14909366650301,0.623628897294882,5.82690803004022,0.528649054409911,7.93082505667294,0.677902924037234,12.3906698402313,0.970357821202971,17.2769132612622,1.26733076877594,66.6417172110785,3.93084798491388,341.130781228906,17.7608699995936
18.3,0,0,0,0,0,0,0,0,0,0,0,0,0,0,0,1.14758688903399,0.457414603065202,1.03130949741439,0.411939009175094,1.4735906276861,0.583163591206101,2.29295050759387,0.895583177591138,3.3660623689569,1.29874294730108,11.5376222861145,4.30985826735666,55.177468038629,20.1699409667507,0,0,0,0,0,0,0,0,0,0,0,0,0,0,7.25006319766444,0.624460888893274,5.90519953772451,0.529287839551905,8.03758286009904,0.678316254732337,12.5625682800785,0.971112790904807,17.5151194249003,1.26707281158831,67.6575273893798,3.92721004998552,346.634070419275,17.7527527635057
18.5,0,0,0,0,0,0,0,0,0,0,0,0,0,0,0,1.15463906017987,0.458285935767881,1.03718791839177,0.412604717234252,1.48137412664015,0.583782506445442,2.30471768388239,0.896285464119454,3.38229905514485,1.29916418329129,11.5981461716799,4.30844495301342,55.5836318685081,20.2034590685432,0,0,0,0,0,0,0,0,0,0,0,0,0,0,7.35125347275661,0.625202083504241,5.98377662576128,0.529896402932239,8.14470610306728,0.678782725953004,12.734808762136,0.971257791562489,17.7537016759694,1.26679496004739,68.6718713048944,3.92554579360063,351.974077620246,17.7369449940498
18.7,0,0,0,0,0,0,0,0,0,0,0,0,0,0,0,1.16151281783482,0.458829554199549,1.04327870205248,0.413252274837165,1.48929485407278,0.584304670656534,2.3159959790301,0.896533432633822,3.39762227095939,1.29911235090011,11.6502548866262,4.310493747227,55.8133991726078,20.2129761923756,0,0,0,0,0,0,0,0,0,0,0,0,0,0,7.4528607595065,0.625797649126026,6.06334079701995,0.530421567726431,8.25275294083458,0.67915020847091,12.9079133882691,0.971438460622763,17.9936425907933,1.26623735170008,69.6985464208095,3.92391672702196,357.520018719596,17.7119315696993
18.9,0,0,0,0,0,0,0,0,0,0,0,0,0,0,0,1.16829432193195,0.460174735020377,1.04849836746438,0.413880246302961,1.49644237701001,0.585291480572757,2.32704991086552,0.897752865027783,3.41254968224028,1.29995510291122,11.6990773342448,4.31413931414374,55.9780858089225,20.2138188509591,0,0,0,0,0,0,0,0,0,0,0,0,0,0,7.55471747925162,0.626375495493904,6.14310683156201,0.530898452129355,8.3611012424512,0.67949891630937,13.0813689658756,0.97157961539649,18.2339615219288,1.26635144619844,70.7233374628736,3.92231276788399,362.921019355874,17.6852939007842
19.1000000000001,0,0,0,0,0,0,0,0,0,0,0,0,0,0,0,1.17505255706072,0.461191272311241,1.0542932453598,0.414728101765256,1.50397302573968,0.586138941182437,2.3380838840843,0.898367001900242,3.4274760247771,1.30001114266851,11.7484615116521,4.3122715348045,56.1606167664901,20.1842377673586,0,0,0,0,0,0,0,0,0,0,0,0,0,0,7.65695099742899,0.627101218295545,6.22186745780678,0.531442199781481,8.46877282271816,0.679587226783632,13.255592352902,0.971391187502824,18.4754792911647,1.26596298182636,71.7588315248841,3.92085924644799,368.499378187319,17.6569055596301
19.3,0,0,0,0,0,0,0,0,0,0,0,0,0,0,0,1.18179419605687,0.461680369872748,1.06006948195244,0.41519177063475,1.51144647034451,0.586619016366547,2.34911608712298,0.898509998264443,3.44243159491717,1.30095129639477,11.7986324167068,4.31073172128754,56.3638689724847,20.1897777120243,0,0,0,0,0,0,0,0,0,0,0,0,0,0,7.75941358215697,0.62766552805003,6.3027729658322,0.531985970118723,8.57843616357028,0.679896814410443,13.4301108985846,0.971650395796199,18.7172845576195,1.2656162886653,72.7915063629001,3.91790700910997,373.923551153747,17.653903768387
19.5,0,0,0,0,0,0,0,0,0,0,0,0,0,0,0,1.18858915336624,0.462462629252078,1.06582533535436,0.415966690589237,1.51896738928754,0.587306551458428,2.36037549509002,0.899373614962804,3.45786826466176,1.30150454855657,11.8541619914184,4.31043466301662,56.6854093128686,20.2349072512652,0,0,0,0,0,0,0,0,0,0,0,0,0,0,7.86227196553004,0.628234292291156,6.38176171707069,0.532565623690761,8.6865734575549,0.680360514064625,13.6054489766884,0.972263184607106,18.9603857075394,1.26555561638456,73.8362838520184,3.91628667665503,379.562157460836,17.6393883372856
19.7,0,0,0,0,0,0,0,0,0,0,0,0,0,0,0,1.19535762633912,0.463396207667466,1.07201443217151,0.416723045111852,1.52679778351709,0.587585381455193,2.37161250337454,0.899947669399396,3.4732981434466,1.30201415167422,11.9102000955431,4.30979467814836,57.0216679581257,20.1161745276066,0,0,0,0,0,0,0,0,0,0,0,0,0,0,7.96548697475225,0.629093529931778,6.46381299874534,0.533170824894484,8.7974293976907,0.680938618292624,13.781524100826,0.972708034356784,19.2046320408116,1.26548358337564,74.8911980202399,3.91507442757995,385.35240647387,17.630931961697
19.9,0,0,0,0,0,0,0,0,0,0,0,0,0,0,0,1.20192812430306,0.464164722297495,1.07753829173817,0.417300442525429,1.53411445246025,0.588433863823689,2.38230624274776,0.900168656823582,3.48771058471198,1.30255302056349,11.9567589894205,4.30789011670975,57.1581035406995,20.1179230872926,0,0,0,0,0,0,0,0,0,0,0,0,0,0,8.06865485033552,0.629951687005426,6.54505243741048,0.533717368176147,8.90762661929336,0.681344290528563,13.9571944768934,0.972957664509195,19.4478584147034,1.26531395601264,75.9247627288965,3.91305345949536,390.473469270326,17.618190449537
20.1,0,0,0,0,0,0,0,0,0,0,0,0,0,0,0,1.20863312921771,0.464952231916875,1.08289029356729,0.417828164852338,1.54140125697461,0.588434642318032,2.39345300091105,0.901090515913837,3.50303423234477,1.30275000329019,12.0128230909649,4.30813933542662,57.5031561012886,20.1867963319856,0,0,0,0,0,0,0,0,0,0,0,0,0,0,8.17238888898152,0.630549756128711,6.62531135185027,0.534243718485781,9.01722386003744,0.68173742024032,14.1342311361233,0.973151869673324,19.6934388929944,1.26506469984785,76.986470659261,3.90996410226743,396.207469744952,17.612067119965
20.3000000000001,0,0,0,0,0,0,0,0,0,0,0,0,0,0,0,1.21532177055077,0.465804300595547,1.08896038116853,0.418465195456269,1.54916618795219,0.589103942860616,2.40458906541448,0.901705679202188,3.51836749377269,1.30291182091482,12.0694678099237,4.30585389993246,57.8661035822596,20.2129319458137,0,0,0,0,0,0,0,0,0,0,0,0,0,0,8.27648613799431,0.631185025395043,6.70797429729905,0.534921615252331,9.12889043668751,0.682327713201974,14.3120042252901,0.973367319562925,19.9401420052096,1.26479012613598,78.0574442499763,3.90853912775847,402.059162440962,17.5836584513465
20.5,0,0,0,0,0,0,0,0,0,0,0,0,0,0,0,1.2219155824026,0.466456322692222,1.0941018603223,0.419212719116171,1.55614027337896,0.589541176806504,2.41548582217223,0.902233446354777,3.5332700784593,1.30279791624474,12.1223769285405,4.306355756227,58.153110585805,20.1763626165981,0,0,0,0,0,0,0,0,0,0,0,0,0,0,8.38104481680672,0.631850802476101,6.79025959171731,0.535485604263421,9.24048381888444,0.682866057819247,14.4907751785258,0.973348163267049,20.1884665115687,1.26431377539267,79.1451314157112,3.90664401441662,408.238033191879,17.5916251751013
20.7,0,0,0,0,0,0,0,0,0,0,0,0,0,0,0,1.22839134750214,0.467378939585888,1.09922132905357,0.419588367193076,1.56311149104532,0.590302913216855,2.42607220563055,0.90301012598199,3.54760317411154,1.30278271690992,12.1701450525836,4.30787331038144,58.3332085512619,20.2331482945461,0,0,0,0,0,0,0,0,0,0,0,0,0,0,8.48585896698701,0.632562887246223,6.8697607309933,0.535931955214297,9.34992208763821,0.683330548315684,14.6699086666865,0.97375995635127,20.4372021563209,1.26414101963049,80.231649010748,3.90524942181239,414.30623875646,17.5643031260347
20.9,0,0,0,0,0,0,0,0,0,0,0,0,0,0,0,1.23480856322575,0.467866466295136,1.10468336873269,0.419828989369869,1.57023719777038,0.590096102996431,2.43651786490573,0.903228475515793,3.5616916421855,1.30305096436007,12.2159224403333,4.31076211779394,58.4750761950315,20.1918607382879,0,0,0,0,0,0,0,0,0,0,0,0,0,0,8.59082860054814,0.633415163628664,6.94972349515907,0.536325158850734,9.45960509024094,0.683742519352828,14.8491899223331,0.974094618831758,20.6859590208822,1.26430501972748,81.3116739101491,3.90404826567047,420.09639213923,17.5480692340982
21.0999999999999,0,0,0,0,0,0,0,0,0,0,0,0,0,0,0,1.24137195230689,0.468587815582312,1.11002432478503,0.42025652175216,1.57738090310553,0.590727578779824,2.44745688715514,0.903676401488372,3.57676953399532,1.30285026643515,12.2720359531971,4.30792641008536,58.8433052939152,20.1708336654963,0,0,0,0,0,0,0,0,0,0,0,0,0,0,8.69598746846657,0.634093631334582,7.03261573141733,0.536808602127665,9.57202775424037,0.684100540692783,15.0286949415887,0.97426284135797,20.934871197278,1.2639657862587,82.3868132922699,3.9029311441523,425.651670660391,17.5529396625374
21.3000000000001,0,0,0,0,0,0,0,0,0,0,0,0,0,0,0,1.24770860387527,0.469573884756129,1.11512821618106,0.420933722013926,1.58426966177043,0.591573952096168,2.45775436717394,0.904282935197955,3.59063403147059,1.30306659349467,12.3165695801183,4.30457851731245,58.9654435531852,20.2066989348144,0,0,0,0,0,0,0,0,0,0,0,0,0,0,8.80165936519574,0.634760144667054,7.11387154564318,0.537231970937351,9.68328079013384,0.684232597530605,15.2093790854876,0.974686510111468,21.1857715845609,1.26321982485403,83.4848192097242,3.90026335208425,431.698517688944,17.5596884650132
21.4999999999999,0,0,0,0,0,0,0,0,0,0,0,0,0,0,0,1.25407996006863,0.470467281747447,1.12040415023595,0.421598014938325,1.59125247744141,0.592176643070949,2.4682017168775,0.905180868954869,3.60481942337172,1.30450758152558,12.3647639921498,4.30808010338965,59.1702998307136,20.2125200594478,0,0,0,0,0,0,0,0,0,0,0,0,0,0,8.9075342579311,0.635385918173876,7.19741721156055,0.537847911720725,9.79661982211181,0.684853711327747,15.3903838489684,0.974774757315511,21.4370489724994,1.26317248548143,84.5823266747753,3.89933694379707,437.629121024937,17.5629742254521
21.7,0,0,0,0,0,0,0,0,0,0,0,0,0,0,0,1.26040574969709,0.470937401142375,1.12581335718079,0.421942124468906,1.59829603539611,0.592860954700305,2.47855947465044,0.905267288311513,3.61886250700294,1.30369992303504,12.412030720439,4.31055740346645,59.3585604702329,20.245283602932,0,0,0,0,0,0,0,0,0,0,0,0,0,0,9.0136705523496,0.635981206273624,7.27677178155621,0.53813359540132,9.90630744394236,0.685006999758721,15.5718409012234,0.974899134864797,21.688930969578,1.26305159748952,85.6820562185678,3.89856877247834,443.512632793535,17.5539194967884
21.9,0,0,0,0,0,0,0,0,0,0,0,0,0,0,0,1.26684998315031,0.471728635243501,1.1316606653536,0.422631582418436,1.60578876676847,0.593572142320221,2.48932133739373,0.905917737560476,3.63372028420868,1.30502087018723,12.4679078057091,4.30973052967681,59.7363816394601,20.2643946545786,0,0,0,0,0,0,0,0,0,0,0,0,0,0,9.12010698812373,0.636621473652411,7.35907779163018,0.538625869775664,10.0188082291449,0.685419770104194,15.7538726339701,0.975236047597511,21.9416546826514,1.26288347165717,86.7876826980038,3.8959393217676,449.442594765624,17.5342277750311
22.1000000000001,0,0,0,0,0,0,0,0,0,0,0,0,0,0,0,1.27316515784852,0.472511418092845,1.13668288666659,0.423263389206586,1.61253864020485,0.59398304756484,2.49973649829688,0.906417758462868,3.64793609277248,1.30506988620549,12.517865239691,4.30938680568848,59.990479328732,20.1755808732298,0,0,0,0,0,0,0,0,0,0,0,0,0,0,9.226776863807,0.637206710255437,7.44143069575419,0.538996454735444,10.1313952093188,0.685574746163786,15.9363354978686,0.975389187146133,22.194979727206,1.2625480081141,87.8965324519113,3.89404382941172,455.353380634413,17.5320911717157
22.3,0,0,0,0,0,0,0,0,0,0,0,0,0,0,0,1.27951283368852,0.473053330081549,1.14204261245082,0.423907357775063,1.61954824875017,0.594503476180843,2.51028782914998,0.906844913293313,3.66244336789567,1.30448881310212,12.5711722352161,4.30617781044886,60.3211694619319,20.1889337574065,0,0,0,0,0,0,0,0,0,0,0,0,0,0,9.3337938242833,0.637723986585069,7.5240556288872,0.539451137311657,10.2443661781127,0.685826977795154,16.1195153035957,0.97554834577479,22.4494246358288,1.26226453881801,89.0157155065945,3.89256240563243,461.430693366619,17.5163710638899
22.5000000000001,0,0,0,0,0,0,0,0,0,0,0,0,0,0,0,1.28576859710397,0.473742348442516,1.14737203032041,0.424544932870045,1.62661309733391,0.594905105906067,2.52060578677911,0.907008426905555,3.67652794446146,1.30468450690457,12.6207281028241,4.30654646468896,60.5741498797688,20.1828138941568,0,0,0,0,0,0,0,0,0,0,0,0,0,0,9.44109217541075,0.638485539635575,7.60539926662745,0.539900897985498,10.3563319206992,0.68607904988557,16.3032333024257,0.975941790090007,22.7046553697298,1.26193412174415,90.1403807362163,3.89185579583596,467.547122688814,17.4921647250897
22.6999999999999,0,0,0,0,0,0,0,0,0,0,0,0,0,0,0,1.29190595542435,0.474472534175184,1.1522264379635,0.425211549085943,1.63321769601788,0.595660421394894,2.53060888852672,0.907604453819065,3.6900314193097,1.30566000557152,12.6649289639348,4.30648546201247,60.7145916852336,20.1765145226547,0,0,0,0,0,0,0,0,0,0,0,0,0,0,9.54861539201831,0.638977576810652,7.68492701911309,0.540122051486226,10.4668316747804,0.686137285991767,16.4873229597331,0.975810760613599,22.9603491468086,1.26159446199844,91.2654477115926,3.89017418131904,473.56444874265,17.4862317145437
22.9,0,0,0,0,0,0,0,0,0,0,0,0,0,0,0,1.29804296432475,0.475107858446093,1.15698454700208,0.425519028097306,1.6396732959186,0.595825564206982,2.54064868856181,0.908238123105992,3.70363297402746,1.30553119830955,12.7105330689475,4.30580450501198,60.8893051965577,20.1848676630746,0,0,0,0,0,0,0,0,0,0,0,0,0,0,9.6563774215768,0.639381814396358,7.76751418770295,0.540370114839128,10.5797549127382,0.686350157349636,16.6717691855793,0.97595503243657,23.2164634234768,1.26120124722241,92.3898292642861,3.88864767437686,479.476185117313,17.4760842828421
23.1000000000001,0,0,0,0,0,0,0,0,0,0,0,0,0,0,0,1.30417770588481,0.475930886725215,1.16201350685916,0.425880124801336,1.64633543713708,0.596276177522012,2.5507249703887,0.908979544968669,3.71733433976099,1.30602153822561,12.7575943338231,4.30731896039229,61.0990581755866,20.1640569695731,0,0,0,0,0,0,0,0,0,0,0,0,0,0,9.76466803254446,0.639817872757558,7.84863290437848,0.540529533305432,10.6919756406979,0.686350162461523,16.8573909049115,0.976077257560076,23.4745549323305,1.26085456795475,93.5372599992682,3.88651919966883,485.917260454615,17.4578146179818
23.3000000000001,0,0,0,0,0,0,0,0,0,0,0,0,0,0,0,1.31041400022857,0.476541696326644,1.16719861315707,0.426204090992647,1.65320396236831,0.596523733395319,2.56114894742126,0.910015594119011,3.73173664727286,1.30589563062148,12.8121183139001,4.30981297317816,61.4736610246918,20.1933377822274,0,0,0,0,0,0,0,0,0,0,0,0,0,0,9.87314299753182,0.640395510473576,7.93078396818116,0.540876282187441,10.8053007916507,0.686690402571268,17.0432842933174,0.976172215645416,23.7329226464821,1.26083974211566,94.6823389310364,3.88426551298752,492.178934935881,17.4475760659241
23.5,0,0,0,0,0,0,0,0,0,0,0,0,0,0,0,1.31640112191634,0.477417822763118,1.17248051304053,0.426914471654179,1.66002778043538,0.5970555507076,2.57086396289624,0.909857328362329,3.74479389064235,1.30685435280446,12.8536031178413,4.30539550123844,61.5688655013874,20.1301646596455,0,0,0,0,0,0,0,0,0,0,0,0,0,0,9.98188116490646,0.641081311687792,8.01430632081039,0.541294376892108,10.9195673606174,0.686924547242559,17.2296108371244,0.976539700992012,23.9918656229578,1.26049054007834,95.8293685292079,3.88357875711452,498.4111011646,17.4252930547308
23.7,0,0,0,0,0,0,0,0,0,0,0,0,0,0,0,1.32241039636838,0.478089091248148,1.17761481099981,0.427693602902938,1.66670829844046,0.597942496427792,2.58068464787128,0.910617343499053,3.75808210298989,1.30746363667827,12.8978172477144,4.30561471015338,61.7265622819558,20.1221954012661,0,0,0,0,0,0,0,0,0,0,0,0,0,0,10.0909188540756,0.641591006930202,8.09765147733016,0.541594578915258,11.03399183557,0.6870867902928,17.4165301802343,0.976643915719013,24.2517069194542,1.26015729095657,96.9838829870637,3.88041064887272,504.743911913902,17.4030319221406
23.8999999999999,0,0,0,0,0,0,0,0,0,0,0,0,0,0,0,1.32846602867525,0.478747935161704,1.18321958186138,0.428164306743477,1.67380019392008,0.598480162627725,2.59067981370888,0.91081982141859,3.7717333002184,1.30760438009467,12.9460729311547,4.30406575226453,61.975267616224,20.1531578870715,0,0,0,0,0,0,0,0,0,0,0,0,0,0,10.2003932909518,0.642097164901784,8.18180487451819,0.541968086533496,11.1492695291508,0.68732209900149,17.6044764081614,0.976831069254032,24.5132764238669,1.25967147635548,98.1588484775035,3.87887295314868,511.498106575444,17.4035701039153
24.1,0,0,0,0,0,0,0,0,0,0,0,0,0,0,0,1.33451964248137,0.479448952216044,1.188118920052,0.428612973510697,1.68033070887941,0.598847747904245,2.60070671685406,0.911193593776621,3.78547245975569,1.30721340267498,12.9956379844127,4.31029434452066,62.2559194907282,20.1706825140617,0,0,0,0,0,0,0,0,0,0,0,0,0,0,10.3099851367401,0.642542567121553,8.2641340144462,0.542228883640514,11.2629934618277,0.687428429402067,17.7924461496833,0.977064325221396,24.7746241237746,1.25905567600966,99.3229466847614,3.87746122823143,517.854140303997,17.4029779289936
24.3000000000001,0,0,0,0,0,0,0,0,0,0,0,0,0,0,0,1.34045464066644,0.479872141326886,1.19307940287888,0.428871415896539,1.68688090071398,0.599229729452532,2.61041902456611,0.911566258536648,3.79863006914645,1.30769017033225,13.0397960452061,4.31032698725466,62.4223851811244,20.1526075271326,0,0,0,0,0,0,0,0,0,0,0,0,0,0,10.4199940442373,0.643143383316193,8.348237259368,0.542608666884153,11.3785871068592,0.68774547934498,17.9813119177451,0.977250031700312,25.0374343431522,1.25877675129809,100.502948308471,3.87570100844565,524.545129268623,17.3956437635296
24.5000000000001,0,0,0,0,0,0,0,0,0,0,0,0,0,0,0,1.34646056161698,0.480159548204741,1.19865010257147,0.42934810644414,1.69388822882166,0.599654537214063,2.62037677314314,0.911745303916121,3.81228587946977,1.30755586677344,13.0893351762125,4.3065831284503,62.7087017937161,20.1326085143313,0,0,0,0,0,0,0,0,0,0,0,0,0,0,10.5301639687847,0.643624278272609,8.43275748686096,0.542899095929292,11.4944221493398,0.68774927210946,18.1703474627362,0.977067287090325,25.3003222807133,1.25825889867544,101.6772848736,3.87415135276468,530.985749269596,17.3695574363013
24.7000000000001,0,0,0,0,0,0,0,0,0,0,0,0,0,0,0,1.35240681938162,0.480567453035343,1.20341877005919,0.429889279234191,1.70043437133608,0.600161459766538,2.63019104271009,0.912148993248087,3.82568813877697,1.30774717914141,13.1367127007732,4.3052649489472,62.95107303505,20.1266261626817,0,0,0,0,0,0,0,0,0,0,0,0,0,0,10.6406693047352,0.644231549120899,8.519046129165,0.543328326457212,11.6119453092631,0.688142914426566,18.3600350581192,0.977044488852952,25.5641963739965,1.25803412132264,102.859781992411,3.87334605454853,537.547224121746,17.3444414289509
24.9000000000001,0,0,0,0,0,0,0,0,0,0,0,0,0,0,0,1.35828994887277,0.481597733040845,1.20860060676812,0.430337762154235,1.70711479136406,0.600710558936182,2.63984902765439,0.913011113538095,3.83881145346099,1.30766209618841,13.1816573859007,4.30761771911528,63.1438057975115,20.1114459277437,0,0,0,0,0,0,0,0,0,0,0,0,0,0,10.7515297118637,0.644668748016207,8.60281741635545,0.543750012122643,11.7274928068207,0.688310220899463,18.5504451284039,0.977117859887926,25.8291925734359,1.25791320900689,104.052650679077,3.87223235775363,544.281183478888,17.3199483416202
25.1000000000001,0,0,0,0,0,0,0,0,0,0,0,0,0,0,0,1.3641117840069,0.482405117732842,1.21285008178032,0.430590228440127,1.71310273107773,0.600777884146534,2.64935829434623,0.913326572364261,3.85167163411626,1.307514206476,13.2243419455233,4.30982445524271,63.2907788049086,20.1555730208243,0,0,0,0,0,0,0,0,0,0,0,0,0,0,10.8627128528793,0.644934612584234,8.6882606272678,0.543941071462528,11.8446260272237,0.688415245987368,18.7414960222349,0.977000104094498,26.0951584352732,1.25760863506607,105.253629769283,3.87010912701771,551.12274765536,17.2978223641466
25.3000000000001,0,0,0,0,0,0,0,0,0,0,0,0,0,0,0,1.36987342240563,0.482993265884911,1.21711792610487,0.430889944114824,1.71904307495581,0.601121665818142,2.65872089088169,0.913841680383846,3.86427205768239,1.3078563586999,13.2647876568706,4.309048531068,63.3926707816318,20.1509128293334,0,0,0,0,0,0,0,0,0,0,0,0,0,0,10.9740677969994,0.645364504031756,8.77046752185312,0.544231536250332,11.9590069527053,0.688552970332382,18.9327389630458,0.977018538817653,26.3612263077745,1.25722154425579,106.448682071304,3.86941027715432,557.688902546387,17.2796913525056
25.4999999999998,0,0,0,0,0,0,0,0,0,0,0,0,0,0,0,1.37574565683012,0.483501822287775,1.22203669158503,0.431577273538301,1.72551402714724,0.601463966371784,2.66844436362259,0.914022489434325,3.87759137159189,1.30860955776482,13.3128165410815,4.30747278960848,63.6614835625201,20.1573124976293,0,0,0,0,0,0,0,0,0,0,0,0,0,0,11.085656850474,0.645682268686211,8.85433741466775,0.544513772174361,12.0746748111253,0.688771959432138,19.1243999395647,0.977022449182507,26.6278709302879,1.25681874338656,107.646583641742,3.86815575343814,564.235254945121,17.2722308102295
25.6999999999998,0,0,0,0,0,0,0,0,0,0,0,0,0,0,0,1.38166005569487,0.484079820815948,1.22709866820414,0.432079294192743,1.7321573831765,0.601969983140699,2.6783253155051,0.914733312345833,3.89123672342092,1.30910958568077,13.3644901855109,4.30751146719046,64.0121715752162,20.1595160375977,0,0,0,0,0,0,0,0,0,0,0,0,0,0,11.1975165610515,0.646027250004334,8.93862082896221,0.544783899957089,12.1909965076529,0.688906146953004,19.3166189758624,0.976854843136478,26.8953646452721,1.25658287237153,108.851807236072,3.86535973022808,570.862776131873,17.2725795310404
25.9000000000001,0,0,0,0,0,0,0,0,0,0,0,0,0,0,0,1.38752866770815,0.48471694920552,1.23182490876591,0.432176989961304,1.73847289943483,0.602398890474701,2.68810421724378,0.91543614188045,3.90470777276073,1.3094429041068,13.4147861458546,4.30792188711706,64.3358405865111,20.1496735006831,0,0,0,0,0,0,0,0,0,0,0,0,0,0,11.30961780594,0.646520037088264,9.02324767417114,0.545130269303567,12.3076432088047,0.689063946311214,19.5092436736838,0.977167491016618,27.1633886813146,1.25641387570836,110.058440254776,3.8628724301171,577.428117447103,17.2756275197027
