"kurtx.x1","finddmmm1BM.drm1boot.expectboot","finddmmm1BM.dqm1boot.quatileexpectboot","finddmmm1sqm.drm1boot.expectboot","finddmmm1sqm.dqm1boot.quatileexpectboot","finddmmm1wm1.drm1boot.expectboot","finddmmm1wm1.dqm1boot.quatileexpectboot","finddmmm1wm2.drm1boot.expectboot","finddmmm1wm2.dqm1boot.quatileexpectboot","finddmmm1tm1.drm1boot.expectboot","finddmmm1tm1.dqm1boot.quatileexpectboot","finddmmm1tm2.drm1boot.expectboot","finddmmm1tm2.dqm1boot.quatileexpectboot","finddmmm1tm3.drm1boot.expectboot","finddmmm1tm3.dqm1boot.quatileexpectboot","finddvarmoBM.drm1boot.expectboot","finddvarmoBM.dqm1boot.quatileexpectboot.V621755","finddvarmosqm.drm1boot.expectboot","finddvarmosqm.dqm1boot.quatileexpectboot.V621755","finddvarmowm1.drm1boot.expectboot","finddvarmowm1.dqm1boot.quatileexpectboot.V621755","finddvarmowm2.drm1boot.expectboot","finddvarmowm2.dqm1boot.quatileexpectboot.V621755","finddvarmotm1.drm1boot.expectboot","finddvarmotm1.dqm1boot.quatileexpectboot.V621755","finddvarmotm2.drm1boot.expectboot","finddvarmotm2.dqm1boot.quatileexpectboot.V621755","finddvarmotm3.drm1boot.expectboot","finddvarmotm3.dqm1boot.quatileexpectboot.V621755","finddtmmoBM.drm1boot.expectboot","finddtmmoBM.dqm1boot.quatileexpectboot.V1202034","finddtmmosqm.drm1boot.expectboot","finddtmmosqm.dqm1boot.quatileexpectboot.V1202034","finddtmmowm1.drm1boot.expectboot","finddtmmowm1.dqm1boot.quatileexpectboot.V1202034","finddtmmowm2.drm1boot.expectboot","finddtmmowm2.dqm1boot.quatileexpectboot.V1202034","finddtmmotm1.drm1boot.expectboot","finddtmmotm1.dqm1boot.quatileexpectboot.V1202034","finddtmmotm2.drm1boot.expectboot","finddtmmotm2.dqm1boot.quatileexpectboot.V1202034","finddtmmotm3.drm1boot.expectboot","finddtmmotm3.dqm1boot.quatileexpectboot.V1202034","finddfmmoBM.drm1boot.expectboot","finddfmmoBM.dqm1boot.quatileexpectboot.V1321685","finddfmmosqm.drm1boot.expectboot","finddfmmosqm.dqm1boot.quatileexpectboot.V1321685","finddfmmowm1.drm1boot.expectboot","finddfmmowm1.dqm1boot.quatileexpectboot.V1321685","finddfmmowm2.drm1boot.expectboot","finddfmmowm2.dqm1boot.quatileexpectboot.V1321685","finddfmmotm1.drm1boot.expectboot","finddfmmotm1.dqm1boot.quatileexpectboot.V1321685","finddfmmotm2.drm1boot.expectboot","finddfmmotm2.dqm1boot.quatileexpectboot.V1321685","finddfmmotm3.drm1boot.expectboot","finddfmmotm3.dqm1boot.quatileexpectboot.V1321685"
2.80000000000008,0.536506440102232,0.535129764688419,0.510431226070213,0.509149294158947,0.791913681976876,0.789963529281059,1.29576151749761,1.29251694179509,2.01290275969871,2.00814292139703,7.02910569607898,7.01457869533845,33.7823696961961,33.7076376630087,0.348268815689726,0.254578672993482,0.355748684648184,0.259593347206639,0.581407585456105,0.423789120179127,0.97861644348374,0.713205301495542,1.57871603011861,1.14829609705326,5.55469776366236,4.02519777388848,26.7706814606171,19.3449139879935,0.690482841975185,0.335102421544432,0.608317451307119,0.296964910405768,0.894642813082863,0.426378787540512,1.35712814052532,0.6243376474018,1.97759991024907,0.876988316556654,5.28801412678193,2.09359548527436,15.3606501275471,5.34672343737903,0.535251041673832,0.298360178846783,0.510211018743189,0.284456987848804,0.794843293662972,0.440090201935117,1.30430380534204,0.720056838337476,2.02939573188961,1.1131557736631,7.17291306041541,3.86110599186261,34.5505612198942,18.355010397571
2.89999999999998,0.468959775879756,0.466535132144908,0.454276223040161,0.451904888692872,0.716493448423548,0.712781390888862,1.18319963483435,1.17718287528131,1.85927361624539,1.85011587658527,6.51140431468407,6.48050769560388,31.3321174105197,31.2062040326693,0.358728675331136,0.260105672396812,0.36425549653355,0.264260418731445,0.593025898426835,0.429162172924739,0.995783645234279,0.71990970405704,1.60203305354423,1.15678147764566,5.62989352392939,4.04290021902514,27.1424962651268,19.4644571152226,0.668325244290837,0.316690613193355,0.591598292804254,0.282695652538784,0.874823349297155,0.408213996629919,1.33416863437532,0.603104489175114,1.9583969676144,0.853851790114139,5.36024803448663,2.10247569197929,16.5375432443591,5.74193498987509,0.607687638462068,0.32576996130759,0.574295434482932,0.30764494255462,0.876920538384449,0.469195017110605,1.42026549133711,0.753266988515407,2.18558112490138,1.15117418010015,7.66642925446403,3.96874627741947,36.8339251574234,18.7145612875074
2.99999999999998,0.439869314880583,0.436299030667256,0.429908657798965,0.426384297296322,0.683934532731644,0.678444239200232,1.13499803006981,1.12601831262805,1.7936374475436,1.77969286775262,6.29395920116982,6.24636866402522,30.3106997972752,30.1184831569758,0.368500343324187,0.265274539600308,0.373070936354294,0.268730674948837,0.604311176868117,0.434114562772938,1.01187939873202,0.725402425948593,1.62390820416458,1.16252172035435,5.70073732590716,4.06229450127988,27.4850507241157,19.4857402709936,0.667489382241332,0.311273011875753,0.590990854772416,0.276975916864757,0.876005472093542,0.400971640935769,1.34140289885838,0.595034946671673,1.97586876087403,0.848519280133626,5.4968718105229,2.12389502046674,17.7421456084412,6.10102060269863,0.67290760455693,0.347945723017623,0.629992802777105,0.325795423359352,0.948994032825322,0.488799828494379,1.5246398389288,0.779333032244394,2.3258236466736,1.17833842147709,8.10415239909593,4.0420795436603,38.6048740662941,18.9878053225736
3.09999999999999,0.422495651498976,0.417857432450787,0.415321710670003,0.410744998500792,0.664470876385642,0.657272346795551,1.10626087656493,1.09447112160574,1.75453615959645,1.73617943795667,6.1652437554426,6.10239135004575,29.7077768911197,29.4206827891213,0.377689561742836,0.26933071747525,0.380843950853303,0.271638578378274,0.614542626534759,0.438225199341859,1.02678867860192,0.729765831876238,1.64386595179148,1.16742870574415,5.76044263171586,4.0674087617242,27.6460344258428,19.5636156826681,0.673729078558572,0.308294716609184,0.598967040604799,0.275239540240464,0.886762656286024,0.399013550449792,1.35907402000736,0.592731848271623,2.00597202565584,0.847058623717709,5.65676983154678,2.1546870439191,18.9505188430095,6.45819429232231,0.73415682360494,0.366006683571215,0.682447008417207,0.33985123185341,1.0174514240736,0.505240132115787,1.62401299196923,0.801353468847971,2.46071010490915,1.19861808715061,8.55267095565288,4.09039728752693,40.9757192625632,19.317879499852
3.19999999999996,0.41059024672269,0.404906951416889,0.405320781792118,0.399718464069644,0.651127095258802,0.642241114806609,1.08657593157275,1.07193738604115,1.72775828250348,1.704780227049,6.07733810365126,5.99888806254838,29.2965277493126,28.934917613586,0.386746882229728,0.273319518352627,0.388512995521064,0.274646169644829,0.624978128726867,0.441399540226005,1.04206140103037,0.735044091284736,1.66502480142258,1.17203011340634,5.83570878353035,4.08310702765998,28.1622818932709,19.6154398355014,0.683269022367532,0.307631927278304,0.607341374025646,0.274717785331216,0.899309052959691,0.397921681983016,1.38130702564627,0.59333069122364,2.04125870476031,0.84902867446099,5.82320114652499,2.18704272670738,20.1305914003456,6.769966582686,0.791813121311012,0.381055134031217,0.732536488860913,0.35264445570203,1.08224241335539,0.518031522703398,1.7178486669967,0.815951063997498,2.58807617546261,1.21714220072617,8.97740066135706,4.13430672293661,43.1096413674684,19.328331996055
3.30000000000001,0.401791800963525,0.395074472761795,0.3979328670522,0.391279737056861,0.641263466769531,0.630681494454881,1.07202339001817,1.05451896727805,1.70796163996993,1.68060945424171,6.01241225406213,5.91835797457033,28.9929311437629,28.5640146334935,0.39524157837833,0.276922785479689,0.395710870667675,0.277206307917572,0.634409968970461,0.444383549367124,1.05586390527099,0.738408471064498,1.68349608413215,1.17505556243144,5.89096409833776,4.0949529206724,28.2998485481478,19.6663829693554,0.695329801929363,0.30763551259799,0.61859207834167,0.275249735820078,0.914620225617693,0.397855999216512,1.40628332992104,0.594070517438831,2.07932469729494,0.851522376232173,5.98898653731113,2.21499644310058,21.2901149702309,7.07076511741609,0.846295601840482,0.392859224822207,0.778398596621532,0.362104691825566,1.14249108680225,0.528499107910013,1.80673672748602,0.826624634984614,2.70848319311515,1.22707764861862,9.37508133169433,4.15102915995259,44.8224470063821,19.5152715435236
3.39999999999997,0.394975399220814,0.387247694690261,0.392214942692867,0.384542856405884,0.63362126857634,0.621361598927301,1.06074046496714,1.04048337422063,1.69260992703261,1.66081905384543,5.96205709613392,5.85254920074301,28.7574732949991,28.246751776126,0.403594913743865,0.280642420592729,0.402482090988684,0.279903671457661,0.643630665736934,0.446917333219185,1.06966923604244,0.741796139380563,1.70227829803288,1.17816075740599,5.95234573836456,4.10394230939228,28.5936991069013,19.6384233897181,0.708507872654711,0.308802985368463,0.632221984370234,0.277143429397945,0.932165657087883,0.39989665609727,1.43251648941477,0.596575354403787,2.11857499076478,0.855622251396703,6.1538935877971,2.24570168507409,22.430023134535,7.35380351594123,0.89862608852997,0.403360382774539,0.821721350004219,0.369330294929465,1.20004593034313,0.536119731932818,1.89239695785975,0.838031032170385,2.82475085553483,1.23645939967564,9.76463403788891,4.16138505786894,46.5687184706068,19.5954128727691
3.50000000000003,0.389524139810249,0.380805343397704,0.387648638116913,0.378977319211322,0.627509754155485,0.613665241092171,1.05170741175487,1.02873968027578,1.68031565143731,1.64414618814395,5.92169446333872,5.7971592512171,28.5686857680338,27.9770332390363,0.411728897769341,0.28454136360007,0.409282797445898,0.28291939532946,0.652735202397804,0.449933628640529,1.08315558331104,0.745132528356793,1.72067039868558,1.18132298265972,6.01323811393926,4.10808609212826,28.9004074808194,19.6668283006873,0.722150914090721,0.310318528683643,0.643689211961748,0.278315772051404,0.94840072037098,0.40136903599832,1.45986420430796,0.599299481709796,2.15924944010841,0.859303188901548,6.32388136001576,2.27543088122593,23.5727789155225,7.62157643948768,0.949321356216966,0.412953075614174,0.863660291218233,0.376256243482638,1.25587124213859,0.542849117062401,1.97600362364576,0.846237865549172,2.93886847331427,1.24564092826561,10.1609805578697,4.18326291378427,48.6214373108179,19.7133478373152
3.59999999999997,0.385065782348132,0.375339729548836,0.383920610310138,0.3742345513138,0.622511908644829,0.606990775900675,1.04430973784981,1.01859946240331,1.67024315687781,1.6296486553207,5.88857719521833,5.7488425989233,28.4137064150351,27.7523976621342,0.419634898995509,0.287224094931057,0.416220078552581,0.284821824929524,0.661808014000666,0.452378466115591,1.09620820188618,0.748357601741868,1.73839868732258,1.18358418573783,6.07078251272064,4.11132453807656,29.159644038338,19.6477894033857,0.736627358627821,0.312172862433605,0.657696369115647,0.280778251959334,0.966763024431301,0.403720775595876,1.48811027897836,0.60236287742144,2.20079094098403,0.863343138662153,6.49369905649105,2.30352417797361,24.7090762516587,7.88695622099575,0.998343010891058,0.421650387196852,0.905415516749775,0.383682988729426,1.31078722118264,0.549829045889097,2.05695570950439,0.85354901978021,3.04928372238451,1.25117607792887,10.5438633268309,4.19253853430626,50.4902379700899,19.620576002577
3.69999999999999,0.381359562369301,0.370687916358801,0.380827908348934,0.370173574087833,0.618357895585252,0.601225885090619,1.03815040756558,1.00979895555099,1.66185273300893,1.61698601974444,5.86093625775219,5.70648206944069,28.2842629336346,27.5549554197,0.427414874412091,0.290391886389447,0.422621855752537,0.287186474150561,0.670433156023134,0.454516133245282,1.10915169919449,0.750846185340052,1.75610491323204,1.18561448353904,6.13042266767127,4.11492041117178,29.4813727962774,19.6805138774407,0.751196974914062,0.314466282136065,0.671312031777994,0.282269389330041,0.985005990667288,0.405606607815679,1.51627411408579,0.60562927391361,2.24180356436896,0.866692150366615,6.65785757511017,2.33005306506868,25.7510736038213,8.13605529596204,1.04629481071845,0.428996564043991,0.944195427014428,0.388119807493221,1.36297614745616,0.554613722674088,2.13635618286715,0.858308945540558,3.15782018421976,1.25539215555499,10.9261651369697,4.20043020978857,52.4646071290374,19.6891185034092
3.8,0.378241303873442,0.366597798939544,0.378231988676423,0.366590220484787,0.614863652274063,0.596122178163721,1.03295891104521,1.0019174046572,1.65477678505506,1.60556800810167,5.83756967339762,5.66811765273116,28.1747403573932,27.3746085358037,0.434938521965916,0.29316179827876,0.428877582329257,0.28937555808836,0.678754304110752,0.457162802980914,1.12145851363885,0.753016406644363,1.77268031114962,1.18908424700707,6.1819525114605,4.11751564942778,29.6540328488534,19.7376949006975,0.766407310739396,0.316514768917893,0.68501253315042,0.284369247246363,1.00334408153224,0.407777556612309,1.54530514344131,0.608489897263424,2.28401241963161,0.871896577234156,6.82740645229482,2.35535470799707,26.8761837432305,8.37023892495202,1.0929469732723,0.434556596343642,0.982768572866092,0.392154906021511,1.41452342864371,0.55917507659872,2.21350774424645,0.8625810293976,3.26302891157632,1.25791833125401,11.2922401210976,4.20457136201637,54.1675229781839,19.7493471871635
3.89999999999996,0.375594303036333,0.362981538889533,0.376034281323696,0.363405169439377,0.611898301262435,0.591609937044818,1.02854308715455,0.994858339456313,1.64875425715098,1.59532938168653,5.81762554439193,5.63344111241643,28.0811624362827,27.2071962550143,0.442474686565726,0.295818244654661,0.435379067085177,0.291123568299335,0.687423468130968,0.458807254432866,1.13412449391803,0.755442236410461,1.79016677905545,1.1889873593078,6.24364242421291,4.11940704725629,30.0512695528947,19.6830445155579,0.781988753611125,0.318513984850769,0.699249648695359,0.286873562327542,1.02230518354396,0.4093663812562,1.57480918311885,0.611688122021638,2.32677481993929,0.876330955543732,6.99886735988784,2.37931127980445,28.0279302306604,8.59055158870527,1.13878444426907,0.439859526730053,1.02096992073269,0.395363279897473,1.46512664305307,0.562508719514651,2.28949203583647,0.86677270201538,3.3668716898965,1.25776787938461,11.6591833429733,4.19954758379293,55.9905614136309,19.8188216277068
4.00000000000001,0.373332768944042,0.359808384272134,0.374162274606761,0.360613181792346,0.609365609171979,0.587507157890741,1.02476175198417,0.988471323987995,1.64359339025045,1.58604075458486,5.80047916660756,5.60168462059346,28.0006154075581,27.0583871596275,0.449680233166347,0.298362654556065,0.441470557038803,0.293067292580227,0.695495174867772,0.461100886046197,1.14580775903024,0.757137275741253,1.80577549196029,1.1917311445671,6.2900554607961,4.12362317310663,30.1490702815956,19.6842747300286,0.797537196555604,0.320684166407653,0.71388974441447,0.288605903498771,1.04134277077528,0.411562965526871,1.6040162200886,0.614763605495792,2.36874459563094,0.879907152271637,7.16359245011399,2.4033858028813,29.0638564359927,8.81423499898774,1.18382232519475,0.445057113675792,1.05752909522011,0.399107547069215,1.51426003004463,0.565848250876136,2.36423264025427,0.870237053650414,3.46905421190069,1.25825453576078,12.0218905423183,4.19015759581733,57.7853830890685,19.7987571941455
4.10000000000002,0.371391866061223,0.356923798593555,0.372561137674286,0.358042492888633,0.607192833690759,0.583771375586954,1.02150825409114,0.982575961202548,1.6391493547465,1.57741371714725,5.7856593985055,5.57262664598321,27.9309030732745,26.9175145370758,0.456938455568194,0.301327405378002,0.447401587462662,0.294986603201037,0.703529600331332,0.462690808735053,1.15793927850542,0.759912648400928,1.82244210097297,1.192740697572,6.34758299619699,4.12561198088178,30.4871301132356,19.7082506299743,0.81310345946859,0.322201598080675,0.728649961765661,0.290629532741173,1.06056417298752,0.413639524848058,1.63330551239451,0.617787129093503,2.41081936346325,0.883654661087853,7.32969884583703,2.42240558442261,30.1104596227576,9.01301984404839,1.22836030157996,0.450067119961002,1.09470719087495,0.401899963464493,1.56366669066101,0.5687675699429,2.43858710884925,0.872667056656515,3.57112878103049,1.25900429000927,12.3942684932207,4.19081502051727,59.8131173182831,19.7345572099929
4.20000000000003,0.369721446569411,0.354336428829392,0.3711884420683,0.355734129232456,0.6053237014138,0.580381314370774,1.01870013139948,0.977219494024582,1.63531018643334,1.56944054271392,5.77280245856762,5.5455529268277,27.870330551928,26.7930171219349,0.464077805008674,0.303388087145482,0.453558191146118,0.296591034923081,0.711685422097534,0.464632910636534,1.16987615373281,0.761795777260606,1.83884003658266,1.1940757556732,6.40422289200663,4.12798159894647,30.8184110061834,19.7233021900387,0.828879518310457,0.32448601029426,0.742169125084613,0.292329806003292,1.07916820124127,0.415604288126033,1.66314270287501,0.62023378443782,2.45389997130471,0.887388099133183,7.504057858371,2.44090586289584,31.2869236950235,9.19828493387567,1.2719353295471,0.453679511383244,1.13064813507596,0.404319359792629,1.61155526024759,0.570242376374636,2.51103488184253,0.874060673557724,3.67006027502944,1.2571582853182,12.744311083622,4.18111506648678,61.3616199677395,19.6992385279627
4.3,0.368281951734982,0.351957176062005,0.370010706921287,0.353611681366699,0.603713814656741,0.577216885258446,1.01627235201423,0.972186795559119,1.63198759808063,1.56203015534978,5.76162179430143,5.51991495849892,27.8175633586217,26.6683752138147,0.47100912480088,0.306068339527578,0.459607158627025,0.29839864383004,0.71959677233152,0.466173241264347,1.18124542362715,0.76364412805914,1.85418991758646,1.19513109026619,6.45273326423572,4.13093852837623,30.9938685195138,19.7290096143863,0.844700222724309,0.326753057895294,0.75598321134085,0.29390735330512,1.09787704588635,0.418130127600437,1.69265045605315,0.623426288932112,2.49613252569211,0.890202598452156,7.67088651139005,2.4644319165164,32.3468471002376,9.38982474543707,1.31523319921335,0.457408175938757,1.16528343612023,0.407002543050737,1.65848792666328,0.572062799271227,2.58345593555174,0.875779317641325,3.76942776460867,1.25697512351428,13.1071902865206,4.17306749679197,63.2130032271993,19.5731810674347
4.39999999999999,0.367041643426976,0.349813319311982,0.369001063536539,0.351688270042625,0.602327548220976,0.574337910361864,1.0141727513198,0.96756581884106,1.62911077805784,1.55502833493094,5.7518877791074,5.49580295445721,27.7715325127388,26.5543657703081,0.477938697823623,0.308146165779387,0.465060059806134,0.300139634284785,0.727101893860864,0.467850837168941,1.19281336531952,0.765670404371901,1.87005827673703,1.19639956535839,6.50724729717485,4.13053532044674,31.3029151721927,19.7810049380937,0.860622458114048,0.328789561103935,0.770386211222749,0.29584253025983,1.11689444664351,0.420235536474496,1.72240124914583,0.626512585227939,2.53872134272335,0.893808720573791,7.84030430139417,2.48487429793182,33.4286945166498,9.55808219276276,1.35809524722602,0.460887579272493,1.1991360312122,0.408847443819725,1.7045702505161,0.57279839813628,2.65505527646121,0.875768137256138,3.86753884490088,1.25615755914965,13.46329166663,4.16985860868543,64.941999610758,19.5446192496975
4.49999999999999,0.365974681294369,0.34784727490575,0.368137632221362,0.349900118073959,0.601135893636777,0.571654642661019,1.01235886452342,0.96323540852218,1.62662208637155,1.54853759438574,5.7434136415089,5.47357286775815,27.7313688136587,26.4465417860166,0.484692622078706,0.310260646895006,0.470821942654323,0.301334473460091,0.734716970787129,0.469379372626732,1.20389729626989,0.766796936732915,1.88502860463973,1.19673655674167,6.55471096435308,4.12573085601376,31.4756934892884,19.7323306108889,0.876648318637028,0.330828942931321,0.784999110762653,0.297694821390877,1.13624784857742,0.421813798164411,1.75229029179549,0.629567048144344,2.58148717306475,0.897063598081045,8.01117437799345,2.50281392575094,34.5315399360885,9.69281281438644,1.40095922830077,0.463666862423254,1.23409479585304,0.410702824733847,1.7515772138713,0.57429349554384,2.72708943746518,0.877296675956186,3.96683107821691,1.25541825247393,13.8378745654923,4.16112082472243,67.1261968847119,19.4793097022689
4.6,0.365059754569953,0.346028756810818,0.36740236659952,0.34825842613407,0.600114924942118,0.569119874821428,1.01079567389075,0.959174673553548,1.62447399415692,1.54235700427628,5.73604547257112,5.452254375896,27.6963561907509,26.3417805136339,0.491451251615959,0.312314558844786,0.476788562702106,0.3031187725278,0.742509921913069,0.471183523630216,1.21519709589085,0.7685900134264,1.90054561066896,1.198221895795,6.60838331385853,4.12980526729287,31.7851410375002,19.7269565870577,0.892581632272819,0.332881051244628,0.799952699028605,0.299833610681973,1.15573045519935,0.424025874824756,1.78165449821338,0.632410550693562,2.62311152752129,0.90112645518677,8.17254350058292,2.52411466604459,35.4640534147463,9.86657295536181,1.44314117889327,0.466925277129863,1.26721356362833,0.411895702557275,1.79681688131577,0.575223265515295,2.79741168907153,0.877675813798113,4.06307105666038,1.25346067918574,14.1857453704575,4.14893189240781,68.7492738305514,19.3901660033539
4.69999999999996,0.364279087628464,0.34436264389999,0.366780213161953,0.346726879494345,0.599244683385035,0.56678729325694,1.00945397206664,0.955369173330992,1.62262686052544,1.53663874376785,5.72965497587282,5.43208279713796,27.6658978734055,26.2515963049244,0.498027429139413,0.314560502296826,0.482343874285265,0.304564072540081,0.749847387893804,0.472640621741763,1.22597994183728,0.769678006661118,1.91509132945087,1.19857303711522,6.65423765620125,4.12770990072455,31.9413381945648,19.7292704583835,0.908739914253086,0.334629812188976,0.813633060425126,0.301392580802789,1.174370827304,0.425502413060691,1.81139979919428,0.635250426066513,2.66538482046266,0.904794313856417,8.33893805749243,2.5358849250566,36.4903036293862,10.0215611035658,1.48521871253753,0.469994500612883,1.30154907851444,0.413819272170167,1.84287465901094,0.576892344768177,2.86782110216944,0.878768581056345,4.15973171642531,1.25180345241874,14.5427735031406,4.13921767830713,70.5858661499352,19.3924757720146
4.79999999999998,0.363617703496178,0.342817543326107,0.366258488515556,0.345313883952264,0.598508351302107,0.564576500415297,1.00830915040022,0.951750876209131,1.62104728695712,1.53108576048298,5.72413410672549,5.41280293635688,27.6394913877593,26.1540005234568,0.504547210281853,0.316435011846068,0.48760345528013,0.30571468094858,0.756983089435794,0.473665823836412,1.23667422757932,0.771200756804694,1.92952500121543,1.19973338426823,6.69988651915738,4.13073370471593,32.100391042716,19.6761284287929,0.924826705198895,0.33650674990585,0.828418595417111,0.303372859187898,1.19371382443774,0.427740551719114,1.84095320909087,0.637214563035903,2.70729031131225,0.907082641866708,8.50323723789946,2.55432829802159,37.4721588794419,10.1550479392798,1.5269228795148,0.472695833390946,1.33555792421744,0.415875939762715,1.88854348092921,0.578535485666542,2.93748516234176,0.879340943860795,4.2551557639827,1.24896449375752,14.8907912619859,4.13154050597736,72.2125002982895,19.3835773836692
4.9,0.363062869198384,0.34138881664546,0.365826410178936,0.343998018902818,0.597891629878641,0.562500977467976,1.00734028674291,0.94835128586095,1.61970687858399,1.52583711203375,5.71939104088464,5.3948405577193,27.6167097619582,26.0684978221736,0.511062963386881,0.318372052040177,0.493261871441786,0.307562363707987,0.76438803286084,0.475093231756193,1.2475071994065,0.773002900906952,1.94432639319525,1.19947682109931,6.74989632416061,4.13493444787154,32.356717329807,19.6947711436489,0.941013780173678,0.338791911151379,0.843005898053768,0.305517003685245,1.2130083621217,0.429771058408105,1.87075333790705,0.640361007833726,2.74962716234435,0.910160562172756,8.67133842915448,2.57172826321238,38.509978414576,10.2991564862901,1.56836963028226,0.474859415551694,1.36863624173558,0.417338530709788,1.93331878847037,0.579596001250246,3.0067771975681,0.879909517912168,4.35008787364719,1.24708011856033,15.2379390067078,4.11681676046393,73.8160566456296,19.2164084314102
5,0.362603671737059,0.340056078270638,0.365474737740144,0.342761167780975,0.597382263396686,0.560566881629426,1.0065294483018,0.945138302696938,1.61858129762391,1.52080958431646,5.71534709683842,5.37700935826834,27.5971871825549,25.9800271191788,0.517484393498746,0.320145534250442,0.498280455656654,0.308176090035027,0.771372040811528,0.47641736721931,1.25812495950981,0.774050740373791,1.95876244904111,1.20053689950594,6.79746220213826,4.13264817033626,32.5700113566267,19.6887803900129,0.957297798600696,0.340985832056226,0.855979654864952,0.306927844952967,1.23119709298235,0.431243032123414,1.90069509122192,0.642718903727273,2.79218551970941,0.913379203723298,8.8414904140816,2.58708052707958,39.5847471858279,10.4279736369823,1.60962963884009,0.476694749028073,1.40117818185163,0.418265843281109,1.97757250949254,0.579471435588475,3.07577314345771,0.880384999823446,4.4446313627431,1.24538784153449,15.5845604324901,4.10083766455609,75.4188039947578,19.1515755790955
5.1,0.36223068952025,0.338812744960758,0.365195494693438,0.341598442088576,0.596969670536511,0.558708761594772,1.00586115157894,0.942059979641426,1.61764953018428,1.51604721458497,5.71193435385563,5.36026226220601,27.5806078972995,25.9021718915579,0.523865341374785,0.321944354864119,0.50392180121128,0.309809357664746,0.778688107083665,0.477429395188787,1.26871515698218,0.775554486230663,1.97321154446018,1.2015494589562,6.84598637519905,4.12726077872216,32.8099117837207,19.6794912133134,0.973502781256965,0.342880380470949,0.870815447630003,0.30888637578177,1.25065156956812,0.433404679036749,1.93020116448036,0.64567762267879,2.83381568428133,0.916998241027253,9.00367768140313,2.60282745185399,40.5063068412815,10.534792030802,1.65084487648461,0.478791536843528,1.43361968878577,0.419258221166876,2.02168536196035,0.580579857710907,3.14501006289127,0.880437084575646,4.53982558997946,1.24357946747145,15.9418536582615,4.09116430570321,77.24003698244,19.0393964695557
5.2,0.36193573461761,0.337664716572369,0.364981750166091,0.340506244592284,0.596644655122887,0.556968996485243,1.00532193883221,0.939152725935847,1.61689331131687,1.51146077639607,5.70909378559462,5.34423311974657,27.5666975225982,25.8230748555412,0.530226898858469,0.323632959689054,0.509441919365481,0.31119043418879,0.785981431121045,0.478505125854013,1.27935955116537,0.776488876862324,1.98784054032233,1.20171967321037,6.89701071447238,4.12971176325191,33.1078173883968,19.6213686166807,0.98993336474926,0.344794927350016,0.885072025180456,0.310325757460569,1.26973870680876,0.43491698404827,1.9601033621227,0.647885130780699,2.87613861921162,0.919067846278122,9.17148656591494,2.61492818895584,41.5434150976434,10.658281542868,1.69189410609365,0.480534512257641,1.46718586138955,0.420420508533949,2.0665483209239,0.581271798158191,3.21398052957759,0.880092277827323,4.63459943195218,1.24107690067861,16.2968261778136,4.079143840049,78.979866822828,18.9427440335319
5.3,0.361711648307876,0.336578514635193,0.364827445726014,0.339468709673013,0.596399176655275,0.555312390741904,1.00490004218477,0.936372563206005,1.61629666909652,1.507100444956,5.70677378114838,5.32833956929371,27.5552161574503,25.7457095080504,0.53652704892095,0.32590692674446,0.514559033027225,0.312594655930678,0.792926729881135,0.480085748115337,1.28989414748407,0.777894736961571,2.00230885332194,1.20247911555501,6.94734681415181,4.12427048716805,33.3975396032091,19.6605774651309,1.00618708776772,0.346932702174414,0.899136945369075,0.312016197250919,1.28865368508653,0.436654004390303,1.98977599715082,0.65030923836698,2.91809194020279,0.921700240356506,9.33780004083149,2.63005379156951,42.5230684754642,10.7965638686898,1.73304450616083,0.482676410644278,1.50047172120957,0.42126154222964,2.11137121998641,0.582176437356954,3.28333129917343,0.880725208102447,4.73018325806051,1.23974947390181,16.6624853739825,4.06912912779897,80.9646791457995,18.885294647498
5.39999999999996,0.361552137238351,0.335575088531594,0.364727256556271,0.338524851137968,0.596226166402344,0.553748101504345,1.00458511450989,0.93372795946048,1.61584555936876,1.50287190238167,5.70492896099567,5.31367212499997,27.5459528719674,25.6770931376387,0.542656161333523,0.327464695038625,0.519935152514986,0.313734551484161,0.79994762595093,0.48135402848413,1.29992134925267,0.778900861043737,2.01580617081667,1.20300492542849,6.98952181806011,4.12368321846181,33.5238190242621,19.6254954886276,1.02246081068392,0.348592217402842,0.914319142838759,0.31390415033725,1.30843149785326,0.438673154746539,2.01950471044438,0.652723350453339,2.96013327106957,0.923851159788319,9.5053076145317,2.64210396488298,43.5100640520002,10.8817047521133,1.77382039427065,0.484734476949907,1.53434835649109,0.422467720988553,2.15628953459378,0.583291347692785,3.35170756252397,0.880620672470698,4.82397683028442,1.23790801763991,17.0108029170383,4.05765090357586,82.5535743975298,18.8427570369764
5.50000000000004,0.361451640896237,0.334625608131246,0.364676479135206,0.337620560075402,0.596119378630142,0.55223640859193,1.00436801178673,0.931151343808771,1.61552757037845,1.49878569427619,5.70351922007664,5.29893265545458,27.5387212542289,25.6095810348046,0.548825923479975,0.328761320673248,0.524832262336533,0.314551984668872,0.806600761413062,0.48201964773248,1.31018041115997,0.779664184739767,2.02982939300191,1.20302428077625,7.03719552869015,4.12488098689237,33.7703727439531,19.6285770786324,1.03867624870525,0.350758496447403,0.928638541276586,0.315723163626707,1.32747585555908,0.440498692389244,2.0488658118746,0.655034343495516,3.00146808669097,0.926670077003497,9.66744118175727,2.65490617910894,44.4150817362449,10.9796067765648,1.81454851066313,0.486331605748321,1.56800244792103,0.42402538153242,2.20104975023303,0.58385858329388,3.42011313981368,0.880778986206499,4.91787896078822,1.23575157383426,17.3616694401944,4.05032075113322,84.1627428468672,18.7589298742245
5.60000000000003,0.361405223481423,0.333739513497402,0.364670939578754,0.336755072885169,0.596073269212708,0.550803704351115,1.00424061555797,0.928723340624185,1.6153316818388,1.4949084939486,5.70250894768627,5.28525446282924,27.5333557808176,25.5419487627404,0.554885086655142,0.330573748819554,0.529860502063585,0.315705160265371,0.813351758116573,0.483080787151605,1.3201489146932,0.781228726243417,2.04331924039046,1.20344887628962,7.08066726904302,4.12136188391368,33.9344714372833,19.6775488063059,1.05500839804667,0.352632294743499,0.942991136006705,0.317322569329266,1.34652105283519,0.442778487077496,2.07840381581763,0.658395194451866,3.0431014586652,0.929766898482739,9.83220762231057,2.66680349340245,45.3752153321543,11.0573719685126,1.85551708211622,0.488719040226062,1.60121195046877,0.425321589313273,2.24583972545355,0.584011027451462,3.48925777434559,0.880621651278711,5.01324069914878,1.23333071260118,17.7297153992931,4.03955496178151,86.1572443738467,18.6854897974694
5.69999999999998,0.361408484984205,0.332907528304593,0.364706918249266,0.335950826230441,0.596082895795722,0.549460246263133,1.0041956869425,0.926383373975389,1.61524806683427,1.49116043910118,5.70186638639867,5.27177048112068,27.5297088348524,25.474231141587,0.560957323671186,0.332114273383685,0.535332266705781,0.317146031472262,0.820421917764887,0.48425485963086,1.33023623717645,0.782358195339884,2.05709668403569,1.20411645397341,7.12736197587557,4.11924897373925,34.1707277506074,19.6730932747361,1.07127821484596,0.354744160418402,0.955855126387667,0.31852405023275,1.36442546383088,0.443781248600614,2.10769426831969,0.66027048547042,3.08424692829137,0.931418717399547,9.99316842353516,2.67893041860051,46.2570029098976,11.1404050530994,1.89618982695749,0.489870334101891,1.63335671019274,0.426275828522977,2.28956713043022,0.584175357419161,3.55763301490352,0.880106536549916,5.10715992048559,1.23084212642792,18.0830868899966,4.02658098391703,87.7956922079197,18.6857490840868
5.80000000000001,0.361457487516947,0.332120083965177,0.364781087287687,0.335180799211338,0.596143835080542,0.548147943180764,1.00422674570626,0.924125714690992,1.61526792773555,1.48752661484291,5.70156310132065,5.25880124984476,27.5276482377094,25.4115939637698,0.566973860393243,0.333475650031106,0.53971830880236,0.317608703628146,0.826665041982022,0.4848591442714,1.34022759363123,0.782795749328073,2.07073297555346,1.20452607433497,7.17342639335776,4.12151243602917,34.3976968704924,19.6414232248828,1.08769026830509,0.356264013738826,0.971013159023469,0.320524165709936,1.38414910789487,0.44560538916978,2.13726688727684,0.662270254655088,3.12587673663262,0.933250341942006,10.1581464912926,2.6894804657893,47.2115180054396,11.2305655575227,1.93716649427173,0.491431959042716,1.6653865156542,0.427191256320483,2.33337286887174,0.584600744860648,3.62681154471939,0.879968666717901,5.20260454703362,1.22864502929776,18.4534879892164,4.01542228880299,89.8232924798881,18.6152305503249
5.89999999999996,0.3615486938647,0.33139831294657,0.36489045850019,0.334472170199593,0.596252113823419,0.54692595599556,1.00432796940195,0.921975633749697,1.61538335935216,1.48406966775336,5.70157353764943,5.24597683554802,27.527055191795,25.3490912326838,0.572977223286518,0.335260956677324,0.545132780063294,0.319107581633439,0.833679181789812,0.486274653504513,1.35024292381754,0.78405521576696,2.08446129534466,1.20400475502213,7.22089195031241,4.11927872607527,34.6584358910538,19.6174752476448,1.10409051816059,0.358125354413683,0.983970561850609,0.321673656590026,1.40229369066755,0.446810102573326,2.16683171850773,0.664690644959041,3.16748298713048,0.936122805841538,10.3233692662191,2.70057500995198,48.1531677717759,11.3137811716827,1.97791797447231,0.493068269045759,1.69832877414601,0.428154747360905,2.37770496330065,0.585003539547888,3.69537040341121,0.88023291438284,5.29684626923879,1.2259210520088,18.8108119168902,4.00366024683441,91.519146706362,18.5711617981195
6.00000000000001,0.361678915901173,0.330702117893785,0.365032339606651,0.333767395082769,0.596404150908883,0.545714179025254,1.00449410870916,0.919862100838261,1.61558723407126,1.48065520441772,5.70187464947007,5.23377676482889,27.527822554859,25.2910502578952,0.578883198412509,0.336568781706138,0.550001516162927,0.319717873630814,0.840198333208409,0.487044096689438,1.35998212869325,0.78488665503813,2.09767446919934,1.20418453528859,7.26416174609579,4.12082213871642,34.8373548507478,19.5937309083614,1.1204990126223,0.3598105030375,0.998571825526364,0.323452935869001,1.42162204261873,0.44828612752362,2.19632361346037,0.666892828111917,3.20889061754258,0.938030183543897,10.4865914165311,2.71237111741621,49.0392912759905,11.3917308677543,2.01869613728022,0.494999407020716,1.73149604060131,0.429091270838504,2.42223183555134,0.585377479059389,3.76400731138368,0.879799584297311,5.39123571851397,1.22354341421876,19.1701723458768,3.9946608592696,93.2459940095548,18.5492331199469
6.09999999999999,0.361845271028694,0.330059305300451,0.365204297291513,0.333120630472929,0.596596708430953,0.544576431593477,1.004720415949,0.917879784844492,1.61587310487455,1.47736244006834,5.70244558645321,5.2220841885547,27.5298533837199,25.2300716367798,0.584791591834013,0.337958002786241,0.555131074182159,0.321136359531806,0.846940049945955,0.488063347315558,1.3697983677166,0.785713294038969,2.11108642277697,1.20433368818106,7.30980902857448,4.11816038394622,35.0704096197585,19.5595606340901,1.1370178830948,0.361458688494289,1.01234071323976,0.324575383847638,1.44046156812615,0.449835254175627,2.22602007483498,0.668792612138303,3.25065942946519,0.940183319689174,10.6531236615838,2.72230275787132,49.9926743014023,11.4533024212697,2.05958546354093,0.496559248342209,1.76420727545024,0.430018918793339,2.46641265079677,0.585870291440892,3.83291418169951,0.880097051000703,5.48611912180247,1.2218612000403,19.5350597815418,3.9833105549221,95.0884320524507,18.5004752325013
6.19999999999997,0.362045145189469,0.329439994237159,0.365404125826521,0.332495610952882,0.596826850151884,0.54345976361892,1.00500258438662,0.915934741884472,1.61623512299392,1.47419309849765,5.70326742793773,5.21061496263262,27.5330596984194,25.1763258953632,0.59063990527623,0.339572593745936,0.560068575572199,0.321748999588625,0.853466403757424,0.488981309445581,1.37948121617647,0.786469899716554,2.12427250646107,1.20498129391248,7.35392644272092,4.11723627142249,35.2754738046437,19.589279760489,1.15335073326774,0.362938494102831,1.02605281898751,0.325790298515164,1.45904396393295,0.451127238965288,2.25518017584775,0.670634998395455,3.29143423834909,0.941693992075726,10.8117204584708,2.73307671643625,50.7851340732646,11.5084846953374,2.10066660405377,0.498031016426474,1.79684490567263,0.43068325608706,2.51080656182137,0.586266307474588,3.90246246741533,0.880410779641194,5.58221859304848,1.22044695032483,19.9138825524016,3.9765920375062,97.1999461349288,18.4015345316818
6.3,0.362276161293284,0.328873582332208,0.365629820286846,0.331914769396741,0.59709190604223,0.542418244926355,1.00533669642451,0.914081402077508,1.61666796763069,1.47109277272028,5.70432295604686,5.19921538236558,27.537361427932,25.1217886460677,0.596455541654951,0.341075375523906,0.564710414864125,0.322940942249506,0.859836579946608,0.48984808704975,1.38911914930307,0.787011020907899,2.13740790925585,1.20490178255501,7.39808594724909,4.11659915431799,35.4850072756067,19.5632409717618,1.16974684289661,0.364582787347288,1.04105115264662,0.327228903622477,1.47873768482347,0.453183003394104,2.28456334506783,0.672288451940449,3.33268077613717,0.943631052501113,10.9756150488811,2.74427075172989,51.6860610096812,11.5665040714302,2.14165683194027,0.499733347183512,1.82952781942693,0.431403423118788,2.55503546108026,0.586865812547324,3.97176887389614,0.880154904072554,5.67782626017685,1.21945255958528,20.2871615040932,3.96636608627903,99.1460841642291,18.408748358416
6.39999999999998,0.362536152136803,0.328323901226968,0.365879553576832,0.331346892001112,0.597389441864202,0.541404257096275,1.00571917916765,0.912275473105771,1.61716678567706,1.46809575279345,5.7055964611526,5.18839420156565,27.5426855063074,25.0684645110781,0.602222432568567,0.342475964759554,0.569525547463348,0.323816095457989,0.866201814909128,0.490521299808584,1.39865126304532,0.788062393259916,2.15036725838646,1.20561733510108,7.44109665271019,4.11302067793179,35.674103739783,19.5667452954786,1.18613532151727,0.366696104276284,1.05421607258429,0.328594787654023,1.49697209364024,0.454339487200158,2.31383773539751,0.674181668223252,3.37370216197623,0.94635313596123,11.1377032558013,2.75398110431509,52.5498404777803,11.6437762992487,2.18285371702655,0.501128971271743,1.86239201493015,0.432510887566962,2.59960489284687,0.587617328405727,4.04170426214715,0.880454250922926,5.77461628088367,1.21852039525989,20.6739897125151,3.95776030609317,101.367668436736,18.3373989996032
6.49999999999994,0.36282313706878,0.327805710013838,0.366151656633318,0.330824908295452,0.597717232961263,0.54042987182745,1.00614676613594,0.910534026641732,1.61772713977789,1.46520744191148,5.70707357430343,5.17775278538153,27.54896509418,25.016429760169,0.607941569466836,0.343619971687138,0.57449935330016,0.324619300443383,0.872712601241541,0.491643293850669,1.40808491831577,0.789014572123146,2.16316665203136,1.20515781655857,7.48311831883724,4.11171454950037,35.8459683038686,19.5832123328561,1.20261674152571,0.368561522729016,1.0666214787059,0.329417204027899,1.51476758307485,0.455902296588861,2.34328741483671,0.676182478326063,3.4150228180193,0.948562122024647,11.3024553248224,2.76163791012962,53.4631998005275,11.716677027583,2.22377772273882,0.502257271185523,1.89606593716048,0.433359183316811,2.64450515086404,0.587903418158052,4.11079190455753,0.880011971858283,5.86973584587801,1.21675741548467,21.0413721507954,3.94976543190357,103.115168968382,18.248156566394
6.59999999999997,0.363135301796057,0.327313887624911,0.366444601293512,0.330310288762048,0.598073241574662,0.539494993479951,1.0066164641305,0.908844756424717,1.61834496338442,1.46237230567202,5.70874112224789,5.16734891857321,27.5561389053224,24.9643209937275,0.613628221826516,0.34481749332225,0.579390688250819,0.3259423185916,0.879155502524261,0.492684541687186,1.41748807629935,0.78977351302625,2.17594744331435,1.20553548056448,7.52551237844548,4.11152834940372,36.0282166992533,19.5082008394081,1.21918344279532,0.370019394912183,1.08077884369932,0.330985254161334,1.53382844094457,0.456993232927808,2.37288837068305,0.678109273030457,3.45661712261334,0.950457202895475,11.4699578210345,2.76997058990997,54.4383009095351,11.7687529173525,2.26484099061299,0.503574010783774,1.92937493861186,0.433932962994082,2.68933399567888,0.58817093703904,4.18028054268933,0.879533000105618,5.96558933509346,1.21443379116074,21.416933137636,3.93927736589796,105.017283340344,18.2019993066104
6.69999999999997,0.363470980836345,0.326854533882365,0.366756985408556,0.329818788685053,0.59845559713229,0.538588372217116,1.00712552444259,0.907192219906099,1.61901652169962,1.45961821313439,5.71058700149063,5.15705790275771,27.5641506216722,24.9150402255066,0.619328528268424,0.346183746569189,0.583945322786499,0.326568184621478,0.885440172782108,0.492807050225454,1.42699467112048,0.790194888181854,2.18897299917959,1.20527504870767,7.57064746641548,4.10871273219908,36.2716072726155,19.5184800570561,1.23570150780949,0.371522144382342,1.09509188170779,0.332082501700687,1.55305078041719,0.457985989588652,2.40232262206859,0.679687105599866,3.49787768358393,0.952552852280962,11.6346376100897,2.77788741993532,55.3438248466106,11.8020004004091,2.30605618034088,0.504737473606666,1.96322829965708,0.434883744089557,2.73462989039896,0.588956853198056,4.25017362775956,0.87951810404119,6.06218339472876,1.21217925582425,21.8008459679741,3.93024245240303,107.091049659428,18.1052791995265
6.79999999999998,0.363828642212105,0.326417569446814,0.367087519858732,0.329352027662963,0.598862579054456,0.537710425113191,1.00767141773957,0.905617500410244,1.61973837761138,1.4569494774592,5.71260006845643,5.14742732787329,27.5729483832124,24.8658801127627,0.625019952059193,0.347507049105045,0.588592049737079,0.327308009458834,0.891678376000099,0.493744829968046,1.43652086371519,0.791194695744751,2.20207064407724,1.20572765268504,7.61688575871842,4.10979850644944,36.5418711024305,19.478100430467,1.25221454069052,0.372787812185565,1.10915761872999,0.333459146899599,1.57201997053305,0.459737810373586,2.4317122770157,0.681838433654866,3.53906279804604,0.953933557297834,11.7991895906987,2.78750536864544,56.2479126484423,11.8502171498279,2.34720426681457,0.505660921774389,1.99576932921151,0.435691761336641,2.77891005363545,0.589206717315334,4.31979626792524,0.87905029912531,6.15819981600646,1.2099968629155,22.1773680074821,3.92255431841725,108.967240323427,18.0486968039278
6.89999999999997,0.364206874050679,0.326007328736419,0.367435017186295,0.328901762561473,0.599292601700559,0.536874848917183,1.00825181207804,0.904074051786065,1.62050736186808,1.45433805405597,5.71477004335031,5.13764738086216,27.5824843415077,24.8185895396757,0.630567857503284,0.348454339912446,0.593421134234747,0.328346871203191,0.898036265872028,0.4946665517544,1.44561744336385,0.791603849850623,2.21433949990442,1.20520458764255,7.65588592808898,4.10566996777836,36.6640232908173,19.4953545378235,1.2686232985627,0.374751304174114,1.1230663938954,0.335035715750975,1.59078513224523,0.461421196149798,2.4607777538999,0.684050321824502,3.57962845311821,0.956004788865098,11.9583702610906,2.79696990307094,57.0329675433369,11.8991639590272,2.38831216607198,0.506852118566373,2.02783053503169,0.436513594754382,2.82267422913087,0.58955156256919,4.38924935040958,0.879020901447256,6.25382413166974,1.20840830363942,22.5483838229334,3.91305794346484,110.675514142181,18.0492124422843
7.00000000000001,0.364604372812759,0.325625276388699,0.367798381610185,0.328489941524075,0.599744201144643,0.53605536903239,1.00886455358819,0.902601266549708,1.62132054687748,1.45179206126205,5.71708742571149,5.12830784378471,27.5927142675647,24.7700057925773,0.636181045997584,0.350068796400062,0.598174575689126,0.32922448147533,0.904352047384577,0.495755804678416,1.45499276996147,0.792702960563292,2.22720381483766,1.20580139105816,7.70087540134636,4.10502866059991,36.9148550035376,19.4548683767708,1.28521107727329,0.376324597618832,1.13656615479243,0.336182916809598,1.60947152158677,0.462657354063649,2.49027727509347,0.685709112696415,3.62103090427504,0.957695214601283,12.1258729730508,2.80376076009346,58.0082623785003,11.9388872883294,2.42963090422572,0.507734644579035,2.05972564525004,0.436603763497211,2.86654014613817,0.589613623446386,4.45929188223757,0.878634042855443,6.3505279078712,1.20586139876531,22.9314186273555,3.90591382720058,112.625616063645,17.9922616789593
7.09999999999996,0.365019932917468,0.325275735238498,0.368176600226037,0.328090185752941,0.600216023519631,0.535280075732866,1.00950764944916,0.901152808150882,1.62217522361334,1.44931385931671,5.71954341999467,5.1189780861235,27.6035972062878,24.729547144583,0.641815819742973,0.350986338107466,0.602643096405757,0.330100841436767,0.910465924111695,0.496173700830294,1.46448064038909,0.793062709843699,2.24032168379188,1.20579223194345,7.74860069287712,4.10327990217359,37.226745150886,19.4694681826859,1.301659851982,0.377570137578382,1.14968728115242,0.336967233915132,1.62764924819424,0.463393737246979,2.51932714628635,0.686969636589076,3.66156947020244,0.958906495132586,12.2855712378869,2.81059249433234,58.8162297803404,11.992865190053,2.47118480022644,0.508918774706834,2.09254800729351,0.437458555491399,2.91118274519154,0.589722152899836,4.52995519814553,0.878535281368981,6.4483540485226,1.20453242925099,23.3267766003547,3.89837939783,114.828892360391,17.9399006039989
7.20000000000001,0.365452437569956,0.324938380467327,0.368568735226761,0.327708101553864,0.600706814712272,0.534535387443449,1.01017925283688,0.899747692191813,1.6230688811975,1.44690105752245,5.72212986978143,5.11004362485166,27.6150951710153,24.684403643306,0.647267695420618,0.352143486509022,0.607238946644709,0.330736698973828,0.916572373022448,0.496683676643977,1.47339539915296,0.793791025645504,2.25231802159005,1.20599751214706,7.78626735366553,4.10166822597977,37.3306638657556,19.4808596115643,1.31817565290703,0.379330962181936,1.16328101238642,0.338116581180879,1.64620448569675,0.464761786799985,2.54856789729904,0.688905607723593,3.70249831083654,0.960874025716579,12.449697308426,2.81946309836381,59.7227905682006,12.0291744078211,2.51263980030294,0.510331939536785,2.12572436301579,0.438176673155435,2.9560353508793,0.590294086371793,4.60021748971947,0.878700620448482,6.5453229295078,1.20314319493893,23.7106936223374,3.88869025225153,116.732793215922,17.8944731978723
7.29999999999994,0.365900850628159,0.324612573955937,0.368973917005125,0.327344686571087,0.601215411225352,0.53381136475075,1.01087764957637,0.898392747483154,1.62399918879393,1.44456154127725,5.72483919944749,5.10128348432402,27.6271728726968,24.6408592100673,0.652750872216691,0.353149839632503,0.611990569007778,0.331560931798152,0.92279254012363,0.4978419854271,1.4824746882173,0.794529921870351,2.26467765802065,1.20607123948577,7.82774810000899,4.09799976286473,37.5170612506588,19.4692333447119,1.33460738724706,0.380811692884712,1.17641595245443,0.339138745332942,1.66439273325168,0.46574598739215,2.57755672846153,0.690216088721015,3.74292458685188,0.962369024386258,12.6090758892514,2.82720719045506,60.5099002242535,12.047957730523,2.55428890132523,0.511429812766127,2.15684888551101,0.438583733855916,2.99940616431843,0.590400263892211,4.67102635552955,0.878295846112976,6.64328325978573,1.20214047011098,24.1056737953675,3.88326885003403,118.851627442861,17.8054093737416
7.39999999999996,0.366364209370731,0.324309755909123,0.369391338021197,0.326991225383378,0.601740732052247,0.533096352258934,1.01160124627227,0.897055023902637,1.62496397950772,1.44224529491723,5.72766436229432,5.09264865032637,27.6397974790861,24.5977931100394,0.658206262623434,0.354498068184164,0.616366946410471,0.332104065479861,0.928662977183685,0.498060991360877,1.4915049967437,0.795018390490399,2.27696728051307,1.20602486506404,7.8689484313881,4.09883523935177,37.700449312758,19.4300376061117,1.35111640832172,0.38246335115511,1.1898089825813,0.340027770253873,1.6828383783427,0.466752749170242,2.60671007015212,0.69238171114036,3.78366957583478,0.963649010383739,12.7718968461923,2.83293964395521,61.3785378776265,12.092809486069,2.59590014522579,0.51220283847566,2.18973071551516,0.4390432232805,3.04416421302216,0.590540243286068,4.74163666742203,0.877802851394891,6.74078847964171,1.2009771398216,24.4941505000263,3.87251027232232,120.786078352597,17.7797676049315
7.49999999999997,0.366841618049078,0.324016240709625,0.369820247335291,0.326643418839103,0.602281771432245,0.532408511815888,1.0123485597253,0.895751734927074,1.62596123602835,1.43997775753689,5.73059879430323,5.08417371690243,27.6529384000514,24.5579745442567,0.663601164382681,0.355609732876804,0.620834563372535,0.332937165795706,0.934654275865204,0.49895706470443,1.50038144020413,0.795696344676254,2.28897636386071,1.20599864048683,7.90789682314486,4.09506362351183,37.8386543920516,19.4601229784059,1.3676136207364,0.383677750656116,1.20306429616034,0.34105248092327,1.70122161495655,0.468200046312478,2.63581193660688,0.693640392682486,3.82432185432049,0.965401494122916,12.9342525008968,2.83890426543618,62.2352781057954,12.128930601538,2.63768745772917,0.513228807213502,2.22245234997315,0.43960937175697,3.08889212941072,0.590712720968674,4.81265205620423,0.877252978410095,6.8390049137814,1.19944950674922,24.8902257233051,3.86265810863306,122.883008857952,17.7300121900371
7.60000000000003,0.367332242123772,0.323756247401223,0.370259945721801,0.326336355014765,0.602837592374749,0.531743179765793,1.01311820747141,0.894508150428891,1.62698907779555,1.43780384996833,5.73363637279664,5.07605604168983,27.666567095667,24.5150219486125,0.669048972104126,0.356606214992088,0.625374942696923,0.333511529762378,0.94074867933396,0.499631360176608,1.50949050147544,0.796260842425262,2.30148251555911,1.20630621293071,7.9518974232229,4.09250630580785,38.0848033048058,19.4672424627764,1.38409598552518,0.384921874786958,1.21709691435141,0.342027961182959,1.72012013465273,0.468928142009047,2.66487246142923,0.694845486596389,3.86490844227584,0.966773954453312,13.0965069046009,2.84700172390515,63.0872117958302,12.1821054202315,2.67964427700298,0.514400090785025,2.25597354352172,0.440368271321178,3.13428593781907,0.590968277466132,4.88413975139276,0.877504319022292,6.93806507725765,1.19907134188504,25.2956543949384,3.85522290032517,125.153655793687,17.6730219720625
7.70000000000007,0.36783530310019,0.323499119992454,0.370709781291601,0.326021715189618,0.603407320856646,0.53110392466071,1.01390889930362,0.89327517464995,1.62804574949823,1.43563086048566,5.73677137939474,5.06784766114958,27.6806569042539,24.4748366950353,0.67438093575214,0.357938459561685,0.630054837847295,0.334585401582645,0.946845316987294,0.500420000509233,1.51827152136304,0.79682913605086,2.31336429930822,1.20638760868753,7.99049362372289,4.09345636745277,38.2198111355164,19.4054578170683,1.4005706516507,0.386518157274951,1.23066794785561,0.343338624785623,1.73863085157618,0.470161297755137,2.69384731504198,0.696541805737841,3.90532190893055,0.967857080507668,13.2572482986622,2.85435426130282,63.9087373092766,12.2054273954449,2.7216179273784,0.515127348816796,2.28847355196781,0.440875882968613,3.17893041648958,0.591269370327887,4.95552365894372,0.877371405914609,7.03682634758909,1.19765665586836,25.6958678182261,3.84823850189099,127.277377492038,17.6262032269909
7.80000000000003,0.368350073890269,0.323247990066601,0.371169145560975,0.325730469714033,0.603990140610722,0.530488531187604,1.01471942965688,0.892083381896624,1.6291296107437,1.43351296170953,5.73999846674259,5.0601057823302,27.6951828879248,24.4352663265702,0.679799290918463,0.358997594780613,0.634386265096648,0.335102274441189,0.952810927178063,0.501225868038274,1.5273735670719,0.797371606179818,2.32591344258582,1.20596197363519,8.03566763122774,4.09051507796351,38.4961845283277,19.4111171871634,1.41707737562981,0.387604387638253,1.2444202023492,0.344298149408426,1.75737329940789,0.471356824867872,2.72290904729569,0.69779198782381,3.94592522560773,0.969267387139225,13.4205230655264,2.85998517023946,64.790727720216,12.2398413531528,2.76371737681474,0.515899560703053,2.32184696212409,0.44156377325895,3.22425790876608,0.591489736568919,5.02713802958328,0.877506304469977,7.13591784271786,1.19601948448553,26.098190244536,3.83941125449455,129.412489408347,17.6213501417386
7.90000000000004,0.368875874637511,0.323020291776415,0.371637469913704,0.325437652444175,0.604585288434557,0.529871941913534,1.01554867075279,0.890906593970152,1.63023912675755,1.43145988995647,5.74331262855726,5.05199638393717,27.7101216935448,24.3969071564583,0.685188975290976,0.35984562849537,0.638946522725648,0.335876210488142,0.958860528841957,0.501489478037861,1.53641266436208,0.797932231374463,2.33836075622823,1.20604032640442,8.08022611524038,4.08895526202333,38.7632226639684,19.3969341933708,1.43355221577396,0.38922965948845,1.25790912495585,0.345240335942746,1.77580668632564,0.472416060050248,2.75184555634786,0.699159514676453,3.98630115206766,0.970839628788083,13.5820646259913,2.86420028950731,65.6411347939699,12.2608329711282,2.80594071400303,0.517058819437003,2.35432563015068,0.44220368220496,3.26899922837237,0.591651248180201,5.09907450795855,0.877692654542105,7.23554529448302,1.19460414511071,26.5057764987987,3.83278080408366,131.616759192055,17.5595290823052
8.00000000000007,0.36941206895096,0.322807571346129,0.372114222410224,0.325169363982393,0.605192049958892,0.529283714011115,1.01639556641505,0.889787990671215,1.63137285999335,1.42943992307997,5.74670917260497,5.04442851823178,27.7254514272888,24.3597280522968,0.690465744366048,0.360765186355993,0.64369175943606,0.336705103035987,0.964932450814441,0.502210274927131,1.54511562983314,0.798203699591713,2.35016279400649,1.20616455289876,8.11909886540169,4.08793016384929,38.913860115638,19.3240291280823,1.45009090074916,0.390621872590637,1.27146301056112,0.346195920920334,1.79434110326862,0.47382675819685,2.7809259449764,0.700540447809414,4.02694119193432,0.972464469187878,13.7463414203344,2.87203157911864,66.549172865944,12.3067704807848,2.84807605992326,0.517695626857537,2.38805677240837,0.44266454294708,3.31458801703185,0.592057574192314,5.17075247851983,0.877043265575209,7.33461625622778,1.19302580753443,26.9056746742264,3.8253962478563,133.57948712265,17.5200669608168
8.10000000000006,0.36995806050115,0.322604836191553,0.372598904903953,0.324909250327459,0.605809755822688,0.528704950996733,1.01725912647878,0.888680897805958,1.63252946254768,1.42746393550536,5.75018369627186,5.03710288334729,27.7411515412471,24.3239723413347,0.695764511009917,0.361996666085452,0.647894295113633,0.337172963000947,0.970729479271455,0.502779536188545,1.55393190993273,0.798828237154962,2.36221546065119,1.20603719313442,8.16064831450811,4.08669287265148,39.1228614271037,19.3341404618444,1.46664711389636,0.392102596500737,1.2851650715154,0.347103000617053,1.81301916142408,0.474703112059209,2.81011718914799,0.70184636540309,4.06780511219044,0.97396165992973,13.9133504330124,2.8771215885536,67.5006190249108,12.3506291348929,2.89050563640888,0.518822822725674,2.42118217311666,0.443075327497638,3.35994677383061,0.592699223274721,5.2431469324654,0.877024074994621,7.43496098957338,1.19197599361265,27.3195310048519,3.82061210076953,135.848056224405,17.4390949528605
8.20000000000006,0.370513289937214,0.32242944230713,0.373091050430149,0.324671520646716,0.606437778209011,0.528167546650788,1.01813842172653,0.88760627639461,1.63370766928961,1.42550886220142,5.75373206443535,5.02963997465398,27.757202730702,24.2892195371036,0.701009649236557,0.362762868690831,0.652311681272246,0.337947137318184,0.9765761581957,0.50337584639263,1.56261108302897,0.799270130879549,2.37401888012181,1.20558857860893,8.20019118967173,4.08294049097259,39.2917834178468,19.3471553994723,1.48306474943245,0.393155404810983,1.29798855101238,0.348037668560103,1.83089318479822,0.475470008207075,2.83888671714781,0.703626605806375,4.10787062864082,0.974845669406169,14.072835668078,2.88336816521128,68.2867277147463,12.3787707278735,2.93296657997531,0.519907548875303,2.45445554219347,0.443611812993804,3.40531307291325,0.592712925197725,5.31549372578748,0.877092758540059,7.53510990331351,1.19072474656118,27.7291706177134,3.81749356062571,137.982428811563,17.3909684725702
8.29999999999994,0.371077232089605,0.322244102699633,0.373590220837105,0.324433205748641,0.607075527701855,0.527622804524992,1.01903257929295,0.886548956418595,1.63490629162568,1.42361689578041,5.7573503893815,5.02237122586884,27.7735868409076,24.2518820108732,0.706325356624333,0.36414709794419,0.656810423914456,0.338671021242524,0.982528514904259,0.503786077113167,1.57155907864674,0.800232480769309,2.38638041753415,1.20572436525856,8.24527622451459,4.08332731191951,39.5793313801437,19.3531419950284,1.49963587377971,0.394474240925203,1.3122214342848,0.349138827959616,1.8499443968925,0.476850805469516,2.86802821047507,0.704928363355036,4.14863385521977,0.975794428429192,14.2393657272024,2.88665050086672,69.2345051456436,12.4065109308301,2.97547473789735,0.520671190948015,2.48717755558473,0.443976436666535,3.45031972516804,0.592973718025774,5.38786749804438,0.876846517763257,7.63521351848657,1.18878219521485,28.1365491586087,3.80941070562686,140.022614462312,17.3640661420725
8.39999999999999,0.371649393427391,0.322079295500577,0.374096004633333,0.324198934910089,0.607722450428976,0.527097528909157,1.01994077848701,0.885513317194116,1.63612421183143,1.42176689665606,5.761035012546,5.01537008458444,27.7902867823274,24.2170002775816,0.71143574422915,0.364834644469822,0.660759821969669,0.339130480486259,0.987967168370149,0.504272699008493,1.57985612818568,0.800430491271452,2.39746471842933,1.20564636631715,8.2786457677726,4.08124586567201,39.6233288960855,19.2958570001716,1.51621615904948,0.395733917142825,1.3257686612173,0.350238155577643,1.86847409643127,0.477747502744416,2.89719885732128,0.705994690498002,4.18945031113324,0.976673864438304,14.4067054349767,2.88947777349188,70.1914234447453,12.4136268979028,3.01828829985024,0.52130040252401,2.52133864637905,0.444451047973673,3.49659905329434,0.593170848441225,5.46101969661537,0.87682452547616,7.73670579404125,1.18703858852918,28.5593967822351,3.80321009405512,142.391765716577,17.3368122728898
8.50000000000001,0.372229309742952,0.321917385852177,0.374608015027675,0.323983937730444,0.608378025460252,0.526583336261586,1.02086224698732,0.884513484155248,1.63736037788874,1.41993649067235,5.764782487884,5.0084200726699,27.8072864534389,24.1824432612497,0.716721440440265,0.366054377009786,0.665417725554319,0.340228956003441,0.994090560069803,0.505208122663766,1.58878152681458,0.801326455637151,2.40982797514479,1.20575553283887,8.32439599515739,4.07901403849307,39.9289841074565,19.3437096424542,1.53263586358188,0.39717314044895,1.3394506794501,0.35119799333127,1.88702810401314,0.478985985780035,2.92590196119983,0.707575114214433,4.22937673200053,0.97791235328639,14.5653987687169,2.89658446027158,70.9496893129487,12.4480379017299,3.06118213436389,0.522026759854498,2.55443558525085,0.445233068022364,3.54209660732462,0.593271893913218,5.53427547417239,0.87660123778371,7.83829180915748,1.1858194216985,28.9815959214319,3.79726191666273,144.708817532482,17.3211814509638
8.60000000000003,0.372816544040243,0.321773991894467,0.375125888142083,0.323779736934133,0.609041762434777,0.52609253776955,1.02179625737146,0.88352046873533,1.63861379877635,1.41814619376009,5.76858956669809,5.00152716755863,27.8245706703006,24.1463051301719,0.721898893778152,0.367049046734837,0.669376315118216,0.340747750790323,0.99963195511574,0.505291403248931,1.59737995654134,0.801514456656691,2.42156022032212,1.20546874794099,8.36449946648374,4.07683449177735,40.1183764927971,19.3105021034956,1.54917629846323,0.398216815936909,1.35254618765401,0.351977093060683,1.90525261714822,0.479922478315492,2.95489008819034,0.708600538617991,4.26983018537237,0.979015028436074,14.7293913529887,2.89874812193556,71.8277761698113,12.4900298529911,3.10395965325522,0.523029433066626,2.58848539073571,0.445854987102941,3.58827704678151,0.593849649097042,5.60709407073574,0.876559981809426,7.93895216256997,1.18479845481079,29.3906400422378,3.79245871447015,146.668802499408,17.3017253367146
8.69999999999991,0.373410684605605,0.321635699535668,0.375649281379255,0.323563641278184,0.609713199393074,0.525617028358975,1.02274212394479,0.882561492312523,1.63988354016658,1.41638274429483,5.77245318377386,4.99486765052304,27.8421251021884,24.1162163662891,0.72703546617328,0.367931852552484,0.673827478309985,0.341381468835041,1.00543234016767,0.506112654008089,1.60588160877732,0.80190427425444,2.43312236913229,1.20581698642484,8.40331050481301,4.07719465894214,40.2824298933132,19.2589082045971,1.56570598395327,0.39927130007768,1.36562473544614,0.352716245162379,1.92331308324675,0.480543343074346,2.98381570215503,0.709616708533804,4.31015299308491,0.980151779357428,14.8921323608457,2.90350636934546,72.6732248082208,12.4945032473682,3.1469903514352,0.523608841320013,2.62200236616237,0.446257891846682,3.63423979919026,0.593973029745569,5.68048869426377,0.876210505322938,8.04060191165685,1.18374857392607,29.8099789036686,3.78683325142018,148.847059479521,17.2896426673756
8.80000000000001,0.374011343242667,0.321511928863571,0.376177871929428,0.323377229906081,0.61039190079369,0.525147631463352,1.02369919983859,0.881616330376649,1.64116872048726,1.41467662757888,5.77637044469098,4.98827982892724,27.8599362126878,24.0820142344171,0.732156219469404,0.368693673257066,0.678226756666724,0.341855693171662,1.01117946500929,0.506654065362842,1.614364140212,0.802408278896921,2.44466743697634,1.20539761930746,8.44224772166042,4.07635726495694,40.451234996286,19.2773775473794,1.58229028034634,0.400856183855792,1.37894574385994,0.353832951760796,1.9415927518772,0.481558042464149,3.01284778360163,0.710871336711451,4.35068060499882,0.981293442886229,15.0572491594655,2.90881526755824,73.5806746640363,12.5403772686559,3.19013104250314,0.524438763706692,2.65605217020501,0.44665655759654,3.6805772893697,0.594110217813427,5.75403356900436,0.875775988514534,8.14241712898585,1.18287833668976,30.2290699217337,3.78039081842682,150.985650151183,17.2633521909012
8.89999999999999,0.374618153654938,0.321398302708219,0.376711355402423,0.323200793234297,0.611077455695752,0.524705416101283,1.02466687435052,0.880700315957905,1.64246850731241,1.41299461426749,5.78033861419242,4.98173613216717,27.8779912056995,24.0486617239694,0.737278763734665,0.369594137935251,0.682419274386639,0.342541151853046,1.01679511128899,0.507047112123207,1.62288541658071,0.803117649257411,2.45631130513228,1.20557908550137,8.48241583041836,4.07263591430512,40.648335851479,19.2518811512949,1.59879983587336,0.402110934629091,1.39209528219089,0.354777733611426,1.95974656208556,0.482695384707122,3.04166609734899,0.712107875900237,4.39078703011002,0.982431418282023,15.2180796366871,2.91331577286966,74.3764804859136,12.5587441946645,3.23353104165596,0.525357608784389,2.68983410650725,0.447243195515739,3.72674176171496,0.594469874841463,5.82818044527922,0.87564949696197,8.2452718647156,1.18201196204905,30.6592077919841,3.77465644232901,153.358733955533,17.2075017856152
9,0.375230769961647,0.321284271618359,0.377249444572664,0.323020907765338,0.611769476091248,0.524260869681785,1.02564457050375,0.879788996308327,1.64378211404954,1.41134005108077,5.7843551055079,4.97550206839707,27.8962779758656,24.0160499495641,0.742383587595262,0.37059340988164,0.68681811309908,0.343275572107462,1.02257380229512,0.507672460577477,1.63138474897039,0.803370866651926,2.46793145789376,1.20509552921314,8.5226385258813,4.07087341999326,40.8477110833787,19.250743407034,1.61530972503177,0.403087427332304,1.40575750230637,0.355557404795267,1.97837853713375,0.48352817039141,3.07052185163182,0.713013222909176,4.43098300384419,0.98358877049405,15.3803663381021,2.91844568513765,75.1975076822635,12.5836998235359,3.27696379165099,0.525960384390274,2.72394299339501,0.447680972362189,3.77317146871775,0.594664141796025,5.90228223282301,0.875621762013718,8.34793403745542,1.18077694792615,31.084915406095,3.76749886665386,155.590579287213,17.1597026646477
9.10000000000001,0.375848865333932,0.32117944743087,0.377791868226251,0.322843324132692,0.612467595372551,0.52382868655432,1.02663174280367,0.878913943155302,1.64510879689496,1.40966575808545,5.78841747054014,4.96914769057856,27.914785063009,23.986872053983,0.747472078393578,0.371443750437467,0.691152975898902,0.343739929908989,1.02828990960032,0.508216843764031,1.63986400564148,0.803934316432663,2.47953307817361,1.20507142738086,8.5629847217121,4.06998691701866,41.0518789486918,19.2387719456428,1.63191878268018,0.404264460037053,1.41876507068584,0.356199360044191,1.99638993470912,0.484330279365069,3.09961450398439,0.714284907064464,4.47164432524564,0.984386986326578,15.5479340409945,2.92339114521609,76.1533775728861,12.5940569329756,3.320475941693,0.526803879580546,2.75805089342998,0.447824838072425,3.81974079893492,0.594747735692767,5.9765297991896,0.874921140102413,8.45077079012209,1.17893612863564,31.5108626529211,3.75924661375908,157.77033508254,17.1113340016575
9.19999999999997,0.376472130739989,0.321089578612027,0.37833837010038,0.322678206994472,0.613171466922375,0.523407695718068,1.02762787517344,0.878058450283723,1.64644785203158,1.40809727922395,5.79252339083146,4.96283742040556,27.9335016101878,23.9536116106897,0.752540995879679,0.372325140594341,0.69502363370243,0.344092146287524,1.03370716003554,0.508738388723306,1.64830605651163,0.803904468439973,2.49107955251166,1.2052345977191,8.60307460451806,4.0670822154945,41.2529793914579,19.2471904427445,1.64843132313591,0.405516320592192,1.43137042861535,0.356720234485483,2.01408812345153,0.485061579513148,3.12843343113392,0.715624998120547,4.51177545318237,0.985379739092647,15.7101217466548,2.92571347297641,76.9746532090157,12.6191735518603,3.36434347061939,0.527551184230084,2.79225195081523,0.448275937527257,3.86657784362764,0.595016307347811,6.05170545451905,0.874871610836179,8.55527818372023,1.17835648965785,31.9562387093388,3.7555094849589,160.37515008141,17.0821437149989
9.30000000000001,0.377100273788945,0.320997636508414,0.378888707906452,0.322522799600834,0.613880762814682,0.522992984771979,1.02863247905158,0.877217548478315,1.64779861304663,1.40651166055997,5.79667066923805,4.95683174133003,27.9524173250353,23.923119797709,0.757607262948195,0.373207592234802,0.699292330554051,0.344889475561764,1.03942276271059,0.509676448267735,1.65676684179653,0.804741033498706,2.50268106294976,1.2057530335985,8.64393883625253,4.06647582026539,41.4722925696995,19.2385815741371,1.66488589330773,0.406593744395676,1.44425045905787,0.357630537163162,2.03203947316716,0.485839068418098,3.15707374874543,0.716702680924338,4.55156276699477,0.985880106067177,15.8688898273693,2.92888543541545,77.7129980584761,12.643963370784,3.40793781827929,0.528259756327275,2.82590020759049,0.448712277814629,3.91271011106918,0.595251726530228,6.1259561648803,0.874864565801775,8.65790494147973,1.17748379089132,32.3752915012668,3.75086286704923,162.293701166272,17.0482547174291
9.39999999999998,0.3777330176644,0.320920348528419,0.379442652429176,0.322378350662986,0.614595172616332,0.522604894040242,1.02964509163679,0.876396119894977,1.64916044854912,1.40497836419341,5.80085722224707,4.95076758088621,27.9715224440835,23.8954041700167,0.762618211973045,0.373969022813309,0.703473769118121,0.345475593908026,1.04499964340806,0.510147229860604,1.66507582676801,0.804971008645282,2.51400034455152,1.20492216620065,8.68240071378727,4.06569397856322,41.643039951196,19.21687733638,1.6814292097562,0.407669237947209,1.45815309844519,0.358283613405331,2.05077343544712,0.486767096634269,3.18593328909523,0.717510742677157,4.59176896354005,0.986880215930239,16.0322492129193,2.93427864779165,78.560512648455,12.6615005125171,3.45194312665533,0.529028411542943,2.85969870745421,0.449046987701963,3.95928460749486,0.595537119134104,6.20128168302467,0.874928933933589,8.76249518693928,1.17645709830959,32.8178895375228,3.74543263360957,164.755679546593,17.0169366763425
9.49999999999999,0.378370100139471,0.320850188408471,0.379999986694736,0.322241649755126,0.615314402280361,0.522208371008927,1.03066527426664,0.875586895381238,1.65053275996874,1.40345010800185,5.8050810728777,4.94478624137667,27.9908076997965,23.865127552039,0.767626869741245,0.374740080706253,0.707634403830552,0.34606870807679,1.05051010559474,0.510447118687293,1.67340915585346,0.805744632776439,2.52538691014275,1.20516172718484,8.72176614116068,4.0628955059866,41.8343781322051,19.2111372006934,1.69800669667844,0.408748999062214,1.47166700506019,0.359257836326373,2.06924333928142,0.487682100902399,3.21485188120363,0.718645229289201,4.63209372255297,0.987618259492263,16.1971803228502,2.93769358123849,79.4530192713125,12.6648191112866,3.49582794473843,0.529800355749927,2.89434547752663,0.449663555515926,4.00639584403783,0.595800784216482,6.27614265807005,0.874729844005904,8.86607534509403,1.17527061106042,33.2449790556505,3.74028210988011,166.778289719542,17.0058748367655
9.59999999999997,0.379011272666081,0.320787649548368,0.380560505201838,0.32210469875871,0.616038173122627,0.521837878225052,1.03169261091809,0.874805434861609,1.65191497952024,1.40196397254367,5.80934034411464,4.93901735865244,28.0102642900734,23.8372473996294,0.772581730473348,0.375465731122871,0.711996375161909,0.346734510774828,1.05619795718384,0.510909920787411,1.68158754982594,0.805931739700885,2.53648218272294,1.20515968043425,8.75859573658137,4.05998792138267,41.9746171922785,19.2266913588478,1.71458504326557,0.409775394507363,1.4846781563733,0.360152196542604,2.08736828486517,0.48837089490461,3.24375303579169,0.719799905678618,4.6723930772032,0.988517212297357,16.362210557402,2.94056263370734,80.3525734539978,12.6910515559886,3.54010502181606,0.530518241813473,2.92978242348551,0.450346147082464,4.05427801525633,0.596085638189228,6.35203739708,0.874484630013033,8.97152563642034,1.1744456572071,33.6942337282157,3.73558977276304,169.292410261658,16.9587642335268
9.70000000000001,0.379656299531908,0.320726924314241,0.381124013210113,0.321970800224062,0.616766220874569,0.521468474588089,1.03272670681922,0.874013257091615,1.65330656831853,1.40049949851432,5.81363325282692,4.9333844935617,28.0298838500058,23.8081233377743,0.777565728052033,0.376431919965785,0.715923742589728,0.347236103072884,1.06156796612199,0.511348703122781,1.68989490659808,0.806282439542682,2.54785339358043,1.20495950888313,8.79832545789404,4.06032827742662,42.1776312822684,19.180913501857,1.73123629628821,0.411004805603252,1.49778888788925,0.360784565967699,2.10553482711983,0.489025472677481,3.27286975091438,0.720891121779146,4.71311272256346,0.989142521456772,16.5320816015509,2.94390515215913,81.3611481130933,12.7096900791479,3.58440764101183,0.53118657125967,2.96265385747146,0.450712922620272,4.10025671009664,0.596155058156134,6.42792213789217,0.874393918419156,9.07685332572636,1.17322605151377,34.1398975868691,3.73108891381931,171.659430015796,16.9182012062199
9.8,0.380304957079154,0.320667547349502,0.38169032608084,0.321839761611243,0.61749829480536,0.521111945325399,1.03376718716244,0.873252700620766,1.65470701463155,1.39901948998107,5.81795810412987,4.92760139969567,28.0496584256889,23.7800068813824,0.782554083963185,0.377125838234092,0.720322643041006,0.347705522216457,1.06735347174657,0.511747668410821,1.69825311005923,0.806699238216211,2.55934614571858,1.20429597992121,8.83950530678201,4.05855324639299,42.4126888695567,19.198228487817,1.74772294367877,0.412092297764435,1.51093767530226,0.361486246497939,2.12360186020037,0.490031387792695,3.30153131312613,0.7216110686141,4.75297538135943,0.989627390368981,16.6932931569188,2.94677466792692,82.1656682380012,12.7193160299012,3.6290737778142,0.532127569092178,2.99803826272331,0.451572885920029,4.14839832231735,0.596745009696612,6.50469832786181,0.874939964640319,9.18377566176216,1.17234925853031,34.604290563543,3.72848085209104,174.462527946437,16.8813765997378
9.90000000000002,0.380957032979821,0.32062585026976,0.382259268665542,0.32171971136599,0.618234156907614,0.520760054812948,1.03481369591055,0.872509905567898,1.65611583225902,1.39760609059472,5.82231328615253,4.92212809995279,28.0695804499151,23.7517407002493,0.78744695623454,0.378145202181131,0.724289829969649,0.348194882153009,1.07263532773041,0.512123375689514,1.70632418930739,0.807324302650887,2.57028495490536,1.20450302806306,8.87563602375242,4.05779800180754,42.5426296296944,19.1282976154352,1.7642604694349,0.413154547992339,1.52363960603509,0.361988117338851,2.14133739961721,0.490787293761565,3.3303634305388,0.722946118903076,4.79316420732861,0.990602164903273,16.8581913717832,2.95075677033563,83.0418457708107,12.723268601605,3.67361591912267,0.532756747324955,3.03247431254424,0.451974177852101,4.1956545794905,0.596997926776891,6.58095202131557,0.874991557925616,9.28959660232371,1.17177242872686,35.0522610191544,3.72293465390446,176.840846292922,16.8634497037763
9.99999999999999,0.38161232556272,0.320585133549579,0.382830674738382,0.321606607277618,0.618973581141205,0.520422654395712,1.03586589468778,0.871783418074379,1.65753255902661,1.3962220379723,5.82669726517638,4.91666570356739,28.0896427195929,23.7231497810803,0.792394565594385,0.378941394233529,0.728492310981003,0.348906898878813,1.07824573362771,0.51271503827262,1.71460221345495,0.807252814264293,2.58165230636843,1.20475546191797,8.916105224397,4.05368809298943,42.766036794777,19.1322224651843,1.78080549476509,0.414281854255519,1.53643847919817,0.362608305216945,2.15920914779208,0.491345578493944,3.35924903923062,0.723566132638856,4.83346873071425,0.991429626376178,17.0247865804237,2.95453481931624,83.9492484273645,12.7349941681286,3.71819360233806,0.533469788412234,3.06752378479917,0.452417065007456,4.24336405702326,0.59733820638315,6.65724984223734,0.874918408439728,9.3954116602145,1.17097531562113,35.4983758120056,3.71588055023871,179.112057464239,16.8481608286354
10.1,0.382270643187889,0.320548535116393,0.383404386468682,0.321498701858006,0.619716352730374,0.520088228061828,1.03692346174877,0.871066297200812,1.65895675538572,1.3948209723227,5.83110858111406,4.9112386521691,28.1098383747401,23.6952062329301,0.797251333770038,0.379845747677378,0.732470094391827,0.349500655153534,1.08351603671378,0.513290259434323,1.72260729460304,0.807773311767792,2.59249339150208,1.2046365391362,8.95176983962618,4.05405094308746,42.889450020191,19.1350620964364,1.79724165337526,0.415171175433915,1.5495023624986,0.363483114317421,2.17721756177454,0.492114099326335,3.38778069919545,0.724347389612629,4.87308813316906,0.992571611455974,17.184055942624,2.95722231040582,84.6883136078204,12.7439177443582,3.76298714807565,0.534099964155882,3.10153958688642,0.45270172892136,4.29033355548795,0.597336364437782,6.73403919538399,0.874812739725522,9.50205150100944,1.16996780601738,35.9530204790626,3.70977800850566,181.54950404155,16.819685036086
10.2,0.382931803664548,0.320527210094768,0.383980253930305,0.321406607139548,0.620462267509747,0.519760994700828,1.03798609101901,0.870375488961615,1.66038800311038,1.39346138528599,5.83554584330087,4.9058658182442,28.1301608789317,23.6687072814274,0.802131490851396,0.380538012008788,0.73665890711032,0.349953185188912,1.08909193348861,0.513860467081213,1.73071476034123,0.808093335926021,2.60355590525664,1.20432404926753,8.98980601634392,4.05366967818886,43.0653292066299,19.129565305115,1.81378261988765,0.416254684180375,1.56309156959013,0.364170088016463,2.19565320746782,0.493024878487961,3.41655026031469,0.725459571677417,4.91315382497852,0.993354919718415,17.3481695287904,2.96091798549352,85.5496922502933,12.751836418847,3.80793388811734,0.534921973044635,3.13685501748417,0.453238893061201,4.33854114598331,0.597505998450562,6.81109316792215,0.874706509642926,9.60905304380424,1.16902123631437,36.4093969998569,3.70510462175106,183.981553681968,16.7483530584328
10.3,0.383595633709028,0.320488858779802,0.384558134644853,0.321293912227303,0.621211131315292,0.519435317627909,1.03905349120109,0.869670621214427,1.66182590408324,1.39208798429076,5.84000772657318,4.90062740778124,28.1506040010756,23.6426623913309,0.807022795240379,0.381381508972598,0.740502998788834,0.35040871025016,1.09428280827404,0.514166872332866,1.73889020382654,0.808763364178667,2.614771626408,1.20461905659239,9.02956964949522,4.05102533273074,43.2790818428381,19.0971211867023,1.83032006962136,0.417383386955418,1.57671519418987,0.365054056087184,2.21409259889848,0.493858722175675,3.4452622486558,0.726816986245712,4.95309499812368,0.994438314031101,17.5108622155185,2.96450407522931,86.3790701546005,12.7690146761448,3.85313021262317,0.535752073787411,3.17075290102362,0.453398701485647,4.38559578339967,0.597657228686855,6.88878112156914,0.874586866718845,9.71716821293011,1.16808498228714,36.8786431186055,3.70084825174101,186.680944530568,16.7199448838275
10.4,0.384261968439495,0.320470600125268,0.385137893155998,0.321200217991946,0.621962759416606,0.519129970745859,1.04012538494133,0.86899058796456,1.66327007916375,1.39080368545929,5.84449296761104,4.89541886304849,28.1711617984203,23.6149799135964,0.811901151220302,0.381958581405901,0.744803423657765,0.350922356304883,1.09994278288521,0.514823325914384,1.7470515171059,0.808711455848521,2.62597506959503,1.2040301034512,9.06944590400205,4.04895965330058,43.4962181814118,19.1113738095761,1.84694883265496,0.418278388608481,1.5905135184385,0.365669588941768,2.23271441084222,0.494392674772129,3.47421372274996,0.727751459281096,4.99347642933877,0.995508229254866,17.6782146990623,2.96831665874712,87.308494037294,12.7611124728194,3.89842901307692,0.536439331361021,3.20640794705436,0.453879038277371,4.43422621333926,0.597864745905653,6.96666004339349,0.874424914691314,9.82553235455184,1.16718717698913,37.3488570753709,3.6978490973323,189.344101846476,16.7015417575904
10.5,0.384930650904532,0.320447965365014,0.385719400632462,0.321102701576994,0.622716975987269,0.518811449749987,1.04120150805213,0.868307532060279,1.66472016713173,1.38951121124119,5.8490003615242,4.89042918472293,28.1918286006865,23.5901121654392,0.81673195437926,0.382919681807379,0.748433792532104,0.351464698067334,1.10502713254724,0.515237100758888,1.75508069972146,0.809519062468736,2.63693194404121,1.20443675298119,9.10718300364185,4.04604524733583,43.6698635269107,19.1019791958557,1.86348465773739,0.419196656266543,1.60426909903286,0.366844283969685,2.25124117127681,0.49530717146421,3.50287732907491,0.728758417238488,5.03330156340319,0.996294769201832,17.8395791339701,2.97037490621491,88.0956810986462,12.7812187204863,3.94363302624312,0.53697533067862,3.23946312281761,0.45414290498385,4.48054247459324,0.597882192957807,7.044064037485,0.874349597748439,9.93285498105509,1.16652334562863,37.8022405412565,3.69159101185716,191.557269870985,16.6696098818113
10.6,0.385601531642951,0.320438920310654,0.386302534497403,0.321017267778084,0.62347361361029,0.518524278887871,1.04228160878569,0.867664315543954,1.66617582370075,1.38821717716326,5.85352875866239,4.88528715764154,28.2125989952415,23.5655150361569,0.821589632749617,0.383615891573172,0.752762799948716,0.352064512099866,1.11066269546355,0.515550015753817,1.76321720699225,0.809724831366725,2.64811602093791,1.20358929362045,9.14731053648353,4.04805331564665,43.8961247317742,19.0908056734613,1.88015049540636,0.420186063059846,1.61763417794152,0.367705136530823,2.26955635820052,0.495944775988344,3.53186962918403,0.729965581462946,5.07374255682199,0.997052180191326,18.0076358973517,2.97240675764894,89.0415175680986,12.8003728889799,3.98921551195371,0.537462486691885,3.27403195339737,0.454370818809611,4.52835439920944,0.598124131154243,7.12240726911664,0.874159931464192,10.041853849701,1.16512798019551,38.2756207028363,3.68777203635584,194.233721672136,16.6277790793734
10.7,0.386274468272434,0.320424894255269,0.386887178082175,0.320937210512779,0.624232512815929,0.518248395900374,1.04336544715507,0.867022429060551,1.66763672059576,1.38698506380156,5.85807706163294,4.88051924829248,28.2334678132376,23.5400796839488,0.826371477781285,0.384413201745322,0.75663893640573,0.352478232423089,1.11588481811044,0.51593778661459,1.77112452910503,0.810072428344205,2.65885973890171,1.20388852476928,9.18341196421956,4.04426286695991,44.0391551800438,19.0703643853476,1.89678279460353,0.421096121709219,1.6307885733738,0.368535815741513,2.28772862919649,0.496659147598863,3.56076508302413,0.730834666097415,5.11400279412505,0.998159668514497,18.173986594384,2.9764148432953,89.9452131753141,12.8261321392306,4.03489677009755,0.537957104140535,3.3087261890948,0.45471489373415,4.57634206841557,0.598144321246346,7.20092584935151,0.874212861300089,10.1510723383124,1.16445649656529,38.7495482755686,3.68313344952067,196.865519392653,16.5790477400559
10.8,0.386949325104774,0.320418723359249,0.387473220302582,0.320857931752765,0.624993521649445,0.517947800405245,1.04445279429906,0.866384426989914,1.66910254469019,1.38573369453475,5.86264422250969,4.87549869104404,28.2544301166374,23.5165975899881,0.831142630256544,0.385122827425067,0.760582439656144,0.352787784615491,1.12114888857988,0.516262807250114,1.77901777960653,0.810468829551736,2.66959002914661,1.20324535674762,9.21959013622034,4.04276093230306,44.1856203169738,19.0781968362749,1.91345376214157,0.422048795302087,1.6441354640558,0.369130471983604,2.30596542379231,0.497520930630564,3.58977579580965,0.7316014265315,5.15449803979694,0.999160086846823,18.3433955615832,2.97884658370828,90.9238429013461,12.836803805041,4.08074994719016,0.538522359119801,3.34326973941965,0.455007711557954,4.62417489507776,0.598348576492359,7.27979703029339,0.874193174404308,10.2608427171282,1.16376242261443,39.2283576524988,3.67792260209536,199.573808642228,16.5631848163237
10.9,0.387625972785744,0.320419841650946,0.388060555355946,0.320778974520231,0.62575649526649,0.517677421236304,1.04554343188753,0.865777798678305,1.6705729971979,1.38450839915881,5.86722924021879,4.87061646225438,28.2754811860593,23.4940393461456,0.835905913418352,0.385848779415303,0.764511808539977,0.353452558054561,1.12642033080896,0.516720861014824,1.78691665584058,0.811045064562279,2.68034936389557,1.20350462724081,9.25630141143144,4.04010852052196,44.344644262677,19.086310690007,1.92999498103346,0.422911791826248,1.65636472436149,0.369623180666261,2.32331931277042,0.498048694341388,3.6184267757408,0.7323407153184,5.19432106672485,0.999805683780055,18.5058456772544,2.9817834454947,91.7387263199508,12.8575413480231,4.12675145941365,0.539177071043073,3.37935030790018,0.455493160900465,4.67345759862976,0.598650218557086,7.35895949576939,0.87434434353871,10.3710570199305,1.16307932687518,39.7108328026905,3.67365900214853,202.333212709823,16.5869830640741
11,0.388304287957746,0.320428698790975,0.388649082437428,0.320720364303928,0.626521295554119,0.517407898801864,1.0466371515643,0.865163174205351,1.67204779291616,1.38329781172892,5.87183115808878,4.86584323493809,28.2966165093858,23.4695540036475,0.840753607836564,0.386444346730501,0.768931984692936,0.353924405344373,1.13210648405291,0.517367082925462,1.79511325987945,0.811054377674925,2.69171300903571,1.20335533756162,9.29904606469075,4.03698616013245,44.6329470335289,19.0585825493929,1.94655047513447,0.423698626358706,1.66858446258244,0.369975728177657,2.34062703886924,0.498457503288706,3.64714924221234,0.733375998171899,5.23429990039368,1.00008796756245,18.6705454442118,2.98490772272606,92.603270342481,12.8752303932387,4.1728379133992,0.539731256573247,3.41518284822644,0.455895205754705,4.72250036341757,0.59897369412368,7.43822512494577,0.874469270024982,10.4813580632014,1.16239903416953,40.1921610214513,3.66884669074121,205.026623934917,16.6122799097895
11.1,0.388984152943555,0.320435236716081,0.389238705474166,0.320643460795709,0.6272877907755,0.517142832077236,1.04773375442464,0.864558981188624,1.67352665951563,1.38210422834089,5.87644906155226,4.86117678453611,28.3178317710768,23.4455573076569,0.845529244504558,0.387247155344016,0.772748507029454,0.354558117688805,1.13727950716327,0.517370800590314,1.80310081112455,0.811275022625009,2.70267794747281,1.20323350220638,9.33817953508296,4.03728821072981,44.8461541522222,19.0461582415691,1.9630873364426,0.424621834639764,1.68120966686308,0.370552066978257,2.3582883996916,0.498948247425151,3.67577595836476,0.734040063309777,5.27408255667122,1.00078395328695,18.8329792622247,2.98705276911748,93.4155173852696,12.8903818932099,4.21908493549706,0.540462641588737,3.45157034328488,0.456414397913886,4.77206600267186,0.599187653272415,7.51779954964453,0.874467493475161,10.5921250904821,1.16200549311613,40.6771676448628,3.66336906696844,207.770482528708,16.5637252451811
11.1999999999999,0.389665455449654,0.320440949197951,0.389829332875968,0.320578431352479,0.628055855236643,0.516888933057384,1.04883305052512,0.863975411071494,1.67500933687413,1.38093789922892,5.88108207598867,4.85647860747415,28.3391228421382,23.4220110884445,0.850215983889162,0.387912699136176,0.77656110345402,0.354750503405476,1.14238646162477,0.517771230349929,1.81083206437354,0.811471626659677,2.71315138200584,1.20347740541188,9.37280175210218,4.03579200143673,44.9637048965163,19.0171735153078,1.97973206175292,0.425527293282584,1.69425686734813,0.370978929516411,2.37634388124055,0.499827042377216,3.70468972775326,0.734768670915757,5.31440699419797,1.00098671538511,19.0014959215005,2.98943944587403,94.3704415777515,12.9025693442523,4.2653454255921,0.541047693422867,3.48646159265546,0.456572407087849,4.82045624334799,0.59944051760776,7.59729075280466,0.874279608793275,10.7026126626753,1.16122846622402,41.1556964436848,3.65933770556375,210.290929148714,16.5077468275976
11.3,0.390348088287713,0.320455376592436,0.390420877301327,0.320511977158495,0.628825368973515,0.516635008679638,1.04993485842326,0.863401893784999,1.67649557645104,1.37976286317393,5.88572936469779,4.85182591624631,28.3604857706943,23.3986638292533,0.854948714095557,0.388673894416147,0.780417130542163,0.355371589026525,1.14765036944244,0.518490738135237,1.81873845825954,0.81192274418712,2.72398669238454,1.20338486078502,9.41113602873436,4.03719052479236,45.1612657819683,19.0243512703353,1.99634060642661,0.426472125079729,1.70714699718257,0.371724881008642,2.39416549239602,0.500441258239117,3.73348105517659,0.735935587476468,5.35448973866085,1.00179939191972,19.1673410027191,2.99204849264574,95.2589720745126,12.9040988823129,4.31165226672623,0.541553694081807,3.52273399644813,0.457143018258963,4.86997034825814,0.599844817573058,7.6767904081093,0.874296999580758,10.8130133264931,1.16024232244463,41.6307618067345,3.65643404488505,212.682632615595,16.4765212198195
11.4,0.391031949112962,0.320467272202846,0.391013255437685,0.320453244377328,0.629596217458122,0.516388592471589,1.05103900474496,0.862831551290048,1.67798514069928,1.37862852662704,5.89039012699481,4.84726246329865,28.3819167731281,23.3740942875465,0.859688790762808,0.389281759797697,0.784586765345267,0.355808783326947,1.1530356658826,0.518626135922895,1.82668323419529,0.812395895350304,2.73491023227671,1.20284593313799,9.45050740697505,4.03330149336832,45.3829993644364,18.9916615920106,2.01288438973413,0.427405306709486,1.72090634567528,0.372325199495108,2.4126417310941,0.501180422292236,3.76208918282333,0.736903662188015,5.3942223144335,1.00281081261667,19.329410451405,2.99493960991423,96.0519698731431,12.9119744781881,4.35812707326756,0.541991482212387,3.55877513071956,0.457586174631109,4.91941112518662,0.60002147497626,7.75667542825979,0.874446198013026,10.9240553137974,1.15966589995388,42.1126004994425,3.65493552216942,215.200068406404,16.4500981801653
11.5,0.391716940178219,0.320482712597025,0.391606387794947,0.320397392074167,0.630368291322237,0.516137219425695,1.05214532377782,0.862266205403527,1.67947780251247,1.37751183753841,5.89506359641853,4.8428585919735,28.4034122257457,23.3515108433785,0.864320794653542,0.389961315219691,0.788457999609144,0.356284978066143,1.15816039000035,0.518975645590158,1.83429844801194,0.812689382340544,2.74519434654294,1.20280382187783,9.48388029249064,4.03273862802791,45.4782408459192,18.9747970611931,2.02941575673542,0.428444998461155,1.73440316472552,0.373111154472963,2.4309447139373,0.501849861870434,3.79069360054036,0.737671309341224,5.43395290794313,1.0036324281988,19.4916963216239,2.99655640701741,96.8370320821511,12.9294253381659,4.40472788530843,0.542546317263918,3.59380773949769,0.457859206758362,4.96796831986908,0.600016862601167,7.83683122663738,0.874084639060485,11.0355180644923,1.15868924210078,42.5981523107961,3.65169816206118,217.759860569153,16.4337083882219
11.6,0.39240296810255,0.320513276298589,0.392200198511299,0.32034597136303,0.631141486097497,0.515906910861487,1.05325365708847,0.861729682198854,1.68097334470473,1.37638845717201,5.8997490390448,4.83844194319034,28.4249686569281,23.3279791366097,0.868989129491652,0.390718061896161,0.792309077040134,0.356782532326571,1.16334155123831,0.519430698175686,1.84205262049455,0.812958605594703,2.75576744344345,1.20266288634024,9.52025133656053,4.02618422093575,45.6387911520739,18.978264378886,2.0460404627711,0.429242174793059,1.74738900773635,0.37371306538433,2.44895839190399,0.502564150339429,3.8195482343675,0.738085036600836,5.47415874985481,1.0039833467454,19.6594440607193,2.99854338956521,97.7515810563144,12.9145760284648,4.45149053835099,0.543267638773276,3.62911838252118,0.458223396211585,5.01686258147983,0.600015228885323,7.91736454940392,0.874101484181383,11.1476081062781,1.15823378057751,43.0903759849418,3.64956698848291,220.438248129842,16.4085085208711
11.7,0.39308994365349,0.320534144498891,0.392794615170508,0.320290280627064,0.631915701970793,0.515667018604602,1.05436385316221,0.861179138207044,1.68247155952076,1.3752959416904,5.90444575189786,4.83383407049955,28.4465827397393,23.3043866704607,0.873674885988957,0.391335005444481,0.796080632004461,0.357022796816418,1.16845542624806,0.519381676828538,1.84988179382927,0.813039553602448,2.76650226138662,1.20236839303662,9.55838561782236,4.026997075841,45.838569823319,18.944992576149,2.06260833939371,0.430138902618951,1.761036275421,0.37436932726294,2.46736988059455,0.503306446263715,3.84824123961469,0.738755686874527,5.51406124486616,1.00441815892069,19.8240239810649,2.99937880326374,98.5891835651958,12.9179578208264,4.49834730665541,0.544016846254243,3.66530970508407,0.458775105364354,5.06661467682416,0.600281948852521,7.99804327441568,0.874068137952248,11.2598613763844,1.15757748375778,43.5823019660734,3.64596802990101,223.057669710254,16.394217635747
11.8,0.393777781541947,0.320559749883095,0.393389568629889,0.320246461262156,0.632690843553889,0.515439389539299,1.05547576706367,0.860644167768663,1.68397224817436,1.37421858096866,5.90915306145328,4.82946648822585,28.4682512849611,23.2834890865406,0.878293321057912,0.392007936066796,0.799340533196726,0.357329957176666,1.17314226178768,0.51994819769789,1.85751223016077,0.813225260788064,2.77685661289443,1.20233862059586,9.59301668729885,4.02611885228928,45.9652834247235,18.9575737126415,2.07916959502596,0.430829639171565,1.77416512216696,0.374946062319035,2.48538006153021,0.503741951780659,3.87692482271577,0.739655536063257,5.55395723489627,1.00503685088386,19.9889003325421,3.0024262906802,99.4333224611077,12.9329612384571,4.54540888017361,0.544410987372358,3.70119731004521,0.459078113323382,5.11627619040121,0.600341867935487,8.07921446996443,0.874372029382724,11.3729511469559,1.15692055338338,44.083606948211,3.6413668557947,225.860137396491,16.3533095531711
11.9,0.394466400228902,0.320596997933835,0.393984992858247,0.320203903853496,0.633466819666306,0.515227886561912,1.05658926011677,0.860131722537726,1.68547522041335,1.37315834439789,5.91387032222598,4.82519327674638,28.4899712345182,23.2608399031574,0.88293534798077,0.392686737964619,0.803282369321221,0.358028146362611,1.17836532977362,0.520499121425072,1.86523766540483,0.81395305462887,2.78741110494172,1.20254645066067,9.62976872506783,4.02640162296988,46.1383414682718,18.967657677518,2.09578719018563,0.431773883383428,1.7877491111481,0.375588445882255,2.50382617272584,0.50438067979038,3.90575373568693,0.740482248571946,5.59413216989794,1.00586457067525,20.1571319854677,3.00487180161053,100.359829984612,12.963446059079,4.59268463343813,0.544997694515414,3.73746849841871,0.459356799942517,5.16622047202104,0.600486673579236,8.16086616215282,0.87420790683056,11.4868380971977,1.1563071636728,44.5933820504395,3.63822283416556,228.82944742613,16.3401584983568
12,0.395155721743151,0.320620523421669,0.39458082478311,0.320159549546176,0.634243543130599,0.514995134182555,1.05770419960297,0.859599145447719,1.68698029410912,1.37207961324625,5.91859691543801,4.82112363063738,28.5117396552778,23.2405892114997,0.887616932023218,0.393167843578288,0.807493671940698,0.358381370365919,1.18383238305453,0.520731006498554,1.8731122648364,0.814290205861303,2.79827448116207,1.20215300028589,9.66972900305996,4.02530091686501,46.381129890735,18.9682740164019,2.11232633291119,0.432618347985691,1.80151868674958,0.376321402050441,2.5222595986445,0.505260613363193,3.93433409803209,0.740986454814301,5.63382220820543,1.00637554597175,20.3197819205363,3.00818142052481,101.15051675161,12.9697206490911,4.63993255200215,0.545424985652853,3.77396925776206,0.459816578618026,5.21627234095887,0.600806635254559,8.2422673523728,0.874229985771375,11.6001126570607,1.15557902019862,45.0914595882959,3.63571081163961,231.45242030357,16.3276014225275
12.1,0.395845671509329,0.320661794796003,0.395177004146637,0.32011306032772,0.635020930579205,0.514786050590462,1.05882045847644,0.859100566783623,1.68848729486931,1.37106880877451,5.92333224776062,4.81677089626918,28.533553733195,23.2188440378917,0.892202030966429,0.393880257420302,0.811405562252473,0.359064970711471,1.18890676249483,0.521264743711188,1.88070432635369,0.81454172445065,2.80859423991497,1.20192855625452,9.7046264505132,4.0222722919143,46.5166743398492,18.9036155071238,2.12894334407123,0.433518666056873,1.81478921953095,0.376800147664493,2.54043279106599,0.505880574810281,3.96310866184763,0.74150599383481,5.6738777831944,1.00677959712429,20.4866477861326,3.01198432787651,102.044679010382,12.9601285570101,4.68749158314499,0.545959651660117,3.8095174038625,0.460102606395733,5.26577707627019,0.601030317125652,8.32437151549928,0.874053677117363,11.7145856131707,1.15489327504971,45.603050855524,3.63056041368737,234.381998076833,16.3107116311319
12.2,0.396536178185566,0.320692585665169,0.395773473369643,0.320077815534903,0.635798902272102,0.514571438646894,1.05993791509509,0.858604655398231,1.68999605567198,1.37000505174152,5.92807575012596,4.81261311236905,28.5554107677769,23.1973013150546,0.896803274602797,0.394697951135917,0.815321929235268,0.359411148237076,1.1940860975134,0.521553236769904,1.88836669157504,0.814791821319856,2.81906453622083,1.20175832525971,9.74115897612362,4.02272211314317,46.6881032568006,18.9293105194348,2.14547557530716,0.434500082704819,1.82774363795314,0.377509494294078,2.55824220489948,0.506602966676208,3.9916601283166,0.742504648144785,5.71351398625591,1.00714937477354,20.6489730671436,3.0125618704271,102.822968292577,12.9509338555935,4.73522857834707,0.546319367532663,3.84577797776259,0.46019447578945,5.31595330284463,0.600943539521499,8.4068437311073,0.873948197291089,11.829638913274,1.15457277628673,46.1200584640782,3.62520171158647,237.40337971342,16.2699372852607
12.3,0.397227173510137,0.320734570344305,0.396370177423201,0.320041022724023,0.636577381924579,0.51437019158789,1.06105645296644,0.858092013316817,1.6915064165199,1.36898807229928,5.93282687660386,4.80854282327947,28.5773081668542,23.1761589067641,0.901404782289558,0.39522499085813,0.819188972997603,0.359838622982567,1.19924381377771,0.52194532916242,1.89604312305648,0.815139889185387,2.82957445589881,1.20181325793032,9.77825403561666,4.02205509590686,46.8736903906736,18.8962017494692,2.16217713983221,0.43528985633234,1.84134305413627,0.378218337371194,2.57675987182868,0.507234531218603,4.02073118410711,0.743279867934206,5.75416499942184,1.00740362703849,20.8235679441139,3.0130409085989,103.893182827837,12.9818094458737,4.78295028329187,0.546926825507509,3.88244466954883,0.460564721197641,5.36638014725964,0.601169763024396,8.48906344569494,0.874091203228359,11.9440719187586,1.15380181819357,46.6250116868124,3.6207288009345,240.085852669461,16.2616533092336
12.4,0.397918592156542,0.320778436737023,0.396967063707347,0.320008217955237,0.637356296544475,0.514169919588794,1.06217596050744,0.857615049362577,1.69301822411382,1.36798302247539,5.93758510333955,4.80456608786372,28.5992434416331,23.1563859811827,0.906058497150097,0.395619746944366,0.823062325304657,0.360276413303759,1.20444141378125,0.522376723834229,1.90390626882823,0.8154226185129,2.84046528166572,1.20184322150227,9.81924564111309,4.02016346457517,47.1436358075521,18.8843417116991,2.17877888009411,0.435975870258215,1.8544417560961,0.378811586083266,2.59469540872426,0.507711874045869,4.0495097061928,0.743792033785406,5.79424532464528,1.0081286166925,20.9915139199822,3.01674783499795,104.79410569533,12.9760197590091,4.83070616274229,0.547448745983683,3.91937678985759,0.460973974894453,5.41710491289222,0.601413835536169,8.57125457408539,0.874290671954783,12.0583324379967,1.15324126497867,47.1247081746462,3.61896231426669,242.576645295474,16.2324874662531
12.5,0.398610371596474,0.320824317578864,0.397564081936423,0.319974209725235,0.638135576278286,0.513968212594064,1.06329633081722,0.857127671830681,1.69453133154336,1.36701471622306,5.94234992754846,4.80052268767519,28.6212142020121,23.1365051335761,0.910607428950247,0.396167298943001,0.826812789167245,0.360551456277344,1.20947462078636,0.522725973605977,1.91145442977032,0.815301215605035,2.85074700182669,1.20165453609904,9.85449492212907,4.01891962220862,47.2920690913316,18.8879521397433,2.1953829194081,0.436918085978142,1.86759341247348,0.379386310662282,2.6127890756506,0.508282778908842,4.07830823843829,0.744512034263927,5.83437408035715,1.00848022547676,21.1603739979996,3.01936582908429,105.714704706424,12.9565840997586,4.87870871916288,0.548097622086228,3.9553858148253,0.461272839008962,5.46712265812822,0.60147860100785,8.65401853498397,0.87424647400449,12.1735607478572,1.15256753757967,47.6351832661039,3.61557007970408,245.289577799501,16.2173962304725
12.6,0.399302451970182,0.320869669321199,0.398161184030646,0.319954472290408,0.638915154265578,0.51377937086775,1.06441746146212,0.856673621761635,1.69604559799444,1.3660246277631,5.94712086656457,4.796468244594,28.6432181521508,23.1187067308565,0.91513877683133,0.396889182197304,0.830312844704837,0.360997944561516,1.21427886889962,0.522811251032286,1.91897087426854,0.815684382582662,2.86098028853105,1.20156890303383,9.88947942534904,4.01621857122456,47.4357877745083,18.8807522691415,2.21196874431074,0.437739759923373,1.88145754115772,0.380190947463436,2.63146038293966,0.50912518727759,4.10704616875045,0.745292605430709,5.87439233946208,1.00923656917594,21.3282052993225,3.02084556562953,106.61328542148,12.9620690648584,4.92693888237574,0.548508158594905,3.99215355604179,0.461497722472768,5.51781651986125,0.601608631718556,8.73730971116153,0.874300164460306,12.2897064404271,1.15195981725769,48.1567668201689,3.61233401148256,248.266137039126,16.220890094831
12.7,0.39999477596376,0.320916180457668,0.398758324013519,0.319924270649572,0.639694966501176,0.513597134932921,1.06553925427212,0.856201742992825,1.6975608884723,1.36507071696084,5.95189745693909,4.79258828344966,28.6652530862677,23.0965070184585,0.919719079604199,0.397418791429858,0.834012871367368,0.361321488489768,1.21930247039766,0.523272529368633,1.9266590461588,0.815952912393569,2.87156250652436,1.20145959832994,9.9280225739182,4.01414284591234,47.656594830124,18.8703489417069,2.22857650335159,0.43847528420194,1.89531539591393,0.380941744636578,2.65007302727274,0.509727022686105,4.13585613793913,0.74617958953978,5.91454443344682,1.00959064980822,21.4976658955001,3.021528406736,107.540746793833,12.967618468644,4.97520596898068,0.549083895929836,4.0292653614133,0.461830255709954,5.56891054892481,0.601896919566535,8.82066903031933,0.874337861862208,12.4058977411886,1.15116705039065,48.6771217604834,3.60734874892153,251.135846295643,16.1986802056127
12.8,0.400687288692948,0.32096380215134,0.399355457914704,0.319905653549687,0.640474951704688,0.513408090451605,1.06666161514796,0.855734258742984,1.69907707353909,1.36407747575562,5.95667925358608,4.78877230355512,28.6873168846604,23.0762286680426,0.924244264974985,0.3981513519036,0.83781001124754,0.361909830411444,1.22438567533175,0.523684904282061,1.93418732494365,0.816286566889027,2.88184023269938,1.20168666107183,9.96375891266768,4.01380176776248,47.8186117565421,18.875011731184,2.24513145766386,0.43928785895854,1.90756463991418,0.38126265126852,2.66735660934243,0.510070439015334,4.16452077602242,0.746805688863133,5.95441561283768,1.00983726867863,21.6639231497288,3.02232641253317,108.381831060398,13.0023295208814,5.02359974966681,0.549591895654933,4.06682225789768,0.462160950895494,5.62041186102828,0.602199617733531,8.90425685048448,0.874299973925713,12.5223971794483,1.15089412892969,49.198834334865,3.60427532610465,253.980060479088,16.166309743901
12.9,0.401379937593048,0.321029639771262,0.399952543678048,0.319883675093789,0.641255051196872,0.513229930114018,1.06778445387848,0.855293774022099,1.70059402906518,1.36313958867375,5.96146582897261,4.78493670800498,28.7094075099312,23.0568837414603,0.928772888409145,0.398876859570415,0.841593487007533,0.362340307052242,1.22938111990876,0.52428570129307,1.94174449764782,0.816897273684038,2.89218663752324,1.20118905825945,10.000342243732,4.01172990963492,47.999943104455,18.8255682396918,2.26172586437631,0.440110400695266,1.92030342609342,0.381877821319827,2.6850477478142,0.510745335464366,4.19331126730481,0.747593634244087,5.99452948281238,1.01038496404936,21.8332034324611,3.0248761503609,109.288283668034,13.021641793752,5.07216902120776,0.550032181047152,4.10542429445231,0.462519150809375,5.67285807962746,0.602316002095695,8.98819470839844,0.874123020667719,12.6394305601727,1.15022357843937,49.7249958021247,3.60143007159132,256.884427620349,16.1341004170302
13,0.402072672314566,0.3210749176756,0.400549541074424,0.319863819204652,0.642035208782464,0.513058144449259,1.0689076839673,0.854844885291185,1.70211163599334,1.36219732151979,5.96625677235038,4.78103401383624,28.7315230034037,23.038135538325,0.933284523083516,0.399311993566788,0.845187327948597,0.362455745651988,1.23429035938778,0.524534222611113,1.94926919541798,0.817108546896797,2.90248132934117,1.20135177038823,10.0366054108553,4.010093530305,48.1751298577154,18.8659167829336,2.27834125898896,0.440875137110404,1.93328278277352,0.382337947283483,2.70302595823087,0.511178197912779,4.22216984895669,0.748190474655581,6.03476956147189,1.01080956547927,22.0040337302908,3.02613259351999,110.222116805923,13.0164451557217,5.12070425986311,0.550348317884728,4.14360004893789,0.462798464359564,5.72491668606955,0.602634432138013,9.07180802167885,0.873989720541876,12.7556911798092,1.14942021277463,50.2361479081222,3.59923365997271,259.365555416691,16.1156108396561
13.1,0.402765444624252,0.321127818858778,0.401146411619116,0.319831240855893,0.642815370639048,0.512873253941402,1.07003122246846,0.854399321122347,1.70362978011497,1.36128504457827,5.97105168902658,4.77717060185728,28.7536614817259,23.0195689670266,0.937758936084203,0.399767629142378,0.84881320177987,0.362905574006083,1.23918045556403,0.524371278274175,1.95669514433972,0.817106022475499,2.91259384902027,1.20077061180093,10.071272190487,4.01030731755244,48.3172951962262,18.8193151673599,2.29487728344073,0.44145464545362,1.94615028194822,0.38260352670435,2.72077251580177,0.511584353692352,4.25083849673006,0.748684196273476,6.07465438565065,1.01108956301439,22.1709779915218,3.02737899856296,111.047773092969,13.0221922201474,5.16969192811874,0.550950600096565,4.18015534399151,0.463128625688637,5.77575020777444,0.602827115801379,9.15653987837791,0.873962831815233,12.8739537221794,1.14891855772866,50.7730584180426,3.59444996478143,262.482318359035,16.1106548579189
13.2,0.403458208311214,0.321188158443967,0.401743118493457,0.319817513374349,0.64359548521165,0.512704430936555,1.07115498983047,0.853974898569337,1.70514835185781,1.36035418087711,5.97585019967153,4.77354336673641,28.7758211336406,23.0002090571144,0.942255272378917,0.400080025210919,0.852778912085378,0.363156023451397,1.24427537308224,0.524578699296281,1.96420056142982,0.817141583989776,2.92287180517412,1.20061023033178,10.1076936757401,4.0059793110905,48.4986216453986,18.8141702928922,2.31140399100244,0.442099469623568,1.95931854373014,0.383105613490768,2.73875736729914,0.512069384725188,4.27947745785211,0.748931779896022,6.11447840003434,1.01133229217637,22.3372465889399,3.02857291422742,111.85084289732,13.0202837635846,5.21867560558209,0.551288745671298,4.21694808816724,0.46334265067099,5.82681481291916,0.60286042868073,9.24114401445489,0.873949701540415,12.9918538889722,1.14824527610225,51.301829244189,3.591655007709,265.322788490687,16.0988320894689
13.3,0.404150919097811,0.321250623718044,0.402339626470497,0.319808714265457,0.644375503112677,0.512537329983956,1.07227890974822,0.853549406021473,1.70666724608431,1.35946840028394,5.98065193966113,4.76993426442059,28.7980002169183,22.9814666672677,0.946754850374287,0.400836317799413,0.856409341270023,0.363663900056672,1.24924288235759,0.525075858150776,1.97173281589943,0.817376194529049,2.93321380399164,1.20043920887318,10.1449137320092,4.00781614849177,48.6983179514424,18.8376344552063,2.32802341923422,0.443056638045261,1.97175018673323,0.383767374165763,2.75627703964954,0.512517278399024,4.30832897529301,0.749532984389569,6.1546897183816,1.01186232260059,22.5078427137649,3.03048178755902,112.76248392877,13.0093768178768,5.26777500964716,0.55176933064847,4.25468815008837,0.463809686418128,5.87875234818316,0.602961332914066,9.3259963845598,0.873790140166962,13.1101146440733,1.14727668082953,51.833096391544,3.58775808908895,268.150009987658,16.0858074588323
13.4,0.404843534555028,0.321304257857173,0.402935901844425,0.319794355759742,0.645155377026907,0.512369922511469,1.07340290902227,0.853136984453224,1.70818636190012,1.35855826789517,5.98545655845174,4.76623420230579,28.8201970554432,22.9621907902698,0.951261126263824,0.401460453389723,0.860217592167661,0.364088941869305,1.25430197794846,0.525412421149812,1.97930987600874,0.817378648956865,2.94365701847424,1.20059583156046,10.1833256640317,4.00535060285943,48.9242483464884,18.8056870320954,2.34459590537793,0.44374292328679,1.9844408056302,0.384085140406396,2.77390755037928,0.513022436077629,4.33698662566939,0.750129989126529,6.19451870282412,1.01225994697613,22.6737888358535,3.03212709751883,113.572515785735,13.0189315518349,5.31702946792295,0.552231023610875,4.29142906437732,0.464186449732651,5.92986252839228,0.603105778922131,9.41117801097816,0.873696815668412,13.228897335956,1.14635068769352,52.3694139820101,3.58500932795915,271.058416283966,16.0844320768248
13.5,0.405536014022103,0.321365636407395,0.403531912363566,0.319775871004583,0.645935061621248,0.512208111730174,1.07452691742526,0.85270945899536,1.70970560247204,1.3576814486345,5.99026371898623,4.76256135529167,28.8424100364406,22.9428874861798,0.955738107163532,0.401968560868266,0.863835711090056,0.364567995809678,1.25913800763248,0.52588383353447,1.98681093653693,0.81792263345827,2.95396104175355,1.20016858045452,10.2205356099969,4.00306448926437,49.1253042340691,18.8057352712287,2.36122962167977,0.444544675949244,1.99765848011083,0.384463884812503,2.79199425603157,0.513569927018895,4.36577816877623,0.75092501080027,6.23460044186198,1.01271032945757,22.8427980184193,3.03325386035973,114.467747314723,13.0128599259423,5.36643533447537,0.552804278763902,4.32933236507902,0.464582682010038,5.98214791555765,0.603284071506737,9.49673959433554,0.873714678532283,13.3483132992466,1.14580120932527,52.9128471059814,3.58202202265599,274.078578907123,16.0601719709164
13.6,0.406228318530126,0.321429467628901,0.404127627166722,0.319763446186831,0.646714513458973,0.512048588648358,1.07565086757478,0.8523180490864,1.71122487485505,1.35679930376999,5.99507309712875,4.75905011980357,28.864637607841,22.9259997619449,0.960239893872417,0.402562958296979,0.867569941969039,0.364819027865198,1.26422164464706,0.525967866345037,1.99440145036362,0.817853681344422,2.96444954846513,1.20016120014909,10.2596929883163,3.99917712525775,49.3695500252878,18.8010616040501,2.37784221624674,0.445380494183514,2.01105060214125,0.385085260676652,2.8102165009259,0.514151913471847,4.39449191320313,0.751777785331323,6.2745363998311,1.0133476492501,23.0102528097867,3.03621804685369,115.330573115586,13.0243101994104,5.41593315710054,0.553452314444634,4.36680713222664,0.464846286932525,6.03397435383618,0.603495239223639,9.58237619285243,0.873661580444591,13.4677371216029,1.14542275437494,53.4530083072826,3.57782204074714,276.97705063916,16.0374259392116
13.7,0.406920410729418,0.321502633311926,0.404723016722669,0.319761712402287,0.64749369091818,0.51189767766568,1.07677469481259,0.851907008279694,1.71274408982768,1.35593558340723,5.99988438112694,4.75544436663196,28.8868782757709,22.9073793361842,0.964640568776194,0.403113053667246,0.871005047055575,0.365073534385275,1.26890629476672,0.526327614658767,2.00168394784385,0.818267466983632,2.97434180171666,1.20023044110514,10.2931433723795,4.00006117583768,49.4925513375696,18.8209017094152,2.39453064318394,0.446085896478821,2.02425132151612,0.385476453596215,2.82831707830242,0.514563070556428,4.42344178753624,0.752098373824558,6.31492319308935,1.01361186224416,23.1832176382731,3.03717764178952,116.315780383828,13.0403711036827,5.4656467189354,0.553821964271349,4.40477920972103,0.46518461566617,6.0864176701192,0.603599948476775,9.6684242668416,0.873652779240577,13.5878083695399,1.14503056498222,53.9992385753636,3.57575836022936,280.009432077848,16.0449215888671
13.8,0.407612254820451,0.321563838527849,0.405318052772644,0.319754172985506,0.648272554114246,0.511747344279534,1.07789833708959,0.851525627653019,1.71426316173542,1.35509000480112,6.00469727110031,4.75201515962733,28.9091306021624,22.8899137834709,0.969047279020428,0.40370151838484,0.875077415358485,0.36569049757625,1.27408906772385,0.526902492700429,2.00900217141249,0.818411872156636,2.9843143028571,1.19983554065123,10.3275327199662,3.99820957001203,49.6364801286713,18.7658546718985,2.41115708674523,0.44690922858011,2.03662031993916,0.385949608827125,2.84573610288326,0.515135291425745,4.45223001857922,0.75295567521916,6.35500251213341,1.01444942101875,23.3526629057656,3.03763765611434,117.205843127399,13.0506301317855,5.51541504941011,0.554126938199183,4.44279184893377,0.465487061469188,6.13888088499903,0.603885292906066,9.75452426918314,0.873648449169135,13.7078712030307,1.14465918314044,54.5426888196573,3.57308157818681,282.908724622543,16.0289965520389
13.9,0.408303816488127,0.321631216892304,0.405912708275633,0.319752860126801,0.649051064826046,0.511605418716225,1.07902173485647,0.851135884995379,1.71578200834172,1.35423488655339,6.00951147855266,4.74846732977957,28.9313932024805,22.8709256207534,0.973509284826111,0.404092832690522,0.878527732847067,0.365763564754422,1.27886841977714,0.52700748096108,2.01651194683134,0.818758645859793,2.99467487357098,1.19980583895328,10.3659144893465,3.99673024533912,49.8676262124706,18.7772350626157,2.42788624152628,0.44765628967806,2.04975693878836,0.386471769867759,2.86383563104255,0.515428312094149,4.48127506457741,0.753841368478189,6.39555784956327,1.01478227520554,23.527654110877,3.03818503701059,118.232477345806,13.0613891038821,5.56552064644525,0.55465387605083,4.47974379418202,0.465740465288257,6.19055631327851,0.603924585051644,9.84142296186597,0.873621968274286,13.8293277628776,1.14396870973438,55.1035263062565,3.56816839387183,286.224283661867,16.006422207243
14,0.408995062839214,0.321704676765519,0.406506957356323,0.319745703989046,0.649829186425733,0.511456061920124,1.08014483095947,0.850746463575773,1.71730055068597,1.35339744607332,6.01432672590785,4.74497502524206,28.9536647435536,22.8530840345274,0.977899054536963,0.404761844705864,0.881990684740373,0.366114027276764,1.28361132204122,0.527118435256307,2.02380891220298,0.819274081748032,3.00462793786118,1.19940234534235,10.4004536317763,3.99552493340403,50.017456082896,18.7470186380223,2.44453123549467,0.448340519169442,2.06286212232247,0.386968105594061,2.88181896741828,0.515881602680959,4.5100586967378,0.754352686892852,6.43561398761736,1.01473745032079,23.6967757147627,3.0403428719869,119.120744184294,13.0785552004782,5.61569258406526,0.555155921812266,4.51851466722907,0.465921325552001,6.24377028234906,0.60419694552969,9.92836423236578,0.873619900449063,13.9507463948985,1.14330435205289,55.6608431826946,3.56516134892253,289.402769754924,15.9951844165271
14.1,0.409685962342781,0.32177214279572,0.407100775255559,0.319738695614853,0.65060688381186,0.511314966783691,1.08126757054117,0.850367878465248,1.7188187129484,1.3525644795172,6.01914274606728,4.74176357258561,28.9759439415085,22.8354939562922,0.982353894491208,0.405289941778622,0.885752596361864,0.366367848286198,1.28861148434084,0.527390463659428,2.03132799715831,0.819284573974059,3.01502776773884,1.19913721728696,10.4395531138479,3.99423389135165,50.2663751954329,18.7632902227943,2.46111245993082,0.449017807080857,2.07591733593659,0.387438171122627,2.89972674872574,0.516355536393625,4.53862123072285,0.754952351506897,6.47523912573591,1.014750878675,23.8606221207325,3.04228011622948,119.886002702683,13.0757028628284,5.66599183419116,0.555384958800104,4.55602645796416,0.466166174253268,6.29600816640636,0.60423745832142,10.0155277519416,0.873609895959711,14.072470762604,1.14283166143377,56.2197519162698,3.56287429244765,292.576778419965,15.9889711013699
14.2,0.410376484773456,0.321844850741619,0.407694138283166,0.31973472470783,0.651384123345709,0.511169739092972,1.08238990094596,0.849985583822631,1.72033642232115,1.35175649092135,6.02395928198805,4.73839159691521,28.9982295597982,22.8195149311207,0.986712337960327,0.405871785710669,0.889382179987037,0.366863798070583,1.29337573216505,0.527738508888907,2.03855481318288,0.819574555487587,3.02486153431293,1.19921271697401,10.4732036124032,3.99432434143732,50.3987680160768,18.7830416811355,2.4778107118309,0.449599117518579,2.08847356046808,0.387826067456631,2.9173291874703,0.516785998703623,4.56748705710175,0.755402124735044,6.51544273870544,1.01548603551979,24.0315497700558,3.04364907182107,120.834058021073,13.0770469362061,5.71640243239634,0.555909561466247,4.5940480101446,0.466453797774864,6.34869154632826,0.604422361068672,10.1029166643374,0.873669911957897,14.1945230847732,1.14230841617445,56.7810400523183,3.56065935093023,295.75226173497,15.960355538535
14.3,0.411066601157363,0.321921997510897,0.408287023773026,0.319739936933676,0.652160872790587,0.511031292743201,1.08351177162986,0.849627106601309,1.72185360888552,1.35093350851183,6.02877608628068,4.73512559754402,29.0205204073255,22.8012153641459,0.991039604509745,0.406356235151823,0.893326612417384,0.367425173794915,1.29843232830525,0.528063338152179,2.04569957015543,0.819887149477777,3.03454377641871,1.19909217498288,10.5055054976137,3.99203594928556,50.5028027782572,18.7465649761822,2.49449415709756,0.45023562453697,2.10215679311037,0.388191680795581,2.93581051545943,0.517362805941745,4.59630361065184,0.755692615974229,6.55554725469487,1.01588171269174,24.2012903994392,3.04550105224558,121.748876990386,13.079397818068,5.76696713569609,0.556482799870661,4.63159559715792,0.4667454433276,6.40105635206311,0.604560242405646,10.1906141260493,0.873535052623515,14.3170570949088,1.14208242984642,57.3468804829092,3.55811308690276,299.008244428197,15.9414499336728
14.4,0.41175628372058,0.321988484657195,0.408879410040254,0.319743552138854,0.652937101253993,0.510897693662095,1.08463313407467,0.849244470089518,1.72337020549483,1.35014354046547,6.03359292082525,4.73182635668761,29.0428153366471,22.7844373941486,0.995420982857008,0.406818286505886,0.896554325674178,0.367430351811702,1.30303630958738,0.527994372545597,2.05302983662922,0.819904201007917,3.04459986808622,1.19889303298008,10.5416413707874,3.99087997657793,50.6902428732865,18.7389975519589,2.51120483133672,0.451053907069641,2.11461027085348,0.388626775256324,2.95325179528152,0.517847754026785,4.62524192449704,0.756307701516875,6.59590233803626,1.01650572399598,24.3745786259278,3.04675276645735,122.74241889328,13.1051351046369,5.8175467433682,0.556896166495219,4.66929391563988,0.466939985739849,6.45352482575164,0.60464948074379,10.2782244309099,0.873565899734553,14.4392997176487,1.1416540148081,57.9051206666993,3.55562687760218,301.997577386248,15.8953973167731
14.5,0.41244550584,0.322066885895045,0.409471276340401,0.319736743537083,0.653712779132462,0.510753711217841,1.08575394170592,0.848891822345261,1.72488614766271,1.34934355964079,6.03840955640509,4.72848689442264,29.0651132422641,22.7678148795394,0.99973157988568,0.407402292230722,0.90022907951897,0.367964981563277,1.3078804405839,0.528628020010723,2.06015445202984,0.820238249364629,3.05426345560747,1.19891132394658,10.5740745850194,3.98986606986514,50.7991840993069,18.7507976146905,2.52789539940451,0.451664624832399,2.12723856879964,0.389029221307892,2.97088489435745,0.517982813091338,4.65415712623849,0.756836445749507,6.63621914098843,1.01687055157383,24.5476552245393,3.04749321980382,123.717114111713,13.098370107961,5.86834349021813,0.557322289061369,4.70756799950239,0.467242061219141,6.50662380353529,0.604634936601625,10.3662996583814,0.873756408608357,14.5623067230246,1.14087950518654,58.4717083680109,3.55360839728533,305.167203619002,15.8740310957197
14.6,0.413134241996457,0.322138361439621,0.410062602830541,0.31974055342441,0.65448787805896,0.510633109179233,1.0868741498147,0.848530628570403,1.72640137345646,1.34854948747464,6.04322577235715,4.72521838606982,29.087413058986,22.7534155284046,1.00413430081421,0.407985893092636,0.904045737562785,0.368446831036467,1.312850301308,0.529029134473626,2.06758352695223,0.820608310289452,3.0645345281865,1.1986038711061,10.6126606252159,3.98924575822599,51.0416181493638,18.7575051291602,2.54450193548406,0.452453666168123,2.14049820983389,0.389681929181215,2.98893841236115,0.51861905457469,4.6828188843558,0.757519987198909,6.67604075937796,1.01717683319556,24.7145654296466,3.04813417530982,124.53349113714,13.1038518124854,5.91927138020736,0.557829196462095,4.74657924550823,0.467508334759926,6.56042408631055,0.60475625430648,10.45458907671,0.873606802444636,14.6855840314676,1.14066875241763,59.0387520915747,3.55136508334089,308.291455483629,15.8592276800387
14.7,0.413822467729999,0.322219997288512,0.410653370532161,0.319748199691621,0.655262370852682,0.510504448229883,1.08799371548305,0.848188417273165,1.72791582339532,1.34777981483872,6.04804135623801,4.72201990147022,29.1097137603706,22.7355064225795,1.00848756337945,0.408522319567814,0.907591001968785,0.36886048807054,1.3176512466197,0.529388255614917,2.07487012504443,0.820831881155472,3.07453490454071,1.19880384895176,10.6487151176583,3.98723766482666,51.2306234200754,18.7291309727244,2.5612058317435,0.453156530236127,2.15407021593394,0.390224690906471,3.00736153726105,0.519092740253175,4.71177629097485,0.757877214294514,6.71643935732359,1.01735888921409,24.8889079117027,3.04906807732869,125.53173191634,13.1196129391339,5.97039104659437,0.558126523523295,4.78506577167764,0.467711238275297,6.61382485422956,0.604641203356811,10.5432628587168,0.87367162284167,14.8094569852507,1.13997146015392,59.6111982518113,3.54819763302715,311.505862164902,15.8467305545546
14.8,0.414510159597194,0.322292440134082,0.411243561295757,0.319747083208915,0.656036231471151,0.510372381848877,1.08911259751259,0.847825801728095,1.72942944035327,1.34699199036102,6.05285610350472,4.7187226410789,29.1320143572326,22.7195726414943,1.01277670074347,0.409076686898356,0.911178168621011,0.369335748761489,1.32240626373097,0.529759063173216,2.08196710788718,0.821168167150525,3.08417187669096,1.19860744803728,10.6813094112949,3.98668562878638,51.3461796894771,18.7147946686824,2.57787416414858,0.453650897747759,2.16751563744798,0.390552273829575,3.02561179886602,0.519466743220933,4.74060116576161,0.758344466415549,6.75657225151406,1.01770921995909,25.0598445090711,3.04774052213368,126.446375927205,13.1295502254884,6.02157063857335,0.558413145584362,4.8230791455238,0.467959247095195,6.66680431787772,0.60485655938218,10.631926282603,0.873666191338675,14.9331778679059,1.13950221303631,60.17783602862,3.54528026875792,314.52816635358,15.8351420466633
14.9,0.415197295130378,0.322375844463285,0.411833157767041,0.319756373981736,0.656809434964484,0.510250464020224,1.09023075635655,0.847492215685933,1.73094216946622,1.3462361189493,6.05766981720998,4.71573342060229,29.1543138962156,22.704021405959,1.01712789823534,0.409468159149579,0.914258943852814,0.369246163922429,1.32684137065962,0.529606299531615,2.08927449287232,0.821346738099183,3.09423099837361,1.19863458647828,10.7182274925104,3.98476271057285,51.5556064449854,18.7045433554462,2.59456334668321,0.45441217044908,2.18063134353189,0.391007548337589,3.04362438390361,0.520073998460469,4.76950787401333,0.758912040081956,6.79687247001312,1.01806146146356,25.2331912451767,3.04995711476167,127.416103971941,13.1269704600022,6.07295413715595,0.558769156530058,4.86161735343937,0.468122980877876,6.72029827721113,0.604975342467662,10.7210150880746,0.873516247656987,15.0575764991449,1.13897139106795,60.7512300313285,3.54298455062102,317.677026269162,15.8260338116539
15,0.415883852798719,0.32244976944229,0.412422143354681,0.319767308081193,0.657581957431697,0.510126585519519,1.09134815405465,0.847151874491116,1.73245395804332,1.34548827560208,6.0624823077107,4.71253528743714,29.1766114584323,22.6879959353345,1.02144212867488,0.40987807172705,0.918021322905136,0.369402695544546,1.33178688914511,0.529997873632366,2.09648031995578,0.821421526882327,3.10410015864013,1.1986424031103,10.7534107319066,3.98506455112975,51.728504994039,18.6902846061876,2.61121957794244,0.455162618883494,2.19372114955301,0.391582435323083,3.0615737644997,0.52063905757818,4.79830232705981,0.759426811434786,6.83695384934977,1.01874962092411,25.403862107523,3.0515299606585,128.32082980632,13.1319481993903,6.1244338493682,0.559118784844864,4.90015568857206,0.468275142625336,6.77388386088203,0.604964817540669,10.810297023371,0.873325257807154,15.1822321006388,1.13852180911967,61.3256238562305,3.54040659362462,320.770037785158,15.8123723641672
15.1,0.416569811971028,0.322527120106409,0.413010502199495,0.319773613254056,0.65835377597898,0.510006441528038,1.09246475417102,0.846818128130913,1.73396475548217,1.34473049656393,6.06729339238914,4.7092954193713,29.1989061581571,22.6695908792468,1.02572745090769,0.410341759097489,0.921846535058452,0.370029405845308,1.3366712597373,0.530444893398748,2.10361198632556,0.821606546263031,3.113834052814,1.19806122893133,10.7874110061479,3.98400532245906,51.8767152015761,18.6587515410997,2.62789013997399,0.45574365191944,2.20728267154535,0.392322695266092,3.07996119477693,0.521164261575028,4.82714705187072,0.760055866270254,6.87713544413274,1.01896556970288,25.5759707935332,3.05293156029841,129.257064133043,13.1317969668053,6.17599046946582,0.559531627885622,4.94011799853789,0.468616167818985,6.82867850918761,0.60510626604547,10.8996497168514,0.873299509260593,15.3069007782001,1.13796642303726,61.8969607793595,3.5373708210867,323.733320910438,15.8010930125068
15.2,0.417255152880218,0.322612904879185,0.413598219145021,0.319786403345656,0.659124868679817,0.509893625996965,1.09358052173472,0.84648464849743,1.7354745131878,1.34400160475819,6.07210289538647,4.70623227228653,29.2211971415816,22.6547028446296,1.03002902894916,0.411021092653174,0.925398168106931,0.370401416470229,1.34143199011702,0.530608605257414,2.11081053799147,0.821553267411095,3.12370816167585,1.19818196194378,10.8229438016309,3.98206528917703,52.0584383168067,18.6569993380017,2.64453766047,0.456385520045075,2.22019131594402,0.392677248248457,3.0978047265719,0.521643187637955,4.85592429872368,0.760469938683891,6.91718318678676,1.01951010319416,25.7464237595439,3.05324287672546,130.145679589177,13.1337743994937,6.22782312395695,0.559744971900565,4.97792696678937,0.468850715626939,6.88182906679479,0.60522178699544,10.9896549350178,0.87301471273149,15.4327021018718,1.13729455225664,62.4827068523264,3.53449623523127,327.039423850922,15.7992805338815
15.3,0.417939856589324,0.322699657242903,0.414185279709397,0.319800312239374,0.659895214536868,0.509779432325261,1.09469542318295,0.84615564302735,1.73698318449517,1.34326521050838,6.07691064734752,4.70319741592747,29.2434835856187,22.6399462989342,1.03432262314962,0.411438321150208,0.928581325927097,0.370554913537654,1.34591566915295,0.530707011374756,2.11799235539731,0.821921117004638,3.13355669901482,1.19796043447742,10.8583393351641,3.97820435253136,52.2384868954682,18.6470390459411,2.66116837969103,0.456957500205633,2.23360851508371,0.393118411630503,3.11601498444212,0.522006565294119,4.88466617659558,0.761193703649038,6.95716724863486,1.01959436805745,25.9162735415108,3.05460392228133,131.013311902741,13.1532209596819,6.27968515020238,0.560013139407216,5.01773895714224,0.46921363168898,6.93664258200137,0.605319650845502,11.0796089750371,0.872943862918331,15.5582864511678,1.13685343720052,63.0619322347604,3.53127791928668,330.115526127697,15.7627889279261
15.3999999999999,0.418623904959013,0.322786801861183,0.414771670058483,0.319806598463529,0.660664793445509,0.509671591731853,1.09580942630671,0.845847820133908,1.73849072459497,1.34256260235985,6.08171648517674,4.70029754247277,29.2657646967613,22.6249489337412,1.0385667030197,0.411911031628847,0.932254771002714,0.371021468127861,1.35076306358407,0.531034510367856,2.12503318008974,0.822060561598198,3.14313804570497,1.19773055478436,10.8912243082978,3.98053388984545,52.3652502350254,18.6476026651693,2.67780905591077,0.45749351515708,2.24720391924792,0.393592799914921,3.13433736156754,0.522592483445395,4.9134555354692,0.761612641262662,6.99724975016796,1.01971379737006,26.0876177454705,3.05466641064915,131.912283190815,13.1525219208256,6.33184727046231,0.56027959712876,5.05639425913453,0.469378536732227,6.99063466182809,0.605413631583597,11.170285013287,0.872910930934673,15.6851487569763,1.13610216877546,63.6582698091992,3.52776938990294,333.622960507148,15.7345269576687
15.5,0.419307280616519,0.322862012039285,0.415357376980163,0.319823306464284,0.661433586158984,0.509556104583625,1.09692250019878,0.845539321888311,1.73999709046272,1.34182665376684,6.08652025180433,4.69727547882909,29.2880397099869,22.6073981667804,1.04291069561532,0.412488236300002,0.935643626676979,0.371209912549014,1.35542702639506,0.531226624556184,2.13240268655526,0.822229334126694,3.15337342336642,1.19783920210626,10.9307664640615,3.9800894368793,52.6366496679823,18.6668149708112,2.69447447229174,0.458023065486069,2.26056705205804,0.394015995365582,3.15248582524662,0.523148412509675,4.94231477287376,0.762111943589405,7.03746744495091,1.02003435809046,26.2607902398861,3.05606189972632,132.855221895241,13.1446712099435,6.38414268699102,0.560668129291241,5.09545104467677,0.4696173752604,7.04509301613343,0.605447993418154,11.2612469398969,0.872985317344808,15.8124450713644,1.13547468674729,64.2583998942647,3.52519548016159,337.159528894317,15.7431469389763
15.6,0.419989966925896,0.322950092535322,0.41594238785977,0.319828583432975,0.662201574255036,0.509448236768772,1.09803461520394,0.845208685603017,1.74150224079083,1.34112527646546,6.09132179596248,4.69426372172164,29.3103078877106,22.5932359556807,1.04711684025762,0.412915716020411,0.93896196980425,0.371387038770297,1.35994628015206,0.531645871706489,2.13935177701978,0.822395849312896,3.16279233743904,1.19765522815374,10.9623071319687,3.9798558050551,52.7358859406432,18.6471737979538,2.71108535005548,0.458547958250335,2.27289628537924,0.394202027412553,3.16983482555999,0.523222392249295,4.97106530921392,0.762309517368285,7.07749117713008,1.02008980686617,26.4319502951392,3.05748996982753,133.734065463962,13.1415735294723,6.43653843285315,0.561122416210689,5.13394021173507,0.469791763203714,7.09890567856215,0.60557802603143,11.3523573553957,0.872939561393965,15.9399025776353,1.1349581553792,64.8577752739603,3.52358017301614,340.620527015683,15.7296442711162
15.7,0.420671947959575,0.323027809099734,0.416526690656579,0.319841153280479,0.662968740103998,0.509342152204746,1.09914574287135,0.844909796498043,1.74300613592359,1.34041847483293,6.09612097197085,4.69126154804761,29.3325685187786,22.577845941255,1.05138729160948,0.413191387501452,0.942684613905357,0.371430482541137,1.36476464538365,0.531709675040235,2.14651740525189,0.822239058473451,3.17264460309903,1.19709725679134,10.9983027434048,3.97704367442075,52.9320152828664,18.6204334543531,2.72770811952048,0.459014654048608,2.28558832274261,0.394722610643146,3.18749171112606,0.523875736026287,4.99982725639443,0.762984440096017,7.11752509005024,1.02055394236181,26.6030811231773,3.05891119883781,134.609848576518,13.1300106240502,6.48897608655358,0.561536569240397,5.17257080046256,0.470002192939032,7.15291575153537,0.605791527911222,11.4434344034167,0.873033475020243,16.0671591203433,1.13454511961131,65.450273386509,3.5211470265706,343.831677086322,15.7064850032517
15.8,0.421353208471124,0.323118709821772,0.417110273881308,0.319860386096926,0.663735066838239,0.509234198451972,1.10025585590893,0.844595821915045,1.74450873779487,1.33971077452637,6.10091763953109,4.68834780809436,29.3548209175082,22.5619031371075,1.05569376189246,0.413855881380912,0.946357890077857,0.372084215423945,1.36964885378532,0.531973636173052,2.15380810577966,0.82263305259981,3.18275046444784,1.19731641404006,11.0369657754701,3.97687545979789,53.1869807876714,18.5980933167978,2.74439414927208,0.459521267631145,2.29882110670881,0.395184426423579,3.20556287153124,0.524383761298324,5.02876301141977,0.763327452521132,7.15789374980855,1.02062715946893,26.7785741088765,3.06037100796976,135.596613113776,13.1309302427284,6.5417265456365,0.561926661580525,5.21174962686276,0.470191046931175,7.20750297054005,0.605825654230234,11.5352600625134,0.87296640619137,16.1957306889086,1.13412948565549,66.0602292150939,3.51936516205389,347.477247077981,15.7118911514218
15.9,0.422033733869164,0.323207233191442,0.417693126574592,0.319876534392141,0.664500538322901,0.509128717188841,1.1013649281396,0.844308629221553,1.74601000986848,1.3390289289392,6.1057116635299,4.68542596164337,29.3770644227627,22.5473759048372,1.05991711680612,0.414327911108193,0.949680577227878,0.372412876729212,1.37425021816376,0.532244751107935,2.16085082788991,0.823071511186263,3.19237916186051,1.19712723069213,11.0710107851314,3.97527137827706,53.3430837200836,18.5824344311658,2.76105194248395,0.460081146524832,2.31056562610993,0.395335413437649,3.22244349334714,0.524720014505042,5.05760249805715,0.763695227495255,7.19807020854129,1.02105574903864,26.9515792322096,3.06097940797239,136.518613456568,13.1430597790911,6.59463148933034,0.562243183523317,5.25161587605437,0.470343916821604,7.26284362400065,0.606011198027305,11.6273323796428,0.872986975646707,16.3246455121832,1.13376850175614,66.6721141635446,3.51654908335372,351.156273867569,15.6853251889734
16,0.422713510192392,0.323287687619145,0.418275238286369,0.319889242379722,0.665265139127897,0.509031280005445,1.10247293445946,0.843989130904364,1.74750991708102,1.33833373334046,6.11050291385026,4.68267312729185,29.3992983970687,22.5331795183231,1.06403434321144,0.41476976615691,0.953232290261819,0.372785666319649,1.37886744853679,0.532475971203421,2.16757183544903,0.823289824421736,3.20138583268652,1.19702980083776,11.0989735454925,3.97245360888523,53.3688795100692,18.5794526553491,2.77764833971649,0.46065809653522,2.32290387059852,0.395586774278553,3.23980525363287,0.524972186810463,5.08623560882582,0.764037050190917,7.23784007758728,1.02122026716686,27.1192852731627,3.06099165674626,137.309379222625,13.1587792312711,6.64754524014993,0.562514755807935,5.29176202992252,0.470550984511508,7.31839233092384,0.606144195296308,11.7192657525103,0.872765040514706,16.4531548478267,1.13334477716831,67.2737702373495,3.51420945148203,354.497528666273,15.6597474970879
16.1,0.423392524085652,0.323380893933837,0.418856599056148,0.319911500395987,0.666028854501051,0.508923368935713,1.10357985079766,0.843693930829137,1.74900842578704,1.33766058173804,6.11529126519027,4.67979497953184,29.4215222257652,22.5166119473302,1.06825000017479,0.415160718537429,0.956762562983357,0.372984152735659,1.38355449093345,0.532853461320906,2.17461343620624,0.823460040017423,3.2110292124201,1.19682585508902,11.1334268740738,3.96964719664957,53.5361109124648,18.6057085918006,2.79432374204251,0.461316350344142,2.33564406107522,0.395869871407761,3.25741544122819,0.525260984303013,5.11510002588586,0.76447841919967,7.27805290569026,1.0213026164089,27.2926915718343,3.0624584242269,138.237686463202,13.1524672796634,6.7006013992725,0.562917436047264,5.33214447128199,0.470801182950615,7.37415646550763,0.606326426494575,11.811463715363,0.872844077414955,16.5820426966112,1.13315915929834,67.8778723066381,3.51129430602925,357.847173860322,15.6384317666475
16.2,0.424070762776995,0.323460303969631,0.419437199394096,0.31992250492709,0.6667916703424,0.508827363611342,1.10468565407789,0.84339099494574,1.75050550370657,1.33696862473083,6.12007659688951,4.6769150786514,29.443735316192,22.503340855883,1.07246449776548,0.415583327549686,0.960428180432164,0.373507463556957,1.38833897906974,0.533237100969089,2.18166360519622,0.823411108645937,3.22069762243359,1.19677633807581,11.1682619703305,3.96891285586499,53.7125082329389,18.590340367049,2.81101142338382,0.462128529414476,2.34881380781342,0.396421935726085,3.27542052959928,0.525772596772364,5.14401685794532,0.765257673419471,7.31837091476247,1.02164743174195,27.4676445167965,3.06395024054815,139.197557615585,13.1489546714697,6.75380963010349,0.563352082947132,5.37221529465621,0.471107647382763,7.42975431263187,0.606439693695078,11.903966416153,0.872688218235588,16.7113907298854,1.13266570834319,68.4858639443701,3.5081205448844,361.24136932026,15.6192120990887
16.3,0.424748214055707,0.323552660482633,0.420017030262928,0.319945907576767,0.667553573179523,0.508727741920037,1.10579032218154,0.843118062522474,1.7520011198747,1.33630606715597,6.12485879276238,4.67411544156543,29.4659370969052,22.4887951093604,1.07668591389899,0.416017490501768,0.963932502564435,0.373762315434883,1.39302077379764,0.533384776547492,2.18874845678302,0.823349766759379,3.23044208659336,1.19634621952031,11.2039888045333,3.96861166846535,53.908875572204,18.5717754217553,2.82767651053886,0.462558036164986,2.36253333502176,0.396998986478185,3.29390457017632,0.526192704271978,5.17287978687785,0.765610539331132,7.35858129507481,1.02190745628171,27.6412338858425,3.06441026940811,140.11128276339,13.1367643902731,6.80713547045996,0.563660688019161,5.41156746555121,0.471309378799201,7.48474385923938,0.606449253490066,11.996629370961,0.872808026585172,16.8409150716033,1.13218121843241,69.0930161895277,3.50581711592264,364.57554712895,15.5995677079735
16.4,0.42542486625123,0.323644288446145,0.420596083060555,0.319963826835824,0.668314550143924,0.508645745571689,1.10689383391228,0.842842074263675,1.7534952445933,1.33565748481046,6.12963774093815,4.6713120986625,29.4881270169287,22.4736526377113,1.0809079114487,0.416336982724142,0.966968804844786,0.373812831603838,1.39737342081557,0.533428628933453,2.19585106726379,0.823590348893535,3.24023026370253,1.1965497043348,11.2402981495742,3.96672320285745,54.1183116339261,18.573250361589,2.84442381872368,0.463168756189688,2.37545473678141,0.397424157907028,3.31181547289164,0.526572182203288,5.20197803673628,0.766165477367142,7.3992431426117,1.02215983908495,27.820705513923,3.06480635718158,141.170785687889,13.1507230057354,6.86065782319798,0.564003560522619,5.45053216072877,0.471485334828881,7.53950793949891,0.606461381806822,12.0897477812064,0.872792713618707,16.9712060041289,1.1317735903552,69.7094920676536,3.50367907331996,368.108607550418,15.5881696581447
16.5,0.426100708212959,0.323734126100817,0.421174349603444,0.319991374917768,0.669074588948369,0.508546180863815,1.10799616896217,0.842547448004651,1.75498784938465,1.33499323056712,6.13441333370749,4.66856846955789,29.5103045450351,22.4601654807722,1.08511642324936,0.4168776468974,0.970665188692164,0.374277424591225,1.40218282786092,0.533742282981072,2.2029191311534,0.824025148459821,3.24995762506456,1.1963256279053,11.276112218298,3.96626030047635,54.3183655964798,18.5450020448915,2.86112174935085,0.463789367223901,2.38802270202703,0.397803652699653,3.32940429095482,0.526831226879524,5.23092910794059,0.766734052894086,7.4396176671099,1.02270113826341,27.9964995122228,3.066083206263,142.132841451775,13.1498568211481,6.91447928791352,0.564350413238845,5.48889302490483,0.471611753799674,7.5939073359141,0.606595096463283,12.183632447496,0.872923571771521,17.1028698820587,1.13145969477972,70.3453932075011,3.50178713020988,372.122397394546,15.5720026219395
16.6,0.42677572929085,0.323821464379595,0.421751822110665,0.320002552494228,0.669833677865143,0.508451577201156,1.10909730787908,0.842269302284708,1.75647890694696,1.33433971231764,6.13918546737494,4.6658021250612,29.5324691690508,22.4460465943137,1.08925003262778,0.417267284421127,0.974527371476232,0.374674244913455,1.40706290202302,0.534126541039184,2.20976641208405,0.824060582175028,3.25926105029457,1.19590804461673,11.3078092090663,3.96386525203229,54.4298899287315,18.5521945288981,2.87785326785108,0.464353549105558,2.4004364185298,0.398115911138371,3.34686974496289,0.52711317678969,5.25995294222395,0.766940682213541,7.48011195895518,1.02292277138164,28.1734905459586,3.06626814996463,143.117020187744,13.1433369694009,6.96815752387836,0.564686996357544,5.52795500899966,0.471744032545756,7.64884451133828,0.60674028006026,12.2769926815042,0.872918197678611,17.2334170704055,1.1308843531326,70.9603417488237,3.49992520188091,375.493063063753,15.5548519213889
16.7,0.427449919316834,0.32391025979149,0.422328493188602,0.320026632850923,0.670591805705214,0.508367680755638,1.11019723203544,0.841992708305784,1.75796839111167,1.33368668519117,6.1439540421175,4.66314033935647,29.5546203951958,22.4303862607232,1.09338714230199,0.417835165926438,0.977453718341306,0.374977643599207,1.41126634438452,0.534391183033499,2.21663814242559,0.824582939161944,3.26862067811106,1.19625704624634,11.3401998717772,3.96400705787375,54.5571456283509,18.5610642164184,2.89458109877374,0.464879360131573,2.41330013613539,0.398543196401013,3.36463048020698,0.527508233729795,5.28892969752103,0.767224752700157,7.52050124456227,1.02310424282326,28.3489026668149,3.06701034882548,144.063455644678,13.1443369420143,7.02207697196622,0.565135377016929,5.5678451488658,0.471946292468159,7.70466838954965,0.606878591047122,12.3709482898901,0.872771346248582,17.3649872529999,1.13009935542468,71.5884436901451,3.49859425890146,379.14580986477,15.539175614621
16.8,0.428123268586967,0.324001589409038,0.422904355816274,0.320047796942192,0.671348961798207,0.508269761288477,1.1112959235982,0.841722225340994,1.75945627680246,1.33304694528478,6.14871896184845,4.66051172263637,29.5767577474407,22.4195246550688,1.09750098851783,0.418119750994074,0.980989238820717,0.375191313915319,1.41589663716884,0.53447432325788,2.22345030562775,0.824477126395681,3.27787168831578,1.19608843637819,11.3716252610528,3.96173973535721,54.6641448508348,18.553340959088,2.91126970778512,0.465592999612584,2.42648031877621,0.399064710523516,3.38264255150836,0.527999913024191,5.31780527955244,0.767712300269275,7.56069545449585,1.02365422661782,28.5218727994744,3.06716312642715,144.93849782596,13.1372171645806,7.07608414393083,0.565424099160456,5.60748471618769,0.472038478569826,7.76023205221849,0.607074212676341,12.4649744924771,0.872663273390003,17.4965739974685,1.12989146455054,72.2135022889608,3.49654434834826,382.695287473941,15.5397847240497
16.9,0.428795767844296,0.324086481734715,0.423479403331269,0.320067488322879,0.672105135973221,0.50819102332603,1.11239336550012,0.841443760644439,1.76094253999588,1.33241176556288,6.15348013408684,4.65771784268565,29.5988807668972,22.4066032675278,1.10172037103625,0.418584990777495,0.984368652557756,0.375246106959352,1.4204829246445,0.534658187322369,2.23060520879844,0.824667918538701,3.28780172837548,1.19596987493418,11.41000140896,3.96268655015266,54.9222311972396,18.5370063231383,2.92801221078122,0.465925707688165,2.43919914062671,0.399210479995272,3.40036209305236,0.528206556153781,5.3468164443711,0.768079536455496,7.60114595909001,1.02379384683282,28.6981608702811,3.0671305225538,145.90075284688,13.1498657647059,7.1301644844237,0.565875799031392,5.64870059419886,0.472543372397295,7.8171572752741,0.607249867121727,12.5591113541077,0.872588538715942,17.6282712849476,1.12978910959792,72.8375329938237,3.49523703914193,386.154954142428,15.5265152451743
17,0.429467408262429,0.324181577926231,0.42405362941623,0.320089639091286,0.672860318540376,0.508096433667955,1.11348954141201,0.841163178391808,1.76242715768354,1.33180409210914,6.15823746983178,4.65510093322043,29.6209890112254,22.3913893142504,1.10590849622078,0.418840279207749,0.987612037570341,0.375505110678998,1.42498075532735,0.534924181347804,2.23767242765054,0.824764341130855,3.29756693919677,1.19594359563326,11.4468383091529,3.96147767782472,55.1479215283342,18.516389295296,2.94472608220768,0.466360260134942,2.45168715282389,0.399502090509796,3.4178657541295,0.528462993823802,5.37571956682514,0.768328489847951,7.64137791343429,1.02370836365881,28.8714576058278,3.06744526250056,146.787131314931,13.1505852361624,7.18448032048054,0.566219464177711,5.6898477807569,0.47271531060906,7.87419017978755,0.607316952119954,12.6538169529516,0.872514317301821,17.7609529286598,1.12948658633544,73.474564814976,3.49283989889398,389.917113958202,15.5200251721646
17.1,0.430138181429727,0.324268668854891,0.424627028085899,0.320115467011173,0.673614500273126,0.508020080978711,1.11458443571619,0.840914688633508,1.76391010783579,1.33116746158099,6.16299088344179,4.65244258818521,29.6430820540679,22.3782046002881,1.1100344349036,0.419369236719881,0.991309041185491,0.375991971258688,1.42975851383901,0.535083645190913,2.24455462839574,0.825141928404949,3.30697666419916,1.19579438695495,11.4802083766139,3.95994957075976,55.2992458286629,18.5177025475319,2.96145712368609,0.466812944048873,2.46510961407476,0.399936656576843,3.43612163235893,0.52878832346079,5.40465797400277,0.768678355846329,7.68167626382349,1.02381863866026,29.0456739991362,3.06881569076693,147.699652343827,13.144890899439,7.23889173376432,0.566534116441675,5.73155400268078,0.473109443028848,7.93171516001569,0.607498837714115,12.7486296592023,0.872335768868031,17.893710783656,1.12901550433691,74.1091745665503,3.49026334476605,393.569070957319,15.5058471546935
17.2,0.430808079334157,0.3243697754413,0.42519959367467,0.320142835796676,0.674367672391252,0.507936127676617,1.11567803348098,0.840659115947918,1.7653913693668,1.33055073676998,6.16774029251862,4.64996283217737,29.6651594845051,22.3651379345357,1.11417161137654,0.419861748920984,0.994525978756533,0.376269761717708,1.43416830187537,0.535316367621286,2.25147823741187,0.825348725267464,3.31647351750964,1.19576819767229,11.5145554335322,3.95882808224596,55.4730320894337,18.5159390884634,2.9782588699821,0.467254999655215,2.4777860522783,0.400236403824918,3.45383916116239,0.529180481097144,5.43379337009599,0.768906625257769,7.72235353042246,1.02416627131812,29.2249339658908,3.07025931115056,148.7414002985,13.1493111424842,7.29340582779087,0.56688649517246,5.77187467360606,0.473429585774825,7.98801544535736,0.607592062607363,12.8435855858878,0.872473024987571,18.0266229343904,1.12869123140581,74.7428780006702,3.48894209509561,397.151741658961,15.476369234597
17.3,0.431477094348707,0.324455482846117,0.425771320824638,0.320159383026866,0.675119826544537,0.507846079117738,1.11677032043614,0.840401105937876,1.76687092210105,1.3299301947232,6.17248561779583,4.6472988516835,29.687220906529,22.3504303524082,1.11829319344177,0.420309073020131,0.997877247085934,0.376432655603699,1.43868358794552,0.53546313076409,2.25836485292376,0.825677171442259,3.32590579958279,1.19556615128286,11.5483782103908,3.95648615244762,55.6362879380827,18.5245038422654,2.99497229373469,0.467802174602173,2.49064541372181,0.400612652363836,3.47158345338021,0.529669204633193,5.46267020639226,0.769510782802,7.7625272715097,1.02474144784061,29.3975625915411,3.07200856097315,149.607616076366,13.1473087462438,7.34810738211032,0.567139764089991,5.81192249136945,0.473580846453095,8.04418051857747,0.607665145320877,12.9389648484027,0.872311692990204,18.1602301712181,1.12836915987559,75.3846133961808,3.48642141534408,400.891102448507,15.4625714869613
17.4,0.4321452192174,0.324551047172574,0.426342204474131,0.320189110700245,0.675870954797068,0.507772782491664,1.11786128294926,0.840144943003951,1.76834874674101,1.32934048545728,6.17722678303114,4.6447607548095,29.7092659385394,22.3376863816846,1.12239235147552,0.420649766351119,1.00137346298234,0.376797594524891,1.44327457675965,0.53581991159657,2.26519868816635,0.825749500280748,3.33524426853523,1.19505166725264,11.5814053798518,3.95715391381691,55.7826369776231,18.4931038298784,3.01179875630377,0.468418554698338,2.50427332392626,0.400957139329199,3.49009034068812,0.529929695432155,5.49187998054879,0.769911575329863,7.80333790413912,1.02486930980252,29.5785499472882,3.07256234076608,150.678240196687,13.1532598757926,7.40286924248546,0.567345962517976,5.8519066670681,0.473630374555896,8.10025627517971,0.607683658396599,13.0343485107524,0.872115228742209,18.2937251283026,1.12780989617786,76.0210565466866,3.48492769904324,404.45114316846,15.449159590068
17.5,0.432812447041835,0.324646510126401,0.426912239846681,0.320212592540989,0.676621049612178,0.507691344415495,1.11895090800315,0.839892352148211,1.76982482483619,1.32874633766242,6.18196371490337,4.64211177188128,29.7312942128588,22.3249605614572,1.12652477311605,0.421312486784521,1.00473584598022,0.377136338276859,1.44777251362968,0.53612096429597,2.27214729952015,0.825945301479951,3.34481440399575,1.19511460461232,11.6168863655751,3.95639821598153,55.9829829212073,18.5194599568411,3.02861198430011,0.468996667584263,2.51757102208927,0.401465573339678,3.50825127945111,0.530416838646359,5.52104249495282,0.770389439683037,7.84406057596879,1.02534130320537,29.7585600278945,3.07218720895823,151.72833003732,13.1430222587774,7.45784030799645,0.567786467775514,5.89390896619353,0.473844302637669,8.15830489209665,0.608000645541154,13.1302102568589,0.872263078062619,18.4280164471573,1.12775649256095,76.6670973283025,3.48319618541559,408.213476821273,15.4327157950907
17.6,0.433478771268262,0.324739945264998,0.427481422440442,0.320246081280641,0.677370103837933,0.507619426430805,1.12003918317397,0.839640203550893,1.7712991387533,1.32815880865401,6.18669634291288,4.63966179752588,29.753305375263,22.3109315576203,1.13059543022734,0.421552958866263,1.00775692164522,0.377196974876318,1.45205880336548,0.536284456245452,2.27891635853194,0.825790186771059,3.35404067308544,1.19503221868076,11.6490151321748,3.9550367262714,56.1107917530677,18.5104299576906,3.04530597101449,0.469493117418864,2.53055037503176,0.401894521317976,3.52608452652344,0.530854496036699,5.54984721312453,0.77069433676575,7.88409162525481,1.02574508387073,29.9294832485133,3.07295829904149,152.546702505386,13.1541568071514,7.51277017562049,0.568082927910127,5.93639064010916,0.474240867486196,8.21667318265175,0.608077585396603,13.2258188384354,0.872173050053798,18.5616972828372,1.12736844429204,77.2994685128607,3.48066469555316,411.526799869167,15.4322721136962
17.7,0.434144185675142,0.324826808376884,0.428049748018006,0.320261427228515,0.678118110693212,0.507540121409134,1.12112609661031,0.839388987418476,1.77277167164755,1.32753977250388,6.19142459928593,4.63702457313397,29.7752990845333,22.2985425741061,1.13468120984874,0.421737002384413,1.0108985854075,0.377268257209787,1.45639864774931,0.536478758362744,2.28574337856816,0.825969772591503,3.36338731433732,1.19470576208278,11.6824725847735,3.95379552835722,56.2681407776897,18.5065931395917,3.06204522202192,0.470227854892519,2.54327185297347,0.402088109774179,3.54373542933272,0.531056359622991,5.57876977605826,0.771257762996506,7.92434361127679,1.02577470513177,30.1032604705085,3.07422814638696,153.436839717912,13.1394715080266,7.56791408553501,0.568497230458621,5.97643787478593,0.474434789794744,8.27315682688753,0.608175842296812,13.321883987247,0.872186557356286,18.6961356494739,1.12714766735843,77.9408675952075,3.47842849375278,415.058219937093,15.4212898598202
17.8,0.434808684361199,0.324928340813274,0.428617212596633,0.320299015163557,0.678865063754318,0.507469933660463,1.12221163701297,0.839158771340736,1.77424240743507,1.32698311229547,6.19614841888259,4.63456331818394,29.7972750120209,22.284767355222,1.13870432287843,0.422177502506703,1.01454744795717,0.377802740034041,1.46104877154978,0.536745894049034,2.29238546147493,0.8264298427303,3.37237986209806,1.19465873344066,11.7124711645744,3.95217651110461,56.3514452273139,18.48235991527,3.07879784768234,0.47072537964227,2.55621574537639,0.402482256471011,3.56162929552469,0.531369178827471,5.60771842042548,0.771628921826786,7.96463852386062,1.02599987041501,30.2775165174805,3.07420256887843,154.336492105983,13.1416535644787,7.62324618842775,0.568724805711829,6.01764890031595,0.474654212348304,8.33042892442527,0.608126649453384,13.4183825992662,0.872034289035799,18.8312855762079,1.12671515852245,78.5905254354281,3.47609231132533,418.742155230797,15.40921279901
17.9,0.435472261733924,0.325018492996835,0.429183812438841,0.320333336421304,0.679610956942079,0.507396796982818,1.1232957936156,0.838905240425218,1.77571133076632,1.32639071638674,6.20086773910803,4.63220500078346,29.8192328412311,22.2727300719582,1.14283597791619,0.422600286886947,1.01781848538287,0.37795380017187,1.46556086169617,0.536893440796735,2.29937374812914,0.826231211905906,3.3820555117563,1.19470612009431,11.7494784898674,3.95098918705205,56.587778887976,18.4498409403196,3.09560205852358,0.471159751830136,2.56948495372092,0.403035680559689,3.57978295509855,0.531694075727755,5.63680565043477,0.77215461498937,8.00519904525696,1.02639431992416,30.4553487547956,3.07499426524572,155.329482539428,13.1425479126529,7.67870236503423,0.569011666541207,6.05894658955183,0.474794122326408,8.38798356955789,0.608288700769099,13.5151254085978,0.872060849055826,18.9667804032473,1.12645883757152,79.242284810705,3.47330121099504,422.404184920501,15.4030210291125
18,0.436134912498511,0.325115691654219,0.429749544043372,0.320357190519441,0.680355784509471,0.507317845976493,1.12437855616597,0.838664157760183,1.77717842700059,1.32580235490427,6.20558249982707,4.62966606756188,29.8411722674205,22.2607566091511,1.14693984513028,0.423111149621701,1.02156061885823,0.378451395890724,1.47031129654544,0.537254038106468,2.30628408858153,0.826534718310469,3.39158468761178,1.19443961120237,11.7851063862094,3.95014231419175,56.7949252300793,18.4702601866042,3.112374464691,0.471755572159501,2.58181173992968,0.40332928026094,3.59718460916425,0.53212421281543,5.66579660870459,0.772695061234759,8.04557271900745,1.02678927061826,30.6307543411495,3.07537288729216,156.258393710008,13.1477902954275,7.73425719837413,0.569298984293568,6.09917051746176,0.474747822493192,8.44464118693986,0.608245249657274,13.6120148820838,0.871979419678625,19.102433419775,1.12595462420401,79.8930523186609,3.47117350500483,425.977392862632,15.3980236375248
18.1,0.43679663164722,0.325220894090993,0.430314404136504,0.320389250538712,0.681099541029696,0.507248123483857,1.12545991490804,0.838433963941968,1.77864368218131,1.32526106635458,6.21029264328195,4.62730169686067,29.8630929972097,22.2462099688506,1.15099215077312,0.423516351281842,1.02466140313171,0.378645912268175,1.47464681488425,0.537320505473697,2.31304774006573,0.826509974305651,3.4008352154963,1.19445935989582,11.8180447949858,3.94803676287228,56.9440896414541,18.4575359088888,3.12916938515802,0.472238363612059,2.59493789625982,0.403665826857757,3.61520423419018,0.532465337151413,5.69485726578462,0.772985782460068,8.08608004602501,1.02686219156108,30.8080091462137,3.07584996329565,157.229403734455,13.1496033057691,7.79009493339904,0.569586937343822,6.13994385746903,0.474925949484763,8.50199818010851,0.608414417498671,13.7096031800513,0.8720286700765,19.2393088312912,1.12530402152166,80.560699144634,3.46971083254545,429.954639525956,15.3927424123785
18.2,0.437457414449138,0.325315215457862,0.430878389663685,0.320420029997361,0.681842221384704,0.507187463896348,1.12653986056464,0.838187987511855,1.78010708301245,1.32467978641901,6.21499811401309,4.62483258880578,29.8849947482101,22.2341345990321,1.15502190467261,0.423862190019321,1.0279903389629,0.378735653343169,1.47906876286563,0.537436060631326,2.31975435183968,0.826591111647747,3.40998268986733,1.19440554628126,11.8500738107321,3.94582088353125,57.0742984509132,18.44374839001,3.14594122193342,0.472534835307164,2.60826728688792,0.404066215872085,3.63337126148264,0.53280926500183,5.723878928862,0.773236405943726,8.12652276770247,1.02669352749016,30.9847357240673,3.0768709363548,158.179246576923,13.153819154089,7.84597505569994,0.569675630859224,6.1824478862168,0.475035696789939,8.56075953206747,0.608527704150195,13.8071084681772,0.871870158903418,19.3758818138769,1.12474912241445,81.2190524389431,3.46726389776004,433.638137741118,15.3745303719556
18.3,0.438117256440325,0.32540281586061,0.431441497781497,0.320447112528921,0.68258382075416,0.507118169745113,1.12761838432077,0.837971036475806,1.78156861683563,1.32410404897942,6.21969885878264,4.62239822035177,29.906877248664,22.2209709025077,1.1590993485207,0.424260223124428,1.03160183530232,0.379041432650315,1.48376190727608,0.537820490630412,2.32661757261807,0.826933217472568,3.4194420321045,1.19392524894694,11.8853614673779,3.94659180420209,57.2760773467791,18.4310080680951,3.1627032628701,0.473007971612847,2.62048378593636,0.404286069260489,3.65064622510154,0.532938391456688,5.75287176277888,0.773508984939408,8.16690726834866,1.02703355442063,31.1607050453001,3.076581710101,159.104796330217,13.1555563031429,7.90195852062283,0.570103229321237,6.22426728384744,0.475371559632252,8.61896405951233,0.608767293320164,13.9047565836672,0.871933106227919,19.5126112585635,1.12443935016622,81.876541914908,3.46551679258862,437.258199139791,15.369170874884
18.4,0.43877615341432,0.325505422520042,0.432003725849917,0.320477573140713,0.683324334604817,0.507054736345826,1.1286954778076,0.83773870536541,1.78302827160821,1.32355215766065,6.22439482650089,4.6199993656268,29.9287402370972,22.2096504831257,1.16308062781024,0.424657229188785,1.03472792578913,0.379369805748011,1.48798673257818,0.538104779124484,2.33319497499236,0.827161114084985,3.42835089163447,1.19414333345842,11.9151935143938,3.94540625834927,57.3597974242791,18.4229461851312,3.1794452546001,0.473346022769508,2.63323497969736,0.404588382051289,3.66833588775925,0.533263159660933,5.78179955040392,0.773715854569906,8.20716691687538,1.02725262750236,31.3350929977888,3.07754010496964,159.990897183784,13.1502355142632,7.95806371354889,0.570435041899635,6.26606182658822,0.47555609283369,8.67725290030597,0.608873444560987,14.0026943284712,0.87202276282049,19.649812443481,1.1242015891462,82.5395239221278,3.46466974680851,440.961136837368,15.3554619949555
18.5,0.439434101413022,0.32560120153661,0.432565071424875,0.320507311575406,0.684063758680285,0.506985750480977,1.129771133087,0.837508489821965,1.78448603588207,1.32298866404317,6.22908596815532,4.61763420116293,29.9505834619852,22.1972788227068,1.16714558188471,0.424967721694341,1.03794438757325,0.379674210026869,1.49238437854213,0.538109361961737,2.34004216276772,0.827430583045786,3.43779351464955,1.19369618590381,11.9505517105407,3.94437301789665,57.5644490616927,18.4465531932179,3.19620372439192,0.474054939057003,2.64601691249553,0.404997619040052,3.6859933628036,0.533592089073753,5.81076689104531,0.774281576009963,8.2474942882885,1.02759945958141,31.5102641106079,3.07769215525999,160.891238007503,13.1529130249141,8.01431146796305,0.570740626773745,6.30785752482278,0.475739313884003,8.73554889981625,0.608938288729939,14.1008903171842,0.871978697752258,19.7873837231525,1.12396265141199,83.204969667981,3.46248255308392,444.682062758554,15.3432863818924
18.6,0.440091096717884,0.325694867523558,0.433125532251086,0.320539008570147,0.684802088991186,0.50692779192939,1.13084534263664,0.8372814499502,1.78594189878327,1.32244029897124,6.23377223674225,4.61527667783263,29.9724066814314,22.1840050655731,1.17122359032282,0.425272133355912,1.04138136047709,0.379846691622725,1.49699585196779,0.538228401200866,2.34694056577065,0.827458013003533,3.44734273755441,1.19360045600866,11.9871053107405,3.94358386784293,57.7957139830312,18.4292222171311,3.21309297847153,0.474479756854357,2.65920098682386,0.405297162376247,3.70408021569738,0.533881043843806,5.84012265855142,0.774444393113504,8.28857376370187,1.02783443657783,31.6957159821592,3.07804612002188,162.052651159619,13.1453304186963,8.07078823043538,0.570992479940614,6.34995536389785,0.475994168277218,8.79421155814803,0.609070065479323,14.1996375976715,0.871973556039041,19.9258984147132,1.12380572489691,83.8829007161996,3.4602657806002,448.682872627447,15.3465407604171
18.7,0.440747135841447,0.325795216621092,0.433685106255157,0.32056956482414,0.685539321805659,0.50686415623609,1.13191809933566,0.837060552329265,1.78739584999236,1.32190481213312,6.23845358720067,4.613084595253,29.9942096628533,22.1731684462379,1.17529618936557,0.425641232169556,1.04505895845674,0.380209943432412,1.50173650525721,0.538560950220591,2.35383197575553,0.827459478699504,3.45688496035561,1.19355207115824,12.0237035729167,3.94291477892369,58.0288630871059,18.4001664259906,3.22987035027011,0.474930659190493,2.67211998153489,0.405524638454321,3.72187986845741,0.534167351196127,5.86915807584622,0.774614799414208,8.32903496146209,1.02771107680176,31.8729220991703,3.07851423376415,162.995823594152,13.1529669720345,8.12734867137514,0.571221999053754,6.391846606095,0.476174598018549,8.85274771802626,0.608985852058152,14.2984620245835,0.871840784681451,20.0644115465874,1.12340994373968,84.55627551631,3.45831712066667,452.47927611287,15.3341165578447
18.8,0.441402215519185,0.325892685610646,0.434243791538947,0.320604166151561,0.686275453640236,0.506799675209604,1.13298939645081,0.836844163548939,1.78884787972544,1.32136623388,6.2431299763489,4.61070111037923,30.0159921826857,22.1593582534195,1.17925840898922,0.426084160860095,1.04811336448257,0.380410777574349,1.50594234905977,0.538718588843324,2.36039296267531,0.827473293906061,3.46578943392689,1.19326484531288,12.0539379986358,3.94222980280411,58.123744316427,18.4010333345918,3.2466348440332,0.475477272908426,2.68504717374232,0.405892961011792,3.73969037040375,0.534625405420463,5.89812862230594,0.775106092417244,8.36935601506316,1.0279637845613,32.0479559956256,3.07837021370812,163.881009184202,13.1364243460724,8.18407918121198,0.571363498916008,6.43305941514568,0.476251203875804,8.91080191016875,0.608945850762671,14.3976358663891,0.871589662046829,20.2034815355786,1.12293271474212,85.2356765581429,3.45599490366311,456.400882520763,15.3314511149763
18.9,0.442056332701635,0.325986162082102,0.434801586373172,0.320631624008116,0.687010481251031,0.506732587368718,1.13405922762316,0.836613896358796,1.79029797871595,1.32080806798391,6.24780136282298,4.60841434811488,30.0377540260884,22.1482363540919,1.18328778181901,0.426503496378602,1.05133591146081,0.380605741914277,1.5102737382203,0.538936021536942,2.36717063183848,0.827656024451586,3.47512294326085,1.19325580127113,12.0886367101077,3.94144671611173,58.3167925058826,18.3976936752152,3.26350296027017,0.476069616536359,2.69834679820072,0.406225532477447,3.75793060230106,0.535031976582022,5.92738134399653,0.775612604656657,8.41022313690849,1.02851945765778,32.2305034911134,3.07795156027921,164.969619187419,13.1356219879401,8.24088298311512,0.571573457302083,6.47620567061221,0.476472204045852,8.97053161949672,0.609039811655015,14.4968892466133,0.871521745737404,20.3425899599222,1.12262059689831,85.9123141340636,3.45446130285013,460.189359708458,15.2996586749656
19,0.442709484546837,0.326089635248873,0.435358489191253,0.320669639686772,0.687744401625265,0.506677322648398,1.13512758685527,0.836407074459395,1.79174613819701,1.32028095444557,6.25246770701758,4.60611164708377,30.059494986669,22.1360573099708,1.18723113576971,0.426798860820814,1.05458966058769,0.380814673606037,1.51457441381766,0.539042532739917,2.37369054355312,0.827669133348958,3.48395943325635,1.19292278481052,12.1183759931819,3.93929596801741,58.4023640154635,18.3886071163418,3.28024870377874,0.476577071141163,2.71162238450349,0.406507167744134,3.77609853500347,0.535247624246373,5.95626588518009,0.775846739650427,8.45038102311042,1.02841557343112,32.4035435140068,3.07783822459472,165.816889832086,13.1389200583036,8.29784440057931,0.571858973565874,6.51699358983994,0.476537708325426,9.02815826124482,0.609013871867734,14.5964645470036,0.871393165252825,20.4821980863573,1.12233496372462,86.5938725770793,3.45328075612618,464.058352292282,15.2899273231681
19.1,0.443361668413025,0.326179322690631,0.435914498583384,0.320694712714685,0.688477211973093,0.506612537408253,1.13619446849877,0.836187538501035,1.79319234988448,1.31975575283938,6.25712897102882,4.60387656463629,30.0812148662111,22.1239136800684,1.19128211969241,0.427063589740375,1.05774729584037,0.380925867254861,1.51896396815116,0.53923931880914,2.3805528201652,0.827771372350432,3.49347067888022,1.19279094664795,12.1550965512131,3.93823681931699,58.6411260366121,18.3810594452833,3.29707612911117,0.477078476035323,2.72418375465076,0.40685317287314,3.79364952808783,0.535413242839254,5.98544095529141,0.776152607083199,8.49112149393471,1.02855139870599,32.5850993336635,3.0796748760926,166.874605274042,13.1415161789808,8.35495495653077,0.572129281903743,6.55980568701677,0.476844664302668,9.08761414283913,0.609279223438837,14.6963328518569,0.871422630764764,20.6222601086166,1.12212763746159,87.2799073907753,3.45165420753748,468.012732395838,15.2686771800713
19.2,0.444012881851595,0.326280619762471,0.436469613290819,0.320734577030199,0.689208909719729,0.506546883179715,1.1372598672424,0.83597455237396,1.79463660596059,1.31922312701637,6.26178511859916,4.60160583041739,30.102913474415,22.1136083593602,1.19524381877119,0.427534150566797,1.06099902063006,0.381128600001301,1.52332045334476,0.539564490300368,2.38714890815507,0.827957290294632,3.5024685274449,1.19308060069103,12.1866872867015,3.93726621633123,58.7682962189108,18.3918315484009,3.31389806851851,0.477473239538102,2.7377659365893,0.407283114458235,3.81208999797553,0.535777762265416,6.01462675391742,0.776403277015075,8.53189015066779,1.02880883675339,32.7673112483704,3.08079363052347,167.939839558577,13.1453275206998,8.41222127385067,0.572353398312455,6.60069235811851,0.476883019368709,9.14552176315761,0.609300335014512,14.7965490282105,0.871384235400611,20.7628764389591,1.12163488150841,87.971986879349,3.44896808502036,472.059412067604,15.2576463698861
19.3,0.444663122600327,0.326375968117592,0.437023832200375,0.320764730505077,0.689939492497854,0.506495278621057,1.13832377810058,0.83576414742204,1.79607889905816,1.31869305887335,6.26643611506417,4.59939548258386,30.1245906286472,22.1001430140996,1.19921969029993,0.42784053571421,1.06467272561344,0.381522209186222,1.52798064145341,0.539806171973381,2.3937977627472,0.827967044937185,3.51157593664126,1.1927854326251,12.2195033975521,3.93415134544503,58.9231552975088,18.3574249595161,3.33070287878864,0.477968911203392,2.7507650990073,0.407599244763353,3.83003222157601,0.53613402638352,6.04377649983216,0.776679639517967,8.57258630483003,1.02902397194336,32.9485560287889,3.08102370524894,168.967655742923,13.1391966056551,8.46963302833179,0.572603291761982,6.64321718269935,0.477011942434207,9.20497967695946,0.609380248659645,14.8970525242074,0.871408428001162,20.9039244380661,1.121173438275,88.6678231099528,3.44639981273321,476.151020639353,15.2417271654932
19.4,0.445312388576845,0.32646791143181,0.437577154339123,0.320801659515939,0.690668958140301,0.506440014447235,1.1393861964022,0.83555620918021,1.79751922224534,1.31818803152316,6.27108192730114,4.59714094007261,30.1462461536952,22.0900637393412,1.2032006660056,0.428406829709025,1.06793936273081,0.381971899947383,1.53239764944121,0.540194258843574,2.40047047202625,0.828537130071428,3.52073603841383,1.1927405200229,12.2529597801007,3.93483177998987,59.0929114166685,18.3469060578523,3.34748336384353,0.478434218040459,2.76376958366743,0.407890130626967,3.84795153707727,0.536489474671518,6.07283360243275,0.777166649248789,8.61309626218302,1.02937894264788,33.1271633758006,3.08092302378488,169.929174638496,13.1405053412601,8.52711986366126,0.573046830947274,6.68636411548889,0.477301708905098,9.26496831887976,0.609556770762283,14.9976418674502,0.871480880405624,21.0450150288284,1.12080632454434,89.3606697528011,3.44515401923101,480.089808716807,15.2278787266779
19.5,0.445960677872312,0.326563589342402,0.438129578869283,0.320833247292152,0.691397304672998,0.506374058948477,1.14044711777999,0.835340811322408,1.79895756901094,1.31765442065157,6.27572252367951,4.59491956082373,30.1678798815351,22.0783946682996,1.20716585311413,0.428636784022724,1.07100418020683,0.382060181014313,1.53661639938033,0.540291630183378,2.40710433624818,0.828415228688767,3.52982686112784,1.19240365832672,12.2858170381872,3.93271204235951,59.2502183821069,18.3540039842599,3.36431246503831,0.478977748134058,2.77568984095074,0.408140370907495,3.86500475384073,0.536935945929101,6.10200493618074,0.77760589012435,8.65381730553523,1.02978753555983,33.3085155885943,3.08115092743719,170.965727101132,13.1372746323317,8.58483066513853,0.573309336820308,6.72984173537907,0.477512945441361,9.32534962119766,0.609666389583489,15.098709538174,0.87130880685518,21.1868971999343,1.12027797692525,90.063227667003,3.44377099270513,484.265669969211,15.2133338983574
19.6,0.446607988745353,0.326664941266775,0.438681105083298,0.320874454189321,0.692124530308161,0.506326139880864,1.14150653816012,0.83514356905825,1.80039393325027,1.31715718462361,6.28035787401289,4.59277400407569,30.1894916511051,22.0684277477581,1.21115549019682,0.429071625388014,1.07407419870255,0.382237402929689,1.54083988946641,0.540483614752754,2.41382403558992,0.828901687442037,3.53909123117622,1.19260053320029,12.3205507494107,3.9325037372396,59.4489154568109,18.3593938151565,3.38111249638207,0.479428246326008,2.78848710130314,0.408386433479684,3.88277426573839,0.537142949925632,6.13109546073634,0.777860514806725,8.69437796751867,1.02985138127657,33.487645132244,3.08243069593012,171.935849508947,13.1332580403721,8.64263166849622,0.573652210111617,6.77304952513348,0.477800049423797,9.38554580303818,0.609772721406428,15.1998605774484,0.871318452338848,21.3288104224118,1.1202439793959,90.762355341575,3.44276434028414,488.307157383093,15.2099566504275
19.7,0.447254319616186,0.326764114135799,0.43923173239909,0.320904680699712,0.69285063343773,0.506266034240558,1.14256445375227,0.834940133233151,1.80182830925139,1.31665342453968,6.28498794951286,4.59051430227061,30.2110813080849,22.0555348456368,1.21512688908705,0.429234266669006,1.0772148761024,0.38231695113045,1.54514323759899,0.540496678701216,2.42049610118812,0.828850982022987,3.54826855803179,1.19242084471961,12.354495052518,3.93044948890481,59.6310078094128,18.34803133448,3.39794128492004,0.479937284556171,2.80155036000647,0.408677961596754,3.90070510233873,0.537440894802171,6.16029686616925,0.778063893741103,8.73515853282378,1.02993680400434,33.6700202678367,3.08226747840268,172.979159130574,13.1362235417385,8.70060729091884,0.573949377054967,6.81541721938695,0.478155357577048,9.44501639848027,0.609984016826226,15.3014289784514,0.871319555703135,21.4714213567188,1.12000950497309,91.4703867505647,3.44107566530383,492.523810180801,15.1986155505443
19.8,0.447899669060975,0.326872349111158,0.439781460355475,0.320943325320797,0.693575612627053,0.506229095834549,1.14362086103995,0.834743872072972,1.80326069168199,1.31616075792168,6.28961272274427,4.58840620184865,30.2326487046866,22.044582270126,1.21911532633105,0.429772690862542,1.08041505422398,0.382500940294778,1.54949775376871,0.540655366904293,2.42722883317892,0.829069788058493,3.55757018479611,1.19215489237399,12.3898142093294,3.93084093206074,59.8441004885511,18.3313172152131,3.41481560000507,0.480295785915339,2.81457690912712,0.408982850389621,3.91870137204994,0.537632413029425,6.18963442431127,0.778266050469551,8.77620664247944,1.02977121385368,33.856286039157,3.08187247802071,174.124429047376,13.1372060002619,8.758665796857,0.574200790671491,6.85913040442245,0.478402422704323,9.50572565967139,0.610176665071575,15.4030764504365,0.871344038293912,21.6140581126711,1.11971732715142,92.1749770327434,3.44007132715334,496.594641647982,15.1893728032434
19.9,0.448544035806364,0.326966657899937,0.440330288607761,0.320978333103481,0.694299466608761,0.50616254576303,1.14467575677128,0.83454925387674,1.80469107557655,1.31565682371427,6.29423216758205,4.58621302550896,30.2541936994484,22.0331903562416,1.22302812168172,0.430226116844409,1.08348267894891,0.382863740857007,1.55367726183973,0.540906511755092,2.43374024434405,0.829195651170471,3.56644692954005,1.19259653124601,12.4208952521848,3.93073447971138,59.9645347068847,18.3220461677466,3.43161426414532,0.480735433259541,2.8275960660132,0.409356684243443,3.93665047611027,0.537900538812099,6.21876128900741,0.778655151124879,8.81684689465698,1.0297820842629,34.0369929746508,3.08244986107702,175.115597476533,13.1376120392967,8.81677661620317,0.574339681586244,6.90193974578075,0.478598062175027,9.56564845355083,0.610122723429999,15.5047411326943,0.871273010481741,21.7566039514679,1.11908741427249,92.8741321381509,3.43814162941403,500.440892857648,15.1757267417677
20,0.449187418724211,0.327058338620489,0.440878216923487,0.321006845386397,0.695022194276886,0.506106798497276,1.14572913794993,0.834346928605381,1.8061194563241,1.31516126737116,6.29884625916943,4.5841247593578,30.2757161570384,22.0220986639051,1.22696077929399,0.430559550727449,1.08688427642373,0.383198753999156,1.55812999635871,0.541016201679384,2.44032299197776,0.829259574288109,3.57546909761045,1.19252009856003,12.4535704488125,3.92871683804904,60.1204336855288,18.3364934008636,3.44840078854518,0.481086896101863,2.84026438875214,0.40949144115271,3.95432050454393,0.538032683574745,6.24784511905191,0.7791233126906,8.85739816583908,1.02967744578883,34.2164050109944,3.08263516808594,176.069006355965,13.142127142858,8.8750953516497,0.574636706760805,6.94472996424657,0.478858299248117,9.62559251736079,0.610226119900211,15.6068341838931,0.871162244146534,21.8998426591852,1.11872005699373,93.5812425215243,3.43622381721797,504.474057058057,15.1566374433575
20.0999999999999,0.449829816826515,0.327167116185274,0.441425245178319,0.321051244137655,0.69574379468118,0.506065195624444,1.14678100182655,0.834155823847816,1.80754582965628,1.31468980621297,6.30345497387777,4.58200559426612,30.2972159480635,22.0116955693151,1.23087843072325,0.430946872367706,1.09037674701108,0.38349988577359,1.56263690419163,0.541474656532918,2.44686797211428,0.829573181229393,3.58442359055272,1.19202793533472,12.4856513896462,3.9279090562569,60.2640292621072,18.3123370270947,3.46527070192739,0.48158451205292,2.85375245648224,0.409925955483833,3.97262242713001,0.538376050455478,6.27717818153382,0.779506560345614,8.8984347310281,1.03000109907215,34.4027175646351,3.08360014110835,177.201547397353,13.1555685214707,8.93358287240917,0.574899992070477,6.98717513056555,0.478979687025412,9.68533348594903,0.610318443846532,15.7092668474366,0.87111763716218,22.0436113718507,1.11837033583686,94.293760133382,3.4331934317902,508.610130373292,15.1523152849931
20.2,0.450471229260506,0.327257538731775,0.441971373352099,0.321078998627651,0.696464267021623,0.506017402991904,1.14783134589033,0.833969525970104,1.8089701916359,1.31417608996247,6.30805828926744,4.57985122173759,30.3186929488842,22.0004008183027,1.23481484302148,0.431351841991397,1.09394359277893,0.383903075322612,1.56727131736281,0.5416898375877,2.45347931776694,0.829526079347392,3.59351370298808,1.19200907995278,12.5192278655727,3.92744356709088,60.4412583398087,18.2891696358108,3.48209002464531,0.48207192369357,2.86615190436469,0.410142250357942,3.99003884205102,0.538605250963988,6.30637723702038,0.779796188471258,8.93921772161633,1.03023737502518,34.5857337810897,3.08411505854489,178.242744001823,13.154182335487,8.9920488867833,0.575173294002554,7.02891859952051,0.479072059379679,9.74434656156264,0.610275182668314,15.8115218859941,0.871010785779025,22.186927908065,1.11809730048955,94.9949272853196,3.43136562912004,512.352383534348,15.1302044317369
20.3,0.451111655303907,0.327362803654619,0.442516601525012,0.321123627287317,0.697183610643124,0.505979305656496,1.14888016786097,0.833778527303123,1.81039253864581,1.31370334208075,6.31265618405024,4.57779623292693,30.3401470414372,21.9897995963897,1.23873766914871,0.431659719797991,1.09733733315364,0.38413778237074,1.57168041425909,0.541787952232032,2.46005767815301,0.829812262924693,3.60254569075335,1.19142996297029,12.5523123149188,3.92761796384805,60.6084505604537,18.2884923597449,3.49889777130924,0.482382309212844,2.87888263395451,0.410517964634201,4.0077695605707,0.538864103297169,6.33554703029423,0.780214192941174,8.97994269846074,1.03034750373716,34.7679908941723,3.08372634109595,179.257696734011,13.1521366078075,9.05069522058445,0.575342622963141,7.07254031146073,0.479294061508617,9.80517219822362,0.610422279511727,15.9141448757286,0.870872905043876,22.3308256542758,1.11792269257596,95.7022589474008,3.42896579396445,516.218956544486,15.1178228901015
20.4,0.451751094360373,0.327460121484163,0.443060929873923,0.321155306337277,0.697901825030421,0.505917590745486,1.14992746568086,0.833580976528871,1.81181286737824,1.3132251724601,6.31724863805298,4.57570479918777,30.3615781130619,21.9775381561338,1.2426267824801,0.431902794984508,1.10043440318466,0.384338230095953,1.57589710395421,0.541861481838242,2.4665403524591,0.829938020950891,3.61139653393903,1.19134700446951,12.5836267566102,3.92487186914858,60.7373308597726,18.2885850256857,3.5157095284492,0.482716131429975,2.89244786966987,0.410824833476277,4.02616400433285,0.539079158474112,6.36472330009886,0.780567263663214,9.02067321672662,1.03055767148474,34.9502347444352,3.0844104883615,180.266176249351,13.1586062398052,9.10964697501326,0.575662209834151,7.11483459641293,0.479429899492715,9.86503787456718,0.610587595721186,16.0174794044015,0.870848320432445,22.4759659076621,1.11766871365948,96.4274217785852,3.42693441759396,520.56530451806,15.1039618740669
20.5,0.452389545955073,0.327553607555004,0.443604358668804,0.321191267825375,0.698618909803136,0.505872422624711,1.15097323750753,0.833396838697351,1.81323117482438,1.31273989488518,6.32183563218222,4.57364429097652,30.3829860563339,21.9678781147916,1.24647351613588,0.432172615715924,1.10342860200332,0.384440728659382,1.57995046811869,0.541916004671945,2.47290299961548,0.830067692940729,3.6200203571733,1.19126468730334,12.6127210409505,3.92421283778301,60.8183156251111,18.2818742527519,3.53252788288622,0.48308951344289,2.90515703925373,0.411077517085377,4.04383161484745,0.539294843854574,6.39391070938967,0.780812596865552,9.06141506913954,1.03070700965833,35.1324652638288,3.08353825232512,181.266708892226,13.1563702952355,9.16869460716924,0.575842986321481,7.15879279875026,0.479660111778422,9.92627070737329,0.610761589274443,16.1210232585074,0.870860027807366,22.6214195574321,1.11734509239458,97.1553963721949,3.42556859451014,524.915662466026,15.0978468711275
20.6,0.453027009730428,0.327656491243484,0.444146888269316,0.321226240961403,0.699334864711016,0.505826443585531,1.15201748170643,0.833205735481586,1.81464745826443,1.31227002654579,6.32641714839025,4.57152140750501,30.4043707689037,21.956619906238,1.25037513710826,0.432585055430039,1.1066699113009,0.384790412962936,1.58429822315401,0.542057343418233,2.47944188765813,0.830308139542248,3.62899282851843,1.19116139238341,12.6454847452391,3.92256563768907,60.9803103098276,18.2903486419923,3.54941795225123,0.483537131849023,2.91845982633243,0.41139520541785,4.06207236504738,0.539715381259235,6.42329416835108,0.781002102801854,9.10252882868796,1.03102048237351,35.3198086384699,3.08494169710366,182.400736516451,13.1504786947248,9.22786698833917,0.576234290836342,7.20085963649603,0.479806329711329,9.98600290678987,0.610766421385206,16.2247574943506,0.870861326882099,22.7671086382214,1.11693824117689,97.8833873475234,3.42407374331061,529.222266045958,15.0947490117767
20.7,0.453663485442003,0.327748787871556,0.444688519121496,0.321261602556936,0.700049689629331,0.505774649557097,1.15306019684382,0.833018127821646,1.81606171525796,1.31177986616011,6.33099316964225,4.56947773664559,30.4257321533402,21.9462983914309,1.25432741309343,0.432879631231529,1.10979808115641,0.384873135388897,1.58854501749073,0.542243248405295,2.48614542701631,0.830592671905068,3.63829163787337,1.19124589978075,12.6817007783518,3.9232557668948,61.2184149115724,18.2795243941095,3.56617748127143,0.483955946900576,2.9307919775784,0.411660722609763,4.07943890451211,0.539907160601556,6.45231078555469,0.781316999523823,9.14293681860432,1.03130474017659,35.4974284603382,3.0856572575474,183.270342979047,13.1497488360852,9.28720456910795,0.576364142593043,7.24464788794961,0.479788014062552,10.0473710484177,0.610712329818383,16.3288550477952,0.870732517257852,22.9133863178559,1.11658684709111,98.6183353952401,3.42152407266186,533.665269523241,15.0814670894854
20.7999999999999,0.454298972954528,0.32784931786913,0.44522925175456,0.321306496932044,0.700763384554427,0.505739004029739,1.15410138168001,0.832844445393781,1.81747394363447,1.31133879852006,6.33556367988422,4.56753693246802,30.4470701169792,21.9346012651614,1.25820896661111,0.433109102625635,1.11340015044321,0.385276241762202,1.59313621888693,0.542456791250159,2.49264026841076,0.830491281095059,3.64718957775488,1.19109235314286,12.7138912331568,3.92329698564939,61.3688279621678,18.2752319798113,3.5830280455648,0.484414958138135,2.94391128159764,0.411927426096,4.09748160811275,0.540199391234374,6.48157784844835,0.781584010341074,9.18381698557364,1.03143668439088,35.6814477834301,3.08615271776445,184.304003783238,13.1592169207441,9.34661134309088,0.576575671417068,7.28841880061882,0.479902742492076,10.1085214961448,0.610871701765417,16.4330240206034,0.870688365073843,23.0596835290008,1.11619517790906,99.3499147683871,3.41961794507093,537.945978927341,15.0630508170417
20.9,0.454933472238061,0.327947161816962,0.445769086777825,0.321332805911168,0.701475949599447,0.505683449028093,1.1551410351628,0.832647233784549,1.81888414148449,1.31085554238072,6.34012866401244,4.56545554884682,30.468384571779,21.924413423251,1.26212636722281,0.433454908337166,1.1166067748832,0.38556374430237,1.59744292482319,0.542886040842729,2.49925487444788,0.830613418184435,3.65632680505544,1.19121230344916,12.7486480909213,3.92280310534619,61.5760665297287,18.2685270793685,3.59985859359701,0.484909657640448,2.95652637092307,0.412342991513487,4.11510061771391,0.540524741932867,6.51078440426303,0.781791646691898,9.22457459293088,1.03170502638192,35.8636842095968,3.08705274312897,185.283828476836,13.16715714447,9.40616867990191,0.576834918601934,7.33143911405123,0.480038513850301,10.1691938174816,0.611086755019227,16.5374611645699,0.870727993985347,23.206361402038,1.11610420027853,100.083909962455,3.41804547922938,542.242936147875,15.0460838184847
21,0.455566983364279,0.328046443531326,0.446308024877727,0.321378191330201,0.702187384990167,0.505646455306081,1.15617915642112,0.832480716818654,1.82029230715076,1.3103965074044,6.3446881078434,4.56343770441903,30.489675434176,21.9129276490203,1.2660036077165,0.433731458612686,1.11951622286274,0.385654366022049,1.60156201658783,0.543054069923304,2.5057526374125,0.830749127895315,3.66524164229616,1.19111491580226,12.7812039545356,3.92172748647356,61.7358125199429,18.2900514645246,3.61677104544254,0.485371077498277,2.97004971070353,0.412746495913456,4.13347637633618,0.540887758756269,6.54020449412649,0.7823205541399,9.26573444642502,1.03195170577288,36.0514024718024,3.08716988819713,186.410907774747,13.1642514813605,9.46596231382079,0.577000674368602,7.37417597902548,0.480225964064731,10.2297094149825,0.61120007694004,16.6424616608369,0.870783784187424,23.3540024522621,1.11575368603556,100.831204255245,3.41662408519084,546.851758988231,15.0455618339016
21.1,0.456199506502898,0.328141826439805,0.446846066814952,0.321416719334116,0.702897691061012,0.505606897149315,1.1572157447589,0.832302019642364,1.82169843921982,1.30994433242716,6.34924199808514,4.56141662180235,30.5109426249502,21.9036884033698,1.26987985438543,0.434070889055866,1.12234230897611,0.385718678064423,1.60558738330342,0.543049144350473,2.51225464242116,0.830493675385995,3.67417033463965,1.19076713605397,12.8139979565461,3.91923495013243,61.9016423742741,18.2609850078065,3.63364545635808,0.485820491621812,2.98190581416326,0.412889354904599,4.15046048869273,0.541137828910022,6.56950372311967,0.782665123261553,9.30665426205904,1.032219802143,36.2356621383476,3.087416538485,187.443334156751,13.1724939322927,9.52571959947939,0.577295368027206,7.41705587384204,0.480271670891658,10.2902875050924,0.611344469282093,16.7472295920639,0.870834747678985,23.5010778293003,1.11546637212375,101.564655453548,3.41473275709048,550.988996321136,15.0378948384816
21.2,0.45683104191821,0.328245319644338,0.447383213421652,0.321456462114461,0.703606868251169,0.505560646687035,1.1582507996491,0.832127247869192,1.82310253651387,1.30948409097937,6.35379032230926,4.55943100616825,30.5321860690908,21.8929256889519,1.27376881692178,0.434443858705903,1.12575751285893,0.38599809296094,1.60996141009856,0.543182828628413,2.51880628828841,0.830836368402908,3.6832018314131,1.19066507478553,12.8479575937043,3.91886303860058,62.0934229625667,18.2182466860415,3.6505646403364,0.486083936385607,2.99514194510779,0.413166994685494,4.16864330413338,0.541466133387174,6.59892032591826,0.782798476703792,9.34779305748855,1.03246288819327,36.4228991531896,3.08719955706723,188.5525475164,13.1625644727306,9.58564817849487,0.577549563134541,7.46018754197505,0.480425708098042,10.3511749666994,0.611476273445878,16.8523492061225,0.870822135657969,23.6487055323107,1.11520362711788,102.303954008642,3.41334983745014,555.236688896932,15.0320295321602
21.3,0.457461589965742,0.328339389886277,0.447919465598782,0.321493015110004,0.704314917100869,0.505523353102002,1.15928432072803,0.831945952214094,1.82450459808286,1.30903967815269,6.3583330689239,4.55746363339097,30.5534056956692,21.8835626048527,1.27757889940121,0.434742856060724,1.12903602053789,0.38624153479372,1.61425787618872,0.543222954824198,2.52512666781436,0.830998352533813,3.69178906970434,1.19049912404731,12.8774332114127,3.91761072103613,62.1867718831443,18.2296536937381,3.66737264945977,0.486383917348777,3.00802390108155,0.413328539874343,4.18642643277288,0.541734598235129,6.62798800721914,0.783013347636154,9.38824934246776,1.03233087408226,36.600353381662,3.08758848243007,189.405310666831,13.1667392608182,9.64572761370412,0.577772989990983,7.50568301589212,0.480689789373357,10.4142898339288,0.611631351552808,16.9577607676009,0.870834018778414,23.7967695521478,1.11482308545924,103.047003470238,3.41195841017671,559.532490090032,15.0230676376811
21.3999999999999,0.458091151089013,0.328442381370667,0.448454824313494,0.321539116540268,0.705021838247749,0.505481108013879,1.16031630778979,0.831780262169651,1.82590462319686,1.30857052398892,6.36287022714761,4.55551285062124,30.5746014377136,21.8724042065488,1.28148591779247,0.435177266541127,1.13208413276503,0.386413205071215,1.61843176298036,0.543561377299048,2.53175077812985,0.831113494543917,3.70097271709012,1.19054458934577,12.9131551561784,3.91775415340593,62.4183436325256,18.2261343441606,3.68432688707897,0.486797824953032,3.02122771494485,0.41363609757789,4.20457586111411,0.542089300145912,6.65745585892256,0.783382767729575,9.42947110253327,1.03229675408464,36.788518898717,3.08766427754446,190.548206206063,13.1627283724927,9.70588977331245,0.577969911657453,7.54904050219599,0.480838336194874,10.4754779187414,0.61162833969939,17.0632550909814,0.870779608966401,23.9448612801151,1.11451570181762,103.786259722398,3.41049656097548,563.657325987859,15.0127355912165
21.5,0.458719725816423,0.32854107512538,0.448989290596652,0.321576937566934,0.705727632423388,0.505440658788739,1.16134676078085,0.83160220578187,1.82730261133871,1.30813370504354,6.367401786984,4.55357854364135,30.5957732320896,21.8628786655112,1.28528386329233,0.43539423529969,1.13520363081514,0.386576855892046,1.62264715418644,0.543677306371828,2.5380477508249,0.831102180097565,3.70952479564572,1.19043005398723,12.9424416277054,3.91696485832799,62.508985653382,18.2141845001398,3.70117638018738,0.487196813884993,3.03347945866685,0.413737510860433,4.22190883616003,0.542155043796485,6.68661718216554,0.783606738151488,9.47009351715769,1.03217493305167,36.968084225294,3.08789327010045,191.453662914437,13.1735868959391,9.76614751568844,0.578217494870074,7.59260971225572,0.480936938097743,10.5367775371679,0.61154909043895,17.1689124182599,0.870796457393086,24.0931518487635,1.11433691819784,104.525353462024,3.40859816253153,567.701525405684,15.003761181794
21.6000000000001,0.459347314758228,0.328639351082827,0.449522865540409,0.321614528350657,0.706432300449918,0.505400450290678,1.16237567979496,0.831442807199256,1.82869856219684,1.30768569778143,6.37192773919726,4.55171899890942,30.6169210193822,21.8518586240378,1.28911911715739,0.43559061406265,1.13803718202305,0.386714660026505,1.62665007378056,0.543666958193478,2.54446477223018,0.831198922939424,3.71831501199627,1.18999857821739,12.9742649796169,3.91506306303261,62.656133627236,18.1936825754227,3.71807205786927,0.487665777381953,3.04659807524207,0.414202714022596,4.23996363798095,0.542456604869144,6.71593924878653,0.783782567072652,9.51103689259819,1.03224721655022,37.1525355766094,3.08717774817397,192.482108002135,13.1620981963625,9.82655841332117,0.5784183935559,7.63709370751896,0.481061670172687,10.5991168811621,0.611549836536503,17.2748840127956,0.870761458907555,24.2419274672632,1.11409270194826,105.269260158092,3.40730305175952,571.818282826661,14.9834366800042
21.7,0.459973918603615,0.3287423236783,0.450055550295879,0.321654985064146,0.707135843236762,0.505359956225538,1.16340306506804,0.83128825051693,1.8300924756584,1.30725169027555,6.3764480752884,4.54977641460038,30.638044743784,21.8425822609743,1.29293294100847,0.435995237153165,1.14115725014321,0.386933805667299,1.63084149628972,0.543971345121402,2.55082425955199,0.831349615820577,3.72699872295176,1.19005717300169,13.0050790213429,3.91424861395417,62.7816691810844,18.1831153141834,3.73497535889389,0.488073232744363,3.05997936770854,0.41466975552168,4.25826619390698,0.542722204936951,6.7452951013173,0.784061993110225,9.55204882255535,1.03252345148112,37.3381204573748,3.08705666283284,193.535076982143,13.1624523574822,9.88733334924878,0.578779355476699,7.6811310283386,0.481239112748422,10.661251651017,0.611633015676282,17.3817665465455,0.870922160721979,24.3923419207886,1.1136790947535,106.039033676327,3.40520501861785,576.648119304908,14.9683264805873
21.8,0.460599538117891,0.328841256233479,0.450587346070888,0.321693128179266,0.707838261777492,0.505319956995031,1.16442891697339,0.831125610289911,1.83148435180255,1.30680932087532,6.38096278747235,4.54791009335456,30.6591443529863,21.8318244498435,1.29672854324825,0.436165192796049,1.1442553312153,0.387102252662532,1.63494245172858,0.544044981828589,2.55713683427622,0.831603265802072,3.73559663878334,1.18961974306203,13.0350970487147,3.91284278057029,62.8901306130625,18.1995719912824,3.75181291182439,0.488388880122634,3.07189317793108,0.414716831139912,4.2752407817724,0.542646621723843,6.77446063336195,0.784372576368753,9.5926940661961,1.03260339116559,37.5185795502692,3.08765572128169,194.449251763342,13.1602616354648,9.94800463471183,0.578933139024621,7.72372615380626,0.481251319653559,10.721814343691,0.61162459190647,17.4882047239835,0.870939115639305,24.5417848120429,1.11342853975375,106.7874788676,3.4045433852841,580.802447385499,14.9614687797163
21.9,0.461224174139741,0.328938312286313,0.451118254127791,0.321728138887956,0.70853955714677,0.505279703137231,1.16545323601695,0.830951628265668,1.83287419089404,1.30636760890995,6.38547186865554,4.545948737009,30.6802197980704,21.8225990374164,1.30063228111937,0.436611562197523,1.1473710729922,0.387218403577419,1.63920007183891,0.544282004676155,2.56378734100479,0.831720172253269,3.74485688115672,1.18960026098228,13.072055393383,3.91072357181905,63.1516960870435,18.1863915872884,3.76865528905798,0.488699796520282,3.08432799306933,0.414970102109268,4.29268541551251,0.542748806724274,6.80364877810489,0.784447192967145,9.63337914445616,1.03270508931067,37.6995703784881,3.08772443363901,195.366526233655,13.1538363386487,10.0088974293172,0.579105949018799,7.76808830186552,0.481380013549022,10.7841881811272,0.611561214358195,17.5951627891208,0.87079673098985,24.6921146430901,1.11307847435227,107.548268886885,3.4032326525448,585.253138364336,14.9533727719637
22,0.461847827578604,0.329037407165491,0.451648275781371,0.321770804281013,0.709239730497404,0.505243730254079,1.1664760228328,0.830778369467527,1.83426199337688,1.30594499704161,6.38997531241445,4.54406082302769,30.7012710334081,21.8118191440085,1.30443775114256,0.436947442741199,1.15057949838068,0.387517303525498,1.64342952058082,0.544381489018541,2.57014529977391,0.831913511326858,3.75355359190783,1.18960606200948,13.1032760165089,3.91187999067177,63.287747666602,18.1862266528713,3.78557592936435,0.489054814231574,3.09768924501997,0.415304237665534,4.31093164012316,0.54299855576849,6.83307481264619,0.784755916549607,9.67452452571009,1.03269420764044,37.8872227463748,3.08781431104337,196.454242173463,13.1610205889485,10.0699735242648,0.579305700495269,7.8132188372054,0.48161299504882,10.847345576665,0.611664333141747,17.7025133545656,0.870817855409735,24.8430788896807,1.11278560029278,108.316611180572,3.40064349961706,589.864623980426,14.9504777373001
22.1000000000001,0.462470499412108,0.329141318382603,0.452177412396813,0.321805665010548,0.709938783057509,0.505206248311722,1.16749727817873,0.830619946716861,1.83564775986837,1.30551554392419,6.39447311297476,4.54212131664108,30.7222980165608,21.8023396794341,1.30822415995977,0.437180734470665,1.15375038494425,0.387844914992939,1.6476279059279,0.544501525213387,2.57645281939792,0.831870555407426,3.76215731887736,1.1892817167085,13.133619608381,3.9100550867996,63.40498108549,18.2077821505942,3.8024437438812,0.489467712216382,3.10967620098011,0.415373185850717,4.32799882118619,0.543244106387939,6.86235793003493,0.785092494399992,9.71539505953414,1.03297669887593,38.071051945261,3.08900419058253,197.432392356744,13.1509393722335,10.1311875253163,0.579451288002927,7.85704029204308,0.481730231857529,10.9093828621616,0.611646650063341,17.8101340861809,0.870725361385581,24.9944470633748,1.11253983544273,109.08851503798,3.39893361185923,594.518297410264,14.9378410273633
22.1999999999999,0.463092190683612,0.329237424598333,0.452705665387731,0.321852557004828,0.710636716127735,0.505169745332188,1.16851700293201,0.830451911152009,1.83703149115319,1.3050816482128,6.39896526519098,4.54023551158549,30.743300708182,21.7913073506401,1.31207658456285,0.43739687474793,1.15720738472415,0.388129309038924,1.65210698753293,0.544740001524958,2.58296884056396,0.832032797970065,3.77117129374697,1.18953966395771,13.1682985824139,3.90714709485802,63.6181821648564,18.1863234865606,3.81939582215835,0.489910738364215,3.12269018100749,0.415556143626259,4.34597965572616,0.543652003719934,6.89188996450769,0.785457625358419,9.75674455485974,1.03316526626694,38.2617698941596,3.08906239971249,198.588531105066,13.1570667381073,10.192498369263,0.579691243920125,7.90262525741966,0.481957570051745,10.973074559425,0.611803493359432,17.9179585430638,0.870485198424256,25.1460983538586,1.11217329096664,109.862034993262,3.39696986317784,599.115619300934,14.9251360807948
22.3,0.463712902499817,0.329335844564602,0.453233036214281,0.321891657447844,0.71133353107862,0.505145473709952,1.16953519808526,0.83029052267089,1.83841318817773,1.30466451518142,6.40345176452703,4.53837108357997,30.7642790719257,21.7822931094606,1.31588185290191,0.437811577170933,1.16033178677164,0.388373193460473,1.65627227428581,0.544996070660316,2.58934868140016,0.832171824189363,3.77992592258165,1.18917808185442,13.2003833664167,3.90709820773524,63.774937909294,18.201584005615,3.8363170644189,0.490215551527938,3.13574321863374,0.415721500215085,4.36404701609544,0.543855938801723,6.92132479540715,0.785795558445251,9.79790310361582,1.03329225500522,38.4497522940896,3.0891735308598,199.670541436813,13.1523258087646,10.253933338207,0.579779795386614,7.9463342527193,0.482015035295955,11.0351285985126,0.61177044890333,18.0260017935118,0.870536795894669,25.2980529809898,1.1118196025497,110.637222627231,3.39600168757907,603.707303278491,14.9246086895045
22.4,0.464332636028451,0.329434259501379,0.453759526381319,0.321929409049585,0.712029229347998,0.505115286191728,1.17055186474246,0.830140451921066,1.83979285204464,1.30423683259678,6.40793260703704,4.53660801582334,30.7852330743544,21.7720353487601,1.31971941674888,0.438081338888852,1.16359897824143,0.388625660317855,1.66064386398172,0.545377377341183,2.59583604078321,0.832313172098838,3.78889504388304,1.1896001313278,13.2347893492805,3.90618946204149,63.9832426552922,18.201672170475,3.85319887803703,0.490568888083589,3.14921713930656,0.41605859488534,4.38235814841142,0.544198382653083,6.9506199539937,0.786119352969271,9.83878141536384,1.03357911580402,38.6335139860309,3.08945466646853,200.641466039714,13.153396224904,10.315499198886,0.58003934572273,7.99226902991153,0.482216341787803,11.0992198434969,0.611932217268048,18.1342611606411,0.870628077625074,25.4502956954877,1.11155786087284,111.413432254753,3.39415960564468,608.280514213816,14.9069122494493
22.5,0.464951392496047,0.329530087293242,0.454285137436631,0.321974247269773,0.712723812438515,0.505076852787992,1.17156700411511,0.829987399792919,1.84117048400744,1.30381882119249,6.41240778934712,4.53478266207148,30.8061626848523,21.7634189532494,1.32356703516741,0.4385069782699,1.16667269051703,0.388776528102867,1.66480798457256,0.545401491415589,2.60236056105149,0.832270891211676,3.79794091859684,1.18943915043206,13.2700754107989,3.90540542848809,64.211592264611,18.1948115171344,3.87008186814826,0.490919052463375,3.16231234960182,0.41631667575021,4.40034082043128,0.544298825219753,6.97992724659075,0.786283689187921,9.8796819019359,1.03346428585506,38.8176279024435,3.08928195052709,201.613098903268,13.1575971153911,10.3772554432999,0.58032375190876,8.03780809013366,0.482304870820828,11.162973510855,0.612024341864296,18.242936422289,0.87068836125028,25.6032217121245,1.1113282924149,112.198295283892,3.39277202970957,613.05098947606,14.8952675399596
22.6,0.465569173185775,0.32962306335431,0.454809870969223,0.322008571783995,0.713417281915219,0.505036969992814,1.1725806175185,0.829821393050693,1.84254608546547,1.30339997708171,6.4168773086374,4.53295244249634,30.8270678755386,21.7547882906578,1.32731807290572,0.438778095034967,1.16965955973747,0.389015433492639,1.66885893746324,0.545662086068826,2.60859788782135,0.832575158950578,3.80643320766862,1.18920808511324,13.2996908907217,3.90510413293605,64.3150426691697,18.1908702776212,3.88701225781437,0.491351658113012,3.1752073016503,0.416602021716126,4.41819319653739,0.544617625337665,7.00937692205683,0.786558560931842,9.92085513039449,1.03367219216304,39.005682729016,3.09078948809955,202.68323990122,13.1584290894719,10.4391012445406,0.580550753623648,8.08195587546133,0.482438694417931,11.2256234672841,0.612177165070991,18.3517266806451,0.870566647672018,25.7562380415535,1.11111703421727,112.980442105668,3.3916334795182,617.6684989776,14.8913109637502
22.7,0.466185979435353,0.329725595758288,0.455333728607659,0.322046044616878,0.71410963940322,0.505009484283293,1.17359270636808,0.829685642820325,1.84391965795882,1.30299167973422,6.42134116262482,4.53116571183043,30.8479486211862,21.7463421858523,1.33113717264078,0.439033586997229,1.17262980784509,0.389128739805965,1.67293300408253,0.545902772556534,2.6150511248918,0.832600667660228,3.81535059746153,1.18904436343381,13.3338197125651,3.90460773951732,64.5187242696635,18.1904776811055,3.9039254535747,0.491637167484256,3.188322488659,0.416876674939163,4.43626305447594,0.544836192822866,7.03876121161497,0.786849374226031,9.96189407355294,1.03375319807197,39.1916671560324,3.09171191359342,203.696685272115,13.1589632275938,10.5010654469842,0.580769976912326,8.12730729356128,0.482531875509362,11.2893281947323,0.612288673906824,18.4607127720721,0.8704275733131,25.9095040049088,1.11075101462895,113.762913420232,3.39041196138726,622.231489508096,14.8908911394118
22.8,0.466801812635028,0.329826548757249,0.455856712018468,0.322092728526946,0.714800886585443,0.504976439155182,1.17460327217596,0.829522729928904,1.84529120316356,1.30258864054732,6.42579934954627,4.5293899785018,30.8688048991421,21.7352680644074,1.33483743505141,0.439350958197631,1.17542379599993,0.389186068316887,1.67678519974839,0.545672932251837,2.62115100691364,0.832524267029169,3.82358690946679,1.18895051870761,13.3609596942839,3.90193915574527,64.5685026111696,18.1777056690783,3.92091349903019,0.491928327612637,3.2004940944511,0.417053670405702,4.45364166232079,0.545019044664213,7.06833606400113,0.78714739788077,10.0032904206737,1.0338819769466,39.3826148256895,3.09171468557309,204.846892646513,13.1657535533292,10.5631047374515,0.580966419061807,8.17136896753697,0.482615325402071,11.3517351126022,0.612361649909519,18.5697240165486,0.870320254041202,26.0626797410374,1.11013135132873,114.53901165749,3.38823432728662,626.568324285566,14.8794501457138
22.9,0.467416674225614,0.32992232420457,0.456378822904586,0.322131283819942,0.715491025200439,0.504943651691283,1.17561231654756,0.829368721357413,1.84666072288704,1.30217322087749,6.43025186814244,4.52746720729459,30.8896366892471,21.7265966853329,1.33862175656301,0.439570570248014,1.17817771036304,0.389298921668903,1.68073307185534,0.545831566844636,2.62751460931135,0.832733191487298,3.83234075789731,1.18880931031322,13.3935702104526,3.90093745022266,64.7395891000745,18.1827985466405,3.93780837415435,0.492334949705001,3.21374892032264,0.417373607492112,4.47179613235058,0.54542385954149,7.09764365223989,0.787333908746696,10.0441703502682,1.0340677617484,39.5661576704671,3.09185893951196,205.793288237857,13.1680613170142,10.6253664857251,0.58130494606843,8.21692599833903,0.482836469379852,11.4157766654717,0.612477778790492,18.6792755788786,0.870324532536049,26.2167866103061,1.10993441898751,115.328660490078,3.3866465427843,631.22954810077,14.8639838595897
23,0.468030565696607,0.33002193959826,0.456900063003869,0.322174569252585,0.716180057040273,0.504918418994124,1.17661984117826,0.82921624722749,1.84802821906338,1.3017826629292,6.43469871764207,4.52570966509367,30.9104439737641,21.7168743692793,1.34235040465764,0.439896300328913,1.18165191017451,0.389716923674874,1.68512938866714,0.546094388957984,2.63371574954699,0.83312829647944,3.84078381603902,1.18885876625626,13.4230291762877,3.90107278929765,64.8416772097165,18.1597908881477,3.95473462411223,0.492814765592623,3.2268794205209,0.417726086556389,4.48985664218676,0.545706719081489,7.12702897358889,0.787738719368283,10.0851927317466,1.03415211390193,39.7516275941797,3.09177288127601,206.789668875783,13.1666172675891,10.6877530270293,0.5815670509252,8.26300963581463,0.482960389945936,11.4802450235346,0.612536044548212,18.78904608038,0.870115122561615,26.3712085434772,1.10975315117409,116.120597995913,3.38561132297425,635.923619719408,14.8550613074384
23.1,0.468643488584342,0.330116122122538,0.45742043408764,0.322213001366747,0.716867983948485,0.504877505958585,1.1776258478503,0.829070365800454,1.84939369374908,1.30137249081319,6.43913989774652,4.52397582319754,30.9312267373017,21.7086758111568,1.34624621337429,0.440347747305763,1.18471937571444,0.389851107961845,1.68938812972628,0.54625520321649,2.64043183647893,0.833174535844835,3.85023179943046,1.18900422149093,13.4630379530464,3.89884689825356,65.1774390483132,18.1611322043128,3.97170383726846,0.493189119565096,3.23983460363659,0.417923776776011,4.5078151591008,0.545852057382974,7.15653988460598,0.787912999042409,10.1264540045734,1.0342666436599,39.9405373408425,3.09092508645654,207.872375040121,13.1594105384318,10.7503808250697,0.581631027193774,8.30868050026564,0.483066436456396,11.5445080908557,0.612494510947267,18.8993775670807,0.870094471190806,26.5265983782089,1.10952649665347,116.926744474423,3.38457813166801,640.992824887035,14.8454319071883
23.1999999999999,0.469255444470228,0.330222083948785,0.457939937959296,0.322252441681857,0.717554807818108,0.504852725181054,1.17863033842966,0.828922014850023,1.85075714911876,1.30096530964271,6.44357540861514,4.52218184626436,30.9519849667453,21.6979391076651,1.34995513800386,0.440595245065858,1.18758769288547,0.389993971104716,1.69330626663471,0.546334119617533,2.64658393548339,0.833241393026475,3.85858817071185,1.18851975866908,13.4917431105687,3.8975994929244,65.2640064577468,18.1562999342487,3.98862265281211,0.493525729474836,3.25262843300375,0.418090169248897,4.52558788640689,0.546048002781714,7.18590343757065,0.788123587007654,10.1674322217418,1.03432701384087,40.1254433239365,3.09120071680199,208.847101921865,13.1617848272023,10.8130299157989,0.581853070588264,8.35446057328649,0.483231309301819,11.6087678713426,0.612571955641114,19.0096340571855,0.870137767577303,26.6817268729361,1.10930691909281,117.724112723884,3.38373416962542,645.741924154411,14.8419399063643
23.3,0.469866434979031,0.330315883835905,0.458458576452947,0.322297254590175,0.718240530589755,0.504825023238722,1.17963331486309,0.828775252107009,1.85211858746107,1.30055702121475,6.44800525085086,4.52055660109424,30.9727186511874,21.6895923319586,1.35372534371302,0.440971523429318,1.19046189378685,0.390242032355027,1.69723696876491,0.546568523938546,2.65293021095596,0.833520644508179,3.86732674869881,1.18849704182948,13.5245205065081,3.89738535881088,65.4411432677277,18.1225779617547,4.00550146129307,0.493834589977992,3.26550161182733,0.41834428421497,4.5434513605787,0.546210082992964,7.21514008938127,0.788430805031938,10.2081611886231,1.0344987238916,40.3066714947298,3.09185675525519,209.72270731515,13.1568444164698,10.8757042274203,0.582062519050692,8.39949647267518,0.48334181052784,11.6724802876644,0.612567563895746,19.1198194192163,0.870039736819612,26.8366026468899,1.10901227533393,118.512843804639,3.38230185823315,650.183694137238,14.827095791802
23.4,0.470476461777205,0.330412337823083,0.458976351432115,0.322338153461502,0.718925154249768,0.504794083188356,1.18063477917521,0.828631228009214,1.85347801117471,1.30017657346757,6.45242942548617,4.51874110649317,30.9934277818621,21.6801500296378,1.3574494221481,0.441364145905506,1.19360880970966,0.390491402408671,1.70140728535342,0.54682211515951,2.65914413107066,0.833407974633218,3.87581344082334,1.18849401470164,13.5547592728651,3.89834368508748,65.5625986323655,18.1255622255165,4.02248542420878,0.494157160030189,3.27851559450268,0.418641791865715,4.5614041267883,0.546613885783428,7.24467957181588,0.788725859272253,10.2494695182976,1.03466275809522,40.4962573744758,3.09194724754548,210.817530540534,13.1604380960587,10.9386735966588,0.582299107102055,8.44447214761774,0.483527335496343,11.7362058666263,0.612637281458392,19.2307677884815,0.870087967175592,26.9928484057727,1.10882889700767,119.323806409137,3.38092586020943,655.215032506714,14.8130807469485
23.5000000000001,0.471085526571295,0.330512167312606,0.459493264788466,0.322377919299053,0.719608680828428,0.504761707568994,1.18163473346575,0.82848440969177,1.85483542276453,1.29978252163468,6.45684793396968,4.51696205745654,31.0141123520784,21.6700435251998,1.36122095019787,0.441535614400036,1.19667138806303,0.390426532240734,1.70556925245102,0.546851513861006,2.66550842808231,0.833299087854265,3.88459672542717,1.18829135794578,13.5881741006788,3.89774715042094,65.7549635380556,18.1269639355458,4.03950404121935,0.49438267544043,3.29157673090173,0.418881860646838,4.57948469874235,0.546756326139437,7.27430425150235,0.788865178298578,10.2909328490689,1.03471073775981,40.6879303854673,3.09226111692404,211.966414746656,13.164816370655,11.0016242067662,0.582434575582777,8.49207020153981,0.483738422179578,11.8023992611618,0.612639384962137,19.3414984432244,0.869917976953536,27.1485477500823,1.10865213626893,120.120205797535,3.37929653310371,659.762309089233,14.8022047844458
23.6,0.471693631106372,0.33060857140248,0.460009318440586,0.322425415713856,0.720291112398209,0.504735688941522,1.18263317990683,0.828339665384298,1.85619082483784,1.2993927365591,6.46126077815304,4.51526849919926,31.0347723571592,21.6615105994997,1.36500218555713,0.441840756617498,1.20018330331399,0.39079975762349,1.71003049025151,0.54716082283659,2.67190832634516,0.8334464866101,3.89345376159357,1.18828405219237,13.6224433305889,3.89606440872965,65.9669915046651,18.1561131264913,4.05647454010295,0.494743151775119,3.30515495197619,0.419237552583058,4.5979282167412,0.546937589941508,7.30378730290568,0.789162612932368,10.3321222055525,1.03478656627876,40.8756618581104,3.09304264437793,213.007465965336,13.1666113063833,11.0647148786949,0.582727380650438,8.53654415382252,0.48374679348895,11.8655685126449,0.612518324567049,19.4525399802045,0.869958148530126,27.3047445601472,1.10833459885693,120.92248732249,3.3779242316729,664.409261210686,14.7877600897952
23.7,0.47230077716453,0.330707881202314,0.460524514332801,0.322462944101781,0.720972451072113,0.504705123796496,1.1836301207403,0.828203481770284,1.85754422010074,1.29900353405559,6.46566796027818,4.51361312463941,31.0554077943791,21.6523336586054,1.36867860508547,0.442083850549906,1.20297171881401,0.390773279091128,1.71386885694725,0.547156907455458,2.67799667466801,0.833426436772793,3.90171067895755,1.18791405854724,13.6505238384541,3.8956863873912,66.0424565900388,18.1341222853767,4.07341322532262,0.495071995890459,3.31745099023277,0.419357846306579,4.61526768730435,0.547055917990103,7.33319125659276,0.789249896646001,10.3731584068781,1.03494525429804,41.0612056440096,3.09287145561993,213.978605627485,13.1581985308073,11.1279559933932,0.582944147658842,8.58242161047861,0.48380437792197,11.9301517831347,0.612513073839476,19.5639039312328,0.869860305578233,27.4614422258114,1.10790277693315,121.730038580336,3.37713712435061,669.125947557426,14.7754768958123
23.7999999999999,0.472906966563427,0.330805294050937,0.461038854434029,0.322507819777366,0.721652699002036,0.504679542234323,1.18462555827525,0.828062101039716,1.85889561135464,1.29860681291219,6.47006948296493,4.51190485221861,31.0760186629059,21.6435177867921,1.37234809841118,0.442402825193078,1.20601478030802,0.391056792469327,1.71790260823318,0.547433535933779,2.68407129022788,0.833517311947483,3.90994571226884,1.1880336262733,13.6784553764468,3.89348244088158,66.1151780917078,18.1142325110913,4.09040849942363,0.495532826640553,3.33091823700724,0.41962045194008,4.63363432589137,0.547345629146062,7.36275003162658,0.789484911638491,10.4144899059405,1.03499716229404,41.2510429762317,3.09371072913891,215.065851880533,13.1573118924313,11.1913993039054,0.583113389267938,8.62819451473083,0.48386991959832,11.9947532095495,0.612521001098192,19.675723457072,0.869858875973517,27.6188972394404,1.10757429080696,122.54770606249,3.37596342265869,674.075899813439,14.763264437022
23.9,0.473512201154873,0.33090583132772,0.461552340736675,0.322550961062442,0.722331858377198,0.50466153010159,1.18561949488553,0.827919166461429,1.86024500149283,1.29824958421572,6.4744653491992,4.51014509709512,31.0966049637429,21.6341754545707,1.37607650680525,0.442711656763913,1.20887034179889,0.391176285882503,1.72185945774161,0.547558316198955,2.69033245328367,0.833851792456395,3.91854767725053,1.18809421588379,13.7103060353913,3.89381242755933,66.2749252481506,18.1154966892289,4.10733305143638,0.495848706456425,3.343929778393,0.419692813981822,4.65154571912404,0.547732531746049,7.39209933959348,0.789706543959227,10.4554152682476,1.03522893220532,41.4349427476476,3.09401885075598,215.99113033375,13.1668331957295,11.2549616473556,0.583212131542882,8.67321507897714,0.483900736125445,12.058732203108,0.612555620353454,19.787699516366,0.869758526786835,27.7765203571986,1.10729577959553,123.363922195799,3.37333841286524,678.950767233929,14.7627938662842
24,0.474116482823457,0.330999103554998,0.46206497525556,0.322585085358162,0.723009931422614,0.504627513034722,1.18661193300734,0.827780977400414,1.86159239349722,1.2978439369709,6.47885556232117,4.50846962378457,31.1171666996728,21.6266401653706,1.3798369619633,0.442835788756035,1.21203933732082,0.391398686796681,1.72610956747016,0.547554180008071,2.69669712598574,0.834038656217175,3.92735496599699,1.18774565274915,13.7443844174868,3.89260228102687,66.4844905961031,18.0989922584336,4.12432129535251,0.496173453038903,3.35683060546677,0.419907653427059,4.66943413286688,0.547835018990443,7.42165630627846,0.789866130162453,10.4967428112352,1.03525310428266,41.6248419932676,3.0933039507487,217.063793429101,13.1601264730506,11.3186212770314,0.583489290901556,8.72004981393517,0.484254829977554,12.1244349651158,0.612653341380415,19.8998703433204,0.869781784471348,27.9344125569717,1.10717191854693,124.181591859766,3.37260157950148,683.775727587409,14.7584015649597
24.1,0.474719813485232,0.33109931863261,0.462576760026885,0.322631167341386,0.723686920397624,0.504600661845288,1.18760287513695,0.827651209973329,1.86293779043509,1.2974671096051,6.48324012601421,4.50681114326679,31.1377038752044,21.6162463360324,1.38354665642151,0.443093502206588,1.21527231722906,0.391776380870684,1.73035175626483,0.547718703614544,2.70291521998343,0.83397185242382,3.93588261618741,1.18777022696464,13.7756217124275,3.89209783238837,66.6316486117073,18.0823507145804,4.14134844640099,0.496457843047484,3.36999219390553,0.420287514086106,4.68753774556721,0.548197555014483,7.45132293037903,0.790256351820279,10.5382730592282,1.03522019001644,41.8175554991074,3.09357795967902,218.203308217498,13.1594088872094,11.3824646248808,0.583757414071818,8.76622232673949,0.484398538069563,12.1896341092109,0.612708584418926,20.0124520237177,0.869839396332875,28.0929790884003,1.10694192242215,125.007975563842,3.37200877699088,688.787963854976,14.737030230124
24.2,0.475322195086425,0.331197170581253,0.463087697107233,0.322676288294938,0.724362827594466,0.504581235177721,1.18859232382847,0.827507643882459,1.86428119545604,1.29709866789953,6.48761904429381,4.50522454394619,31.1582164965195,21.6089028524265,1.38724542112301,0.443262183205438,1.21822526097931,0.391817887867449,1.73436298304245,0.547719218528335,2.70910727507932,0.834090146441475,3.94436460590997,1.18762468098941,13.8064654445311,3.88978232631582,66.7706343579927,18.099157948099,4.15835320560792,0.496792278309853,3.38245544970611,0.420405629186667,4.70510989622134,0.548242650568181,7.48092723143057,0.790518963815145,10.5796825663231,1.03516874794872,42.0085543118264,3.0935937772712,219.292201344094,13.1631209155827,11.4464625347795,0.583932078967971,8.81287036361066,0.484467630978246,12.2551368344902,0.61275192451555,20.1253398898645,0.869893518551402,28.2520082568495,1.10670074768312,125.838714408352,3.3711231552686,693.860868550911,14.7283061024631
24.3,0.4759236296022,0.331291025476085,0.463597788572594,0.322714520927545,0.725037655336892,0.504548024585883,1.18958028169164,0.827380978174802,1.86562261178896,1.29673591220111,6.49199232149702,4.50346169279161,31.1787045714214,21.6001066548176,1.39099234550997,0.443640215637163,1.22101570925474,0.391918311636621,1.73829109245114,0.5478612149069,2.71545228084274,0.834257616104694,3.95314814451904,1.18744889788403,13.8405539706184,3.88886163226862,66.9820197512759,18.0902455169665,4.17535167130559,0.49726011385984,3.39472684674193,0.420661242482181,4.7225582203001,0.548527386935003,7.51048256872262,0.790820259733789,10.6209894584394,1.03528825413449,42.1978931881678,3.09363371767767,220.344792668287,13.1674255476928,11.5105452189231,0.584180710086882,8.85943831711173,0.484491254707989,12.320777236409,0.612761638386551,20.2383456484355,0.869872039417179,28.4111356557605,1.1063806737413,126.666827255484,3.37010230640544,698.765161219224,14.7188189658928
24.4,0.476524119035457,0.331393278488971,0.464107036517433,0.322761629335307,0.725711405978825,0.504527114767187,1.19056675138974,0.827241617286977,1.86696204273912,1.29634305634887,6.49635996227218,4.50185598875983,31.1991681092864,21.5914226415457,1.39470123605647,0.443918413052332,1.22404260753676,0.39213338569378,1.74233957623402,0.547944467194976,2.7216880932255,0.834119092117923,3.96172404934302,1.18728472964582,13.8725424161111,3.88760808685062,67.1473793160409,18.0756961259879,4.19238798930836,0.497532424277266,3.40781441160942,0.420942220287871,4.74062390525198,0.548756771559342,7.54013330215348,0.79100586428664,10.6624711015213,1.03543515780912,42.3896288706191,3.09398116742055,221.459686305809,13.1673435849133,11.5747735685104,0.584373509771023,8.90607310696667,0.484637969671408,12.3864330328208,0.612779530614845,20.3516038047405,0.869827966700806,28.5706291654164,1.10612133179905,127.497717940892,3.36817898867283,703.724129605816,14.7187878387388
24.5,0.47712366541566,0.33148612684903,0.464615443053782,0.322798835078996,0.726384081903072,0.504508268335486,1.19155173563756,0.827119332225593,1.86829949168535,1.29597413607289,6.50072197156886,4.50025951891474,31.2196071210148,21.5828531538342,1.3983706676101,0.444293990479099,1.2271794044894,0.392423130704812,1.74648650863137,0.548210987658175,2.72781123167803,0.834432596920917,3.97008558668183,1.18757054621676,13.9023561391846,3.88819104038043,67.2647822040908,18.0654972329683,4.20935193151488,0.497755971949766,3.42156498298246,0.42120704543621,4.75924003697997,0.548909177975166,7.56954610788379,0.791110113563924,10.7034868035739,1.0355385732464,42.5743612295482,3.09391618167082,222.392882219101,13.1649480291382,11.6391585629281,0.584545474824143,8.95185843765059,0.484742528925226,12.451414069237,0.612817481618078,20.465160779181,0.869834237793915,28.7305809475376,1.1058830111398,128.33325014826,3.36624080898685,708.78345692172,14.7091366420945
24.6,0.477722270797719,0.331578506735946,0.465123010310362,0.322841124390083,0.727055685520064,0.504483578414911,1.19253523719944,0.826985436969195,1.86963496207731,1.29561119103175,6.5050783546282,4.49849991988257,31.2400216189847,21.5741951723204,1.40212555134121,0.444472916845504,1.23039237801835,0.392449805543714,1.75068282599709,0.54842131353456,2.73420038851142,0.83439269912555,3.97896761350319,1.18716512779337,13.9377131816745,3.8880997154465,67.5054448936927,18.0629310309738,4.22637343129688,0.498099530961048,3.43383253558623,0.421329959770389,4.77664820732413,0.549093447251175,7.59912386615274,0.791199529073153,10.744818210916,1.03543794650631,42.7637505395075,3.0945758432351,223.44907569974,13.1670648611666,11.7036619726701,0.584719380777427,8.99933762241328,0.484925611833287,12.5180769439038,0.612926279058611,20.5789424940351,0.869847824634539,28.8908529647742,1.10580314193454,129.170973685128,3.3651868890596,713.836969831742,14.7054287789612
24.7,0.478319937260892,0.331679650049196,0.465629740431733,0.3228868437076,0.727726219266637,0.504458878719983,1.19351725888732,0.826845247638783,1.87096845743282,1.29525449987839,6.50942911697345,4.49693758494936,31.2604116170066,21.5657458914361,1.40581828564117,0.44483091274481,1.23317668098197,0.392741317527374,1.75457224089174,0.548588980434107,2.74040985244244,0.834536560959798,3.9875064596083,1.18719865403027,13.9695628594085,3.88673828212243,67.6687551759123,18.0613461130744,4.24341174388116,0.498446107964118,3.44664233703376,0.421481439600126,4.7944245217449,0.549303739974922,7.62875494319398,0.791354313562598,10.7862565337663,1.03560774236962,42.9548965431827,3.09405955794061,224.552458557238,13.1640152603276,11.7682743042674,0.584739815998074,9.04579049225161,0.484980408009409,12.5837627332743,0.612795782199677,20.6928928984241,0.869636389802891,29.0513272652034,1.10566278989279,130.008251210365,3.36373608157177,718.818498586238,14.6964371816036
24.8,0.478916666907729,0.331775659083241,0.466135635577482,0.322928498434496,0.728395685604863,0.504431751367171,1.1944978035589,0.826721812075449,1.87229998133531,1.29487527056923,6.51377426440088,4.49529833034773,31.2807771302782,21.5572803240736,1.40945098709665,0.444931361890794,1.23623286890219,0.39281819511884,1.75861151346928,0.548662633638783,2.74644248456086,0.834489014990694,3.99570627265673,1.18694598721232,13.9979186038639,3.88738420100174,67.7551174109862,18.042426952237,4.26045328260491,0.498812569584757,3.45925207640214,0.421671382842232,4.81207862618255,0.549588265464843,7.65839615998715,0.791661519279511,10.8277098360049,1.03561942524885,43.1462084818413,3.09410835783947,225.653096198758,13.1608464336421,11.832956676446,0.584921035217919,9.09197455389591,0.485109531572202,12.6491437350665,0.612958374084634,20.8068568150708,0.869682934507514,29.2116854258469,1.10545452425577,130.838219765706,3.36211548458642,723.532346368321,14.6875408682037
24.9000000000001,0.479512461863049,0.331875364432015,0.466640697921416,0.322968602272222,0.729064087020906,0.504412882903682,1.19547687411584,0.826601906314231,1.87362953743131,1.29452382399114,6.51811380297085,4.49368379666051,31.3011181753439,21.5489546645944,1.41313667582001,0.445176184099878,1.23913450199912,0.39301639393499,1.76253102726837,0.54880607953934,2.75264231518439,0.834333584038136,4.00423510356021,1.18684251823366,14.0298156207528,3.88593039840214,67.9206537339937,18.0412980438269,4.277469747611,0.498971418169324,3.47172915195458,0.421827421467252,4.82963437457322,0.54972570125482,7.68794696703781,0.791883045721954,10.8689829655025,1.03559698844392,43.3347539666565,3.09427256922208,226.681718988148,13.1610680623772,11.8978063390458,0.585163192759869,9.13878184492429,0.485316344209732,12.7152501447796,0.613140359397962,20.9212651246903,0.869851532638301,29.3728266630158,1.10517195697717,131.680737111932,3.36081373398283,728.537033085612,14.6804387600542
25,0.480107324272946,0.331970559353139,0.467144929650804,0.323009364580683,0.729731426023919,0.50438305640375,1.19645447350202,0.826464206591358,1.87495712942803,1.29414529382611,6.5224477389992,4.4920600472562,31.3214347700504,21.5405986815737,1.41679169532965,0.445487904276304,1.24218435151957,0.393155743744558,1.76656501494508,0.548952869197002,2.75875637319293,0.834428327247792,4.01260211334956,1.18668658496796,14.0600902056048,3.88507328756135,68.0505575086808,18.031858293086,4.29452306359727,0.499328590085588,3.48381414503031,0.421940428092822,4.84686653320505,0.549902723020197,7.71759074452751,0.79214129433145,10.9104293297296,1.03561365500233,43.5257704403703,3.09436374428275,227.778095348583,13.1666273795156,11.9627979650972,0.585282439682706,9.18700258472114,0.485476950941711,12.7826148090366,0.613296840432896,21.0359628886044,0.869943624826985,29.5344050671186,1.10501764205921,132.527392492174,3.3598037823549,733.585094539829,14.6678712915508
25.1,0.480701256303828,0.332062067658395,0.46764833296563,0.323051621138936,0.730397705144978,0.504356168606157,1.19743060470183,0.826325123545336,1.87628276109103,1.29379515020911,6.52677607904889,4.49054377788668,31.3417269335087,21.5323110407056,1.42046801838284,0.445802733752431,1.24513674708058,0.393363655302323,1.77054074788665,0.549113153457769,2.76494060214568,0.834728643666828,4.02110943769165,1.1866076676794,14.09191645742,3.88388982938589,68.2154829305163,18.035514425907,4.31158050320684,0.499684922506933,3.49672071513894,0.422204731708355,4.86481036381779,0.550156507793581,7.74726710043948,0.792484623949291,10.9519390706603,1.03589779461511,43.7178098955734,3.09429671368756,228.887782685857,13.1604044546271,12.0278841340237,0.585524079141497,9.23404539532409,0.485635932418237,12.8490327997354,0.613362023040952,21.1508096540814,0.86988088311127,29.6961524688911,1.10470487627754,133.373115592436,3.3590608745644,738.529271267192,14.6674421945571
25.1999999999999,0.481294260141488,0.332157749390473,0.468150910077876,0.323088798016926,0.731062926936042,0.504339610762471,1.19840527073858,0.826201872739603,1.87760643624194,1.29344597428666,6.53109882992189,4.48895385585607,31.3619946860535,21.5240547798703,1.42419318095121,0.44610921800783,1.24800288294219,0.393519873760388,1.77454995009384,0.549174522984154,2.77127699914021,0.835016814015181,4.02991541041271,1.18639996234301,14.1269550427134,3.88355295554626,68.4524003536698,18.0198285820047,4.32866003056865,0.500006726694961,3.50931804208758,0.422376993929273,4.88252150217358,0.550320014822534,7.77701748725255,0.792579451797565,10.9935940717557,1.03608014807019,43.912149599844,3.0937120592679,230.054578436922,13.1573487380742,12.0930946087669,0.585704408289516,9.28123699916291,0.485743572256539,12.9155663625643,0.613467307329358,21.2658796421747,0.869942799162271,29.8582076806659,1.10449919703797,134.22041086671,3.3577803110927,743.451800934769,14.650986138938
25.3,0.481886337990206,0.332258165778116,0.468652663210825,0.323139688739486,0.731727093968959,0.504322626247028,1.19937847467284,0.826091280013192,1.87892815875624,1.29309240780446,6.53541599865123,4.48739978894615,31.3822380492052,21.5146590219813,1.4278181710599,0.446343219285061,1.25112236268835,0.39365192873356,1.77866508950948,0.549199462549016,2.77731593622199,0.835173390625307,4.03814855298747,1.18640562500675,14.1560292822425,3.88272665328856,68.557230065952,18.0229532621422,4.34564869672309,0.500317650368978,3.5219142398545,0.422729528602227,4.90015253668046,0.550567689343566,7.80650070469135,0.792843395873993,11.0347337145786,1.03621426779524,44.0988624203893,3.09379446771217,231.013665206353,13.1614059304586,12.1584610713259,0.585841714689525,9.32883232425947,0.485903366148223,12.9824600786295,0.613422935375417,21.3811968121827,0.869911552976388,30.0205925365213,1.10435175522669,135.068763128104,3.35678010780432,748.370457561337,14.64638057421
25.4,0.482477492071863,0.332350110252316,0.469153594598389,0.323181666700828,0.732390208834487,0.504301279518737,1.20035021960095,0.825956605888796,1.88024793256113,1.29273312584543,6.53972759249338,4.48583545674717,31.4024570456327,21.5067398528251,1.43151684567488,0.446530364906945,1.25430182566542,0.393871337388937,1.78285033257363,0.54938850010999,2.78358366224144,0.835247257501273,4.04682974069076,1.1860716780685,14.1899065993488,3.88235417481391,68.7695117977592,18.0239059287319,4.36265908956642,0.500618838579561,3.53483847090948,0.422894120813029,4.91808774107093,0.550705370000855,7.83605649797373,0.792871881463713,11.0760130059977,1.03632836567628,44.28770595246,3.09394541728947,232.022344017957,13.1597995800294,12.2240345599568,0.586026905411284,9.37716089658734,0.485932267645097,13.0501745947435,0.6134438404662,21.4969385221011,0.869853496099155,30.1836617605153,1.10398436842064,135.925541275622,3.35612351853978,753.500317331845,14.6361678064441
25.4999999999999,0.483067724625109,0.332442770873102,0.469653706484456,0.323219751729744,0.733052274141358,0.50428147441936,1.20132050865351,0.825824350675471,1.88156576163348,1.29236807443928,6.54403361892078,4.48419891886918,31.4226516991192,21.4985588822691,1.43519266925317,0.446885140737624,1.25719490053959,0.393962886635182,1.78682906208709,0.549482229892781,2.78979073671855,0.835373074636994,4.05539836476971,1.18566399955308,14.2226880217354,3.88095082330985,68.9577462117442,18.0241895784398,4.37970586153467,0.500978553564801,3.54789438479695,0.423071725618735,4.93615868559424,0.550816527773062,7.8657143086861,0.793083125242127,11.1174839444941,1.03613271832392,44.4793354031993,3.09318457854388,233.101840946504,13.1581013064734,12.2897134944442,0.586136538477404,9.42504267370744,0.486033107055138,13.11747860608,0.613446313521169,21.6128080479813,0.869786857549418,30.3468498160341,1.10369478864764,136.780030041001,3.35452288156006,758.527548250576,14.6367396889275
25.6,0.483657037904537,0.332544889897668,0.470153001122268,0.323265697849058,0.733713292515366,0.504258751565343,1.20228934499392,0.825713284908388,1.88288164999776,1.29205270083823,6.54833408561459,4.48268807672687,31.4428220345232,21.4907125124969,1.43884118198109,0.447186735675304,1.26025690478092,0.394206450841195,1.79084244015484,0.549635875984782,2.7959218375853,0.835552826688603,4.06382384234737,1.18580406412808,14.2540334537022,3.88018555841974,69.1143088943376,18.0225822733215,4.39671557721147,0.501411431411022,3.56101725415259,0.423360523908219,4.95420676082769,0.551057125256518,7.89525816058646,0.793313382290257,11.1587301442424,1.0362233222967,44.6675232724945,3.09453708187659,234.084259052707,13.1518648889399,12.3555800643261,0.586235913364397,9.47235692340343,0.486119761917228,13.1844265340797,0.6135051221456,21.729134536565,0.869766173951174,30.5108220855432,1.10343494960992,137.646354529623,3.35328908149193,763.836566162785,14.6337923060104
25.7,0.484245434179893,0.332638201752461,0.470651480773802,0.323305785930834,0.734373266598489,0.504236317481145,1.20325673181701,0.825585680024456,1.88419560172416,1.29168994777439,6.5526290004578,4.4811610457046,31.4629680777495,21.4820304205808,1.44244376425862,0.447524024283234,1.26313777711726,0.394411482439864,1.79475373241789,0.54999474104277,2.80192124658436,0.835737331644134,4.07199843005668,1.1857207566909,14.2828061229354,3.87989972909435,69.2138524453528,18.003957626569,4.41376340188857,0.501648029389237,3.57439644716375,0.423662252863682,4.9725142056991,0.551237210857623,7.92491469985233,0.793625736701904,11.2001918751307,1.03631958012933,44.8589496913057,3.09520562967961,235.149791953814,13.1552019703231,12.4215396040382,0.586435422330313,9.52106030230103,0.48629182141787,13.2526051020436,0.613508126104076,21.8456254262367,0.86974150122778,30.6749987060521,1.10311969397062,138.51263841419,3.35162392158224,769.055984018229,14.6249353119854
25.8,0.484832915735299,0.332733953134098,0.471149147709188,0.323352738399197,0.735032199048032,0.504219933614023,1.20422267234765,0.825468480684654,1.88550762092665,1.29135585461738,6.55691837152816,4.47958606192444,31.4830898557118,21.4736378590782,1.44613672878803,0.447587065375992,1.26616611294863,0.394516233190003,1.79881648767411,0.550083475320562,2.80820032524417,0.835688829213165,4.08071947791635,1.18576871857559,14.3174313852552,3.87918146956886,69.4442097305627,18.0007534473222,4.43080318036466,0.501862853602269,3.58720898372628,0.423745736698352,4.99031865546945,0.551360640171469,7.95451840900681,0.793756638677908,11.2415479414109,1.03627658411509,45.048745450431,3.09541321440548,236.184096143423,13.1606653661086,12.4876121889313,0.586675959080545,9.56814672990197,0.486360634430088,13.3193552292303,0.613585340676192,21.9623411428989,0.869810099626211,30.8395017097724,1.10302333779583,139.381469117807,3.35111093204126,774.27198768843,14.6260567795574
25.8999999999999,0.485419484868521,0.332829485738032,0.471646004206137,0.323400781061974,0.735690092535802,0.504207399579102,1.20518716983943,0.825337787975497,1.88681771176115,1.29099594250427,6.56120220709179,4.47808834946937,31.5031873963035,21.4658683147341,1.44972355979618,0.447880795656277,1.26910442856094,0.394660326182547,1.80274073088493,0.550315646649057,2.81416412986678,0.835637591148842,4.08883340561062,1.18580018795367,14.3457094561778,3.8772951652308,69.5336535041192,17.9905603703029,4.44786399674352,0.502186295683023,3.59983453934737,0.423946694395588,5.00800645471771,0.551538732790602,7.98416781389609,0.793926083643687,11.2829802570626,1.03620116653416,45.2394179504275,3.09532475006938,237.237596513633,13.1562811070957,12.5537271603564,0.586927680351146,9.61793866299221,0.486569817343778,13.3886040177752,0.613625104872905,22.0790440559792,0.869895790338444,31.0038600617441,1.10272245187187,140.243124475222,3.35059755168811,779.199914845034,14.6147380864489
26,0.486005143890235,0.332929327292248,0.47214205254939,0.3234430608587,0.736346949747302,0.504181393152271,1.20615022757337,0.825231912192118,1.88812587842378,1.29065788145933,6.56548051559658,4.47652472266955,31.5232607283644,21.4572248158715,1.45335315382977,0.448168773488308,1.27212698224086,0.394970341898649,1.80678894847343,0.550539182954861,2.82026283458668,0.835812567853012,4.09721296322941,1.1855551228033,14.3768704101298,3.87760868767631,69.68790262402,17.9850039944467,4.46492427562414,0.502538889768648,3.61312484259206,0.424242902628451,5.0262786490242,0.551941112511562,8.01383443300983,0.794166215617966,11.3244490779143,1.03628303414595,45.4307885411281,3.09519402295225,238.299558966246,13.1527313964922,12.6201384742815,0.587100557067352,9.66480379950845,0.486552336176451,13.4553405651591,0.613642654573227,22.1964874968801,0.869730630327799,31.1695370862212,1.10240713020531,141.126680842737,3.34895512398775,784.733934207941,14.6089507321173
