"kurtx.x1","onestep","sm","wm","mmm1raw.mean.mean1","mmm1raw.BM.BM1","mmm1raw.SQM.sqm1","mmm1raw.wm1.wm1","mmm1raw.wm2.wm2","mmm1raw.tm1.tm1","mmm1raw.tm2.tm2","mmm1raw.tm3.tm3","mmm1raw.median.median1","mmm1raw.mx1BM.BM1","mmm1raw.mx1sqm.sqm1","mmm1raw.mx1wm1.wm1","mmm1raw.mx1wm2.wm2","mmm1raw.mx1tm1.tm1","mmm1raw.mx1tm2.tm2","mmm1raw.mx1tm3.tm3","mmm1_BM_rm_exp1.rm","mmm1_BM_qm_exp1.qm.51.47386%","HL2.mean1","HL2.BM1","HL2.sqm1","HL2.wm1","HL2.wm2","HL2.tm1","HL2.tm2","HL2.tm3","HL2.median1.V458368","HL3.mean1","HL3.BM1","HL3.sqm1","HL3.wm1","HL3.wm2","HL3.tm1","HL3.tm2","HL3.tm3","HL3.median1.V899208","HL4.mean1","HL4.BM1","HL4.sqm1","HL4.wm1","HL4.wm2","HL4.tm1","HL4.tm2","HL4.tm3","HL4.median1.V899180","HL5.mean1","HL5.BM1","HL5.sqm1","HL5.wm1","HL5.wm2","HL5.tm1","HL5.tm2","HL5.tm3","HL5.median1.V899136","targetm.x1","targetvar.x1","targettm.x1","targetfm.x1","mean","variance","tm","fm","firstbias.onestep","firstbias.sm","firstbias.wm","firstbias.mmm1raw.mean.mean1","firstbias.mmm1raw.BM.BM1","firstbias.mmm1raw.SQM.sqm1","firstbias.mmm1raw.wm1.wm1","firstbias.mmm1raw.wm2.wm2","firstbias.mmm1raw.tm1.tm1","firstbias.mmm1raw.tm2.tm2","firstbias.mmm1raw.tm3.tm3","firstbias.mmm1raw.median.median1","firstbias.mmm1raw.mx1BM.BM1","firstbias.mmm1raw.mx1sqm.sqm1","firstbias.mmm1raw.mx1wm1.wm1","firstbias.mmm1raw.mx1wm2.wm2","firstbias.mmm1raw.mx1tm1.tm1","firstbias.mmm1raw.mx1tm2.tm2","firstbias.mmm1raw.mx1tm3.tm3","firstbias.mmm1_BM_rm_exp1.rm","firstbias.mmm1_BM_qm_exp1.qm.51.47386%","firstbias.HL2.mean1","firstbias.HL2.BM1","firstbias.HL2.sqm1","firstbias.HL2.wm1","firstbias.HL2.wm2","firstbias.HL2.tm1","firstbias.HL2.tm2","firstbias.HL2.tm3","firstbias.HL2.median1.V458368","firstbias.HL3.mean1","firstbias.HL3.BM1","firstbias.HL3.sqm1","firstbias.HL3.wm1","firstbias.HL3.wm2","firstbias.HL3.tm1","firstbias.HL3.tm2","firstbias.HL3.tm3","firstbias.HL3.median1.V899208","firstbias.HL4.mean1","firstbias.HL4.BM1","firstbias.HL4.sqm1","firstbias.HL4.wm1","firstbias.HL4.wm2","firstbias.HL4.tm1","firstbias.HL4.tm2","firstbias.HL4.tm3","firstbias.HL4.median1.V899180","firstbias.HL5.mean1","firstbias.HL5.BM1","firstbias.HL5.sqm1","firstbias.HL5.wm1","firstbias.HL5.wm2","firstbias.HL5.tm1","firstbias.HL5.tm2","firstbias.HL5.tm3","firstbias.HL5.median1.V899136"
3.1,1.00304154138526,1.0020085581943,1.00200372244259,1.00310238259112,1.00220337679628,1.00220786817142,1.00188177097417,1.00149191130315,1.00114192972757,1.00044196657642,1.00010348734283,0.99999995296375,0.511154804828509,0.511177477057899,0.509528174021833,0.50755633227356,0.505784708221069,0.502239190464637,0.500525006504349,1.00303016752097,1.0029126786392,1.00310228727144,1.00265228341951,1.00265763472742,1.00249182965382,1.00229542858806,1.0021198504121,1.00176869406017,1.00159881436373,1.00154325430434,1.00311821532135,1.00281592249199,1.00281512560992,1.00270717993506,1.00257677610607,1.00245917033314,1.00222395878727,1.0021102878544,1.00207093278743,1.00311444333583,1.00288784303546,1.0028876481172,1.00280528893577,1.00270837578874,1.00262017206845,1.00244376462787,1.00235862071372,1.0023372235451,1.00311219787058,1.00292806774263,1.00292714046953,1.00286497217006,1.00278616942366,1.0027158762103,1.00257528978358,1.00250630846248,1.00248438574355,1.00310204508381,0.00625232307871573,0.000117154117914987,0.000121183786029988,1.00310238259112,0.00625228385808017,0.000117185720736721,0.00012117613927849,0.000769446572745606,0.0138333785698851,0.013894535355358,0,0.0113695466407518,0.0113127451169512,0.0154368312072143,0.020367308561685,0.0247934556118693,0.0336457497122322,0.0379264289418436,0.0392358075450024,6.22156271105562,6.22127597990107,6.24213438582124,6.26707187438244,6.28947724975417,6.33431670432598,6.35599564632978,0.000913289561648858,0.00239914797173539,1.20548900346466e-06,0.00569231428091749,0.00562463735907159,0.00772154099245631,0.0102053860246544,0.0124258881306275,0.0168668923425763,0.0190153269167641,0.0197179838854033,0.000200233375417975,0.00362280363095699,0.00363288163924425,0.00499804901864343,0.00664724018553867,0.00813457689488099,0.0111092503135684,0.0125468238870165,0.01304453955469,0.000152529828318277,0.00271323888938019,0.00271570398167241,0.00375728409159166,0.00498292529607159,0.00609842012101683,0.00832940977090168,0.00940620783904035,0.00967681355482989,0.000124131877921825,0.0022045250558552,0.00221625209342872,0.00300248215383446,0.0039990847406717,0.00488806896346048,0.00666603740903523,0.00753843039257665,0.00781568263820054
3.2,1.00602051842887,1.00398395452649,1.00397461250147,1.0061595732182,1.00437026375397,1.00437983856702,1.00373254231826,1.00295883200476,1.00226464225782,1.00087626276396,1.00020512527237,0.999999933772701,0.515693913263243,0.515728322408548,0.513408903723566,0.51063490868493,0.50814332253405,0.503152558161086,0.500738468367988,1.00601014267284,1.00577933943085,1.00615939857124,1.00526219490572,1.00526584577949,1.00493998367841,1.00455152099793,1.00420194128656,1.0035027818638,1.00316471663746,1.0030564593424,1.0061815840729,1.00558012061324,1.00558656918724,1.00536627535743,1.00510354945404,1.00486930770093,1.00440082419472,1.00417467009461,1.00409500138572,1.00617633895411,1.00572498699714,1.00571682098665,1.00555947289642,1.00536732241615,1.00519143253446,1.00483965277108,1.00466964770701,1.00462090936292,1.0061732110963,1.00580805466715,1.00580302778239,1.00567854641614,1.0055239758946,1.00538365159466,1.00510300299478,1.00496610886751,1.00491707334953,1.00615911198282,0.0125088332820522,0.000468460807049641,0.000500706912250168,1.0061595732182,0.0125087849173262,0.000468537259226996,0.000500682040581838,0.00124330702892591,0.0194524908107729,0.0195360190762673,0,0.0159984495643004,0.0159128399105338,0.0217004001934629,0.0286182451360996,0.0348250863094221,0.0472387686560671,0.0532394966042355,0.0550741405962631,4.38531750973701,4.38500985307576,4.4057480784035,4.43055073026698,4.45282832738861,4.49745140333187,4.51903609539924,0.00133607801837642,0.00339971994288821,1.56154128837246e-06,0.00802357666983282,0.00799093373071347,0.0109045093269216,0.0143778048777966,0.0175034427246735,0.0237547184184214,0.0267774037510805,0.0277453463622405,0.000196801925994596,0.00518096140471538,0.00512330386260522,0.00709297976044641,0.0094420463689251,0.0115364324702921,0.015725204673026,0.0177472780129153,0.0184596063420703,0.000149904634005739,0.00388569214987579,0.00395870551597533,0.00536557533695955,0.00708361787170441,0.00865627227125475,0.0118015810703574,0.0133216185471838,0.013757394445809,0.000121938048903877,0.00314297326550397,0.00318791929858005,0.00430092344879468,0.00568295866539477,0.00693761655443882,0.00944693233252694,0.0106709205997703,0.0111093535690174
3.3,1.00893923014235,1.0059273025545,1.00591377383658,1.00917310239927,1.00650188445903,1.00651702201853,1.00555332930456,1.00440161543575,1.00336880305426,1.00130317829129,1.00030501017011,0.999999919239699,0.519124740535819,0.519169316288632,0.516344356952212,0.512963067177224,0.509926998629974,0.503844893409747,0.500900021468173,1.00894161686828,1.00860212827747,1.00917285068875,1.00783063265551,1.00784205906541,1.0073530908888,1.00676951472185,1.00624760533667,1.00520378656632,1.00469917634446,1.00454407657418,1.00919971296152,1.00829964023061,1.00830047614974,1.00797971178015,1.00758820726317,1.00723824010926,1.00653830580145,1.00619983730718,1.00609134806289,1.00919336976433,1.00851755797133,1.00850887174684,1.00827209620624,1.0079832027488,1.00772030318395,1.00719450405425,1.00694016058224,1.00687225939665,1.0091895821168,1.00864474470057,1.00864056296276,1.00845156589141,1.00821867271461,1.00800856605035,1.00758835272183,1.007384104715,1.00731102229435,1.009172550224,0.0187688728697828,0.00105363928500763,0.00116249294304682,1.00917310239927,0.0187688311284144,0.00105376417163561,0.00116243840330592,0.00170710444564398,0.0236920762532922,0.02379082646337,0,0.0194980288853388,0.0193875352531969,0.0264218202849415,0.0348285286794209,0.0423673391014189,0.0574449599454164,0.0647308914173314,0.0669578425335993,3.57701143394795,3.57668606202571,3.59730629593158,3.62198735422679,3.64414853820967,3.68854366654455,3.71003917887821,0.00168968301010238,0.00416771306897647,1.83731136510542e-06,0.00979909330770244,0.00971568848063539,0.0132848153151983,0.017544514529052,0.0213540892231833,0.0289732386114441,0.0326565414724899,0.0337886616770746,0.000194238554414758,0.00637566494976267,0.00636956332283299,0.00871091961930327,0.0115686296795268,0.0141231459445512,0.0192321784745986,0.0217027625399063,0.0224946583964355,0.000147937636752412,0.00478501735073083,0.00484842073446212,0.00657671712700692,0.00868543798170939,0.0106044215405309,0.0144423886581722,0.0162989187036613,0.0167945500252508,0.00012029045007568,0.00385664288787518,0.00388716665884535,0.00526671353177152,0.00696667137496284,0.0085003035608763,0.0115675679327016,0.0130584360033527,0.0135918867291278
3.4,1.01180004407404,1.00783961942675,1.00782220968472,1.01214427542529,1.00859935978567,1.0086205068659,1.00734508066774,1.00582103450811,1.00445500829324,1.00172295586348,1.00040320249642,0.99999990714448,0.521974866425198,0.522028048142849,0.518783336309089,0.514899129506966,0.511411878510832,0.504420246129675,0.501034271165737,1.01182613240023,1.01138269386955,1.01214394760519,1.01035938994772,1.01036511698021,1.00972134769359,1.00895090006976,1.00825822959981,1.00687288865991,1.00620336712801,1.00601007555914,1.0121746724816,1.01097799166944,1.01098541588164,1.01055151894941,1.01003281352523,1.00956785145042,1.0086379273008,1.00818821922059,1.00806285313424,1.01216742411604,1.01126784364789,1.01125768374567,1.01094200064305,1.01055789093785,1.01020856521298,1.00950991376325,1.00917188929868,1.0090676656968,1.01216309127168,1.01143970122022,1.01144100155564,1.01118545427413,1.01087210949946,1.01059248261099,1.01003322883407,1.00976193988944,1.00968172111123,1.01214364850853,0.0250318229673368,0.00187234995579809,0.00213041334763152,1.01214427542529,0.0250317988136747,0.00187252327031902,0.00213030696306075,0.00217572695298656,0.0272077370213782,0.0273177759380253,0,0.0224057700588271,0.022272109158243,0.0303334874893983,0.039966277457653,0.0486002965363581,0.0658683346937711,0.074209884531062,0.0767589276790437,3.09813383009626,3.09779769308817,3.1183060139187,3.14285628628535,3.16489758483802,3.20908845519822,3.23048963485371,0.00201083472499234,0.00481360431493799,2.07199904785137e-06,0.0112814344986841,0.0112452365785695,0.0153142041009288,0.0201838467262328,0.0245618959815826,0.0333179944922836,0.037549730030787,0.0387714365216199,0.000192125715624095,0.00737153949869168,0.00732461449163787,0.0100670760566222,0.0133455728232537,0.0162843827677881,0.0221620026568567,0.0250043991659005,0.0257967801389004,0.000146312153780686,0.00553951937735586,0.0056037354140965,0.00759902210852199,0.0100268016686344,0.0122347277979764,0.0166505800566605,0.0187870761534068,0.0194458252734777,0.000118926251171314,0.00445328725225322,0.00444506843427218,0.00606026445319489,0.00804077165965329,0.00980816372256565,0.0133429478483904,0.0150576396297302,0.0155646653763825
3.5,1.01460462160778,1.00972187225993,1.00970087374739,1.01507433007187,1.01066375562689,1.01069133298137,1.00910869988983,1.00721782349435,1.0055238238679,1.00213582461501,1.0004997578682,0.999999896622122,0.524448546617525,0.524510615303038,0.520902693880793,0.516581387327675,0.512702021748613,0.504920501847781,0.50115181495669,1.01466515544125,1.01412132503264,1.01507392659675,1.01284915363645,1.01285959053399,1.01205795073831,1.01109674509022,1.01023495192703,1.00851136560064,1.00767839465729,1.00742003359377,1.01510799624089,1.01361553103895,1.01361992305197,1.01308283255966,1.01243847001751,1.01185943345071,1.01070136031713,1.0101413116382,1.00997718873125,1.01509996523735,1.01397784639972,1.01397217156976,1.01357242613374,1.01309311563048,1.01265775297015,1.01178702764949,1.01136567043775,1.0112316804695,1.01509516004597,1.01419309603043,1.01419669798245,1.01387443336982,1.0134853010315,1.01313661658857,1.01243924770269,1.0121009893728,1.01200738670289,1.01507363834461,0.0312971009815981,0.00292419933954639,0.00342827985448321,1.01507433007187,0.0312971026970408,0.00292441816490143,0.00342808458909569,0.00265507209763299,0.0302552806193296,0.0303739767234034,0,0.0249311946424796,0.0247753110040444,0.0337212961914708,0.0444096561882476,0.0539851513846621,0.0731361417774898,0.0823841658209639,0.0852096794078515,2.77330924951446,2.77295840032258,2.79335252184915,2.81777912117985,2.83970760681081,2.88369339362437,2.90499625736708,0.00231289880396931,0.00538695229489655,2.28068175520092e-06,0.0125780230029863,0.0125190274396403,0.0170503731925972,0.0224836802148132,0.0273550486411219,0.0370977854937417,0.041806233560842,0.0432666442268512,0.000190301246063602,0.00824600130607686,0.00822117503170674,0.0112571304999865,0.0148994515080651,0.0181725111813356,0.0247186305278766,0.027884359345701,0.0288120798024207,0.0001449052291111,0.00619797901464648,0.00623005653475262,0.00848965591281321,0.011199004456889,0.013659933607986,0.01858179191018,0.0209635539212283,0.0217209450548386,0.000117743424425517,0.0049812598532946,0.00496089947436368,0.00678253107451966,0.00898213890097376,0.0109531111233287,0.0148950555680384,0.0168070931874227,0.0173361912475225
3.6,1.01735482202893,1.01157498306756,1.01155067528045,1.01796444715517,1.01269608817204,1.01273049343823,1.01084504875715,1.00859268210434,1.00657578885935,1.00254200236936,1.00059472870208,0.999999887226541,0.526652357839727,0.526724185258057,0.522792465323794,0.518082041454594,0.513853652772133,0.505367639724838,0.501256677987156,1.01746008365282,1.01681886341458,1.01796396823129,1.0153015584115,1.01531441516918,1.01435508733263,1.01320827707307,1.01217893987132,1.01012026546783,1.00912553520101,1.00882213565121,1.01800101648431,1.01621473645469,1.01622162191651,1.01557916787206,1.01480676711579,1.01411445029034,1.01272981663946,1.01206083550203,1.01185199404384,1.01799228936836,1.01664804919962,1.01664896074134,1.01616880602412,1.01558995196312,1.01506905569964,1.0140272631727,1.01352267161878,1.01334847099025,1.01798706332017,1.01690692099698,1.01690762636952,1.01652147097403,1.0160597040487,1.01564228688793,1.0148074525664,1.01440241803238,1.0142862028871,1.01796369741144,0.0375641582180286,0.00420874460119389,0.0050798375374647,1.01796444715517,0.0375641923091876,0.00420900310826109,0.00507949655530544,0.00314539962668972,0.0329668464947084,0.033092264068929,0,0.0271824333769818,0.0270049172170074,0.0367329890119601,0.0483542180657205,0.0587605070896957,0.0795730851376474,0.0896201675208344,0.0926892899611225,2.53495598494433,2.53458538680938,2.55487134596901,2.5791750776266,2.60099171806834,2.64477584231517,2.66598661096394,0.0026022955809144,0.00591071219823455,2.47103822675406e-06,0.0137393439013754,0.0136730086421016,0.0186227216527771,0.0245397621536811,0.0298506929384946,0.0404725545081218,0.0456049286102545,0.0471703378914643,0.000188681780444563,0.00902774368582894,0.00899221770747892,0.0123070002264671,0.0162922510730869,0.0198643037831689,0.0270084092033353,0.0304600599463234,0.0315375907375649,0.000143653670442824,0.00679203900849516,0.00678733585102479,0.00926472466473782,0.01225135902252,0.0149389564363483,0.0203141512640015,0.0229176234914592,0.0238164227180503,0.00011668954228143,0.00545637349911028,0.0054527340846129,0.00744512741710302,0.00982764324862515,0.0119813336480966,0.0162887144470394,0.0183785158959388,0.018978135332292
3.7,1.0200531627358,1.01339983193785,1.01337248227597,1.02081575546325,1.0146973273746,1.01473893698988,1.01255495006272,1.0099462779978,1.00761141755977,1.0029416966837,1.0006881647464,0.99999987869126,0.528650878804796,0.528731199951112,0.524505943677277,0.519444172409724,0.514898904943449,0.505773117288896,0.50135135409014,1.02021225104405,1.01947766662959,1.02081520115617,1.01771749355737,1.01773490608529,1.01661988513054,1.01528655564023,1.01409127949179,1.01170072719491,1.01054583666673,1.0101966710802,1.02085495177883,1.01877616603859,1.01879083363208,1.01803813268794,1.01713892014683,1.0163341373923,1.01472457188325,1.01394746951141,1.01371763928394,1.02084559374254,1.01928003369429,1.01929530710221,1.01872424548253,1.01804955096178,1.01744363103745,1.01623179118878,1.01564451414829,1.01544321383172,1.02083998566886,1.01958257513177,1.01957907311243,1.01913146192064,1.01859649842555,1.01811064671531,1.01713894329482,1.0166674648703,1.01654215888734,1.02081495267823,0.0438324776809578,0.00572549771421353,0.00710875856871113,1.02081575546325,0.043832549362564,0.00572578697159207,0.00710819014774108,0.00364245582958423,0.0354214942056689,0.0355521274149363,0,0.0292241235157821,0.0290253789168637,0.0394569967754909,0.0519170851401136,0.0630693368041787,0.0853738401323099,0.0961376335001767,0.0994251701678024,2.35078143228722,2.35039778552912,2.37057934351153,2.39475644040442,2.41646650317249,2.46005501017643,2.48117516587747,0.00288258478054404,0.00639126141283369,2.64759809828239e-06,0.0147985703696634,0.0147154009903173,0.020041198667784,0.0264097275035307,0.0321188569222861,0.0435371157597959,0.0490533468821939,0.0507211050188499,0.000187217689092603,0.00974191612684996,0.00967185768084945,0.0132670662937792,0.0175620744212877,0.0214060471346954,0.0290939925615087,0.0328057524072919,0.0339035158945792,0.000142519867323748,0.00733523741909183,0.00726228535475779,0.00998991001044199,0.0132125279319359,0.016106650156279,0.0218948946049651,0.0246999707651492,0.0256614636894761,0.000115733405892457,0.00589017535261721,0.00590690243417618,0.00804487718297534,0.0106000823811665,0.0129207095397764,0.0175619638569984,0.0198139383042811,0.0204124511036824
3.8,1.02270040126433,1.01519725968217,1.01516712408376,1.02362933530716,1.0166683998622,1.01671757056579,1.01423918998367,1.01127924884228,1.00863120109242,1.00333510559268,1.000780113363,0.999999870841686,0.530485430410534,0.530574695210091,0.526080676016087,0.520695146686863,0.51586006500861,0.50614581321859,0.501439335914644,1.02292293200657,1.02209892779066,1.02362870559658,1.02009813396118,1.02012548197808,1.01884919405047,1.01733265010305,1.01597299245174,1.01325367714913,1.01194018805334,1.01153999288939,1.02367094081465,1.02130050616142,1.02131550969125,1.02045805850453,1.01943595761587,1.01851951472004,1.01668662892839,1.01580184878646,1.01555239516512,1.02366100318687,1.02187525660442,1.02189566073693,1.02124176984368,1.02047320002957,1.0197826989009,1.01840169664358,1.01773224983244,1.01751719912535,1.02365504369077,1.02222132270088,1.0222183698368,1.02170715261063,1.02109687099904,1.02054287523575,1.01943488370917,1.01889734812114,1.01874766418967,1.02362848329919,0.0501015720407461,0.00747392929174457,0.00953863657962547,1.02362933530716,0.0501016855258186,0.00747423701185044,0.0095377287673474,0.00415010142373465,0.0376711019757739,0.0378057356355415,0,0.0310986429268465,0.0308789681194216,0.0419513697197135,0.0551751890422972,0.0670055948947109,0.0906664065995372,0.102081078041324,0.105566885912787,2.20316742357265,2.20276862456793,2.22284608388727,2.24690644975416,2.26850763824715,2.31190698451432,2.3329336207008,0.00315592411123174,0.00683724152658668,2.81329209654899e-06,0.0157759787646049,0.0156537988910789,0.0213557369203066,0.0281310416299331,0.0342054418502846,0.0463542422909877,0.0522223800867161,0.054010290146109,0.000185876572384722,0.0104042662963445,0.0103372365960555,0.0141679815431638,0.0187343147354234,0.0228286107686988,0.0310172028352495,0.0349700424959967,0.0360845003383428,0.00014147927258111,0.00783651388142404,0.0077453564736095,0.0106666763972046,0.0141003353360888,0.0171852149777221,0.0233549742609867,0.0263457917312188,0.0273065512733751,0.000114854655447822,0.00629043059307875,0.00630362279494939,0.00858753450486639,0.0113140258038697,0.0137890547079202,0.0187391125160243,0.0211406040173889,0.0218093312557972
3.9,1.02529895834036,1.01696807019836,1.01693539374024,1.02640622150082,1.0186101915399,1.018667261649,1.01589852024617,1.01259220413652,1.00963560883353,1.00372241822753,1.00087061972192,0.999999863555874,0.532184695691198,0.532281967167256,0.527539974208464,0.521855308539234,0.516750755073644,0.506492159366655,0.501519996116169,1.02559334490934,1.02468255209436,1.0264055163117,1.02244448173778,1.02247347362289,1.02104820556687,1.01934750933964,1.01782502748111,1.01478006376406,1.01330959058662,1.01285760292184,1.02645005887427,1.02378917676356,1.02380841206527,1.02284849747987,1.02169891927941,1.02067162577908,1.01861703877843,1.01762541576161,1.0173516809016,1.02643958338036,1.02443457928739,1.02445936005152,1.02372569306554,1.02286195582237,1.02208734409824,1.02053812064997,1.01978690894258,1.01953964680013,1.02643329736346,1.02482430431414,1.02482270648914,1.0242493882785,1.02356175865621,1.02293993230487,1.02169627960218,1.02109334620607,1.02093968420331,1.0264053233038,0.0563709817531738,0.00945347211432848,0.0123929815768849,1.02640622150082,0.0563711404420559,0.00945378237775714,0.0123915865424702,0.00466361231310626,0.0397519579797331,0.0398895859058205,0,0.0328356100134275,0.0325952399974964,0.0442567283943968,0.0581823940090592,0.0706350924752448,0.095540489407617,0.107551800810542,0.111219284135832,2.08158067158191,2.08117097994793,2.10114348290929,2.12508636998222,2.14658591882041,2.18979345517015,2.21073539795827,0.00342370397247798,0.00725981515030309,2.97014185543513e-06,0.0166862034248083,0.0165640943208173,0.0225670915241085,0.029730147380559,0.0361425933061988,0.0489674851574783,0.0551608789786469,0.0570645774977561,0.000184635885959889,0.0110225667180782,0.0109415507562703,0.0149845548404639,0.0198263912186566,0.024153184331957,0.0328067705585588,0.0369833253978826,0.0381362520997061,0.000140514809660639,0.00830423627546856,0.00819986372805754,0.0112899497272178,0.0149278704910891,0.0181904090668799,0.0247154862184615,0.0278794677302142,0.0289208956520034,0.000114039129013,0.00666277785943331,0.00666950763841793,0.00908423067983526,0.0119804147920551,0.0145994462312865,0.0198375091097502,0.0223769664948225,0.0230241658542072
4,1.02784976223516,1.01871303262824,1.01867805009061,1.02914740600925,1.02052354996957,1.02058884050807,1.0175336601197,1.01388572686958,1.01062508970068,1.00410381536288,1.00095972695618,0.999999856744555,0.533770402522427,0.533876784988731,0.52890263260152,0.522938603458747,0.517584121120017,0.506815783788684,0.501595605105899,1.02822465537839,1.02723079571275,1.02914662523093,1.02475746905104,1.02478969960149,1.02321445492177,1.02133208814711,1.01964833135914,1.0162808177832,1.01465492832323,1.01415855098456,1.02919332732804,1.02624401234458,1.02624390377937,1.02519557710953,1.02392905134633,1.02279163218797,1.02051679387124,1.01941949739438,1.01909886306006,1.02918234872028,1.02695930489767,1.02699458743185,1.02617902586865,1.02521673792455,1.02435851734739,1.02264207619307,1.02180998143471,1.02153133483796,1.02917575694314,1.02739152603488,1.02738433531604,1.0267505519372,1.02599208657885,1.02530282309271,1.02392429612045,1.02325594511809,1.02309581964326,1.02914646409943,0.0626402733178743,0.0116635243805664,0.0156952153653519,1.02914740600925,0.0626404799287913,0.0116638173551759,0.0156931434298377,0.00518475153868271,0.0416906662079067,0.0418304393640203,0,0.0344567220710985,0.0341958529275726,0.0464028634614437,0.0609782252897277,0.0740061408980601,0.100061972114724,0.112624215721091,0.116459388867991,1.97928486410371,1.97885981166107,1.99873409823968,2.02256344947778,2.04395734902007,2.08698237226792,2.10783965991355,0.00368686140890098,0.00765783983421645,3.11960932297078e-06,0.0175400467009834,0.0174112691432474,0.0237051784888499,0.031226197913561,0.0379536687121706,0.051408610309389,0.0579048714926385,0.0598881532081686,0.000183479189729959,0.0116005448266185,0.0116009786002355,0.015789580605654,0.0208499997519874,0.0253945718828073,0.0344837161444464,0.0388679776115365,0.0401490760080603,0.000139614028414203,0.00874258469973979,0.00860161290374252,0.0118601990844239,0.0157050323109616,0.0191340631026165,0.0259921246859263,0.0293167694496691,0.0304301053281985,0.000113276502415086,0.00701563987021147,0.00704437047513082,0.00957665970137579,0.012607117298658,0.0153610779707898,0.0208689993150526,0.0235394039029989,0.0241791871922125
4.1,1.03035559228253,1.02043288334634,1.02039581974316,1.03185384035946,1.0224092865643,1.02248310228267,1.01914529826327,1.0151603750474,1.01160007333564,1.00447946991212,1.00104747629376,0.999999850339973,0.535258952347862,0.535374022239736,0.530182646759797,0.523956692741494,0.518366705438954,0.507119595322584,0.501667132500138,1.03081797931876,1.02974445064448,1.03185298385794,1.02703817298735,1.02706891314588,1.02534672571666,1.02328735005818,1.0214438147484,1.01775674412885,1.01597696112868,1.01543262984203,1.0319017198567,1.02866503017395,1.02867504006067,1.02751959558678,1.02612719498673,1.02488045856347,1.02238698571694,1.02118461163438,1.02081918133449,1.03189026763782,1.02944967253444,1.02948993514392,1.02859440179639,1.02753834737601,1.02659709579102,1.02471459262105,1.02380216302453,1.02349299948262,1.03188338774259,1.02992403846537,1.02992952577654,1.02922514394334,1.02838881913713,1.0276325205715,1.02611992344026,1.02538624707163,1.02521368638934,1.03185285680189,0.0689090376639266,0.0141034527044678,0.0194686674342506,1.03185384035946,0.0689092943272855,0.0141037043662691,0.0194656807727371,0.00570748564264062,0.0435074465846223,0.0436486381444603,0,0.0359784577847858,0.0356972612598081,0.0484124242638545,0.0635927487987753,0.0771555033360292,0.104281012410537,0.117354985008308,0.121345852863997,1.89174826063565,1.89130990882604,1.91108614046186,1.93480353661163,1.95609825593284,1.99894344325447,2.01971427136719,0.00394605012921329,0.00803559283560981,3.26279084326992e-06,0.0183449942698247,0.0182278914907911,0.0247884605831384,0.0326335278884621,0.03965636440951,0.0537020374516049,0.0604820133961104,0.0625556105868614,0.000182394055636533,0.0121475799843351,0.0121094479248812,0.0165110439270017,0.0218153099934599,0.0265646771680199,0.0360634115171408,0.0406437830316969,0.0420358677085584,0.000138767518849249,0.00915853225848691,0.00900515427717542,0.0124166345268218,0.0164396101174471,0.0200252512339836,0.0271965334670582,0.0306723789577107,0.0318501188152419,0.000112558973106647,0.00735146386853388,0.00733056028774774,0.0100138603779278,0.0131997892621443,0.0160808630117519,0.0218430105109681,0.0246379063661806,0.0252952658727962
4.2,1.03281644500916,1.02212832780177,1.02208939887871,1.03452643786035,1.02426817862129,1.02435080892969,1.02073409443955,1.01641668310512,1.01256097119732,1.00484954738173,1.00113390717449,0.999999844289215,0.536663324739431,0.536785533829696,0.531389971357132,0.524916251341853,0.519105415635294,0.507407088081802,0.501734996329808,1.03337438571271,1.03222507653651,1.03452550548664,1.02928744144768,1.02931820968494,1.02744949599361,1.02521414070669,1.02321233345935,1.01920871896466,1.01727659796361,1.01668763460368,1.03457616694588,1.03105274564403,1.03106589821655,1.02980686257778,1.02829421610725,1.02693900648016,1.02422858722597,1.02292148788147,1.022501101689,1.03456426655159,1.03190678331897,1.03194607725803,1.03097295976802,1.02982776247754,1.02880404319982,1.02675660464438,1.02576446765265,1.02542237652791,1.03455711376364,1.03242316153997,1.03242694243959,1.0316611687506,1.03075291419619,1.02992997340287,1.02828409181623,1.02748551678004,1.02728122972646,1.03452541440804,0.0751768886518824,0.0167725948809854,0.0237365712669856,1.03452643786035,0.075177196980866,0.0167727767400631,0.0237323772831035,0.00623664796369405,0.0452181117579686,0.0453600924619023,0,0.0374136953553697,0.0371123279290408,0.0503031287235752,0.0660494954926094,0.0801119623629288,0.108236896103568,0.121788496577284,0.125924625555386,1.81579529322579,1.81534957494491,1.83502815060915,1.85863895852726,1.87983210951114,1.92249799005225,1.94318511716527,0.00420173901641783,0.00839347392831043,3.40053270627728e-06,0.0191075514064832,0.0189953341746581,0.0258108652627477,0.0339636034385777,0.0412645503894149,0.0558664442910894,0.062913233111509,0.0650612872023959,0.00018137081671137,0.0126691731326959,0.0126212033622113,0.0172131301923609,0.0227300208177368,0.0276727112829637,0.0375580922134168,0.0423253159240567,0.0438585391123441,0.000137967962842761,0.00955434588497416,0.00941103390277562,0.0129601664083709,0.0171369045419578,0.0208705907642931,0.0283379632089638,0.0319564632189862,0.033204130374443,0.000111880473425161,0.0076710227013269,0.00765723308818046,0.0104501458858751,0.0137627117327508,0.0167641231242275,0.0227669459071818,0.0256794910501881,0.0264245622566762
4.29999999999999,1.03523331159365,1.02380004222903,1.02375945493083,1.03716607565963,1.02610097121026,1.02619269103878,1.02230068110916,1.0176551632179,1.01350817757546,1.00521420629057,1.00121905735562,0.999999838549983,0.537992358006425,0.538123775720497,0.53253394066461,0.525826088035223,0.519806337369082,0.507679750013692,0.501798903954878,1.03589489921838,1.0346709739689,1.03716506725546,1.03150587925399,1.03154163467797,1.02952654057428,1.02711324705908,1.02495465174377,1.02063746111315,1.01855430736212,1.0179260402642,1.0372175593758,1.03340824816041,1.03344105082209,1.03206708391007,1.03043096720047,1.02896812685856,1.02604244617475,1.02463120610895,1.02415597291211,1.03720523301654,1.03433156459886,1.03436223973929,1.0333203778257,1.03208593225003,1.0309802683839,1.02876894065163,1.02769758140207,1.02733595555309,1.03719782064405,1.03488942031717,1.03490301299474,1.0340712552015,1.03308518116246,1.03219603344973,1.03041773802427,1.02955453404079,1.02934415638369,1.03716501382305,0.0814434616825224,0.0196702624391968,0.0285220610385797,1.03716607565963,0.0814438228275296,0.019670341272152,0.0285163054150298,0.00677251175265188,0.0468353174030158,0.0469775375316366,0,0.0387727355070802,0.0384513441756037,0.052089161358688,0.0683673119460194,0.0828985780720492,0.11196111032411,0.125960332263262,0.130232542118339,1.74913220342572,1.74867170851653,1.768258798466,1.79176348357855,1.81285702150807,1.85534925158919,1.87595606012315,0.00445427227233837,0.00874297376593052,3.53350376054961e-06,0.019833639994828,0.01970835101965,0.026769351759546,0.0352256651720364,0.0427895020621838,0.0579171758424779,0.0652166613357126,0.0674181438546272,0.000180401777401745,0.0131676345555862,0.0130526922221225,0.017867147966224,0.0236001910414314,0.0287260641794097,0.0389778104553673,0.0439228733834587,0.0455881166832175,0.000137209535593778,0.00993228289475058,0.00982479551297805,0.0134755370486956,0.0178011023447534,0.0216754094366961,0.0294240236205808,0.0331781254464063,0.0344452823412347,0.000111236174060388,0.00797752572854796,0.00792989623760775,0.0108444213621507,0.0142996791124035,0.017415301676129,0.0236465468035801,0.0266712611109004,0.0274084360099415
4.4,1.0376091615749,1.02544867524023,1.02540662814961,1.03977359665661,1.0279083789312,1.02800944952694,1.02384566491575,1.01887630652011,1.01444207053296,1.00557359855865,1.00130296300826,0.999999833087815,0.539254631161579,0.539395120828507,0.533621507283774,0.526691866596921,0.52047288221833,0.507939094940986,0.501859768812985,1.03838050258801,1.03708508570398,1.03977251205855,1.03369441380033,1.03373830398948,1.03157073696668,1.02898541843681,1.0266715179852,1.02204371708198,1.01981101109067,1.01913684994198,1.03982675107724,1.03573287713882,1.03576323233613,1.03429250196743,1.03253836339449,1.03096867361025,1.02782929404176,1.02631473843336,1.02583894290893,1.03981401835577,1.03672524410118,1.03675354033265,1.03563790482749,1.03431384239228,1.03312670295638,1.03075242408459,1.02960240748579,1.02922786115932,1.03980635815622,1.03732379905325,1.0373434540484,1.03644549699323,1.03538654125242,1.03443159269692,1.03252169558594,1.03159410772029,1.03137093018697,1.03977249775397,0.0877084124035725,0.0227957430007785,0.0338481686679627,1.03977359665661,0.0877088270952671,0.022795680590367,0.033840428099018,0.0073084101618664,0.0483693884524329,0.0485113642441521,0,0.0400639772150476,0.0397227032377065,0.053782097313028,0.0705615838883198,0.0855341814138628,0.115479376464947,0.129899562368303,0.134299698012617,1.69004740522746,1.68957302920293,1.70906815578702,1.73246671222412,1.75346567357575,1.79578713614969,1.81631452882901,0.0047039077001755,0.00907799958172803,3.66224310576683e-06,0.0205269089094308,0.0203787097293828,0.0276976951726267,0.0364272562368876,0.0442403496934569,0.0598665366065963,0.0674054696488481,0.0696818355382495,0.0001794806927673,0.013643853694017,0.0135413566339709,0.0185074102997921,0.0244304173144722,0.029730616367367,0.0403310144731568,0.0454450480113869,0.0470516144892181,0.000136487510934381,0.0102930371907515,0.0101974924144827,0.013964536264283,0.0184353524316022,0.0224438357491105,0.0304608023841279,0.0343439370958035,0.0356086265298224,0.000110622156657634,0.00827196243959919,0.00820559557674124,0.0112376285179702,0.0148132880341664,0.0180377579136266,0.024486697672547,0.027618781716359,0.028372360775496
4.49999999999999,1.039944143691,1.02707484930918,1.02703153305918,1.04234981128556,1.02969108755261,1.02980175722089,1.02536962807106,1.02008058424134,1.01536301278363,1.0059278698682,1.00138565880634,0.999999827874167,0.540458121145598,0.540605665388786,0.534658349241836,0.527516853386896,0.521107920072747,0.508186409707259,0.501917961585208,1.04083213892175,1.03946829622995,1.04234865032797,1.03585403187928,1.03590310432666,1.03359044690366,1.03083141659091,1.02836365752515,1.02342813939364,1.02104747748474,1.02033187448537,1.04240456155841,1.03802747216363,1.03804708614931,1.03648724107909,1.03461711218086,1.03294142536718,1.02959005173982,1.02797335128155,1.02749108552393,1.04239143993428,1.0390880627391,1.03911609657818,1.03792737081007,1.03651213227556,1.03524408730082,1.03270799735135,1.03147979289069,1.03109659806281,1.04238354239028,1.03972762081668,1.03975256357032,1.03879149863986,1.0376579201283,1.03663753311451,1.03459675908694,1.03360529873396,1.03336207788197,1.04234867648011,0.0939714155064068,0.0261483024597786,0.0397378211952498,1.04234981128556,0.0939718840905097,0.0261480553420124,0.0397275958084122,0.00784759624886125,0.0498288851621915,0.0499701883255113,0,0.0412943804485243,0.0409333617958943,0.0553915355558252,0.0726450749110577,0.0880343980906725,0.118813044449901,0.133630319526211,0.138151077776233,1.63723506680585,1.63675375856027,1.65615466664555,1.67945114210601,1.70035790459857,1.74250952874794,1.76295801052498,0.00495084191024845,0.00939987169992372,3.78719254220371e-06,0.021190065584107,0.0210299849666443,0.0285741701062362,0.0375744808648291,0.0456246274567356,0.0617249206405493,0.0694909451355467,0.0718253339040583,0.000178602412422623,0.0141000246070255,0.0140360412700099,0.0191244559577266,0.0252250562900064,0.0306913616029657,0.0416239722288844,0.0468978564847787,0.0484710692424593,0.000135797991516851,0.0106402421165103,0.0105487921377647,0.0144265680615371,0.0190432576822609,0.023179783031673,0.0314528337304981,0.0354593942129846,0.036709424890813,0.000110035190034716,0.00855392163653258,0.00847255517496809,0.0116076722461213,0.0153055507457219,0.0186341840614463,0.0252914506928937,0.0285257215308768,0.0293191391460431
4.6,1.04223977895864,1.02867916215649,1.02863475981811,1.04489549918137,1.03144975554062,1.03157026033593,1.02687312964801,1.0212684487661,1.01627135251078,1.00627716000015,1.00146717800873,0.999999822885078,0.541606986924437,0.541763651970262,0.535649613593793,0.528305525601248,0.521716234991729,0.508423268535108,0.501973237958944,1.04325071377096,1.04182031883872,1.04489426169857,1.0379857329148,1.03803650369611,1.03558211112677,1.03265206868077,1.03003182569211,1.02479133971478,1.02226427498281,1.02148172781337,1.04495177802308,1.04029293162948,1.04031192287167,1.03865476742625,1.03666808527401,1.0348871859259,1.03132538722969,1.02960753554084,1.02908956435471,1.04493828316975,1.04142129013087,1.04143911016335,1.04018376795587,1.03868177388653,1.03733326696058,1.03463625310869,1.0333302485752,1.03293770102634,1.04493015770096,1.04210144314846,1.04213047802483,1.04110803668313,1.03989997147171,1.03881454051162,1.03664367859144,1.03558885738793,1.03532850410328,1.04489432950962,0.100232163605529,0.0297271869982459,0.0462138384568097,1.04489549918137,0.100232686071478,0.0297267062170175,0.0462005439316452,0.0083883711169002,0.0512210028592097,0.0513612523062795,0,0.0424697928028014,0.0420891657563972,0.0569255461317627,0.0746285190680738,0.0904123721779679,0.121980078397756,0.137172911462165,0.141807706660917,1.58968960041786,1.58919475742417,1.6085065894786,1.63170366237412,1.65251662849788,1.6945038585263,1.71487695721541,0.00519522738582051,0.00971327993994786,3.90871933637868e-06,0.0218252221296099,0.0216648572869911,0.029417313875617,0.0386721605326512,0.0469484730814265,0.0635010981789765,0.0714830974222597,0.0739548548075405,0.000177762629626261,0.0145376927831065,0.0144777069509704,0.0197120063909814,0.0259871505276658,0.0316123080747383,0.042862623168884,0.0482886380655424,0.0499247044327404,0.000135137718713381,0.0109736540031241,0.0109173675598288,0.01488249770605,0.0196267036510816,0.023886104340862,0.0324049057204228,0.0365300581418071,0.0377699607839147,0.000109472572516294,0.00882531929564379,0.00873360959059294,0.0119630979026711,0.0157788986937915,0.0192073463281032,0.0260642415967261,0.0293960051015123,0.0302183582825898
4.7,1.04449694203454,1.03026218804369,1.03021687549052,1.04741141073765,1.03318501548759,1.03331557985917,1.02835670678931,1.02244033462367,1.01716742413168,1.0066216031477,1.00154755253566,0.999999818100183,0.542707886326801,0.542873076143225,0.536598684875042,0.529061274838392,0.52229908944062,0.508649342046654,0.502025862400019,1.04563709710327,1.0441435107667,1.04741009656548,1.04008951070421,1.04013974150859,1.03754801424949,1.03444800249106,1.03167672248766,1.02613416248087,1.02346183068382,1.02265022026516,1.04746915725527,1.04252923482977,1.04255201590554,1.04079808372912,1.03869194571546,1.03680668643002,1.03303616785913,1.03121767911712,1.03068384308246,1.04745530333949,1.04372531816074,1.0437352557877,1.04241155630741,1.04082334911793,1.03939491611789,1.03653805011783,1.03515472016054,1.03475172953509,1.04744695846855,1.04444616589493,1.04448061858138,1.04339583181477,1.04211352286878,1.04096338977798,1.03866312359637,1.03754536735013,1.03725579194276,1.04741020713112,0.106490366194257,0.0335316249509419,0.0532989310332783,1.04741141073765,0.106490942199215,0.0335308558201287,0.0532818904260025,0.00893106111516775,0.0525518616117548,0.0526907168278843,0,0.0435951860767749,0.0431950862641554,0.0583909943217847,0.0765210505255729,0.0926792908966542,0.124995771638817,0.140544628303262,0.14528748617597,1.54660711118697,1.54610090559811,1.56532807102175,1.58842561522103,1.60914757081975,1.65097568448323,1.67127259192854,0.00543718431055417,0.0100141114322909,4.02713260486047e-06,0.0224371380650485,0.0222832114219773,0.0302252677289253,0.0397249046413854,0.0482171801121164,0.0652017310535786,0.0733907908894342,0.0758778796143943,0.000176957699867656,0.0149608782423266,0.0148910682012303,0.0202657958292256,0.026719818580231,0.0324969833438429,0.0440513128710675,0.0496238668240004,0.0512597472319536,0.000134503935187623,0.0112956155766915,0.0112651628380278,0.0153214908212401,0.0201883728905871,0.0245656449500268,0.033320189068907,0.0375592479333328,0.0387941673204811,0.000108932017976087,0.00908665887663764,0.00898108249904046,0.0123052893773901,0.016234780729608,0.0197592340591538,0.026808140718246,0.0302333788539136,0.0311207500780202
4.8,1.0467179594021,1.03182447898369,1.03177842523515,1.04989826856593,1.03489747544826,1.03503831284411,1.02982087583806,1.0235966594136,1.01805154901217,1.00696132820932,1.00162681303971,0.999999813502002,0.543763640942085,0.543936763620606,0.537510668094238,0.529788041730997,0.522858998637687,0.508867268200808,0.502077728637685,1.04799212514036,1.04643754320985,1.04989687754297,1.04216663535832,1.04222412677173,1.03948665411069,1.03621992501931,1.03329897615512,1.02745707842674,1.02464094217318,1.0237995459991,1.04995742731929,1.04473736903232,1.04477848823958,1.04291678454045,1.04068942178298,1.03870060744612,1.03472297877242,1.0328044830112,1.03224875714198,1.04994322722335,1.04600101072679,1.04601244375587,1.04461538924675,1.04293771006415,1.04142984160952,1.03841410470027,1.03695379999904,1.03653729919498,1.04993467070788,1.0467625446958,1.0467962457895,1.04565251621131,1.04429931363074,1.04308483750408,1.04065588525077,1.03947568793586,1.03917653155131,1.04989703186823,0.112745748670643,0.0375608285311965,0.0610156984478578,1.04989826856593,0.112746377559927,0.0375597104041459,0.0609941337305998,0.00947148426220402,0.0538267208526348,0.0539638764975977,0,0.0446748314756445,0.0442553945248593,0.0597937808722751,0.0783305220732017,0.0948447737367242,0.127873277063767,0.143760341456776,0.148605813932003,1.50735224569283,1.50683665785512,1.52597462825675,1.54897388093766,1.5696097119936,1.6112793886845,1.63149975526116,0.00567680892854525,0.0103066098474601,4.14269536667162e-06,0.0230260765462162,0.0228548576523217,0.0310075019053276,0.0407363589390156,0.0494354255305704,0.0668335587136801,0.0752204760955458,0.0777262924204899,0.000176184506771687,0.0153700084467588,0.0152475486781063,0.0207920087852503,0.0274254617663537,0.03334847827877,0.0451945113036027,0.0509081075212581,0.0525631506486079,0.000133894283317343,0.0116066754480793,0.0115726260052781,0.0157332843296625,0.0207296891307282,0.0252203696280476,0.0342017306226864,0.0385507584319971,0.0397911663947634,0.000108411571604629,0.00933870191752386,0.00923833451228345,0.0126445494876205,0.0166746095494634,0.0202915193930943,0.0275253390803562,0.03104016097931,0.0319310979424428
4.9,1.04890216570733,1.03336656587398,1.03331993341861,1.05235676886382,1.03658772019066,1.03673903362356,1.03126613339636,1.02473782467191,1.01892403613549,1.00729645906265,1.00170498897214,0.999999809075387,0.544778257016507,0.54495982922864,0.538386787467401,0.530485874266104,0.523397586577686,0.509077333040008,0.502126811184642,1.05031660207845,1.04870289110255,1.05235530083225,1.0442176932414,1.04428795740503,1.04140471142091,1.03796844082289,1.03489917081456,1.0287606307979,1.0258020731914,1.02488491762799,1.05241728910913,1.04691857699302,1.04696365372448,1.04500714698886,1.04266123254979,1.04056959028314,1.03638630574984,1.03436872339312,1.03379321285414,1.05240275461005,1.04824915304563,1.04826667172151,1.04679233399836,1.04502543848562,1.04343865867629,1.04026509905761,1.03872847418961,1.03828352530869,1.05239399354909,1.04905110296226,1.04909587746813,1.04788629156723,1.04645791083441,1.0451794824289,1.0426226256179,1.04138053252924,1.04107065845225,1.0523554998442,0.118998051428187,0.0418139954288863,0.0693866275941568,1.05235676886382,0.118998732252875,0.0418124614751534,0.0693596509180598,0.0100144475928245,0.0550501415079859,0.0551853229627748,0,0.0457124318980787,0.0452737938331084,0.0611390235058611,0.0800637458630456,0.0969171666399933,0.13062400819389,0.146832956559768,0.151776052463655,1.47140443514789,1.4708780807968,1.48993247844003,1.51283620358749,1.53338423251091,1.57489679475688,1.59504545835447,0.00591417955325777,0.0105921188898676,4.25563358848896e-06,0.0235941271927647,0.0233904404732048,0.0317485975457144,0.0417099014233917,0.050607318074247,0.0684021513759562,0.0769786270978937,0.0796373424143111,0.000175440361025937,0.0157646146381463,0.0156339430256896,0.0213056029187002,0.0281061053622618,0.0341695056758234,0.0462963063029467,0.0521450165195161,0.0538133471122518,0.000133306728656299,0.011907446812057,0.0118566624372551,0.0161305767463076,0.0212525782361288,0.0258524476052329,0.0350521863434409,0.0395066630266825,0.0407965122648131,0.000107909546446992,0.00958269776034293,0.00945290226075833,0.0129593352908041,0.0171000262308207,0.0208060247748304,0.0282180218628486,0.0318186890243993,0.0327169738819611
5,1.05105097241914,1.03488895955851,1.03484190465871,1.05478758269906,1.0382563123682,1.03841829494672,1.03269295731751,1.02586421668254,1.01978518272863,1.00762711482082,1.00178210864475,0.999999804807108,0.545755440655547,0.545944933481743,0.539230660075667,0.531158911423966,0.523916757228533,0.509280271695327,0.50217414094052,1.05261130170035,1.05094140361756,1.05478603750529,1.04624324836309,1.04630033885882,1.04329204060649,1.03969415340894,1.03647790036484,1.03004539427665,1.02694573009852,1.02599835737013,1.05484941777109,1.04907326495133,1.04913110962474,1.04707040362309,1.04460801022185,1.04241426831321,1.03802678449594,1.0359108134995,1.03529563795705,1.05483455968688,1.05047025778756,1.0505082562918,1.04894572504367,1.04708718971945,1.0454220001929,1.0420916211398,1.04047912062825,1.0400134312099,1.05482560060778,1.05131242709231,1.05135736787669,1.05008932333185,1.04859000018125,1.04724801025081,1.04456403038994,1.04326048750969,1.04293624924306,1.05478628206331,0.125247029006386,0.0462903102905693,0.0784340913746328,1.05478758269906,0.125247760538693,0.0462882872797672,0.0784006960660837,0.0105582713581762,0.0562261105743743,0.05635907022593,0,0.0467112235350407,0.0462535209941863,0.0624311964213682,0.0817266784913325,0.098903768225809,0.133257947694762,0.149773761941899,0.154809889916422,1.43833557238055,1.43780013610822,1.4567721763489,1.47957993691673,1.50004357199906,1.54140083818765,1.56148012160106,0.00614936094875481,0.0108678720531425,4.36614307733595e-06,0.0241431120015173,0.0239817954871673,0.0324821278459072,0.0426484193513577,0.0517363546328671,0.0699122251958854,0.0786707236905714,0.0813476467824655,0.000174722922925574,0.0161465373393789,0.0159830897992917,0.0218058787777892,0.0287636869978644,0.0349623859860016,0.0473597839622758,0.0533387312682017,0.0550769886254395,0.000132739501275906,0.0121991549940253,0.0120917853491109,0.0165069176983586,0.0217584475106264,0.0264636539857608,0.0358740669360297,0.0404303938448331,0.0417462589951301,0.000107424474777145,0.009819497662137,0.00969251171471769,0.0132755341322891,0.0175120638990375,0.0213040284829887,0.028887957650891,0.0325712851658439,0.0334874619537389
5.1,1.05316719573179,1.0363921518236,1.03634482480303,1.05719135721569,1.03990379361894,1.04007662904612,1.03410180763651,1.02697620723822,1.02063527484969,1.00795341007265,1.00185819928781,0.999999800685526,0.546697837796599,0.546895137307509,0.540044930204386,0.531806930266441,0.524417630261209,0.509475064269931,0.502220312620234,1.05487696888734,1.05315334767954,1.05718973471085,1.04824381206957,1.04830778531648,1.0451589182831,1.0413976155262,1.03803572641541,1.03131194819383,1.02807247740483,1.02709011549178,1.05725446401757,1.05120189512167,1.05125916737148,1.04910533174592,1.04653038103014,1.04423530680902,1.03964515836679,1.03743144979498,1.0367621048684,1.05723929232802,1.05266475229813,1.05269532069266,1.05106393052635,1.04912361143801,1.04738053053642,1.04389436873324,1.04220626688858,1.04172295145356,1.0572301412582,1.05354714936009,1.05361188741712,1.05227283401818,1.05069628668236,1.04929108923738,1.0464806943474,1.04511596469016,1.04476716652219,1.05719002561501,0.131492449296578,0.0509889460909277,0.0881803475322664,1.05719135721569,0.131493230043422,0.0509863541835426,0.0881393988316165,0.011097462935355,0.0573581382970999,0.0574886524076343,0,0.0476740550857672,0.0471974254189968,0.0636742391362892,0.0833245654535972,0.100811006402527,0.135783888300387,0.152592700779345,0.157717621757413,1.40779214083616,1.40724804636624,1.42613891834802,1.44885691794583,1.46923445081928,1.51044168688838,1.53044817466473,0.0063824075635651,0.011135651821952,4.47439482715733e-06,0.0246747182037167,0.0244982986590994,0.0331819549514935,0.0435545302321698,0.0528256392443215,0.0713678572686261,0.0803013722766286,0.0830104397339745,0.000174030142083202,0.0165171884520455,0.0163592483017668,0.0222988983678007,0.0293998609516864,0.0357290058442575,0.048387295629399,0.0544920578074682,0.0563379157690501,0.000132191050121494,0.0124830552890487,0.0123987565782127,0.0168976545414781,0.0222484883118558,0.0270553967264715,0.0366692135557036,0.0413245057767447,0.0426573486926305,0.000106955070253174,0.0100496617166269,0.00987113304890175,0.013563851525205,0.0179115089676298,0.0217866334190171,0.0295368823217927,0.0333004084249532,0.0342622919767205
5.2,1.05524896437252,1.03787661633283,1.03782916184764,1.05956871676815,1.04153068559738,1.04171454863953,1.03549312744372,1.02807415435444,1.02147458793892,1.00827545510789,1.00193328710429,0.999999796700334,0.547607406106936,0.547812416849362,0.540831185262743,0.532433709249311,0.52490168917215,0.509663950143753,0.502264530684016,1.05711432103822,1.05533842747244,1.0595670168084,1.05021990477057,1.05028998682986,1.04700630884799,1.04307935701497,1.03957315847204,1.03256076138616,1.02918271351294,1.02814561125371,1.0596330553459,1.05330545592796,1.05337238855307,1.05112069593445,1.04842897670417,1.04603328247172,1.04124189400682,1.03893129053326,1.03821368004008,1.0596175792932,1.05483345398895,1.054868598118,1.05316346885677,1.05113535886938,1.04931488440866,1.04567393548723,1.04391060722465,1.04339867983986,1.05960824181994,1.05575616916117,1.05581942939571,1.05442405617249,1.05277743852013,1.05130937327469,1.04837324278382,1.04694777768854,1.04658454423121,1.05956735480643,0.137734092798951,0.0559090654038982,0.0986475376595809,1.05956871676815,0.13773492101406,0.055905817948921,0.0985977632117366,0.0116395669315539,0.0584493350031828,0.0585772010487456,0,0.0486034503593558,0.0481080316433516,0.0648716425603351,0.0848620554190695,0.102644578114209,0.138209623504488,0.155298586530194,0.160508373783536,1.37947905251218,1.37892665134665,1.39773757032418,1.42036455797593,1.44065957578914,1.48171764279458,1.5016553684252,0.00661336594290071,0.0113985087309614,4.58053920321756e-06,0.0251903611620172,0.0250015251489451,0.0338493909873483,0.0444305573393046,0.0538780045256654,0.0727728988983864,0.0818750442801809,0.0846695149015435,0.000173360209907696,0.0168763477816288,0.0166959979146534,0.0227631806009277,0.0300160143914682,0.0364712092295734,0.0493815989057849,0.0556075168102623,0.0575411173042586,0.000131660007031086,0.0127591590927044,0.0126644632849695,0.0172589317510693,0.0227236713427775,0.0276289372913908,0.037439469188618,0.0421907547843854,0.0435701424236785,0.000106500198098339,0.01027290432111,0.010102449705519,0.0138622809501444,0.0182990899660273,0.0222547897652723,0.0301661893637617,0.0340071031165788,0.0349858351713731
5.3,1.05729902285015,1.03934280950518,1.03929536680021,1.06192026398838,1.04313749094372,1.04333254787144,1.03686734370552,1.02915840294005,1.02230338733621,1.00859335612854,1.00200739732071,0.999999792842355,0.548485427794858,0.548699277976695,0.54159169233475,0.533040211874843,0.525369699771529,0.509846328301665,0.5023078364966,1.0593240494023,1.05749759513416,1.06191848643518,1.05217257540692,1.05224666945271,1.04882680642435,1.04474006928495,1.04109080932589,1.03379228940776,1.03027701565255,1.02921063551141,1.06198579717295,1.0553847711963,1.05545002927794,1.05310940813469,1.05030454130628,1.04780888625268,1.04281757614549,1.04041084087473,1.03962790746002,1.0619700253463,1.05697728456628,1.05701705234521,1.05523882341409,1.05312302991616,1.05122564729931,1.0474308820656,1.04559298886517,1.04509246946428,1.0619605066671,1.05793993540672,1.05800241387763,1.05655272266579,1.05483406916257,1.05330349044697,1.05024233301577,1.04875646311311,1.04838056084275,1.06191887222823,0.143971751926929,0.0610498215811458,0.109857686370419,1.06192026398838,0.143972625621717,0.0610458249203715,0.109797666476657,0.0121791973648649,0.059502472587426,0.0596275069775392,0,0.049501658348467,0.0489875893464388,0.0660265178908944,0.086343291729001,0.104409561261605,0.140542100326812,0.157899275544089,0.163190280804605,1.35314821645484,1.35258461817178,1.37131653146773,1.39385380341866,1.4140692992133,1.45498086371395,1.47484842240243,0.00684227654425039,0.0116558637049749,4.68470928252897e-06,0.025689856801209,0.0254945832848007,0.0345075703887638,0.0452780921404724,0.054895650702707,0.0741307678271767,0.0833952081746175,0.0862056337327028,0.000172711521646987,0.0172241729462974,0.0170521864534588,0.023220851105943,0.0306130268577916,0.0371902805745353,0.050344788008024,0.0566876952467623,0.0587511020883506,0.000131145158011944,0.0130271327878182,0.0129223255263442,0.017608815684325,0.0231849511474776,0.0281854686872703,0.0381865037668558,0.0430302380265754,0.0443493478470894,0.000106058851286586,0.0104900839240089,0.0103254230449303,0.0141460579910358,0.0186755381872357,0.0227093506852627,0.0307769756813167,0.0346929589121704,0.0356836425410084
5.4,1.05931797188477,1.04079117134072,1.0407438744916,1.06424658079079,1.04472469419506,1.0449311031986,1.03822486803597,1.03022928542756,1.02312192876753,1.00890721544747,1.00208055423488,0.999999789103368,0.549336489591692,0.549558024242166,0.542328410629437,0.533627696900671,0.525823922613334,0.51002376658148,0.502349714473273,1.06150682033262,1.05963217564886,1.064244725511,1.05410203841558,1.05418410936675,1.05063046154802,1.04638022664695,1.04258915929085,1.03500702457865,1.03135563427896,1.03023493621875,1.06431327389442,1.05744005054489,1.05751946812571,1.05507588507975,1.05215749989981,1.04956261764275,1.04437285312861,1.04187075700248,1.04106837239744,1.0642972143018,1.05909658181692,1.05912339688836,1.05728154741865,1.05508714005815,1.05311335832044,1.04916579484501,1.04725389139062,1.04671086828516,1.06428751926697,1.06009920262665,1.06016071566804,1.0586562026504,1.05686678021984,1.05527403849872,1.05208855505647,1.05054275229992,1.050139066495,1.06424515975859,0.15020523035545,0.0664103598449105,0.121832700621123,1.06424658079079,0.150206147308899,0.0664055131237565,0.121760858261427,0.012716877975057,0.0605200342569513,0.0606420703669977,0,0.050370693722008,0.0498381138072692,0.0671416523637587,0.087771986461962,0.106110505320777,0.142787543038407,0.160401806874899,0.165770631380311,1.32857950849049,1.3280079011321,1.34666186939636,1.36911159443935,1.38924702154449,1.430014844692,1.44981556049136,0.00706917511448229,0.011906164241553,4.78702351748719e-06,0.0261751155261564,0.0259633547045412,0.0351325354082305,0.0460990615889054,0.0558808360981141,0.0754443851165316,0.0848657625814083,0.0877574061973661,0.000172082645785253,0.0175623215842779,0.0173574070326014,0.0236623803039398,0.0311924458711486,0.0378878038620122,0.0512785198437382,0.057734469529457,0.0598047955191865,0.00013064542007483,0.0132881122789854,0.013218923589442,0.0179712939644029,0.0236333400230657,0.028726124211574,0.038911692588591,0.0438448174100353,0.04524593458154,0.000105630131348234,0.0107011335318929,0.0105424165681218,0.0144243858665594,0.0190414831305456,0.0231511015846572,0.0313703384928794,0.03535884425656,0.0364004410274315
5.5,1.06130565552066,1.04222212619747,1.0421751043395,1.06654822931933,1.04629276264271,1.04651067422333,1.03956609742288,1.03128712236603,1.02393045880237,1.00921713167505,1.00215278126074,0.999999785475981,0.550160442830302,0.550390086384592,0.543041351278146,0.534197004016697,0.526263856715115,0.510196120335936,0.502389528940601,1.06366327646498,1.06174199242732,1.06654629618532,1.05600910245551,1.05609546280975,1.05240490054982,1.04800030458382,1.04406865378427,1.03620535218518,1.03241919765823,1.03126678273705,1.0666160498761,1.05947236512455,1.05955346270062,1.05701491284548,1.05398854505315,1.05129505906218,1.04590808708024,1.04331144917873,1.04246634100615,1.06659971000553,1.06119210840286,1.06121845417337,1.05930704488497,1.05702825192496,1.05497856880899,1.05087920257704,1.04889400970702,1.04831478638604,1.06658984315469,1.06223421727458,1.06230930242284,1.06073969888182,1.05887600174924,1.0572214909124,1.05391246923871,1.05230715225353,1.05188295433543,1.06654677950945,0.156434342409976,0.0719898183016544,0.134594369168828,1.06654822931933,0.156435300177657,0.0719840132863526,0.134508959803966,0.0132549218870872,0.0615042551769521,0.0616231416396698,0,0.051212369896101,0.0506614189528462,0.0682195548158498,0.0891514809837647,0.107751505443246,0.144951554362208,0.162812516652987,0.168255986224648,1.30559531180923,1.3050146986427,1.32359467739847,1.34595604732759,1.36601360909771,1.4066380425892,1.42637563010315,0.00729409374114022,0.0121517210860352,4.88758791197841e-06,0.0266463208154376,0.0264279739130303,0.0357589087464481,0.0468951516904037,0.0568356363142937,0.0767166055620738,0.0862892285587788,0.0892029061431798,0.000171472299089296,0.0178900728510792,0.0176850319537521,0.0241033068943829,0.0317549433289571,0.0385649469236287,0.052184954112972,0.0587500944191102,0.0608868011673454,0.000130159822353992,0.0135420057193275,0.0134753950918766,0.0183080558773999,0.0240695813879001,0.0292518431239942,0.039616366596183,0.0446355761358939,0.0461000399984362,0.000105213232717218,0.0109072174983094,0.0107173779627689,0.0146858432870284,0.0193978723136511,0.023581010738758,0.0319472875889725,0.0360060480489511,0.0370785575614614
5.6,1.06326431316439,1.04363608352284,1.04358946106757,1.0688257528407,1.04784214713936,1.04807170447843,1.04089141491145,1.0323322229792,1.02472921528439,1.00952319989477,1.00222410097049,0.999999781953512,0.550959716966323,0.551197409435953,0.543734288517762,0.534748838529467,0.526690918415839,0.510362094209528,0.502429092066516,1.06579403782804,1.06382867692733,1.06882374173039,1.05789409519978,1.05799471375808,1.05416570271714,1.04960082172188,1.04552982405635,1.0373878287253,1.03346810920663,1.032255131917,1.06889467038346,1.06148145832501,1.06157419136281,1.05893423158042,1.05579803094431,1.05300666368217,1.0474239291579,1.0447332547522,1.04387179964588,1.06887805725564,1.06326431069947,1.06330025544993,1.06131443534764,1.05894693134608,1.05682182746005,1.05257161968799,1.0505136873833,1.04990895425649,1.06886802284898,1.06434570827399,1.06441637565492,1.06279332639694,1.06086231706727,1.05914638929674,1.05571453375568,1.05405014165081,1.0536014526264,1.06882427471914,0.162658912493296,0.0777873288824189,0.148164362155609,1.0688257528407,0.162659908415672,0.077780449783435,0.148063463318051,0.0137894507851741,0.0624571559829688,0.0625727551964693,0,0.0520283262887033,0.051459144599466,0.0692624932591545,0.09048479589658,0.109336263597186,0.1470391989984,0.165137132492343,0.170652275944447,1.28403590268482,1.28344655014254,1.30195117207407,1.32423037091604,1.34420978259805,1.38469669441904,1.40436637511263,0.00751706165937806,0.0123901249294571,4.98649778912501e-06,0.0271047721117671,0.0268552909093323,0.0363492281590228,0.0476677365827467,0.0577616736246981,0.0779495477086007,0.0876683943634739,0.0906759412600206,0.000170879326102262,0.0182099948341135,0.0179800655828329,0.0245257799324898,0.0323019110857871,0.0392230365002198,0.0530652873290847,0.0597367473207081,0.0618727037427194,0.000129687490584921,0.0137894568968774,0.0137003327858024,0.0186241241352589,0.0244942911807194,0.0297634331934557,0.0403017172189272,0.0454043089732919,0.0469037296585228,0.000104807429874385,0.0111081586178397,0.0109329406116837,0.0149572507125706,0.019745140120152,0.0239997401733368,0.0325089402797073,0.0366357589369514,0.0377482721673552
5.70000000000001,1.06519382423284,1.04503343854286,1.04498733538315,1.07107967658742,1.04937328285964,1.04961462216694,1.0422011902485,1.03336488569127,1.02551842773704,1.00982551182858,1.00229453513426,0.9999997785299,0.551735228342755,0.55198032872134,0.544406358100137,0.53528545554745,0.527105784888085,0.510524802862417,0.502467371474717,1.06789970288929,1.06589143680623,1.07107758738428,1.05975741514162,1.05985906638392,1.05590227121967,1.05118215785793,1.04697303122517,1.03855477795964,1.03450265534504,1.03327710995019,1.0711496624546,1.06346797388253,1.06355644575712,1.06082767305813,1.05758643874959,1.0546979033083,1.04892083242573,1.04613676123481,1.04526332265266,1.07113278266851,1.0653138205436,1.06534362733082,1.06329321352416,1.06084364125583,1.05864358563656,1.05424347439802,1.05211348682797,1.0514863917505,1.07112258471394,1.06643428211221,1.06651629271717,1.06483230538468,1.0628263371657,1.06104928937663,1.05749519379847,1.05577199537773,1.05530551898066,1.07107817059484,0.168878774547452,0.0838020182153145,0.162564230808101,1.07107967658742,0.168879805757561,0.0837939415168543,0.162445731490788,0.014322555153749,0.0633805706407858,0.0634927574589113,0,0.052820050967295,0.0522327790937813,0.0702725261234067,0.0917746725844221,0.110868139433536,0.149055073131763,0.167380852061977,0.172964882385948,1.26376590095469,1.26316947694012,1.2815998767225,1.3037945601758,1.32369886240774,1.36404680443197,1.38365365123947,0.00773810587407381,0.0126249939584552,5.08383926239261e-06,0.0275514410238904,0.0273040842373989,0.0369324971770999,0.0484183585074012,0.058660791500121,0.0791456574855606,0.0890060389802097,0.0919882649100783,0.000170302682130715,0.0185222165350294,0.0183069302473221,0.0249470895868533,0.0328342662188076,0.0398631900991634,0.0539210378598751,0.0606957598171649,0.0628211736931118,0.000129227634244137,0.014030557720666,0.0139580262794731,0.0189474760761407,0.0249082327860747,0.0302618189873636,0.0409689913899403,0.0461520749283973,0.0476780397832171,0.000104412066685047,0.0113040413816059,0.0111044778618347,0.0152022703300622,0.0200835668224185,0.0244078113730165,0.0330563004742124,0.0372495086851926,0.0383846261707182
5.80000000000001,1.06709529958419,1.04641457291204,1.04636910461633,1.073310508554,1.05088659001723,1.05113984085982,1.04349578048993,1.03438539862256,1.02629831774594,1.01012415599271,1.00236410475752,0.999999775199625,0.552488654784529,0.552742138892589,0.545059002782967,0.535806785759649,0.527508827822409,0.510682330851969,0.50250388330822,1.06998084954124,1.06793188578866,1.073308341147,1.06160005758155,1.06170460717442,1.05761910641655,1.05274490610134,1.04839878188005,1.03970653343747,1.0355233122538,1.0342458965352,1.07338153572158,1.0654324234038,1.06551070123108,1.06269833226974,1.05935421173035,1.05636922477208,1.05039925085555,1.0475225016542,1.04662743710716,1.07336439549404,1.06734101376002,1.06738082070962,1.06525515333381,1.06271893762086,1.0604443875858,1.05589528751568,1.05369371354965,1.053053321455,1.07335403777076,1.06850039057516,1.06858050174029,1.06684189133756,1.06476854934969,1.06293069170257,1.05925497640833,1.05747324469244,1.05697619039106,1.07330897510836,0.175093771548316,0.0900330084351297,0.177815407243082,1.073310508554,0.175094834978921,0.0900236027305899,0.177676997094879,0.0148531671216873,0.064276169783615,0.0643848303609472,0,0.0535888996118194,0.0529836782738268,0.0712515284319833,0.0930236080315094,0.112350192925186,0.151003362712539,0.169548408973878,0.175198706851993,1.24466515482237,1.24405937602427,1.26242060976704,1.28453164840805,1.30436218936157,1.34457431622463,1.36411925007211,0.00795725164108898,0.0128538852363837,5.17969044562366e-06,0.027985750150811,0.0277358965122575,0.0374994661407672,0.0491478776773538,0.0595342878051546,0.0803071080607562,0.0903042109176152,0.0933569914828817,0.000169741419047804,0.0188271248646997,0.0186400557482659,0.0253610825702828,0.0333528945090051,0.0404864455066542,0.0547535475019525,0.061628430850594,0.063767464850314,0.000128779535801227,0.0142659569835511,0.0141708259464548,0.0192507666099692,0.0253118397008539,0.0307475815981076,0.0416190653926156,0.0468804083670755,0.0484108236518289,0.000104026547497757,0.0114952669430558,0.01130381649789,0.0154587646254138,0.020413657565586,0.0248057877274379,0.0335900480511423,0.0378480479141684,0.0390359131400842
5.90000000000001,1.06896826307161,1.04777985532659,1.04773513332295,1.07551874024943,1.05238247454141,1.05264776015444,1.04477553057392,1.03539404005709,1.02706909931956,1.0104192178445,1.00243283011622,0.999999771957644,0.553221281638264,0.553482219166721,0.545694322770029,0.536314336690265,0.527901196599846,0.510835514057231,0.502539804193042,1.07203803603192,1.069949904704,1.07551649453299,1.0634221555432,1.06353373791116,1.05932034442312,1.05428943802454,1.04980747876866,1.04084356025691,1.03653040000794,1.03522182921295,1.07559078318387,1.06737564649924,1.06745868896697,1.06455495943224,1.06110190033482,1.05802113772885,1.0518596125169,1.04889107086339,1.04797739508697,1.07557338838423,1.06934625576821,1.06939211184723,1.06719612164348,1.06457325214292,1.06222469065714,1.0575275676856,1.05525488685357,1.05457137340264,1.07556287446333,1.07054440391233,1.07061317705387,1.06882552726483,1.06668938732297,1.06479106555649,1.06099442202352,1.05915447331342,1.05861511092415,1.07551717974825,0.181303755030549,0.0964794179346441,0.193939204370247,1.07551874024943,0.181304847420819,0.096468543767869,0.193778362706798,0.0153839631179103,0.0651454803979033,0.0652505111667843,0,0.0543361115039452,0.0537130814596118,0.0722012138864288,0.0942338842070575,0.113785220359868,0.152887892665488,0.171644128420808,0.177358227708414,1.22662893430918,1.22601611585262,1.2443061896412,1.26633532675293,1.28609380134085,1.32617299308375,1.34565567978322,0.00817452284054222,0.013078552648144,5.27412247864342e-06,0.0284091384370229,0.0281470843932213,0.0380423467171124,0.0498575590114699,0.0603835549071264,0.0814355466984392,0.091565113810962,0.0946383257771818,0.000169194673341354,0.0191242638540553,0.0189292364955736,0.0257487195429894,0.0338583171122219,0.0410935668533826,0.0555640663357041,0.0625357623010195,0.0646815532204671,0.000128342541683251,0.0144962376063901,0.014388543432479,0.0195458825674225,0.0257057586442963,0.0312214153356274,0.0422527287182889,0.0475901777543752,0.049195426568206,0.000103650329656888,0.0116823560587542,0.0115208405776213,0.0157191818092229,0.0207359610740302,0.0251942182740377,0.0341107326740531,0.0384318992588001,0.0396986056190333
6,1.07081488885432,1.04912964210342,1.04908577385418,1.0777048474088,1.0538613287159,1.05413876629644,1.0460407738621,1.03639107888398,1.02783097922967,1.01071077992105,1.00250073079004,0.999999768799332,0.553932967448189,0.554202976997894,0.546313079081403,0.536808379373796,0.528283786295633,0.51098516499503,0.502574819314167,1.0740718018434,1.07194525799432,1.07770252328273,1.06522401639414,1.06533904335053,1.06099480549679,1.05581612017306,1.0511994931457,1.04196623909097,1.03752425422996,1.03616631175298,1.07777788193776,1.06929783086538,1.069388539847,1.06639100830875,1.06282988986117,1.05965405084572,1.05330237281483,1.0502427967727,1.0493059646325,1.07776023811833,1.07133028172474,1.07137788293683,1.06911375429858,1.06640712333109,1.06398499362863,1.0591407342237,1.05679750350996,1.05607134780585,1.07774957138094,1.07256667456688,1.07262678731236,1.07079136383676,1.06858930867563,1.06663089310034,1.06271406194976,1.06081618111513,1.06024938988234,1.07770326023114,0.187508584640851,0.103140362061868,0.21095681588409,1.0777048474088,0.187509702542643,0.103127871774074,0.210770800522618,0.0159112660305635,0.0659899025366754,0.0660912092975975,0,0.0550628230964897,0.0544221250261206,0.07312315361975,0.0954075930248123,0.115175784918987,0.154712168707336,0.173671974461536,0.179447549343714,1.20956804826688,1.20894450405508,1.22716497137874,1.2491145672134,1.2688007623039,1.30874918337196,1.32817154222639,0.00838994226674383,0.013300857860906,5.36720038198464e-06,0.0288224988563527,0.0285568623522471,0.0385891903618344,0.0505485423989787,0.0612099099842012,0.0825326451546467,0.0927907043676882,0.0959266570493466,0.000168661656002681,0.0194146707397406,0.0192051927397825,0.0261275161997734,0.0343513542008007,0.0416854504867881,0.056353643058763,0.0634192484556658,0.0655827136334048,0.000127916054625526,0.0147210479753191,0.0146111205290326,0.0198397663627748,0.0260903011126941,0.0316838253337318,0.0428708737758075,0.0482821933015463,0.0499591346788049,0.000103282917162293,0.0118657948886741,0.011726974041261,0.0159655933258454,0.0210508903135643,0.0255735403368482,0.0346188403834156,0.0390016950283772,0.0403106094459946
6.1,1.07263564200628,1.05046427772714,1.05042136689452,1.07986929066674,1.0553235317824,1.0556132327674,1.04729183265099,1.03737677501437,1.02858415733292,1.01099892197003,1.00256782569372,0.99999976572044,0.554627452216872,0.554903937481037,0.546915288256065,0.537289093757582,0.52865638226008,0.511130964349619,0.50260922091301,1.07608266852183,1.07392107357428,1.07986688803614,1.06700607989953,1.0671228363605,1.0626556894954,1.05732537738174,1.05257522395386,1.0430749170981,1.03850515933227,1.03710018442016,1.07994329386486,1.07119950531189,1.07129052998109,1.06820747465666,1.06453869117724,1.06126843200078,1.05472791364788,1.05157795025317,1.05059922914234,1.07992540628777,1.07329372835911,1.07334880090598,1.07101389618717,1.06822101523862,1.06572574327276,1.06073519934104,1.05832209656395,1.0575869895038,1.07991458994107,1.07456766861529,1.07463418207572,1.07273970013601,1.07046872902176,1.06845058622426,1.06441430062928,1.06245881183033,1.06186452599445,1.0798676771749,0.193708127717573,0.110014953767095,0.22888931633747,1.07986929066674,0.193709267501346,0.110000691349328,0.228675152263902,0.0164354731700498,0.0668107235945015,0.0669082207043715,0,0.0557700795985868,0.0551118539935172,0.0740187922165605,0.0965466576708092,0.11652424281229,0.156479413095251,0.17563559044747,0.181470444028429,1.1933947235806,1.19276652523224,1.21091742475265,1.23278896826212,1.25240323277257,1.29222249264839,1.311584628161,0.00860353185357737,0.0135148618659307,5.45898378581227e-06,0.0292263234459677,0.0289610427043083,0.0391107853714261,0.0512217138729588,0.0620144718409023,0.0835999877767896,0.0939828712536283,0.0971750953380975,0.000168141643907515,0.019698499509475,0.0194916836163114,0.0264966510186382,0.0348324432686026,0.0422627539564152,0.0571233753320403,0.06428036363635,0.0665041023487285,0.000127499527157505,0.0149402442609247,0.0148151146881684,0.0201202194370881,0.026465885649476,0.0321353586045339,0.0434743045146496,0.0489570819912708,0.0506273085852598,0.000102923855278305,0.0120457422076217,0.0118946178932243,0.0161990441313209,0.0213588862207348,0.0259442805851077,0.0351150693138535,0.039558108393859,0.0409083770299796
6.19999999999999,1.07443054270271,1.05178409536722,1.05174224197065,1.08201251619506,1.05676945051112,1.05707152084057,1.04852901865541,1.03835137977557,1.02932882687482,1.01128372107333,1.00263413310665,0.999999762717048,0.555302706905358,0.55558675477057,0.547501884818419,0.53775769588632,0.529019251065907,0.511272953841661,0.502642931351521,1.07807114046209,1.07587482560115,1.08201003497022,1.06876891397426,1.0688926539324,1.06429882580163,1.05881765980675,1.05393508452549,1.04416993396296,1.03947346228669,1.03805297508927,1.08208746628274,1.07308121427713,1.07316537149526,1.07000077169798,1.06622873410679,1.06286468640273,1.05613659099462,1.0528969280528,1.0519062521811,1.08206933994376,1.07523661321726,1.07529794745896,1.07289342026074,1.07001533764862,1.06744738480038,1.06231147910389,1.05982889612779,1.05906417920982,1.08205837703513,1.07654799744345,1.07661881269197,1.074666980077,1.07232817219134,1.07025063226004,1.06609555239744,1.06408275785566,1.06345374741441,1.0820108767361,0.199902258894919,0.117102304203358,0.247757661290006,1.08201251619506,0.199903416755334,0.117086105154352,0.247512129166639,0.0169579032502588,0.067609130567879,0.067702740213228,0,0.056458844922092,0.0557832319795325,0.074889461474689,0.0976528509292295,0.117832765738415,0.158192595356787,0.177538333777207,0.183430387902327,1.17804342047695,1.1774081167237,1.19549080226431,1.21728473405917,1.23682921043749,1.27652072237467,1.29582270049197,0.00881531284961834,0.0137276084355209,5.54952755003356e-06,0.0296207478662136,0.0293439900747853,0.0396185832356046,0.0518778034417278,0.0627982108152506,0.0846390255622958,0.0951431921073491,0.0983202652646588,0.000167633972445329,0.0199758221228145,0.019787595407913,0.0268655649157627,0.0353021347075554,0.0428261910171881,0.0578743036364544,0.0651201599806129,0.0673359136497093,0.00012709245602929,0.0151550394164062,0.0150178587552234,0.0203958437391009,0.0268329865927148,0.032576490707532,0.0440634989371664,0.0496160641053105,0.0513264361505097,0.000102572725907232,0.012221986847156,0.0120636008894421,0.0164290855061726,0.0216600821439185,0.0263067247613121,0.0356000099960988,0.0401018425515175,0.0415086923930439
6.30000000000001,1.07620058235511,1.05308941736726,1.05304871793276,1.08413495630694,1.05819943974056,1.05851398010664,1.04975263346585,1.03931513628375,1.03006517477714,1.01156525176391,1.00269967070086,0.999999759785536,0.555961066759314,0.556252444157754,0.548073732445127,0.538214856254228,0.529373272596238,0.511411307392488,0.502675376469579,1.08003770565008,1.07780756285618,1.08413239640322,1.07051303821122,1.07063585982404,1.0659171993923,1.06029333124265,1.05527941699776,1.04525158850798,1.0404295527419,1.03894998486567,1.08421083256014,1.07494310342547,1.0750384821327,1.07177882940662,1.06790036507721,1.06444319523696,1.05752885555645,1.05420008438394,1.05317062892265,1.08419247220985,1.07715947883041,1.07720272825304,1.07474272794656,1.07179056320283,1.0691503683881,1.06386997875864,1.06131830994204,1.0605521829484,1.08418136563954,1.07850786895987,1.07858272408501,1.07657516211596,1.0741680017813,1.07203143142281,1.06775829070585,1.06568844680898,1.06501190900933,1.08413329121395,0.206090859730083,0.124401523283591,0.267582687524993,1.08413495630694,0.20609203169131,0.124383214472893,0.267302312046727,0.0174776108337287,0.0683862206401282,0.0684758721843656,0,0.0571300102655852,0.0564371497899825,0.0757363922880966,0.0987278110105356,0.11910336028779,0.159854458842297,0.179383305929107,0.185330592072947,1.16344625928859,1.16280442153219,1.18082025256088,1.20253710159883,1.22201308789168,1.26157918844935,1.28082244593481,0.00902530595400855,0.0139378003854635,5.63888230025688e-06,0.0300059695612073,0.0297354216435274,0.0401295511845796,0.0525176462626106,0.0635621524149384,0.0856511647195941,0.0962730064751748,0.0995321560564567,0.000167138029163157,0.0202475492683445,0.0200374517941316,0.0272177211065519,0.0357610908283929,0.0433764451614447,0.0586071538275479,0.0659396752666555,0.0682073301607078,0.000126694377403705,0.0153653812454976,0.0152701126607226,0.0206889306126529,0.0271918742375979,0.0330076194718412,0.0446391099403286,0.0502598526509589,0.051947455166964,0.000102229143618488,0.0123951862335327,0.0122302975159159,0.016652497305414,0.0219549208865408,0.0266612966473943,0.0360740481691019,0.0406334407986535,0.0421236988137675
6.39999999999999,1.07794631136144,1.05438055570811,1.05434110341026,1.08623703002967,1.05961384288833,1.05994094897158,1.05096296898144,1.04026827979677,1.03079338190996,1.01184358613634,1.00276445556747,0.999999756922548,0.556603359641116,0.556903057283293,0.548632742346195,0.538661412933454,0.529720130018669,0.511546794401798,0.502707487429997,1.08198283636527,1.0797213130645,1.08623439136743,1.07223882202816,1.07236909079397,1.06752980255929,1.06175276608813,1.05660857063524,1.04632017972948,1.04137364931086,1.03986752175524,1.08631381269934,1.07678536739313,1.07690122132707,1.07354495352893,1.06955390509937,1.06600430485872,1.05890510437741,1.05548776594922,1.05444294893436,1.0862952228621,1.07906281342254,1.07911017273126,1.07657988790271,1.07354708941159,1.07083505582717,1.06541098865833,1.06279061191603,1.06198693916159,1.08628397539446,1.08044753831582,1.08052255917474,1.0784604864489,1.07598859828905,1.07379337678427,1.06940293377472,1.06727620928717,1.06659548291724,1.08623533962299,0.212273818351801,0.131911720197555,0.288385113328981,1.08623703002967,0.21227500027258,0.131891119733787,0.288066151435968,0.0179946230401235,0.0691430103641288,0.0692286397596393,0,0.0577844015586603,0.0570744328698384,0.0765607249573089,0.0997730552884445,0.120337884785078,0.161467543778344,0.181173378538459,0.187174029618988,1.14954548928488,1.14889500935512,1.16684534703651,1.18848765829701,1.20789430107251,1.24733868905545,1.26652399774322,0.00923353142158343,0.0141420635913718,5.72709487750015e-06,0.0303824657794128,0.0300997234227514,0.0406031756625863,0.0531419672616565,0.0643072065760763,0.0866376852049145,0.0973739016659294,0.100642882160662,0.000166653248280463,0.0205143984560133,0.0202629428280665,0.0275475675109295,0.0362099543194282,0.0439141981648268,0.0593226858556241,0.0667398615284047,0.069007588740072,0.000126304862711308,0.0155713067370205,0.0154685155385794,0.0209603822266247,0.0275429316759806,0.0334292756681812,0.0452019636525824,0.0508893706902241,0.0526337053905477,0.000101892752204192,0.0125658251297078,0.012402995810501,0.0168786296931271,0.0222437491012144,0.0270083762763421,0.0365376306265971,0.0411535881804731,0.0426310734155255
6.49999999999999,1.07966912788796,1.05565781244645,1.0556196972434,1.08831914364804,1.06101299243504,1.06135275512824,1.05216030781999,1.04121103804814,1.03151362334925,1.01211879395147,1.00282850424172,0.999999754124968,0.557229832558315,0.557537511457658,0.549177990708816,0.539097865807728,0.53005767634578,0.511679208530433,0.502738749145674,1.08390698984613,1.08161454991874,1.08831642615245,1.07394639926191,1.07408436864731,1.06911965905194,1.06319624371902,1.0579228563427,1.04737608159007,1.04230607500402,1.04073889178647,1.08839681388784,1.07860878758152,1.07872880307609,1.07528551349314,1.07118983908789,1.06754845839219,1.06026569700077,1.05676050340727,1.05567704483286,1.0883779988787,1.08094688415338,1.0809943012481,1.07839470371265,1.07528526094644,1.0725018316662,1.06693497310573,1.06424630847194,1.06341196857374,1.08836661315235,1.08236794977142,1.08244286020535,1.08032801030469,1.07779048435359,1.07553690430094,1.07102974419564,1.06884646945554,1.06816359548793,1.08831742823623,0.218451029128949,0.139632003891361,0.310185538828729,1.08831914364804,0.218452216707406,0.139608920995493,0.309823967783102,0.0185071127472165,0.0698804436648589,0.0699619929220937,0,0.0584227859472826,0.0576958477954114,0.0773635181760742,0.100789992276003,0.121538063975157,0.163034207373466,0.182911216142208,0.188963459143434,1.13629038741717,1.13563209404083,1.15351767914296,1.17508457719551,1.19442648480228,1.23374807512234,1.25287660557073,0.00944000914389068,0.0143447914447847,5.81420874353063e-06,0.0307511579422446,0.0304559659978516,0.0410781940708723,0.0537516178490089,0.0650342764522096,0.0875995936586106,0.0984471095614484,0.101800171256049,0.000166179105907878,0.02077576035968,0.0205189816033148,0.027886060496629,0.0366489471891243,0.0444398512707157,0.0600216594338987,0.0675211848492277,0.0698392950758202,0.000125923515038733,0.0157732935353967,0.0156718424464515,0.0212338027966359,0.0278866008320816,0.0338418777867285,0.0457524316960224,0.0515049552632778,0.0532900644461642,0.000101563221696156,0.0127328572698592,0.0125725828975232,0.0170974030412861,0.0225265583374858,0.0273481981212802,0.0369914776888687,0.0416626959726252,0.0431237367222811
6.6,1.08136798922318,1.05692148013051,1.0568847888924,1.09038169121996,1.06239721038285,1.06274971600335,1.05334492370661,1.04214363156362,1.03222606862093,1.01239094273553,1.00289183272667,0.999999751389898,0.557842315712899,0.558157354509389,0.549710724237677,0.539523359308663,0.530387856334807,0.511808155338582,0.502769199272254,1.08581060892078,1.08349006394848,1.09037889482094,1.07563645129377,1.07577402634397,1.07068950887168,1.06462418698656,1.05922263055678,1.04841951769721,1.04322711271506,1.04164337224806,1.09046023102128,1.08041356602378,1.08053310343736,1.07700596724397,1.07280857175956,1.06907606833295,1.06161106147973,1.05801854546412,1.05690638611079,1.09044119496125,1.08281201657457,1.08286704346258,1.08019600528084,1.07700545736471,1.0741510666208,1.06844228513299,1.06568567211111,1.06484565229902,1.09042967349813,1.08426932451892,1.08435234238014,1.08217671433124,1.07957398560194,1.07726237815683,1.07263916326661,1.07039967984826,1.06973445092157,1.09037995110074,0.22462239235782,0.147561483512166,0.333004446380431,1.09038169121996,0.22462358113608,0.147535718395672,0.3325959517146,0.0190184676546872,0.0705993988431311,0.0706768155499942,0,0.059045877467885,0.0583021079552011,0.0781457568975038,0.101779932110778,0.122705501882933,0.164556641427242,0.184599296100813,0.190701445403924,1.12363187639749,1.12296716003975,1.14078913425978,1.16228397294628,1.18155943466886,1.22076168947568,1.23983344197437,0.00964475871124499,0.014540994410258,5.90026432063699e-06,0.0311117306404215,0.0308214540544874,0.0415495357151617,0.0543470664221462,0.0657440846818521,0.0885381212012639,0.0994938401986573,0.102835454649188,0.000165715115887305,0.0210322536388782,0.0207800355785882,0.0282221193785047,0.0370784172994713,0.0449538158555073,0.0607046129675788,0.0682846449750921,0.0706312464819707,0.000125549965983248,0.0159716410029321,0.0158555369770691,0.0214912961004457,0.0282231951986533,0.0342458192055573,0.0462910672193648,0.052107385044355,0.0538797855110303,0.000101240245752172,0.0128967929535416,0.0127216293516217,0.0173120974735275,0.0228037270137402,0.0276811049701958,0.0374358608831079,0.0421610606922771,0.0435646609921109
6.70000000000001,1.0830439837557,1.05817184219425,1.05813665882545,1.09242505506623,1.06376680869017,1.06413213918147,1.05451708184227,1.04306627396127,1.03293088193218,1.01266009787401,1.00295445651566,0.999999748714635,0.558440735917851,0.558762317364354,0.55023158724284,0.539938694854998,0.530710739229327,0.51193489615027,0.502798872917742,1.0876941226048,1.08534684944647,1.09242217969831,1.07730933167387,1.07746369027432,1.07224669095619,1.06603698223052,1.06050824895823,1.04945078241365,1.04413693204013,1.04253172589392,1.09250444719949,1.08220006823267,1.08232259431031,1.07870924273521,1.07441040144225,1.07058744066835,1.06294151912054,1.05926230358925,1.05813589801398,1.09248519402929,1.08465836203815,1.08472028220465,1.08198051568614,1.07870803197162,1.07578314119746,1.06993335964915,1.06710901739323,1.06624995866722,1.09247353924288,1.08615221634819,1.08623653696543,1.08400867463321,1.08133952653477,1.07897019668653,1.07423153699004,1.07193623725873,1.07125332509224,1.0924232905273,0.23078781396694,0.15569926882049,0.356862201006782,1.09242505506623,0.230788999335543,0.155670612568265,0.356402164350569,0.0195274208072171,0.0713006947297207,0.0713739316154867,0,0.0596543420316526,0.0588938785407398,0.0789083592469345,0.102744095771356,0.123841693118868,0.166036887813893,0.186239926116727,0.192390377454645,1.11152939353001,1.11085999703767,1.12861736731674,1.15004281376388,1.1692515125071,1.2083348726776,1.22735220708009,0.00984779945988318,0.0147338289116233,5.98529929264333e-06,0.0314645397862644,0.0311432304979629,0.0420028154711207,0.0549288013593439,0.066437284512815,0.0894542508197577,0.100515438707092,0.103856798650095,0.000165260826143459,0.0212840958178206,0.021029048371868,0.028550517338012,0.0374988858273165,0.0454566724478712,0.0613722456889811,0.0690308155411488,0.071375515303013,0.000125183872893268,0.0161669683578087,0.0160380767730884,0.0217411113145969,0.0285530376354746,0.0346414225407135,0.0468181923511905,0.0526972777892414,0.0544854745405087,0.000100923539377133,0.0130573958184669,0.0128818759741998,0.0175193426154409,0.0230753794890197,0.0280073216357332,0.0378712059291604,0.0426490486987493,0.0440705828506464
6.8,1.08469676452287,1.05940917333128,1.05937557888679,1.09444960623584,1.06512208968423,1.0655003228073,1.05567703925337,1.04397917223604,1.03362822239094,1.01292632270074,1.00301639061361,0.999999746096653,0.559025520070505,0.559354666350643,0.550740070374282,0.540345547880845,0.531026452818725,0.51205895230423,0.502827802875904,1.08955794666859,1.08718429921561,1.09444665183801,1.07896514719762,1.07913255378308,1.07379407484558,1.06743481726878,1.06177994137626,1.05047018959123,1.04503589184253,1.04335998555156,1.0945298341974,1.08396902182656,1.0840993290518,1.08039703108242,1.07599576323344,1.07208293003365,1.06425726363408,1.06049202262784,1.05933503315796,1.09451036768989,1.08648649097485,1.08655500295022,1.08374687789551,1.08039336291535,1.0773984229988,1.0714085431657,1.06851685147555,1.06763993073054,1.09449858189263,1.08801665698717,1.08809852842747,1.08581900044525,1.08308737993093,1.08066066056295,1.07580722182699,1.07345634077929,1.07276632911398,1.09444781755557,0.236947205238273,0.164044470572376,0.381779050877552,1.09444960623584,0.236948382440408,0.164012705030288,0.38126253767129,0.0200356899128062,0.0719850961133351,0.0720541106521236,0,0.0602488018194215,0.0594717809478016,0.079652182619888,0.103683623209018,0.124948032855255,0.167476852147731,0.187835259696849,0.194032484659344,1.09994515218995,1.09926897256981,1.11696631440988,1.1383202372561,1.15746486242564,1.19643062952345,1.2153945841254,0.0100491505073973,0.0149254384376059,6.0693488691791e-06,0.0318104024332403,0.031466491752206,0.0424335628629271,0.0554976642432532,0.0671147234770957,0.0903488419447802,0.101512757836295,0.104955645535795,0.000164815815471661,0.0215307236095147,0.0212630277691588,0.0288688206511048,0.0379105379721356,0.0459488425995169,0.0620254518542793,0.0697605513738026,0.072137405518777,0.000124824916446205,0.0163589764711365,0.0162182293192638,0.0219870836171526,0.0288763563273891,0.0350289925785923,0.0473342650809993,0.0532747939783571,0.0550762906746392,0.000100612836912429,0.0132154894095929,0.0130472973237486,0.0177302315026736,0.0233419191722909,0.0283272350620778,0.0382978668416522,0.0431273847483154,0.0445449059354052
6.9,1.08632851190284,1.06063373984995,1.06060181264624,1.09645570494832,1.06646334645254,1.0668545559676,1.05682504512373,1.04488252703001,1.03431824421412,1.01318967858233,1.00307764955718,0.999999743533591,0.559596312303687,0.559933153289291,0.551238403306487,0.540743808466259,0.531335415744335,0.512180089781697,0.502856575388698,1.09140248417582,1.08900312385781,1.09645267146395,1.08060420424564,1.08077121073621,1.07531956785239,1.06881798566323,1.06303799129637,1.05147800256263,1.04592423804443,1.04424327763403,1.09653675291229,1.0857207828231,1.08583836324096,1.08206164459389,1.07756507319133,1.07356293220768,1.06555865024037,1.06170793692118,1.06053264142681,1.09651707668375,1.08829700538389,1.08835713056002,1.08548833818358,1.08206186098833,1.07899728000462,1.0728681180372,1.06990951948164,1.06899787146758,1.09650516209379,1.08986333386898,1.08993954036053,1.08761006925529,1.0848180318032,1.08233420386564,1.07736654799053,1.07496036624363,1.07425317570095,1.09645389239645,0.243100482543779,0.172596200873458,0.407775127829824,1.09645570494832,0.243101646679363,0.172561098540421,0.40719687493031,0.0205397492929446,0.0726533185451028,0.0727180725946005,0,0.0608298391707127,0.0600363966714584,0.0803780290802442,0.10459958054764,0.126025825660546,0.168878315886359,0.189387309848149,0.195629850874844,1.0888463645316,1.08816319108316,1.10579769098946,1.12708259648906,1.14616449083925,1.18501489994374,1.2039246459416,0.0102488307789716,0.0151151603901444,6.15244601555996e-06,0.03214966367163,0.0318109447955202,0.0428678465021887,0.0560542119218002,0.0677770688552987,0.0912227827222959,0.102486805272621,0.105896092055836,0.000164379690708665,0.021772331991809,0.0215338579848694,0.0291937153424184,0.0383135621619279,0.046430616124468,0.0626647240495493,0.0704746557670509,0.0728583641343293,0.000124472798506678,0.0165472942855206,0.0164253497310594,0.0222437710765272,0.0291932764559932,0.0354087919310719,0.0478398228812306,0.0538403871359955,0.0556893715058966,0.000100307890265652,0.0133705014417742,0.0132159411185077,0.0179405229717191,0.0236032716746346,0.0286409166464571,0.0387162065901019,0.0435963712727093,0.0450306795142742
7,1.08794083049101,1.06184580001044,1.06181561573119,1.09844370101453,1.06779086321485,1.06819511905413,1.05796134110979,1.04577653288887,1.03500109692539,1.01345022499842,1.00313824743395,0.999999741023234,0.560154843830851,0.56049952481379,0.551725446996865,0.54113333870043,0.531638502303079,0.512298241392936,0.502884276275859,1.09322812599481,1.09080382067241,1.09844058839122,1.08222725250066,1.08240095322561,1.07682960903444,1.07018690838573,1.06428274581875,1.05247442068478,1.04680227709876,1.04508677115765,1.09852555378892,1.08745559246083,1.08758423363884,1.08371965620033,1.07911863200064,1.07502774791911,1.06684597975606,1.06291028797168,1.06171296984099,1.09850567130932,1.0900902127038,1.09014513324095,1.08721642775388,1.08371388259347,1.08058004918389,1.07431238236471,1.07128721224627,1.07036503533953,1.09849363005662,1.09169227406564,1.09176728288439,1.08938880885609,1.08653173389565,1.08399112549234,1.07890990868572,1.07644862364579,1.07573744479042,1.09844186485273,0.24924756709637,0.181353573506853,0.434870447924215,1.09844370101453,0.249248713125969,0.181314897431296,0.434224851110259,0.0210373750386018,0.0733060326054646,0.0733664920771387,0,0.0613980000367326,0.0605882707647778,0.0810866501549308,0.105492966479841,0.127076293348473,0.170242947085737,0.190897961248524,0.197184427055704,1.07819900686252,1.077508606739,1.09508318934849,1.11629930871152,1.13531757936179,1.17405635284278,1.19291263735325,0.0104468590264039,0.0153027715277617,6.23462166076689e-06,0.0324817399601632,0.0321338153345115,0.0432932842583802,0.0565986929562186,0.0684248010599291,0.0920770172673502,0.103438388582426,0.106874567461646,0.000163952084220785,0.0220093126056559,0.0217516427904306,0.0294924375338728,0.0387083439314489,0.0469024335824372,0.0632906128844136,0.0711738505115866,0.0735720930205652,0.000124127240229292,0.0167321368077203,0.0166221303161966,0.0224883623687669,0.0295040021373377,0.0357811078674655,0.048335319327721,0.0543947711884884,0.0562419025413354,0.000100008467335296,0.0135231887750474,0.0133729452156745,0.018137057087832,0.0238598123404477,0.0289486813012636,0.039126419222895,0.044056402539942,0.0454809022770702
7.1,1.0895318845348,1.06304560434526,1.06301723614206,1.10041393423708,1.06910491567646,1.06952228410841,1.0590861616402,1.04666137850569,1.03567692554306,1.01370801961778,1.00319819790065,0.999999738563503,0.560702252190313,0.561054347514193,0.552202252242218,0.541515086166596,0.531934345037626,0.51241414162985,0.502911539144639,1.09503525128456,1.09258865750965,1.10041074242653,1.08383420253973,1.08400802018738,1.07831957684091,1.07154178219136,1.06551444223646,1.05345976232665,1.04767016281033,1.04592370260956,1.10049657722379,1.08917351764483,1.08928529668725,1.08535199861696,1.08065666910707,1.07647765400703,1.06811962380693,1.06409942704455,1.0628612101704,1.10047649182611,1.09186636352786,1.09193459947091,1.08893840337643,1.08534967602755,1.08214699924626,1.07574164568369,1.07265030284014,1.07169481764084,1.10046432595805,1.09350406517841,1.0935881292165,1.09115228402205,1.08822882841994,1.08563173892478,1.08043755993446,1.07792152820744,1.07720527173775,1.10041207471945,0.255388384714375,0.190315704236669,0.463084912033826,1.10041393423708,0.255389507462982,0.190273207917292,0.462366013417923,0.0215332300341153,0.0739438677056338,0.074000002263166,0,0.0619537970559941,0.0611279149198141,0.0817787511060632,0.106364717967004,0.128100581973753,0.171572309987253,0.192368981096493,0.19869804249079,1.0679730491565,1.06727632842737,1.08479271633134,1.10594031368802,1.12489853463644,1.16352480834336,1.18232840976359,0.0106432538414958,0.0154845354011823,6.31590487212929e-06,0.0328077142000293,0.0324637665529228,0.0437199694252542,0.0571317636465451,0.0690585698359669,0.0929121822148114,0.104368551336562,0.107824419511899,0.000163532651681019,0.0222423608402938,0.0220211742165141,0.0298043230219054,0.0390953677412758,0.0473647375684088,0.0639034772226742,0.0718585798030909,0.074308744019636,0.000123787980381853,0.0169137994541537,0.0167787752355146,0.0227076012834353,0.0298089189255568,0.0361463257324674,0.0488211393462895,0.0549382402956191,0.0568289394886725,9.97143506243073e-05,0.0136731409997896,0.0135067963938186,0.0183268088303198,0.0241116971277477,0.0292507772687598,0.0395289375507835,0.0445076218458615,0.045924938964175
7.2,1.09110161958172,1.06423339596383,1.06420691455236,1.10236673479152,1.07040577136422,1.07083631514975,1.06019973420068,1.04753724695262,1.03634587075865,1.01396311837069,1.00325751420035,0.999999736152444,0.561237597755569,0.56159632176135,0.552669840136866,0.541888863840824,0.532224891909151,0.512527560662122,0.502938338331693,1.09682422795673,1.09435534665422,1.10236346374945,1.08542545705337,1.08560939975476,1.07980359339232,1.07288296822911,1.0667333940359,1.05443424564947,1.04852801189408,1.04672544954201,1.10245015394981,1.09087505262488,1.09098319364091,1.08697247281666,1.08217947024527,1.07791291741069,1.06937981174154,1.06527573561743,1.06400459485593,1.10242986883861,1.09362589853492,1.09369023212018,1.09063181628145,1.08696958767302,1.08369847005024,1.07715623480468,1.07399919279824,1.07302793873725,1.10241758032507,1.09529907303925,1.09538637976667,1.09289563234379,1.0899096594468,1.08725637431109,1.08194980403967,1.079379362225,1.07864957470213,1.10236485216515,0.261522865598664,0.199481711088757,0.492438306462747,1.10236673479152,0.261523959759349,0.199435138379459,0.491639781815229,0.0220282448942192,0.0745674154845728,0.0746191982676352,0,0.0624977123020832,0.0616558102204112,0.0824549947488989,0.10721571533412,0.129099768085737,0.172867873588969,0.193802028811782,0.200172414849907,1.05814498369773,1.05744352080972,1.07489871053533,1.0959802513474,1.11487755833424,1.15339448678028,1.17214562548644,0.0108380336650633,0.0156657802911385,6.39632302311596e-06,0.033127634106426,0.0327679453862223,0.0441208451993669,0.0576537051015491,0.069678821915756,0.0937290555441695,0.105278334991666,0.108803135598582,0.000163121070079981,0.0224712827431205,0.0222598195898684,0.0301025392490587,0.0394749630951328,0.0478179466282622,0.0645039136945217,0.0725291839418979,0.0750148220794537,0.000123454773839467,0.017092171545055,0.016966371147587,0.0229469165595974,0.0301081809712643,0.0365046517334729,0.0492975932578905,0.0554709961183071,0.0573702241254409,9.94253359932792e-05,0.013820380973381,0.0136496579992534,0.0185201624884862,0.0243590501516237,0.0295473872129919,0.0399240613357282,0.0449504033415897,0.0463774582784652
7.29999999999999,1.09265184432854,1.06540941084233,1.06538488459404,1.10430242358961,1.07169368994607,1.07213746848722,1.061302279605,1.04840431590128,1.03700806910677,1.01421557551774,1.00331620917901,0.999999733788216,0.561762522007075,0.56212874030587,0.553127537807449,0.54225501865802,0.532508814984122,0.512639616067099,0.50296508512649,1.09859541311519,1.09610636927219,1.1042990732756,1.08700151981718,1.08719029911883,1.08126867732135,1.07421074929392,1.06793985636174,1.05539807049738,1.04937616222411,1.04754510212271,1.10438660540255,1.09256044224754,1.09268172862251,1.08858285386369,1.08368734175239,1.07933383373965,1.07062681771418,1.06643939417113,1.06514535006051,1.10436612366178,1.09536906180447,1.09544465583152,1.09231403901545,1.08857396203624,1.0852347930332,1.07855645502713,1.07533404778625,1.07434351057922,1.10435371439982,1.09707773139223,1.09716137496183,1.09462071980577,1.09157456897283,1.08886535206328,1.08344691824417,1.0808224299349,1.08007620884882,1.10430051809492,0.267650944121679,0.208850714610271,0.522950303591352,1.10430242358961,0.267652004259111,0.208799799629129,0.522065449583186,0.0225196827943025,0.0751772328531641,0.0752246402240111,0,0.0630301997455431,0.0621724096087962,0.0831160048735679,0.108046786836567,0.13007486433445,0.174131019330215,0.195198664732838,0.201609159191708,1.04868832811776,1.04798045602509,1.06537909522488,1.08639484705434,1.10523351681202,1.14363916574688,1.1623392975673,0.0110312167925584,0.0158423490589814,6.47590193035183e-06,0.0334413299355624,0.0330764339165762,0.0445224780590089,0.0581649156409748,0.0702860742980081,0.0945283916120746,0.106168281877762,0.10970758166163,0.000162717035952329,0.0226963560587646,0.0224619187290502,0.0303847316050272,0.0398473838381754,0.0482623834096454,0.0650923825525854,0.073186353487586,0.0756876422424127,0.00012312739024917,0.0172675082654666,0.0171213907658909,0.0231726347485868,0.030401918830585,0.0368562783143471,0.0497649972818712,0.05599366516804,0.0579082981831344,9.91412315515085e-05,0.0139647800272919,0.0138031033747522,0.0187139963803345,0.0246019740477306,0.0298386840908125,0.0403121041769758,0.0453850402857823,0.0468274288380129
7.40000000000001,1.09418383043943,1.06657387809949,1.06655137312921,1.10622131262534,1.07296892353524,1.07342599301666,1.06239401225282,1.04926275783241,1.0376636531267,1.01446544371528,1.00337429530099,0.999999731469086,0.562276383624971,0.562649866326218,0.553575758347307,0.542613877662815,0.532787808878455,0.512748583354707,0.502990623254512,1.10034915347422,1.09784046095835,1.10621788300274,1.08856256571909,1.08875521257973,1.08271951016994,1.07552536693351,1.06913407027164,1.05635147694789,1.05021478574786,1.04835014530516,1.10630624406908,1.09423002780379,1.09435236606168,1.09017012595895,1.08518057462204,1.08074068181497,1.07186089620082,1.06759067096135,1.06626911770107,1.10628556866925,1.09709636685603,1.09717235683709,1.09397913604927,1.09016309529292,1.08675623601466,1.07994251745816,1.07665521118651,1.07565987361808,1.10627304048742,1.09884029591855,1.09893425337479,1.09633511692443,1.09322384993813,1.09045897477843,1.08492922445903,1.08225104496035,1.08149541191841,1.10621938449654,0.273772558627633,0.218421838109419,0.554640462545656,1.10622131262534,0.27377357918149,0.218366305151626,0.553662183915877,0.023005935112799,0.0757738447295906,0.0758168560402448,0,0.0635516874656334,0.0626781401017203,0.0837623693199836,0.108858712764555,0.131026824509577,0.175363047999622,0.196560357935767,0.203009796061755,1.03958299154624,1.03886919453637,1.05621155368965,1.0771618082235,1.0959413085688,1.13424010851631,1.15288944011499,0.0112228213771105,0.0160174134975094,6.55466598429541e-06,0.0337492491555951,0.0333810640893911,0.044916447972435,0.0586658342588062,0.070880826897527,0.0953108121749687,0.10703920498792,0.110602890181456,0.000162320263788935,0.022917643097037,0.0226838312434123,0.0306768934921005,0.0402128822085091,0.0486983681473235,0.0656693400249528,0.073830558729924,0.0763563002499853,0.000122805612825722,0.0174395199124091,0.0172942884971988,0.0233971453164906,0.0306903304421292,0.0372014913546353,0.0502238131796478,0.0565064853874467,0.0584087662100569,9.88618566622543e-05,0.0141065372974472,0.0139269665941791,0.0188944144045078,0.0248406418048811,0.0301248480480654,0.0406932605344333,0.045811774756552,0.0472559342961878
7.5,1.09569632841908,1.06772702025917,1.06770660050877,1.10812370530503,1.07423171697976,1.07470213050353,1.06347514037527,1.05011274023555,1.03831275151625,1.01471277407767,1.00343178466401,0.999999729193413,0.562780563610867,0.563160713490955,0.554016002758909,0.542966305101508,0.533061998821343,0.512855642038219,0.503015732642507,1.10208578575683,1.09955803013584,1.10812019634083,1.09010878777343,1.09030881143671,1.08416119662368,1.07682700040996,1.07031623115036,1.05729469263117,1.05104417221587,1.04913226912098,1.10820937382048,1.09588399482541,1.09601499076779,1.09174214689511,1.08665947628644,1.08213376213029,1.07308233381799,1.0687297098885,1.06738089100905,1.10818850762524,1.09880792853127,1.09888883806918,1.09563105054596,1.09173722506928,1.08826307339878,1.08131477005779,1.0779630185083,1.07695256002147,1.10817586228751,1.1005869928115,1.10068609736045,1.09803402983338,1.09485781211422,1.09203756129353,1.08639705965213,1.08366548788732,1.08291118816117,1.10812175477044,0.27988765124322,0.228194207876754,0.587528229888348,1.10812370530503,0.279888626531485,0.228133771331394,0.586449026541935,0.0234902070029756,0.0763577465035754,0.0763963438816276,0,0.0640625796425011,0.063173404786709,0.0843946427481583,0.109652229141457,0.131956548081241,0.176565185960809,0.197888493281207,0.204375758791044,1.03080669425423,1.03008813558675,1.04737345251643,1.06825957254602,1.0869806757102,1.12517469750321,1.14377407778412,0.0114128654305934,0.0161908248773051,6.63263826211794e-06,0.0340517669853058,0.0336736825915473,0.0452938938282433,0.0591569792437768,0.0714636244079298,0.0960769147362354,0.107891637970223,0.111505514002216,0.000161930484608072,0.0231354802756414,0.0228878719644685,0.0309643943055773,0.0405716497884779,0.0491261471164344,0.0662351417723472,0.0744624642433808,0.0770119994331957,0.000122489237276591,0.0176086656755785,0.0174557306023719,0.0236135951295713,0.0309736975325311,0.037540533209013,0.0506742045619769,0.0570096797344704,0.0589196466761051,9.85870410515082e-05,0.0142458813488736,0.014058554096209,0.0190714876998666,0.0250751691198712,0.0304060025038176,0.041067669271711,0.0462308816525532,0.047656657733243
7.59999999999999,1.09718900714912,1.06886905350062,1.06885078081889,1.11000989676209,1.07548230813837,1.07596611585238,1.0645458662689,1.05095442579915,1.03895548927829,1.01495761623658,1.00348868901324,0.999999726959652,0.563274407738968,0.563661714687716,0.554447528373917,0.543311481587071,0.533330709497711,0.512961794738277,0.503040392928605,1.10380563707406,1.10126146181582,1.11000630842682,1.09164053416742,1.09182597852839,1.08557539124381,1.07811595695846,1.07148662135696,1.05822795015397,1.05186452055844,1.04994477651957,1.11009629022881,1.0975229348859,1.09766854095588,1.09330517918081,1.08812436097711,1.08351333665402,1.07429128800784,1.06985678894735,1.06847422949166,1.11007523600109,1.10050400085825,1.10057585051803,1.09726136718269,1.09329667147446,1.08975560289905,1.08267346574822,1.07925758940577,1.07821056757739,1.11006247521049,1.10231807239998,1.1024172273753,1.09971304716917,1.09647668824529,1.09360134524725,1.08785065925117,1.08506601441175,1.08429127650547,1.11000792404449,0.285996167698202,0.238166953389239,0.621632940329243,1.11000989676209,0.285997091920362,0.238101317659803,0.620444894371065,0.0239738261903152,0.07692940626178,0.0769635744130596,0,0.064563258355998,0.063658584624658,0.0850133491401897,0.110428031064306,0.132864884301752,0.177738590776644,0.199184377780674,0.205708400089753,1.02234259724546,1.02161837063156,1.03884800974715,1.0596713424623,1.07833442299249,1.11642232772214,1.13497439155933,0.0116013668232409,0.0163587290094942,6.70984063258908e-06,0.0343489351648514,0.0340021721076745,0.0456901670652351,0.0596385892444814,0.0720348070004477,0.0968272425123801,0.108726241700648,0.112315977772559,0.000161547444667178,0.0233494135509948,0.0230771442530528,0.0312362096501229,0.0409238396733608,0.0495460101325253,0.0667903510508538,0.0750824363059813,0.077667689052795,0.00012217807082619,0.0177751078951025,0.0176407559657687,0.0238385199112476,0.0312521182398931,0.0378735747158246,0.0511164876676881,0.0575038467506922,0.0594616765182556,9.8316624000197e-05,0.0143829691940417,0.0141975589599647,0.0192541149561685,0.0253057937922609,0.0306824076898477,0.0414356354850214,0.0466426525795628,0.0480913376918359
7.70000000000001,1.09866481998602,1.07000018789685,1.06998412211593,1.11188017415751,1.07672092814342,1.07721817736376,1.06560638651859,1.05178797259179,1.03959198786035,1.01520001839748,1.00354501975481,0.999999724766335,0.563758301182559,0.564153279444792,0.554870683773327,0.543650238687309,0.533594728136075,0.513065630881332,0.503064758515319,1.1055090252866,1.10294671276773,1.11187650642513,1.09315806992568,1.09334446589952,1.08698197977863,1.07939253723743,1.07264550544779,1.05915144186852,1.05267587918786,1.05072514690483,1.11196728086965,1.0991470517914,1.09928671208679,1.0948458285939,1.0895754640719,1.08487966837963,1.07548807699509,1.07097227763778,1.06955183311337,1.11194604127718,1.10218487436696,1.10227037258473,1.09888595125774,1.09484166059576,1.09123404507539,1.08401881403466,1.08053918124477,1.07948072374787,1.11193316667918,1.10403356115386,1.10412518472181,1.10137362902935,1.09808070051311,1.09515057966491,1.0892903379685,1.08645283606463,1.08566493971947,1.11187817947444,0.2920980571553,0.248339207498208,0.65697381745304,1.11188017415751,0.292098924395435,0.248268066926741,0.655668580163329,0.0244519685108321,0.0774892668021991,0.0775189928287565,0,0.0650540852137167,0.0641340400813643,0.0856189840651566,0.111186775728051,0.133752635919308,0.178884356301821,0.200449246361255,0.207008998017915,1.01417325666553,1.01344244038128,1.0306177452662,1.05137859407591,1.06998399989164,1.10796836513188,1.12647267557271,0.0117883432821973,0.0165293123257208,6.7862938466502e-06,0.0346409409231752,0.0342960581130804,0.0460683729719956,0.0601108880362243,0.0725947160684523,0.097562372132908,0.109543909116543,0.11315328982165,0.000161170904305449,0.0235597096453478,0.0233013004418684,0.0315181323117829,0.0412697277408868,0.0499582159123554,0.0673351922552926,0.0756906386741599,0.0783188440428222,0.000121871931343472,0.0179389187838175,0.0177807240278142,0.0240428160339021,0.0315258442321821,0.0382009056765056,0.0515510285651531,0.0579892874497597,0.0599477192139187,9.80504536192234e-05,0.0145183497613637,0.0143488214559207,0.0194399413967845,0.0255327470335177,0.0309542606595271,0.0417972879115464,0.0470474315174212,0.0485052521987066
7.79999999999999,1.10012254727559,1.07112062764201,1.07110682665045,1.1137348169667,1.07794780165151,1.07845853697915,1.06665689221021,1.05261353423489,1.04022236528775,1.01544002739346,1.00360078796864,0.999999722612076,0.564233750761175,0.564635795623729,0.555285799115046,0.543982837841018,0.533853013597208,0.513166898000371,0.503088779754735,1.10719625934947,1.10461816316679,1.11373106981449,1.09466179827057,1.09486794882647,1.08838538205423,1.08065698726358,1.0737931052213,1.06006534113673,1.05347850601686,1.05146949048481,1.11382262561069,1.10075657138028,1.1008822411847,1.09636929471745,1.0910130389377,1.08623301460367,1.0766729659356,1.07207642537608,1.07061941306954,1.11380120323126,1.10385060915383,1.10393011613848,1.10048756213344,1.09637243069439,1.09269867032611,1.08535114958956,1.08180804694416,1.08072549911487,1.11378821641682,1.10573388143781,1.1058233151089,1.10302424921071,1.0996701147318,1.09668553162669,1.09071636541647,1.08782638280714,1.08703771978714,1.11373280053073,0.298193272048817,0.258710106602285,0.693569974462401,1.1137348169667,0.298194076278609,0.258633145397072,0.692138753219041,0.0249276328229699,0.0780377474616086,0.0780630206936262,0,0.0655354028277576,0.0646001126075288,0.0862120167339395,0.111929085169548,0.134620562547743,0.180003517304133,0.201684267096926,0.208278761403674,1.00628044587919,1.00554419638227,1.02266649010354,1.04336517407358,1.06191553672733,1.09979723506513,1.11825291048696,0.0119738123893166,0.0166949820753875,6.86201762042325e-06,0.0349276952096602,0.0345501795212196,0.0464214580012564,0.0605741740452317,0.073143740706252,0.0982828740282926,0.110345095175782,0.114024129066163,0.000160800636891122,0.02376656854483,0.0235364342018856,0.0318008217756014,0.0416095296849518,0.0503630068190013,0.0678699610871012,0.0762874313491287,0.0789556026842555,0.00012157064654685,0.0181005746063162,0.0179549764830564,0.024259194968165,0.0317950789800545,0.0385226969025657,0.051977932747589,0.0584662821413846,0.0604487108923704,9.7788386194522e-05,0.014651809553463,0.0144880330660946,0.0196138562051371,0.0257561553680369,0.0312217091266738,0.0421528166439474,0.0474451321052835,0.0488893807595966
7.89999999999999,1.1015625429436,1.07223057126829,1.07221909108091,1.11557409725354,1.07916314708264,1.07968741051475,1.06769756913337,1.05343126006749,1.04084673629049,1.01567768873651,1.00365600442069,0.999999720495559,0.564700568426333,0.565108982145399,0.555693742997413,0.544309526947738,0.534107676794456,0.513266554358017,0.503112822224956,1.10886763964092,1.10627538717789,1.115570270662,1.09615192160368,1.09638993225435,1.08978289013274,1.08190946933161,1.07492958643243,1.06096982063406,1.05427262420856,1.05224446923161,1.11566259688738,1.1023518278444,1.10247125667708,1.09788825368155,1.09243734245229,1.0875736109932,1.07784614807503,1.07316943908988,1.07169309919142,1.11564099421362,1.10550168444358,1.10558976279075,1.10208149702246,1.09788927997039,1.09414976603269,1.0866707381573,1.08306460081741,1.08196117999529,1.11562789672214,1.10741909070316,1.10751465104166,1.10466096681729,1.10124520326552,1.09820647633592,1.0921290224767,1.08918672912551,1.08838459236396,1.1155720592725,0.304281767931533,0.269278790806304,0.731440414934759,1.11557409725354,0.304282503013178,0.269195682972993,0.729873960087514,0.0254008251196491,0.0785752457769458,0.0785960576173298,0,0.0660075361571528,0.0650571259841605,0.0867928918673883,0.112655548762512,0.135469383730608,0.181097053666802,0.202890545965732,0.209518834770513,0.998650246736705,0.99790985454145,1.014978256645,1.03561611555812,1.05411052423743,1.09189232164514,1.110299499644,0.0121577915784615,0.0168571525503292,6.93703071195651e-06,0.0352094618635744,0.0347779846141248,0.04675555096948,0.0610288700059775,0.0736823402032207,0.0989892805977071,0.111130283047034,0.114807020741195,0.000160436427870133,0.0239699711764413,0.0237534647970721,0.0320617548723312,0.041943431081445,0.0507606393288962,0.0683950558237982,0.0768732206611473,0.0795496012216894,0.000121274053285581,0.0182597583864977,0.0181000856875349,0.0244600399996851,0.0320598943661589,0.0388390665738046,0.0523974109890966,0.0589347916323731,0.0609351264072367,9.75302855886895e-05,0.0147837913377622,0.0146105549220874,0.0197838520686001,0.0259761138769163,0.0314848654128257,0.0425023684846439,0.0478363005532174,0.0492904529728182
8.00000000000001,1.10298660575965,1.07333021185287,1.07332110667767,1.11739827993216,1.08036717684842,1.08090500788454,1.06872859797497,1.05424129530342,1.04146521242445,1.01591304666652,1.00371067957463,0.999999718415533,0.565158547385532,0.565574023340208,0.556094256983239,0.544629985754392,0.534357483383511,0.513364744703855,0.503135739971432,1.11052345827619,1.1079175417251,1.11739437388491,1.09762852206047,1.09788009044691,1.09115903986613,1.08315014425764,1.07605513515209,1.06186511694098,1.05505846742715,1.05300335666649,1.11748745996633,1.10393309712147,1.10404249043247,1.09939148070165,1.09384861293059,1.08890168816965,1.07900783864778,1.07425154855587,1.07276813277693,1.11746567941013,1.10713853054185,1.10722833020261,1.10365708722286,1.09939249296465,1.09558758039357,1.0879777552514,1.08430905511535,1.08319550085853,1.11745247273207,1.10908968522074,1.10918828786926,1.10628371559771,1.10280624482392,1.09971367350754,1.09352853087479,1.09053425732248,1.08970261440216,1.11739622060941,0.31036350332934,0.280044404067067,0.770604033590888,1.11739827993216,0.310364163018378,0.279954813343124,0.768892625292498,0.0258689410107016,0.0791021389987647,0.079118482779317,0,0.0664707937306591,0.0655053875481129,0.0873620313982357,0.113366725490583,0.136299781732875,0.182165894217458,0.20406913118441,0.210730302826831,0.991269778514929,0.990523999583609,1.00754017090057,1.02811852651698,1.04655765820173,1.08423960355079,1.10260065701715,0.0123402981325028,0.0170179157869293,7.01135099007169e-06,0.0354866959977624,0.0350351309907241,0.047099410194023,0.0614753699594845,0.0742109043481281,0.0996819731254155,0.111899902329626,0.115588824130206,0.000160078073899846,0.0241699899441497,0.0239736290581581,0.03232218696522,0.042271629180142,0.0511513542761391,0.0689108044681336,0.0774483405201325,0.0801110703890135,0.000120981996884187,0.0184162400971271,0.0182550497941008,0.0246654274415758,0.0323203699541193,0.0391501842889434,0.0528098129585916,0.0593951261060717,0.0613939549053557,9.72760227000627e-05,0.0149139193614019,0.0147369277039726,0.019950632083806,0.0261926887135187,0.0317438511945116,0.0428461761564982,0.0482208942473604,0.0497136924739924
8.09999999999999,1.10439218748355,1.07441973721557,1.07441305951773,1.11920762301734,1.08156009756989,1.0821115333133,1.06975015450407,1.05504378118141,1.04207790218693,1.01614614419796,1.00376482360297,0.999999716370811,0.565608018937979,0.566030415438397,0.556487623353297,0.544945552246157,0.53460339798508,0.513461535009338,0.503158428606827,1.11216399940721,1.10954516393532,1.11920363750102,1.09909197173452,1.09933947600136,1.0925141245909,1.08437931114859,1.07716999723655,1.06275136941248,1.0558360882623,1.05369904115208,1.11929747319691,1.10550052339559,1.10561534949735,1.1008831472973,1.09524700822339,1.0902174231027,1.08015825286131,1.07532301267142,1.07381273497556,1.11927551709362,1.10876124359442,1.10885573132862,1.10522152619765,1.10088230419193,1.09701235986944,1.08927247122446,1.08554157765947,1.08443010941212,1.11926220267297,1.11074630183584,1.11084167371672,1.10788839414406,1.10435356414755,1.10120738981731,1.09491504115685,1.09186925585444,1.09102110319756,1.11920554255197,0.316438439603215,0.291006094326876,0.811079617073991,1.11920762301734,0.316439017551279,0.290909674119298,0.809213052072967,0.0263371883341255,0.0796187854726229,0.0796306563207875,0,0.0669254687627583,0.0659451893106135,0.08791983602454,0.114063146022233,0.13711240408936,0.183210920223613,0.205221017165518,0.211914194564554,0.984126116379109,0.983375228147858,1.00033931346317,1.02085748856651,1.03924258861526,1.07682617673566,1.09514186196344,0.0125213491801504,0.0171768156281103,7.08499549455288e-06,0.0357593062377933,0.0353193214344888,0.0474526512400162,0.0619137930137005,0.074729687479177,0.10036147641013,0.112654673030651,0.116453671183113,0.000159725382062932,0.0243669153990965,0.0241627906765536,0.0325751589996888,0.0425944430044158,0.0515354647019644,0.0694175080970616,0.0780130455843885,0.0806978446928643,0.000120694330551957,0.0185703796316788,0.0184024101349177,0.0248628847366242,0.0325766577760629,0.0394562025745664,0.0532152921715737,0.0598476484226999,0.0618234896655025,9.70254749704882e-05,0.0150415699224296,0.0148720286907375,0.0201220316441464,0.0264058484873906,0.0319987576987559,0.043184576121486,0.0485990251906204,0.050106774065735
8.2,1.10578333134739,1.07549933010764,1.07549513067082,1.12100237786388,1.08274211028563,1.08330718554015,1.07076240974831,1.05583885510842,1.0426849111271,1.01637702316446,1.00381844639772,0.999999714360263,0.566049298088474,0.566478727929888,0.556873721938615,0.545255317996392,0.534844009321229,0.513555994012169,0.503180679822655,1.11378953950871,1.11115840645965,1.12099831286806,1.10054242483217,1.10078536986799,1.09385378444982,1.08559719245666,1.07827438839438,1.06362878026984,1.05660560045854,1.05447216997236,1.12109288825193,1.10705423426659,1.10715667666136,1.10235685695799,1.09663279338461,1.09152107864456,1.08129764916445,1.07638394582628,1.07483945278536,1.12107075886415,1.1103699735233,1.11045728126505,1.10676635554455,1.10235893662196,1.09842433513584,1.09055513216361,1.0867623646066,1.08564384316717,1.12105733810081,1.11238886792355,1.11248979645992,1.10948387183028,1.10588737289814,1.10268787332363,1.09628887417461,1.09319187047649,1.09233421150556,1.1210002764509,0.322506540818106,0.30216301363562,0.85288584473778,1.12100237786388,0.322507030575594,0.302059406961793,0.850853423137495,0.0267989544875669,0.0801255259022659,0.0801329206175583,0,0.0673718401741078,0.0663768089800346,0.0884666866302515,0.114745314608274,0.137907865935344,0.184232968589484,0.206347148136528,0.21307148700763,0.977207232497599,0.976451056953803,0.993364345058544,1.0138229906201,1.0321560831065,1.06964177925571,1.08791148967796,0.0127009616927655,0.0173340781469373,7.15798049397473e-06,0.0360275756776358,0.0355997779867133,0.0478054862711838,0.0623443756035412,0.07523897399862,0.101028170788778,0.113395166048109,0.117151886709915,0.000159378169147749,0.024561043626795,0.0243806545944106,0.0328325736840683,0.0429119777400734,0.051913107378754,0.0699153666561153,0.0785678214588787,0.0812874924096826,0.000120410914836823,0.0187224160007478,0.0185686773158108,0.0250679642648013,0.0328289116399281,0.0397572830092431,0.0536140257478732,0.0602926442166375,0.0622622291782272,9.67785259375056e-05,0.0151673799418986,0.0149896566364531,0.0202827370706026,0.0266157495292,0.0322496927192251,0.0435175790992752,0.048971039082049,0.0504812758569358
8.30000000000001,1.10715805141638,1.07656916839204,1.07656749637717,1.12278278939568,1.08391341065066,1.08449215801308,1.07176553016266,1.05662665079651,1.04328634195149,1.01660572426144,1.0038715575805,0.999999712382813,0.566483240174525,0.566920444668279,0.557253974057354,0.545559495313601,0.535081500273384,0.513649192855661,0.503202961738145,1.1154003476517,1.11275772066994,1.12277864491276,1.10198007230138,1.10223723975731,1.09519299711955,1.08680396674635,1.07936849605186,1.06449755466288,1.05736724813445,1.05520643106909,1.12287395035784,1.10859474602012,1.10870890575812,1.10382565941161,1.09800626379085,1.0928129064042,1.08242619163091,1.07743460170025,1.07588091790458,1.12285164987904,1.11196502078008,1.11205458117906,1.10830189677734,1.10382260292895,1.0998237127909,1.09182593251479,1.08797167995174,1.08683454246168,1.12283812413089,1.11401770159853,1.11412148985668,1.11106053375253,1.10740792060983,1.10415537044857,1.09765027012607,1.09450240063101,1.09362887155087,1.12278066722622,0.328567773618316,0.313514318262116,0.896041289442123,1.12278278939568,0.328568168636986,0.31340315769375,0.893831801430704,0.0272583773625415,0.080622684506782,0.0806256014460876,0,0.0678101735262901,0.0668005108987704,0.0890029455865561,0.115413710820195,0.138686752141733,0.18523283478481,0.207448421455521,0.214203108646293,0.970500949159436,0.969738217324117,0.986602007553785,1.00700379061585,1.0252833382913,1.06267340039129,1.08089753382603,0.0128791524812114,0.0174893880955727,7.23032153689012e-06,0.0362917006015476,0.0358430551542862,0.0481321971743137,0.0627674093565295,0.0757390743103319,0.101682404217937,0.114121690324362,0.117891377026131,0.000159036260990817,0.0247519696573041,0.0245528105275963,0.0330719531745653,0.0432242694606294,0.0522844211003706,0.0704047243798525,0.0791128794957502,0.0818233824981369,0.000120131617130436,0.0188723049010693,0.018716060927226,0.0252628643155562,0.0330772854084836,0.0400536108072738,0.0540062616048547,0.0607302572938119,0.0627140680212807,9.6535064819523e-05,0.0152912689548451,0.0151102035500875,0.0204502416798489,0.0268224642115227,0.032496750705382,0.0438453236931009,0.049336987918002,0.05086091653268
8.40000000000001,1.10851558769972,1.077629425216,1.0776303282175,1.12454909632498,1.08507418912641,1.08566663907483,1.07275967779064,1.05740729839379,1.04388229462478,1.01683228708674,1.00392416651231,0.999999710437438,0.566910343146745,0.567353556586625,0.557627457295111,0.545859384807121,0.535314708071073,0.513740392497328,0.503224271826206,1.11699668576488,1.11434434218386,1.12454487235011,1.10340519213508,1.10364789995468,1.09651186262974,1.08799985934933,1.08045251143929,1.0653578156192,1.05812110467481,1.05590511040371,1.12464089851496,1.11012210971482,1.1102501841065,1.10528775559223,1.09936760963086,1.09409310574264,1.0835440979662,1.07847508638551,1.07687588176433,1.12461842907282,1.11354663075342,1.11364651401942,1.10982764587025,1.10527355653126,1.1012107312795,1.09308508077598,1.08916967924286,1.08802112976458,1.12460479965779,1.11563307911994,1.11574058931134,1.11262994478628,1.10891541223019,1.10561007751399,1.09899940808161,1.09580107082278,1.09490705917916,1.12454695358645,0.334622107109058,0.3250591687955,0.94056441835529,1.12454909632498,0.33462240074456,0.324940076405525,0.938166130910616,0.0277173090577647,0.0811105700824319,0.0811090090534517,0,0.0682407218795339,0.0672165469029138,0.0895289579460418,0.116068791145381,0.139449619274462,0.186211275532624,0.208525690654021,0.215309942588708,0.963996466754572,0.96323027863076,0.980043897302142,1.00038749830598,1.01861620113318,1.05591196629872,1.0740913039311,0.0130559381928307,0.017641074764037,7.30203349968291e-06,0.0365517081018672,0.036132136328537,0.0484682853652843,0.0631830824279876,0.0762302687599697,0.102324641423934,0.11483482609376,0.118665640640837,0.000158699491879204,0.0249400961444011,0.0247186924841408,0.0332972992022187,0.0435315229840243,0.0526496179570634,0.0708858079031413,0.0796486659826355,0.0824132292337566,0.00011985631121577,0.019020087603526,0.0188474182634661,0.0254491391478421,0.0333218452807139,0.0403452975881731,0.0543922022030908,0.0611608014482797,0.063146312018776,9.62949861444829e-05,0.015413220537849,0.0152273664449306,0.0206047730803087,0.0270261278360703,0.0327400976233049,0.0441680371977743,0.0496970392612577,0.0512425273765796
8.5,1.10985910120437,1.07868026917583,1.07868379327561,1.12630153136233,1.08622463116261,1.08683081214082,1.07374501041854,1.05818092460953,1.04447286646622,1.01705675017958,1.00397628230271,0.999999708523159,0.567329565436605,0.567779841899911,0.557994792326116,0.54615350365208,0.535544564073557,0.513830906827778,0.50324573389212,1.11857880888461,1.11591711201098,1.12629722789331,1.104818144009,1.10506758201779,1.09781895365588,1.08918506862649,1.08152661892388,1.06620971951866,1.05886744579336,1.05663340414089,1.12639396570844,1.11163643201249,1.11178414071589,1.10673756019875,1.10071698093577,1.09536185547902,1.08465160456552,1.07950567927198,1.0778989270659,1.12637132936797,1.11511492278362,1.11521403668253,1.11133513501029,1.10671200274386,1.10258561443298,1.09433283781122,1.09035659291833,1.0891808812948,1.12635759756587,1.11723510583122,1.11734669947236,1.11418534235966,1.11041005743368,1.10705220374261,1.10033649636046,1.09708798368479,1.0961798624422,1.12629936823859,0.340669512743819,0.336796730237215,0.986473593761441,1.12630153136233,0.340669698258149,0.336669317549587,0.983874237335459,0.0281708047046619,0.0815894769786141,0.0815834391407883,0,0.068663726581065,0.0676251571123907,0.0900450525403085,0.116710990453369,0.140196997395507,0.187169011279785,0.209579768233899,0.216392829457886,0.957686299178192,0.956914840811694,0.973679559768724,0.993967231814954,1.01214352097167,1.0493455155563,1.06748108533953,0.0132313353085954,0.0177916188001287,7.37313062728033e-06,0.0368074733303452,0.0363801113550156,0.0487991815288436,0.0635916110340288,0.0767128278395727,0.102955261450661,0.115534774163608,0.119362356247836,0.000158367703996254,0.0251257050077081,0.0248726357839544,0.0335189388431074,0.0438339933087134,0.0530089262086455,0.0713587920085088,0.0801753024072984,0.0829281498982907,0.000119584876850089,0.0191660090723054,0.0189961972949135,0.0256419169621165,0.0335627264136489,0.0406324647749928,0.054771941497681,0.0615844392403704,0.0635987851866291,9.60581894014223e-05,0.0155335008604366,0.0153423075489405,0.0207586585972927,0.0272268517617183,0.0329798602677147,0.0444858772797076,0.0500515518964153,0.0516074354201605
8.60000000000001,1.11118660231866,1.07972186447471,1.07972805429392,1.12804032141765,1.08736491737109,1.08798485586934,1.07472168172294,1.05894765283388,1.04505815224182,1.01727915105772,1.00402791381876,0.999999706639044,0.567741916806485,0.568198449507226,0.558355878073556,0.546443138393638,0.535770411468145,0.513920234845188,0.503266804496592,1.12014696539408,1.11747677453802,1.12803593845486,1.10621906636996,1.10647917173907,1.09912502730147,1.09035975891794,1.0825909858866,1.06705343982392,1.05960642818193,1.0573282857125,1.12813337911014,1.11313797733896,1.11328951281343,1.10816675027566,1.10205464721626,1.09661939851378,1.08574890110881,1.08052648512405,1.07891946606872,1.12811057787661,1.11667022154149,1.11677183750758,1.11283134382236,1.10813816871796,1.10394857067982,1.09556937460356,1.09153263331269,1.0903475155264,1.12809674493092,1.11882417970497,1.11893526290405,1.11572533525052,1.11189212606844,1.10848198089079,1.10166169053548,1.09836330863904,1.09744039333135,1.12803813808914,0.346709964217212,0.348726172084292,1.03378707387251,1.12804032141765,0.346710034781107,0.348590040026596,1.03097382905887,0.0286228283069182,0.0820596859963191,0.0820491737686353,0,0.0690794179908403,0.0680265706583295,0.090551542990402,0.117340723345677,0.140929391720901,0.188106728471351,0.210611428242188,0.217452570058579,0.95156000533961,0.95078467159677,0.967500402444653,0.987731919329478,1.00585751099033,1.04296586970223,1.0610586898066,0.0134053601404627,0.0179401701708568,7.44362657523494e-06,0.0370592409309253,0.03661750155708,0.049107113632927,0.0639932506649021,0.0771870303479149,0.10357458971394,0.116221919029001,0.120090909628531,0.000158040746917863,0.0253087899133527,0.0250514358040038,0.0337514711917007,0.0441317128129049,0.0533624463680862,0.0718239134784492,0.0806931912444409,0.0834224066915869,0.000119317199382808,0.0193099466459913,0.019137371303214,0.0258295484739631,0.0338000115176752,0.0409152449338808,0.0551457117662923,0.0620013471432253,0.0640140437309291,9.58245787273508e-05,0.0156518594112645,0.0154632057784186,0.0209146558450149,0.0274246307436548,0.0332161120985066,0.0447990748082098,0.0504007475403746,0.0519681432136205
8.7,1.11249914608204,1.08075437107372,1.08076326982236,1.12976568779299,1.08849522369229,1.08912894432444,1.07568984141196,1.05970760325242,1.04563824425261,1.01749952625301,1.00407906969348,0.999999704784201,0.568147264695708,0.568610183242693,0.558711338000885,0.546728394952901,0.535992154298398,0.514007817092586,0.503287495213257,1.12170139725217,1.11902294041608,1.1297612253393,1.1076080732935,1.10787863784782,1.10041177378496,1.09152412203975,1.08364578742046,1.06788911818187,1.06033806557773,1.05805364634119,1.12985936027221,1.11462715293637,1.11476720723815,1.10957911997435,1.10338083369431,1.09786593364545,1.08683613354773,1.0815377526432,1.07991100454465,1.12983639609387,1.1182127203728,1.11831846231687,1.1143172884952,1.10955229981146,1.10529983344869,1.09679490072314,1.09269792219616,1.09150226953436,1.12982246321338,1.12040029457872,1.12051882018002,1.11725615280522,1.1133618022149,1.10989962856974,1.10297528127941,1.09962725270775,1.09866862642591,1.12976348443687,0.35274343736302,0.360846668404415,1.0825230136433,1.12976568779299,0.352743386058286,0.360701407263204,1.07948249783224,0.0290720677710065,0.0825214652164795,0.0825064821916207,0,0.0694880161506631,0.0684210063536655,0.0910487286384056,0.117958385400308,0.141647284149357,0.189025081647455,0.211621408644959,0.218489927836035,0.945609672803113,0.944830246349588,0.961497156524315,0.981673109429016,0.999749961246751,1.03676548826122,1.05481553727626,0.0135780288289605,0.0180878073337698,7.51353444612188e-06,0.0373072779226209,0.0368517222478858,0.0494238505701841,0.0643881913274235,0.0776531219550561,0.104182983210322,0.116896861688416,0.120743190152662,0.000157718477145121,0.0254890943810799,0.0252532817776715,0.0339885819356183,0.044424777081934,0.0537103393360838,0.0722814638443834,0.081202467905979,0.0839414605635104,0.000119053169404439,0.0194519931911411,0.0192739530823708,0.0260108201663796,0.0340337396519819,0.0411937136851203,0.0555136617513971,0.062411837389971,0.0644249848862264,9.5594062612657e-05,0.0157687249007482,0.0155691606584497,0.0210625876933823,0.0276195940807113,0.0334489343465338,0.0451076148781779,0.050744766495682,0.0523588273017955
8.80000000000001,1.11379736743422,1.08177794483639,1.08178959436097,1.1314778463672,1.08961572155455,1.09026324713194,1.07664963536043,1.06046089295583,1.04621323241906,1.01771791134552,1.00412975833392,0.999999702957778,0.568546327715839,0.569015695735359,0.5590609621974,0.547008420266596,0.536210822295459,0.514093669842508,0.503307519663953,1.12324234021261,1.12055696269683,1.13147330442791,1.10898531870968,1.10925345983858,1.10168952395747,1.09267835012047,1.08469121342036,1.06871694002015,1.06106249850903,1.0587535754634,1.13157212531249,1.11610395604492,1.11626619576787,1.11098779264971,1.1046957032692,1.09910164714319,1.08791353489118,1.08253961928889,1.0808720342468,1.13154900008319,1.11974269776318,1.1198643160044,1.11579787830957,1.11095457177583,1.10663957117898,1.09800956998528,1.09385269418208,1.09265765702551,1.13153496844352,1.1219636872741,1.1220796387858,1.11876970262619,1.11481927449177,1.11130534232181,1.10427747798188,1.10088009425431,1.09989792453276,1.1314756231575,0.358769910057151,0.373157397903384,1.13269946558927,1.1314778463672,0.358769729878936,0.37300258728216,1.12941771961346,0.0295179456182646,0.0829750707647963,0.0829556216291381,0,0.0698897314020018,0.0688086733123227,0.0915368954075913,0.118564354320804,0.142351134673647,0.189924695379332,0.212610413519058,0.219505631146104,0.939826461564915,0.939042841408036,0.955662486403604,0.975784468315059,0.993811293885113,1.03073636281632,1.0487440760467,0.0137493573410222,0.0182326537367694,7.58286682182414e-06,0.037551766031259,0.0371040985619137,0.0497322546681416,0.0647766061410516,0.078111305254866,0.104780703482495,0.117559960714145,0.12141475815238,0.000157400757676195,0.0256670455701151,0.0253961828102748,0.0342085920658998,0.0447133726695975,0.054052771513872,0.0727315692024218,0.0817034386357642,0.0844875082739623,0.000118792682422817,0.0195920868223433,0.0193890425131935,0.0261780490322524,0.0342640550401969,0.0414680427513562,0.0558760181736751,0.0628160130893,0.0648111537149118,9.53665536341557e-05,0.0158840963402728,0.0156905127597769,0.0212165234481527,0.027811849473125,0.0336784359548866,0.0454116089184102,0.0510836152308437,0.0527233690258865
8.89999999999999,1.11508254232376,1.08279273766715,1.08280717849641,1.13317700777315,1.09072657802676,1.09138792962887,1.0776012057394,1.06120763604493,1.04678320436197,1.01793434099604,1.00417998792898,0.999999701158961,0.568938471445922,0.569414523295087,0.559404710892644,0.547284554530029,0.53642670148308,0.514178510806314,0.503327780758107,1.12477002403386,1.12207804668115,1.13317238635586,1.11035108499072,1.11061859439037,1.10295459550297,1.09382257687878,1.08572739312961,1.06953702563126,1.06177998249566,1.05940994907035,1.1332718850924,1.11756865762625,1.11773031724202,1.11238156810998,1.10599946038376,1.10032671529689,1.08898122512315,1.08353218710504,1.08185496405065,1.13324860065391,1.12126029155242,1.12137625546927,1.1172524940018,1.11234516747966,1.10796797814178,1.099213599466,1.0949971555251,1.09376630676728,1.13323447139901,1.12351466075158,1.12363885474556,1.12027512956308,1.1162647758741,1.11269934227761,1.10556847508461,1.1021220591726,1.10111700596811,1.13317476488088,0.364789362125239,0.385657543985384,1.18433438060567,1.13317700777315,0.364789045984237,0.385492752765155,1.18079685538075,0.0299588310114952,0.0834207475189149,0.0833968379779155,0,0.0702847649572567,0.0691897715217144,0.0920163165977114,0.119158990998653,0.14304138268552,0.190806166059255,0.213579115078461,0.22050037535403,0.934204274079457,0.933416079648306,0.94998922899391,0.970056454373745,0.988033696392365,1.02486980999081,1.04283525852947,0.0139193614680753,0.0183764422711727,7.65163579205291e-06,0.0377926590444492,0.0373497463250538,0.0500389549773968,0.0651587496749017,0.0785618669223787,0.105368101417333,0.118211362529311,0.122135403893184,0.000157087457614231,0.0258425940090322,0.0255749357505631,0.0344308078302243,0.0449976017154495,0.0543899107562546,0.0731745288378654,0.0821964482538644,0.084973410203667,0.000118535638564536,0.019730391509337,0.0195383911765304,0.026366063056706,0.0344910760009235,0.041738345949069,0.0562328858453596,0.0632140111982089,0.0652519155529593,9.51419682089907e-05,0.0159978542832979,0.0157922274915699,0.0213615146635538,0.0280014183844155,0.0339046722218351,0.0457111798966745,0.0514173773078163,0.0530814341541038
9,1.11635234710315,1.08379889764406,1.08381616903285,1.1348633775676,1.09182795596458,1.09250315300667,1.07854469114024,1.06194794373128,1.04734824547998,1.01814884897739,1.00422976645681,0.99999969938697,0.569325011887038,0.56980757360662,0.559743324601839,0.547556189577281,0.536638829331561,0.514261311508466,0.503347396301924,1.1262846726802,1.12358757082989,1.1348586766822,1.11170572767928,1.11199009347034,1.10421889152905,1.09495705022727,1.08675452926588,1.07034948734312,1.06249060191098,1.06010178674857,1.13495884538743,1.11902150586508,1.11918920727346,1.11376156291284,1.1072922998067,1.10154132793518,1.09003938419213,1.08451567463594,1.08281826847221,1.1349354035318,1.12276571291535,1.12288226950326,1.11870313838165,1.11372427175076,1.10928524476907,1.10040719080567,1.09613155102517,1.09487900528403,1.13492117777525,1.1250533654796,1.12517416978441,1.12176921405409,1.1176985010823,1.11408182062828,1.10684845972024,1.10335328275548,1.1023386892433,1.13486111516085,0.37080177525464,0.398346294806615,1.23744560878793,1.1348633775676,0.370801315979252,0.398171081108949,1.23363715195105,0.0303990465325507,0.0838587297631681,0.0838303664717516,0,0.0706733094286975,0.0695644923728109,0.0924872536213185,0.119742640496882,0.143718448183799,0.191670063557632,0.214528155550197,0.221474824777439,0.928734201333769,0.927941732421972,0.944469368438729,0.964483234518281,0.98241186052101,1.01916050111634,1.0370834696325,0.0140880568243893,0.0185172713301906,7.71985298779873e-06,0.038029783263088,0.0375627941923755,0.0503247595449018,0.0655346715620027,0.0790049544221693,0.105945520142503,0.118851480424088,0.12277442266219,0.000156778451795987,0.0260157205171555,0.0257403191597379,0.0346536648428801,0.0452775699016761,0.0547218880808048,0.0736105244390618,0.0826816295919275,0.0854691312955756,0.000118281942299511,0.0198669367113369,0.0196755260199559,0.0265385475937895,0.0347149048572229,0.0420047306740515,0.0565843823077085,0.0636058916123078,0.0656628379472107,9.49202263649171e-05,0.0161101249614719,0.0159117386160834,0.0215033996468406,0.028188375574447,0.0341277336035036,0.0460064496616169,0.0517462731358122,0.0534124513341331
9.09999999999998,1.11760871518589,1.08479656914595,1.08481670911741,1.13653715639434,1.0929200141506,1.09360907444849,1.07948022669353,1.06268192443357,1.0479084390238,1.01836146820426,1.00427910169196,0.999999697641056,0.569705081154148,0.570194639200427,0.56007753600883,0.547824108270911,0.536847208721761,0.514343834500919,0.503366673443221,1.12778650451447,1.12508395345394,1.13653237605291,1.11304929884849,1.11335390046495,1.10547031568307,1.0960818649194,1.08777272887232,1.07115445677815,1.06319448256601,1.06076624322371,1.13663320705085,1.12046267972548,1.12062870961083,1.11513081540757,1.10857440308501,1.10274566141508,1.09108817807521,1.08549022970588,1.08377455001957,1.13660960952248,1.1242591025044,1.12438884042638,1.1201457311066,1.11509206728483,1.11059154615464,1.10159050389427,1.09725597572328,1.09596273721175,1.13659528834882,1.12657980439887,1.12670756598947,1.1232525881227,1.11912061834284,1.11545296437186,1.10811765642989,1.10457388057298,1.1035392243799,1.1365348746384,0.376807132910584,0.411222843322623,1.29205090025188,1.13653715639434,0.376806523249011,0.411036754475121,1.2879557428018,0.0308358301032301,0.0842892417955741,0.0842564322931231,0,0.0710555493188598,0.0699330191515538,0.0929499566863652,0.120315632961876,0.14438273289427,0.192516932759056,0.215458148913219,0.222429614487356,0.923411356311853,0.922613830061567,0.939095339115444,0.959057078793191,0.97693925967804,1.0135989199523,1.03148152685391,0.0142554588456848,0.0186581143221749,7.78752960360515e-06,0.0382634563932872,0.0377672378409686,0.0506101802819819,0.0659046606616939,0.0794408575746215,0.106513251400477,0.119480637870852,0.123436419278544,0.000156473620458746,0.0261865108753943,0.025916035917612,0.0348725120325777,0.0455533924198591,0.0550488435175114,0.0740397457128159,0.0831592174613088,0.0859541865100534,0.000118031502184615,0.0200018574999944,0.0197905048336051,0.0267028436074693,0.034935635589169,0.0422673172325821,0.0569306805194084,0.0639919473604735,0.0660987285045299,9.47012515270726e-05,0.0162212625450172,0.0160131294685486,0.0216415438391252,0.0283728280859534,0.0343477075533728,0.0462974664882116,0.0520705393495336,0.0537560707799154
9.20000000000001,1.11885119748462,1.08578589297436,1.08580893836044,1.13819854014071,1.09400290742871,1.09470584726082,1.08040794418316,1.06340968387015,1.04846386616739,1.01857223076188,1.00432800121218,0.999999695920503,0.57007884245975,0.570574808183906,0.560405701870929,0.548087334026807,0.537053644007438,0.514424845285348,0.50338617704117,1.12927573248293,1.12656718686887,1.13819368035742,1.11438178796259,1.11468359139005,1.10670078331942,1.09719717463597,1.08878215927001,1.0719521285381,1.06389169576683,1.0614463689772,1.13829516617079,1.12189248496095,1.12207422673267,1.11649546407877,1.10984596807222,1.10393990313374,1.0921277732568,1.08645609533011,1.08472387625002,1.13827141466845,1.12574080018747,1.1258789749866,1.12157506956415,1.11644876622093,1.11188707377571,1.10276368888526,1.09837064551613,1.09704456607912,1.13825699913437,1.12809434026414,1.1282283539096,1.12472086818425,1.1205313460762,1.11681295733256,1.10937617984528,1.10578400780231,1.10471462919528,1.13819623919816,0.382805420256289,0.424286387329843,1.34816790595386,1.13819854014071,0.382804652878579,0.424088959833969,1.34376964889577,0.0312703483638686,0.0847124984912687,0.0846752511408908,0,0.0714316614757768,0.0702955274950151,0.0934046654298047,0.120878284469696,0.145034621309104,0.193347294987922,0.21636968251223,0.223365351979699,0.918229504415461,0.91742789453825,0.933863820784477,0.95377351384192,0.971606832700104,1.0081808693352,1.02602223430218,0.0144215827879904,0.0187992984472681,7.85467642372093e-06,0.0384940790445488,0.0380062860446701,0.0509085845012365,0.066268893124896,0.0798697512198971,0.107071467409899,0.120099227614556,0.12405151304902,0.000156172848925527,0.026354835130336,0.0260610930586174,0.0350778275387902,0.0458251461894811,0.0553708864685751,0.0744623670267627,0.0836292768048995,0.086428994318566,0.000117784230629086,0.0201349547112841,0.0199116282224361,0.0268678611417325,0.0351533034482461,0.0425261873851564,0.0572719552589766,0.0643722583327449,0.066515548328193,9.44849703251389e-05,0.0163310205279689,0.0161144195480134,0.0217834306604266,0.0285547903311307,0.0345646756902069,0.0465844464083595,0.0523903326824279,0.0541187272309254
9.30000000000001,1.12008068742699,1.08676700647052,1.08679299295089,1.13984772008792,1.09507678683301,1.0957936209998,1.0813279721557,1.06413132514758,1.04901460607624,1.01878116793356,1.00437647240497,0.999999694224625,0.570447053912214,0.570949938237931,0.560729535006561,0.54834710696097,0.537256011625344,0.514504545176969,0.503404804908666,1.13075256429245,1.12803981225597,1.13984278087903,1.11570353401134,1.11600369035466,1.10792924679216,1.09830315476238,1.08978296736215,1.07274259256169,1.06458240960996,1.06211387625014,1.13994491422104,1.12331107951526,1.12349696035622,1.11784434002686,1.11110715916224,1.1051242092311,1.09315830936881,1.0874133799284,1.08563423380634,1.13992101039977,1.12721092731698,1.12736143600059,1.12299274671064,1.11779452323956,1.1131719829468,1.10392690236129,1.09947568556045,1.0981297592328,1.13990650153524,1.12959705522286,1.12973134401794,1.12617635739403,1.12193083839983,1.11816197041288,1.11062423443899,1.10698384730117,1.105920909436,1.13984540011874,0.388796624076776,0.437536129501616,1.40581417850953,1.13984772008792,0.388795691576823,0.437326889002803,1.4010957795077,0.0317015690590985,0.085128705826144,0.0850870297578954,0,0.0718018155160915,0.0706521858153451,0.0938516095064078,0.12143089781255,0.145674481652735,0.194161649333106,0.217263318557204,0.224282618728379,0.913181803798963,0.912375298216971,0.928766368359301,0.948624806625676,0.96641225761817,1.00290014111493,1.02070145650149,0.0145864437267449,0.0189370459390101,7.92130384272704e-06,0.0387214710175089,0.0382400923903054,0.0511895590402078,0.0666274968675912,0.0802918294914057,0.107620494739035,0.120707466760397,0.124666400917264,0.00015587602731491,0.0265207966269926,0.0262226884375931,0.0352881327463025,0.046092951461722,0.0556881650515763,0.0748785922312842,0.084092078166117,0.0869454008990782,0.000117540043673445,0.0202663781451296,0.0200249983938336,0.0270313259291212,0.0353680268988535,0.0427814704253998,0.0576083574784925,0.0647470393044072,0.0669055816185876,9.42713124097609e-05,0.0164396025288926,0.0162242355800921,0.0219255796257611,0.028734371612655,0.0347787299547637,0.0468674466389815,0.0527057525815456,0.0544104494228105
9.4,1.12129810425566,1.08774004362756,1.08776900576708,1.14148488305553,1.09614179971148,1.09687254159241,1.08224043602533,1.06484694884577,1.04956073597284,1.01898831022697,1.00442452247386,0.999999692552762,0.570810453975296,0.571319101510566,0.561048197078113,0.548602886540327,0.537456072919321,0.514583958201348,0.503423676721775,1.13221720258064,1.12950227090613,1.14147986443925,1.11701459512671,1.11731585328554,1.10914541738518,1.09939997060573,1.09077530882747,1.07352598527096,1.06526662445717,1.06273384620483,1.14158263820594,1.12471838379506,1.12489924275666,1.11918079912892,1.1123581043899,1.1062987369112,1.09418000195379,1.08836217892284,1.08655471481072,1.14155858367882,1.12866965182025,1.128813960832,1.12439291165073,1.11912954051992,1.11444646852277,1.10508032452847,1.10057121983734,1.09920839928038,1.1415439824882,1.13108817913036,1.13121764653376,1.12761962616672,1.12331928668659,1.11950018968659,1.11186199568659,1.10817359713036,1.10710959362178,1.14148254421715,0.394780732706268,0.450971277419164,1.46500717301132,1.14148488305553,0.394779627603753,0.450749738679139,1.45995093305261,0.0321284413927778,0.0855380613640663,0.0854919664218504,0,0.0721661742187812,0.0710031556942534,0.0942910091366153,0.121973763230512,0.146302666780437,0.194960473880288,0.218139595518332,0.225181971630072,0.90826179505085,0.907452252692036,0.923798998964952,0.943606439973363,0.961347247047598,0.997749557913072,1.01551179987343,0.0147500565561426,0.0190710294094528,7.98742188983317e-06,0.038945897182494,0.0384664271691705,0.0514701546870983,0.0669806043137754,0.080707258933732,0.108160568173646,0.121305824902235,0.125336889910083,0.000155583050271165,0.0266848660795541,0.0263970184439446,0.0354982565747658,0.0463569750576181,0.0560008134751703,0.0752884903102747,0.0845478965848686,0.0874245816355918,0.000117298860787782,0.020396191475591,0.0201665152269692,0.0272028740697223,0.0355798376546992,0.0430332211632984,0.0579399881804968,0.065116492527186,0.067285501304018,9.40602102837635e-05,0.0165469635373464,0.0163409085781182,0.0220673688340444,0.0289116111139114,0.0349899277861409,0.0471465611305993,0.0530168635707218,0.0547102875045701
9.49999999999999,1.12250066841229,1.08870513519824,1.08873710648292,1.14311021154011,1.09719808984466,1.09794275145278,1.08314545817465,1.06555665309958,1.05010233119954,1.01919368739947,1.00447215844444,0.99999969090428,0.571167664664704,0.571682625851244,0.561362539880571,0.548855336727447,0.537652807688352,0.514661105235014,0.50344168959462,1.13366984507906,1.13095202566738,1.1431051135366,1.11831534140335,1.11862192397747,1.11034787825225,1.10048778485481,1.09175933244921,1.074302427638,1.06594462696974,1.06339845649634,1.14320852079958,1.12611470540874,1.12629434584635,1.12050618162133,1.11359896840847,1.10746363601794,1.09519297123686,1.08930271106553,1.08748318476182,1.14318431713944,1.13011724567282,1.13024056316521,1.12577916790921,1.12045400746614,1.11571071202674,1.10622412114794,1.10165747303643,1.10027139306925,1.14316962460244,1.13256797038505,1.13269624922125,1.12905180725798,1.12469686620441,1.12082778236063,1.11308961467307,1.10935346732238,1.10828674872231,1.14310785398756,0.400757735958913,0.464591043597746,1.52576424784368,1.14311021154011,0.400756450701204,0.464356710469,1.52035179791485,0.0325557798966948,0.0859407547107242,0.0858902514025966,0,0.0725248938919529,0.0713485922504812,0.094723075616837,0.122507159093036,0.146919515015225,0.195744226859604,0.21899902942509,0.226063944349677,0.903466687938807,0.902653231621976,0.91895531290987,0.938712264844751,0.956408293690274,0.992727041751723,1.01044974544742,0.0149124359887012,0.0192056282257655,8.05304024513226e-06,0.039167114464053,0.0386828225638866,0.0517528848071187,0.0673283407217376,0.081116204605623,0.108691932373394,0.121894297767366,0.125916345466211,0.000155293816714056,0.0268468812439939,0.0265631129667972,0.0357063627393434,0.0466173136353644,0.0563089661703329,0.0756922712402697,0.0849967964538045,0.0878710036835536,0.000117060604679991,0.0205242850051232,0.0203294870362995,0.0273769116728144,0.0357887794286402,0.0432815065285227,0.0582669607282868,0.065480647604416,0.0676701631143306,9.38515991453495e-05,0.0166530078096974,0.0164503726745639,0.0222073004078392,0.029086565102046,0.0351983474563988,0.0474219121651039,0.0533237019358136,0.0550087395778434
9.6,1.1236929715257,1.0896624087984,1.08969742167002,1.14472388384876,1.09824579755967,1.09900438959395,1.08404315805133,1.06626053367714,1.05063946527888,1.01939732848236,1.00451938717011,0.999999689278571,0.571519626374266,0.572040945562069,0.561672151873523,0.549103588921187,0.537847414386448,0.514737478791558,0.503459962541761,1.13511068476999,1.13238938404278,1.14471870648002,1.11960598756949,1.1199018123778,1.11153902040738,1.10156678739338,1.09273519883165,1.07507202170818,1.06661645619908,1.06405624915362,1.1448227404796,1.12750034615294,1.12768453951758,1.12181913790132,1.11482993564456,1.10861906779156,1.09619733208554,1.09023513903488,1.08841168253621,1.14479838922057,1.13155379951403,1.13168148621595,1.12716194987335,1.12176807010363,1.11696486759012,1.10735846256309,1.10273458443294,1.10133037386655,1.14478360629328,1.13403661448671,1.13415915769867,1.13047309215891,1.12606375659825,1.12214492097604,1.11430724973161,1.11052360075343,1.1094311702831,1.14472150773468,0.406727625062708,0.478394645508376,1.58810266549584,1.14472388384876,0.406726152026708,0.478147010910722,1.58231495327735,0.0329766901678154,0.0863369679368549,0.0862820673884972,0,0.0728781247149266,0.0716886444824959,0.0951480117952999,0.123031352534415,0.147525350928149,0.196513347715618,0.219842115077332,0.226929048574649,0.89879026222213,0.897972828291035,0.914231205085577,0.933938843059966,0.951588642289076,0.987825262660292,1.0055085259215,0.0150735965550429,0.019340624516364,8.11816825803245e-06,0.0393851236953102,0.0389212673063039,0.0520342124562919,0.0676707779714956,0.081518801072743,0.109214847275238,0.122473262302795,0.126487693688687,0.000155008229607592,0.0270066869883725,0.0267178698689163,0.0359148808610314,0.0468740229943194,0.0566127286536751,0.0760901399723868,0.0854389209445066,0.0882981197784631,0.000116825201124272,0.0206508297842283,0.0204506157020637,0.0275372958889517,0.0359949557011438,0.0435264274066191,0.0585893708175697,0.0658396600170801,0.0680414768506613,9.3645416743405e-05,0.0167577499767283,0.0165656009405412,0.0223453902038696,0.0292592744137543,0.0354040495974101,0.0476935999647217,0.0536264010786638,0.0553393434653965
9.70000000000002,1.12487059427987,1.09061198900625,1.09065007489566,1.14632607422725,1.09928505983959,1.10005759173518,1.0849336522611,1.06695868405519,1.05117220997153,1.01959926180421,1.00456621533763,0.999999687675049,0.571866840481278,0.572394182170643,0.561977727028399,0.549349073663087,0.538038865864992,0.514812701442837,0.503477392050739,1.1365399100369,1.13381845133907,1.14632081751709,1.1208866030467,1.12120618156326,1.11273488255911,1.1026370885966,1.09370302945055,1.07583491115845,1.06728224817041,1.06469507302314,1.14642547165577,1.1288754478634,1.12907153383568,1.12312632586432,1.11605117320313,1.10976518673443,1.09719321379702,1.09115952905117,1.08930921369835,1.14640097429482,1.13297949740365,1.13310945875564,1.12853444546945,1.12307189027266,1.11820909564742,1.10848350639694,1.10380272965221,1.1023639468605,1.14638610191057,1.13549432122303,1.13561025131924,1.13188334916188,1.12742014946432,1.12345179009284,1.11551507134987,1.11168416499413,1.11057634138123,1.146323679702,0.412690392596439,0.49238130559536,1.65203959337161,1.14632607422725,0.412688724090397,0.492119851494506,1.64585686995066,0.0333984977221427,0.0867268759733347,0.0866675898844738,0,0.0732260110576198,0.0720234555884211,0.095566012516236,0.123546600046929,0.14812048606658,0.197268258105882,0.220669327175525,0.227777775185578,0.894227276983915,0.893406394847779,0.909621084716952,0.929279374892214,0.946885317537546,0.983040136793508,1.00068515363024,0.0152335526038859,0.0194698890709819,8.18281496503438e-06,0.0396001451545161,0.0391026758653799,0.0522894543102211,0.0680081028551525,0.0819152330974308,0.109729493581987,0.123042926608185,0.127070231682446,0.00015472619573889,0.0271643750823807,0.0268591394542518,0.0361136989129946,0.0471271775496017,0.056912207074521,0.07648226612436,0.0858745522318973,0.0887548305220153,0.000116592578791009,0.0207758398662987,0.0205735365885823,0.0276951936753562,0.0361984356324063,0.0437680651915058,0.0589073243097052,0.0661936172208961,0.0684332867090243,9.34416032391182e-05,0.0168611598959977,0.0166806982580502,0.02248215007915,0.0294297534559151,0.0356070676783967,0.0479616961233597,0.0539250452308869,0.0556495298149181
9.80000000000001,1.12603707836877,1.09155399745783,1.09159518681705,1.14791695298347,1.10031601042871,1.10110249040505,1.08581705465698,1.06765119549129,1.05170063533192,1.01979951501317,1.00461264947245,0.999999686093153,0.572209397056566,0.57274308494204,0.562278287340211,0.549590566551243,0.538227510328836,0.514887686537725,0.503494540986635,1.13795770480913,1.13523607722206,1.14791161695743,1.12215723073112,1.12249158685648,1.11391375339041,1.10369877228952,1.09466290463006,1.07659116931113,1.06794202477434,1.06533144221715,1.14801688479376,1.13024018679648,1.13043032605573,1.1244212785117,1.11726286398084,1.11090217421404,1.09818079468043,1.09207604819566,1.09019655053703,1.14799224279213,1.13439464351223,1.13452564188204,1.12989515223657,1.12436565161803,1.11944356343491,1.10959938706866,1.10486211441348,1.10340876612383,1.14797728186234,1.13694118870199,1.1370622927925,1.13328820236652,1.1287661857246,1.12474854010951,1.11671324887931,1.11283531501141,1.11171751119143,1.14791454019519,0.418646032429496,0.506550251289951,1.71759210459579,1.14791695298347,0.418644160694763,0.506274448678039,1.71099391120118,0.0338160058457035,0.0871106469803763,0.0870469875839444,0,0.0735686917790399,0.072353163265015,0.0959772650349393,0.124053148035029,0.148705219634621,0.198009362833806,0.221481121376592,0.228610595349704,0.889773383964468,0.888948553247987,0.905122213431569,0.924731468416976,0.942293414379126,0.978365815691135,0.99597426561789,0.0153923183022195,0.0195986757889536,8.24698910590003e-06,0.0398124273383173,0.0392956698664823,0.0525529700905551,0.068340531340534,0.082305737219187,0.110236148976493,0.123603662610235,0.127638396655525,0.000154447625519146,0.0273199750564662,0.0270261090990319,0.0363132732375129,0.0473768187049431,0.0572074564999353,0.07686873208992,0.0863038018264203,0.0892086221204313,0.000116362669099946,0.0208991369548213,0.0206966750249765,0.0278532363708325,0.0363992462786983,0.0440064819555318,0.0592209533091982,0.0665425510158206,0.0687887446126352,9.32401010810709e-05,0.0169633745914706,0.0167762045685766,0.0226091751022,0.0295980881508542,0.0358074805719067,0.0482262654140116,0.0542197291177857,0.0559473286208175
9.9,1.12719236712584,1.09248855293877,1.09253287527179,1.14949668660608,1.1013387799335,1.10213921504057,1.08669347642505,1.06833815709334,1.05222480976173,1.01999811509852,1.00465869594385,0.999999684532338,0.572546429682052,0.573086502247748,0.562574516431366,0.549828724689878,0.538414289811588,0.514961026482179,0.503512527495474,1.13936424870088,1.13664115572988,1.14949127129141,1.12341800334474,1.12375635797742,1.1150833444045,1.10475198500781,1.0956149656873,1.07734092704626,1.06859588742163,1.06594461626746,1.14959714653411,1.13159464572226,1.13179518215844,1.12570847596189,1.1184651227143,1.1120301520466,1.0991602107112,1.09298482171606,1.09109244176519,1.14957236131864,1.13579939350375,1.13593764936209,1.13124650350768,1.125649511664,1.12066842126349,1.11070624046247,1.10591285110069,1.10444845138468,1.1495573127337,1.13837745835191,1.13848842424387,1.13467354924211,1.13010203057505,1.12603531971404,1.11790189799201,1.11397719318582,1.1128401185224,1.14949425570076,0.424594539664408,0.520900715020374,1.78477717881702,1.14949668660608,0.424592456877162,0.520610023898418,1.77774233357824,0.034229680067038,0.0874884426928865,0.0874204227167319,0,0.0739063005065417,0.0726778999873593,0.0963819494059915,0.124551233333667,0.149279839129445,0.198737050721001,0.22227793528121,0.229427961543431,0.885425925081386,0.884597094094046,0.900729480992589,0.920290013825644,0.937807358588212,0.973800283680806,0.991369905471323,0.0155499076356698,0.0197289457485578,8.31069913731057e-06,0.0400220677163511,0.0395028063761403,0.0528129851547918,0.0686681708339294,0.0826904434428154,0.110734988660587,0.124155703369668,0.128224518984451,0.000154172432791835,0.0274736529192461,0.027165896475112,0.03650695733798,0.0476230850681816,0.0574986155631281,0.0772496765530205,0.0867268358889241,0.0896310069998559,0.000116135406070662,0.0210207695909555,0.0208085930301527,0.0280079349283176,0.0365974478393346,0.0442417577652879,0.0595303776171937,0.0668866291466741,0.0691339935557921,9.30408548854571e-05,0.0170643012027342,0.0168940056246243,0.0227485644656449,0.0297643185904151,0.0360053613543956,0.0484874468823565,0.0545105577866173,0.0562555875767206
10,1.12833549759465,1.09341577147242,1.09346325536497,1.15106543787877,1.10235349591987,1.10316789208254,1.08756302616697,1.06901965588633,1.05274480006132,1.02019508841129,1.00470436096979,0.999999682992086,0.572879180481394,0.573425386165719,0.56286764869391,0.550063645839902,0.538598096296644,0.515033785004761,0.503529136129339,1.14075971714476,1.13803773676118,1.15105994330433,1.12466925399337,1.1249995219416,1.11623827471203,1.10579690056252,1.09655937194655,1.07808431471463,1.06924408229759,1.06654933048064,1.15116641980681,1.13293898148207,1.13313222051847,1.12698074165211,1.1196580906531,1.1131492567367,1.1001315889039,1.09388597798366,1.09198406879285,1.15114149277122,1.1371938299569,1.13733767973473,1.13259043514533,1.12692360944533,1.12188380051203,1.11180418264542,1.10695497635709,1.10547512527111,1.15112635740121,1.1398031878528,1.13992416942821,1.13605879675524,1.13142782740152,1.127312288758,1.11908121147096,1.11510995599167,1.11394945735027,1.15106298900032,0.430535910581971,0.535431934218447,1.85361170300647,1.15106543787877,0.430533608854892,0.535125803580614,1.84611828773948,0.034641346531108,0.0878604187438148,0.0877880513747948,0,0.0742389658973288,0.0729977932707445,0.0967802388467268,0.125041083693511,0.149844620936937,0.199451695423787,0.223060189357879,0.230230308509347,0.881179195882705,0.880346756371141,0.896437174461718,0.915950991669622,0.933424952002681,0.969337913630615,0.986871462924211,0.0157063344090211,0.0198547423916193,8.3739532472167e-06,0.0402288497744874,0.0397255080894766,0.053078002532065,0.0689910782222316,0.0830694447237088,0.111226177726663,0.12469904878335,0.128805959331261,0.000153900534658454,0.0276254512581245,0.0273309471661746,0.0367060492748858,0.0478660649903696,0.0577857906206649,0.0776252418812556,0.0871438050398957,0.0900423914209336,0.000115910726195775,0.0211408904272786,0.0209216575590873,0.0281566499450571,0.0367931210642737,0.0444739933202815,0.059835737832297,0.0672261239633258,0.069481476755419,9.28438113256057e-05,0.0171641236621286,0.0169797428575554,0.0228707268444265,0.0299285110775379,0.036200758101962,0.0487452521508101,0.0547976058086723,0.0565662525839422
10.1,1.12946725167055,1.09433576640471,1.09438643955282,1.1526233659902,1.10336028300653,1.10418864506712,1.08842580997931,1.06969577687657,1.0532606714791,1.02039046068416,1.00474965062169,0.999999681471891,0.57320734080978,0.573759565265066,0.563156123652357,0.550295979717401,0.538779134412262,0.515105434441807,0.503546075596208,1.14214428152037,1.13942255483343,1.15261779218644,1.12591106276003,1.12626257732694,1.11739403736647,1.10683364068138,1.09749623743849,1.07882143095271,1.06988664330269,1.06715572508003,1.15272486394149,1.13427341882806,1.1344735666553,1.12824904655542,1.12084191510031,1.11425963035372,1.10109506086056,1.09477971034856,1.09285754229916,1.15269979644763,1.1385780520018,1.13872500284049,1.1339213769924,1.12818807734718,1.12308984646968,1.11289338471468,1.1079886667368,1.10650015039752,1.15268457514306,1.14121856563096,1.14133403915868,1.13742692084927,1.13274373321171,1.12857959678191,1.1202513239223,1.11623374705213,1.11506608366639,1.1526208992805,0.436470142588829,0.550143151323037,1.92411247225228,1.1526233659902,0.436467613972741,0.549821019142714,1.91613781927419,0.0350501332001609,0.0882267249671994,0.0881500238174875,0,0.0745668118835744,0.0733129659161226,0.0971723000778513,0.12552291823562,0.150399830889792,0.200153656198137,0.223828287808608,0.231018054152772,0.877030082877177,0.876194211174049,0.892244055969906,0.911709746615199,0.929142160206631,0.964975734261876,0.982472498254907,0.0158616122469029,0.0199813398313741,8.43675936416609e-06,0.0404329402323715,0.0399008720182574,0.0533246918618842,0.0693093819246941,0.0834428942613953,0.111709918934798,0.125234014252579,0.129367654557752,0.00015363185131135,0.0277753030310078,0.0274723503029483,0.0368940630996607,0.0481058294845129,0.0580690708964479,0.0779955537203185,0.0875547515026189,0.0904642312726099,0.000115688568311711,0.0212596171937941,0.0210371858135211,0.0283081693427479,0.0369863488277666,0.0447032597427326,0.060137081572664,0.067561082683589,0.0698141677755942,9.26489190298971e-05,0.0172628173360468,0.0170880314254204,0.0230020209352055,0.0300907037872432,0.0363937274514689,0.0489997747799207,0.0550809593214013,0.056848386992469
10.2,1.13058806389086,1.09524864848567,1.0953025377233,1.15417062663995,1.10435926295489,1.10520159471408,1.08928193152978,1.07036660311344,1.05377248775911,1.02058425705047,1.00479457082894,0.999999679971271,0.573530251944262,0.574089009302433,0.563440648892405,0.550524150392022,0.538958184730493,0.515175500838237,0.503563011709846,1.14351810927783,1.14079668003565,1.15416497363884,1.12714351270647,1.12749606455131,1.11853475130402,1.10786232574294,1.09842568135309,1.07955239257339,1.07052364636736,1.06777736736379,1.15427263477366,1.13559822611021,1.13579498989847,1.12950610599445,1.12201676812084,1.11536141833932,1.10205071877629,1.09566612742111,1.09371735581354,1.15424742815262,1.13995228960965,1.14009522282577,1.13523993153612,1.12944309557526,1.12428672761304,1.1139739916886,1.10901408183633,1.10750911652074,1.15423212174516,1.14262375923609,1.14273472466114,1.13878788012124,1.13404990746376,1.12983740079748,1.12141238746491,1.11734871923838,1.11617025339852,1.15416814223889,0.442397234167389,0.565033613780547,1.99629619054934,1.15417062663995,0.442394470652857,0.564694906998145,1.98781686952419,0.0354557073096083,0.0885875056824266,0.0885064847578934,0,0.0748899579023877,0.0736235362403701,0.0975582936429201,0.125996947877851,0.15094572479089,0.200843278616967,0.224582619380619,0.231791600382384,0.872976164481746,0.872136088805527,0.888145593541807,0.907565178901003,0.924954276837951,0.960710860551622,0.978169905187816,0.0160157545946188,0.0201073454747663,8.49912517756534e-06,0.0406344913080225,0.0401044397120481,0.0535775173832983,0.0696232033845781,0.0838109278075442,0.112186376653476,0.125760837845818,0.129889789630122,0.000153366305879375,0.0279230719843878,0.027627243267209,0.0370824000021845,0.0483424048801432,0.0583485325604612,0.0783607879210982,0.0879598380662978,0.0908897603341325,0.000115468873482878,0.0213768622833426,0.0211619662888079,0.028461757609219,0.037177134361811,0.0449295858317504,0.0604344887716286,0.0678915711029778,0.0701542433285638,9.24561284803707e-05,0.0173603842538114,0.0171935509170835,0.0231275185817636,0.0302509247005855,0.0365843077594447,0.0492510738771627,0.0553606826069659,0.0571324722269906
10.3,1.13169668246758,1.09615452594798,1.09621165727356,1.15570737214047,1.10535055475555,1.10620685901164,1.09013149213074,1.07103221574879,1.05428031118674,1.02077650206266,1.00483912738329,0.999999678489758,0.573849299209912,0.574413590474109,0.56372129707991,0.55075046756356,0.539134521634592,0.515244957076408,0.503579092211187,1.14488136405676,1.14216147402952,1.15570163997547,1.12836686830823,1.12871478849141,1.11966144753813,1.10888311786145,1.09934782886024,1.08027725085781,1.07115513430095,1.06838235119741,1.15580988474691,1.13691353192947,1.13710838058385,1.13075188665909,1.1231827924896,1.11645475204828,1.10299867116562,1.0965452892815,1.09456525056437,1.15578454030018,1.14131652098152,1.14144721128842,1.13654790410459,1.13068878511852,1.1254745838848,1.11504618141737,1.11003131357922,1.10852739847564,1.15576914960328,1.1440189260604,1.14412285414977,1.14013761204979,1.13534647872982,1.13108583261616,1.12256454038885,1.11845504937847,1.11725666779728,1.15570487018606,0.448317184827982,0.580102574042708,2.0701794715845,1.15570737214047,0.448314178346876,0.579746708555141,2.0611712764023,0.0358602570004986,0.0889428999611121,0.0888575736316353,0,0.0752085191117547,0.0739296182924821,0.0979383742082621,0.126463375735128,0.151482548904517,0.201520895243296,0.225323558128092,0.23255133389909,0.869012107413832,0.868169331548878,0.8841384017532,0.903510493363337,0.920859049860108,0.956538405028879,0.973961516063965,0.016168774719103,0.0202309635491036,8.56105813887767e-06,0.0408333749385852,0.040313751914241,0.0538350267181105,0.0699325931565255,0.0841736632305553,0.112655803378615,0.126279795382765,0.130420980665408,0.000153103824283716,0.0280688288914002,0.0277778200566907,0.0372713210293525,0.0485758552129326,0.058624265426159,0.0787210858526117,0.088359290170758,0.0913165020724015,0.000115251584891812,0.0214929112010726,0.0212977236384914,0.0286148984939418,0.0373655639475183,0.0451530368956378,0.0607279827918771,0.068217748889791,0.0704638643848438,9.22653919274226e-05,0.0174568363540558,0.0173016184888017,0.0232536260263413,0.0304092419007055,0.0367725686816229,0.049499222243457,0.0556367970395592,0.0574265945035891
10.4,1.13279524703748,1.09705350458252,1.09711390318454,1.15723375151546,1.10633427471153,1.10720455329817,1.09097459080983,1.07169269409416,1.05478420263274,1.0209672197099,1.00488332594301,0.999999677026901,0.574164307860469,0.57473488024426,0.563999298236296,0.55097223782814,0.539309320842281,0.515313992316744,0.503595807863497,1.14623420580073,1.14351655669295,1.15722794022145,1.12958124749654,1.12994674252079,1.12079507726688,1.10989611113267,1.10026278034685,1.08099611877521,1.07178126278162,1.06896537027021,1.15733676301149,1.13821938936838,1.13841097539571,1.13199054363435,1.12434010014316,1.11753975334293,1.10393905974247,1.097417308567,1.09542428850067,1.15731128201192,1.14267097434864,1.14281762940285,1.13785505823908,1.13192529494731,1.1266535423137,1.11611003704648,1.11104045854698,1.1095087943128,1.1572958078215,1.14540415141249,1.14551652160817,1.14148182807796,1.13663357785651,1.13232502397942,1.12370791622523,1.11955282814995,1.11833740456215,1.15723123214382,0.454229995063093,0.595349289561692,2.14577883951618,1.15723375151546,0.454226737490113,0.594975670213486,2.13621677520717,0.0362608748717257,0.0892930418778753,0.0892034248494602,0,0.0755226065934918,0.074231322056742,0.09831269084478,0.126922397495469,0.152010540417823,0.202186826262531,0.226051464127617,0.23329762693696,0.865135105012231,0.86428851254449,0.880217539470695,0.899546570338036,0.916851539790835,0.952454847921019,0.969841821030025,0.0163206857100118,0.0203530246909517,8.62256548123269e-06,0.0410296787605647,0.0404873718713488,0.054066246509061,0.0702376962628708,0.0845312469397256,0.113118348293435,0.126790982821693,0.130969091433056,0.000152844335097372,0.0282127495650308,0.027928481885288,0.037454861575627,0.0488062834434112,0.058896365863537,0.0790765307037887,0.0887532440857864,0.0917104074959829,0.00011503664773573,0.0216076659317134,0.0213900650316725,0.0287533295134915,0.0375516749660877,0.0453736905388599,0.0610177216844047,0.068539759368347,0.070812381459086,9.20766632994152e-05,0.0175522871910144,0.0173855567919307,0.0233720735763976,0.0305657132193287,0.036958573026116,0.0497442926396916,0.0559094460317397,0.0577128429078849
10.5,1.13388234160616,1.09794568781108,1.09800937809281,1.15874991059453,1.1073105365184,1.10819479034084,1.091811324378,1.0723481156758,1.05528422159556,1.02115643343508,1.00492717203697,0.999999675582265,0.574474656360231,0.575050378575947,0.564272532772447,0.551192875935487,0.539481533591742,0.515382020423538,0.503611731581199,1.14757679086746,1.14486225785634,1.15874402020778,1.13078676277268,1.13116911606855,1.12191105442676,1.11090142199126,1.10117064538865,1.08170909218343,1.07240210315702,1.06956532527106,1.15885341551922,1.13951580765825,1.13971765228338,1.13322533209183,1.12548877443678,1.11861652352797,1.10487202171037,1.09828230220543,1.09627131688291,1.15882779921209,1.1440158324805,1.14416751773779,1.13915454543721,1.13315275559095,1.12782373339078,1.11716568899043,1.11204169927947,1.11048745904824,1.1588122423071,1.14677956763917,1.1468867881109,1.14281136835306,1.13791132620363,1.13355509640683,1.12484263681324,1.12064218885838,1.11940633904293,1.15874737393998,0.460135666303661,0.610773022782966,2.22311072974949,1.15874991059453,0.460132149457825,0.610381043358946,2.2129689994355,0.0366599646792227,0.0896380607461743,0.0895441680347579,0,0.0758323275441366,0.0745287536438008,0.09868138729294,0.127374201773554,0.152529927874649,0.20284138007684,0.226766684150708,0.234030837959674,0.861343149110854,0.860494414918016,0.876383199489568,0.895665331887936,0.912930284359519,0.94845797514208,0.96580982700288,0.0164715004809146,0.0204732862748837,8.68365422127696e-06,0.0412234912044813,0.0406598229855315,0.0543081298604309,0.0705386160975611,0.0848838030645683,0.113574176998583,0.127294613006525,0.131476613151004,0.000152587769426761,0.0283550649687703,0.0280575040438792,0.0376285332433932,0.049033827042141,0.0591649530762673,0.0794272051445196,0.0891418211735283,0.0921064314628743,0.000114824009133231,0.0217210931834172,0.0214974775908613,0.028887640560275,0.037735526088573,0.0455916122916302,0.061303784697745,0.0688576104017615,0.0711488835055594,9.18898981258467e-05,0.0176467731987486,0.0174887079408003,0.023496723619588,0.0307204040770066,0.0371423921112962,0.0499863681798754,0.0561787014044861,0.0580006008673735
10.6,1.13496070681432,1.09883117675645,1.09889818235974,1.16025599210458,1.10827945134149,1.1091776804114,1.09264178749509,1.07299855628771,1.05578042624222,1.02134416615123,1.00497067106854,0.99999967415543,0.574780805218486,0.575362921324285,0.564542210870612,0.551409682704266,0.539650664524053,0.515449064702792,0.503627878853817,1.14890927213501,1.1461970457991,1.16025002266269,1.13198353129132,1.13235731648326,1.12301807963675,1.1118991474073,1.1020715221326,1.08241627158321,1.07301777964314,1.07015899985095,1.16035998511505,1.14080297217401,1.1410183165823,1.13445366992208,1.12662897344557,1.11968521476251,1.10579769739639,1.09914042007564,1.09709315166122,1.16033423471899,1.14535117507558,1.14550835542181,1.14043869992178,1.13437130141078,1.12898529332549,1.11821327715491,1.11303512656383,1.11145811817891,1.16031859586198,1.14814535755177,1.14825875939449,1.14413818558172,1.13917987539257,1.13477619020456,1.12596881982854,1.12172324642371,1.12047469510949,1.16025343829965,0.466034200877236,0.626373041135807,2.30219148970521,1.16025599210458,0.466030416523339,0.625962084355312,2.2914434815901,0.0370537741867499,0.0899780813402783,0.0898799282471165,0,0.076137785454661,0.0748220154705438,0.0990446022121621,0.127818970443419,0.153040931583722,0.203484853864328,0.227469552296478,0.234751312315697,0.857632761120846,0.856780048906406,0.872630756146503,0.891867927326555,0.909093113732155,0.944544803817678,0.961861056472723,0.0166212317705945,0.0205942338949437,8.7443311749861e-06,0.0414148868714916,0.0408673479946897,0.0545479200545032,0.0708354771743486,0.0852314645507351,0.114023439303508,0.127790811129811,0.131978491942815,0.000152334060780196,0.0284957374264199,0.0281802903782607,0.0377965066878465,0.0492585057518347,0.0594300639413192,0.0797731803202881,0.0895250865633263,0.0925240257196561,0.000114613618027365,0.0218333068059951,0.0216030613278707,0.0290293412827015,0.0379171641219319,0.0458068528552417,0.0615862303218615,0.0691714392058536,0.0714815184129079,9.17050534596966e-05,0.0177402513088479,0.0175741347292393,0.0236101532926342,0.0308733291765339,0.0373240631640612,0.0502255311391155,0.0564446552340105,0.05827359441879
10.7,1.13602572050221,1.09971007030994,1.09978041413819,1.16175213575785,1.1092411278902,1.11015333135919,1.09346607273293,1.07364409004267,1.05627287344752,1.02153044025721,1.00501382831928,0.99999967274599,0.575083205022804,0.575671795806669,0.564808983758825,0.551624400706995,0.539818994004121,0.515515147667405,0.503643112422749,1.15023179910396,1.14752321182492,1.16174608729973,1.13317162667311,1.13355382228447,1.12411836170706,1.11288941901898,1.10296553112807,1.08311775534626,1.07362829932767,1.0707478849831,1.16185661162533,1.14208101675519,1.14228769094826,1.13566032368084,1.12776083255438,1.12074594074165,1.10671615711619,1.09999166587882,1.09791098474253,1.16183072833321,1.14667701088099,1.1468174231763,1.14170666249411,1.13558103417478,1.13013833887786,1.11925294828401,1.11402083909946,1.11243458283762,1.1618150082709,1.14950178543553,1.14961303241657,1.14544798279044,1.14043939164465,1.13598845395308,1.12708657856994,1.12279615928612,1.12154438659587,1.16174956493337,0.471925601967993,0.642148617021799,2.38303737958352,1.16175213575785,0.471921541818025,0.641718054534375,2.37165565398438,0.0374493577802318,0.0903132241043396,0.0902108261928712,0,0.0764390802797728,0.0751112064295189,0.0994024694156991,0.128256878951762,0.153543764003007,0.204117534105498,0.228160390587245,0.235459382855071,0.854000624157379,0.853143825935315,0.868956574460007,0.888149072248171,0.905333934381666,0.940712490929694,0.957994342716615,0.0167698921444438,0.0207127210649827,8.80460296421104e-06,0.0416039972775097,0.0410476438155289,0.0547826292564999,0.0711283458299597,0.0855743238064716,0.114466279759496,0.128279865136581,0.132472818809809,0.000152083144962932,0.0286348006960068,0.0283339497720349,0.0379812576255576,0.0494803672580909,0.0596917857815861,0.0801146228285759,0.0899033118369767,0.0929321120613964,0.000114405425106913,0.0219445165401053,0.0217401215541983,0.0291797396826647,0.0380966775568346,0.0460194853572177,0.0618651009579835,0.0694813633424026,0.0717904405181636,9.15220878083169e-05,0.0178325564442223,0.0176706167431945,0.0237335847887411,0.0310244770459799,0.037503605848526,0.0504618634536181,0.056707329259499,0.0585295063048059
10.8,1.13708094900531,1.10058246519635,1.10065616943665,1.16323847833689,1.11019567248967,1.11112184868147,1.09428427063617,1.07428478942148,1.05676161883197,1.02171527765295,1.0050566489526,0.999999671353553,0.575382175687289,0.575975947197926,0.565071832754552,0.551835436614118,0.539984400217957,0.515580846628649,0.503658791265795,1.15154451799598,1.14883974053267,1.16323235090271,1.13435107637337,1.13473199252264,1.12521006955196,1.11387231691137,1.10385275516518,1.08381363167281,1.07423370589625,1.07132821971367,1.16334343194295,1.14335007358845,1.1435584490586,1.13686592985736,1.1288844761249,1.12179881897426,1.10762750467298,1.1008361306846,1.09874161665239,1.16331741692276,1.14799348410218,1.1481406043952,1.14297530271624,1.13678207660341,1.13128299279586,1.12028482518076,1.11499898125689,1.11340267528947,1.16330161638656,1.15084897036716,1.15095198592774,1.14674900976545,1.14169001392037,1.13719202153562,1.12819603676612,1.12386101605867,1.12260293267496,1.16323589062202,0.477809873578474,0.658099027801401,2.46566457312204,1.16323847833689,0.477805529293012,0.657648220183939,2.4536208495428,0.0378417433029336,0.0906436053494823,0.0905369784235788,0,0.0767363085975462,0.0753964220486697,0.0997551180920264,0.128688096613212,0.154038630101905,0.20473969707929,0.228839509529704,0.23615537051053,0.850443748791519,0.849584747591472,0.865359582228232,0.884508497198477,0.901653230995476,0.936957521354844,0.954204997328797,0.0169174939959376,0.0208304589078925,8.86447602305716e-06,0.0417910130553563,0.0412399468228438,0.0550151837819359,0.0714173569236927,0.0859125211573148,0.114902849624559,0.128761998457089,0.132965325954024,0.000151834959968859,0.0287722857023363,0.0284708317327295,0.0381528085911992,0.0496994695735576,0.0599501937772149,0.0804516421845294,0.0902766309242801,0.0933067359982944,0.000114199382721503,0.0220547266208377,0.0218418896861123,0.0293144616457749,0.0382741179576552,0.0462295680006877,0.0621404680867531,0.0697874268790342,0.0720967810954171,9.13409610661259e-05,0.017923733327295,0.0177747021114653,0.0238550907837019,0.0311738715337224,0.0376810561781336,0.0506954254669556,0.0569668411937611,0.0587868933805104
10.9,1.13812827010389,1.10144845603673,1.10152554218126,1.16471515377657,1.11114318914983,1.11208333559124,1.09509646978096,1.07492072532033,1.05724671679823,1.02189869975402,1.00509913801722,0.99999966997774,0.575676710460255,0.576276179309633,0.565332513854313,0.552044527976169,0.540147915905897,0.515645627063406,0.503673806733323,1.15284757184878,1.15014704022343,1.16470894740769,1.13552202679392,1.13593211727773,1.12630241416653,1.11484794546876,1.1047332940018,1.08450399106788,1.07483411799215,1.0719188107716,1.16482058010948,1.14461011956902,1.14482414187262,1.13806279701324,1.12999998249498,1.12284395860395,1.1085319108219,1.10167397622286,1.09957507023396,1.16479443450515,1.14930081952018,1.14944283839291,1.14423126815802,1.13797455859278,1.13241937338794,1.12130900297825,1.11596970829112,1.11436591762226,1.16477855421165,1.1521869899708,1.15229607958801,1.14804837450024,1.14293186102793,1.13838701649128,1.12929732741799,1.12491792275092,1.12364533917849,1.1647125492988,0.483687020492973,0.674223555778699,2.55008915834773,1.16471515377657,0.483682383682532,0.673751852533948,2.53735430259693,0.0382285037577904,0.0909693374397206,0.0908584975232295,0,0.0770295637600406,0.0756777546420329,0.10010267301367,0.1291127868888,0.154525727702794,0.205351609330783,0.229507208644008,0.236839584845375,0.846961179092212,0.846099220336787,0.861834797365418,0.880941204281324,0.898046995423769,0.933278121140551,0.950492052043872,0.0170640495481908,0.0209470651230332,8.9239566066717e-06,0.041975944916962,0.0413862877839676,0.0552325567226393,0.0717026028193207,0.0862461648393695,0.115333288879467,0.129237317037255,0.133429152169492,0.000151589445878508,0.0289084416668104,0.0286007052454206,0.0383226456031705,0.0499159311835535,0.0602053689972088,0.0807842446245192,0.0906450685487416,0.0936630241870182,0.000113995444808005,0.0221638211645636,0.0219596163740878,0.0294531810491092,0.038449521051598,0.0464371596591563,0.0624124368742728,0.0700896528099128,0.0723956965857181,9.11616344510692e-05,0.0180138809430759,0.0178570241676591,0.0239646752902603,0.0313215606217934,0.0378564598821508,0.0509262584028652,0.0572232765052188,0.0590530872675265
11,1.13916463126081,1.10230813540877,1.10238862427544,1.16618229324312,1.11208377963196,1.11303789308265,1.09590275683143,1.07555196709653,1.05772822056629,1.02208072750582,1.00514130045052,0.999999668618184,0.575967465779709,0.576573704483255,0.56558889120456,0.552251743332097,0.540310140910506,0.515709199100658,0.5036892723172,1.15414110060766,1.15144470591548,1.16617600798208,1.13668473452365,1.13712596072568,1.12739226917622,1.11581642871317,1.10560725238472,1.08518889972783,1.07542967655298,1.07246347315419,1.16628818739444,1.14586132178281,1.14607743020325,1.13924849518698,1.13110746925213,1.12388145869084,1.10942943756826,1.10250525841508,1.1003864095329,1.16626191232661,1.15059928807273,1.15074960966059,1.1454801643466,1.13915864313129,1.13354762026233,1.12232557452442,1.116933150859,1.11531122608678,1.16624595297805,1.15351586361584,1.15363267905002,1.14933866012593,1.14416502655117,1.13957355317534,1.13039060642368,1.12596702336086,1.12467714346801,1.16617967212836,0.489557048242502,0.690521488184518,2.63632713832303,1.16618229324312,0.489552110468868,0.690028227740956,2.62287114967718,0.0386143119135263,0.0912905289674716,0.0911754922849803,0,0.0773189360355192,0.0759552934520143,0.100445254734318,0.129531107648779,0.155005247803353,0.2059535281125,0.230163776962962,0.237512324570394,0.843549654984291,0.842683203608591,0.858382970913885,0.877444753103673,0.894511987158069,0.92967226272277,0.946851439895764,0.0172095708555783,0.0210633249573966,8.98305080171686e-06,0.0421586417739185,0.0415280303538608,0.0554396634850603,0.0719841414859409,0.0865753492442188,0.115757764760775,0.129705888323586,0.133945259713857,0.000151346544766968,0.0290432358976128,0.0287343683886651,0.0384944515123735,0.0501298074861947,0.0604574008170582,0.0811125874787857,0.0910087958827945,0.0940371072032771,0.00011379356681823,0.0222716170849122,0.0220567737470688,0.0295879955492691,0.0386228702966075,0.0466422832035274,0.0626811090173668,0.0703880945264311,0.0727061895968323,9.098407044583e-05,0.0181031750555886,0.0179362195427605,0.0240733377806707,0.03146762307127,0.0380298705815478,0.0511543656021032,0.0574766601172551,0.0593201884190823
11.1,1.14019027470254,1.10316159390512,1.10324550565747,1.16764002521055,1.11301754351289,1.11398561999406,1.09670321659428,1.0761785826126,1.05820618220741,1.02226138139704,1.00518314108177,0.999999667274531,0.576255094759557,0.576866532533679,0.565842715008942,0.552455482312086,0.540470393432262,0.515772513056003,0.503704079209868,1.15542524121381,1.15273548826535,1.16763366110104,1.13783925551326,1.13826827179837,1.12845694013648,1.11677786982999,1.10647473750178,1.08586847284537,1.07602046154403,1.07303523040542,1.16774638237183,1.14710383798418,1.14733725075,1.14043524571577,1.13220705132144,1.12491143307431,1.11032019658005,1.10333012850141,1.10119647706621,1.16771997893861,1.15188894417454,1.15204133897257,1.14671550548377,1.14033442744871,1.13466783588586,1.12333465276016,1.11788939479744,1.11626749411741,1.16770394122337,1.15483583871259,1.15497338982633,1.15062458162128,1.14538965701854,1.14075175800368,1.13147595997396,1.12700844462343,1.12569863801299,1.16763738758315,0.495419963071264,0.706992117157986,2.72439443188581,1.16764002521055,0.495414715848785,0.706476626870992,2.7101864302999,0.038999043010849,0.0916072849193599,0.0914880678780971,0,0.0776045127428348,0.0762291247838113,0.100782979775025,0.129943211420844,0.155477374880926,0.206545701801092,0.230809493503332,0.238173878031898,0.840206046021994,0.839337350037144,0.854999362472029,0.874019180651744,0.89104691270988,0.926136255281115,0.943282399123174,0.0173540698054194,0.0211755176868866,9.04176453058698e-06,0.0423392372488832,0.0417297153317058,0.0556690968705076,0.0722620551590197,0.0869001590899409,0.116176366951783,0.130167860834411,0.134409107309055,0.000151106200612302,0.0291766458382394,0.0288450262670239,0.0386510021396371,0.0503411523649613,0.0607063514849849,0.0814367497250316,0.0913678405583807,0.0943992110645372,0.000113593705651444,0.0223782393436177,0.0221617254892889,0.0297283665499239,0.0387942389946447,0.0468450097300662,0.0629465512009094,0.070682863756147,0.0729871679195423,9.08082327419496e-05,0.0181914593288383,0.0179960345361973,0.0241745736884961,0.0316120565785939,0.038201319497676,0.0513798453358403,0.0577270368433311,0.0595879355178542
11.2,1.14120689315069,1.1040089201896,1.10409627435606,1.1690884755344,1.11394457824695,1.11492661306888,1.09749793207131,1.07680063827875,1.0586806526768,1.02244068147289,1.00522466463523,0.999999665946436,0.5765391362225,0.577156344558802,0.566093421936777,0.552656920178954,0.540627188796259,0.515835106448121,0.503719237059572,1.15670012768947,1.15401610264456,1.16908203262119,1.13898577643537,1.13940800593768,1.12951294453695,1.11773242229019,1.10733586944856,1.08654276376532,1.07660645938562,1.07358073210752,1.16919529099402,1.14833772781753,1.14859076327686,1.14161277406877,1.13329881772617,1.1259339731711,1.11120428406097,1.10414866048714,1.10199045522388,1.16916876027171,1.1531698962242,1.15333179572782,1.14794965725056,1.1415020144616,1.13578012787735,1.12433635470886,1.11883857671873,1.11720081796863,1.16915264486469,1.15614698064932,1.15628540557561,1.15189079909636,1.14660585982531,1.14192174212092,1.13255350671213,1.12804227442296,1.12671846741379,1.16908582151717,0.501275771904553,0.723634739726678,2.81430687438326,1.1690884755344,0.501270206701405,0.723096335880963,2.79931508774969,0.0393805222726437,0.0919197068329544,0.0917963260057624,0,0.0778863783784949,0.0764993321324986,0.101115960800197,0.130349245624715,0.155942287180153,0.20712837029103,0.231444627711125,0.238824523672794,0.836928913620234,0.836057155830447,0.851682656016251,0.870660648350341,0.887651689179031,0.922668537852098,0.939781241777645,0.0174975581197151,0.0212885304758252,9.10010355560091e-06,0.0425176733523069,0.0419213076908736,0.0558972965898474,0.0725363492927246,0.0872206550506892,0.116589266566618,0.130623507900094,0.134897107541119,0.000150868359215337,0.0293087842501873,0.0289513917462483,0.0388072476889272,0.0505500511789729,0.0609523095961554,0.08175682643052,0.0917223347532809,0.094770628399931,0.000113395819592293,0.0224837298847261,0.0222550596851534,0.029856903126503,0.0389636868435279,0.0470453975216161,0.0632088188777925,0.0709739939532554,0.073287198205719,9.0634086187042e-05,0.0182788344129545,0.0180833201907839,0.024290353061224,0.0317549103380994,0.0383708548367639,0.0516027438340934,0.0579745014049433,0.059844273740385
11.3,1.14221542039124,1.10485020105146,1.10494101654393,1.17052776752292,1.1148649792257,1.11586096701431,1.09828698451021,1.07741819909393,1.05915168184517,1.02261864734766,1.00526587573316,0.999999664633567,0.576819125948162,0.577442445266415,0.566341356034197,0.552856119031237,0.540783493290717,0.515896591415209,0.503733451537796,1.15796589122011,1.15528639232746,1.17052124585185,1.14012438824108,1.1405424861453,1.13056230784529,1.11868014504997,1.10819071582174,1.08721185736528,1.07718781287171,1.07412059143187,1.17063503666309,1.14956316214501,1.1498258784426,1.14277641034837,1.13438289882945,1.12694920099162,1.11208180531596,1.10496097511803,1.10278426123477,1.17060837970687,1.15444224462251,1.15459676220389,1.14916705013299,1.14266153495295,1.1368846200083,1.12533079011901,1.11978075495463,1.11811900909286,1.17059218726995,1.15744933094884,1.15758324302023,1.15314602627018,1.14781373887402,1.14308361669427,1.13362337233475,1.1290685978703,1.1277438286469,1.1705250972372,0.507124482317995,0.740448657785385,2.90608021839913,1.17052776752292,0.507118590557421,0.739886645598651,2.89027196985664,0.0397576868414833,0.0922278929450413,0.0921003650543535,0,0.0781646147368936,0.0767659963032646,0.101444306784068,0.130749352793994,0.156400156984938,0.207701765366826,0.232069439882558,0.23946453046848,0.833716898745007,0.83284160097679,0.848430334303676,0.86736701331702,0.884320029303782,0.919267525765995,0.93634764646409,0.0176400473569301,0.0214027406218287,9.15807349128737e-06,0.0426940241580301,0.0421069090923731,0.056121600337448,0.0728071582397674,0.0875369664207096,0.116996582782593,0.131072873243682,0.135380026900399,0.00015063296811697,0.02943960143939,0.0290706813975731,0.0389699152401677,0.050756525545485,0.0611953150014111,0.0820728939132629,0.0920723381749456,0.0951289942872626,0.000113199868248215,0.0225881372244307,0.0223711555102895,0.0299958427589385,0.0391312293119356,0.0472434770959474,0.0634679726639706,0.071261623928501,0.0735951348619278,9.04615967343966e-05,0.0183654284567042,0.0181773820833839,0.024408355205314,0.0318962336019415,0.0385385199327129,0.0518230925942555,0.0582191464413322,0.0600794570569128
11.4,1.14321318723237,1.10568552145773,1.10577981658954,1.17195802200591,1.11577883983562,1.11678877455799,1.09907045345354,1.07803132868537,1.05961931852922,1.02279529821693,1.00530677889874,0.999999663335602,0.577096263468711,0.577724879036639,0.566585663621564,0.553052583445181,0.540938241902661,0.515957664804257,0.503748028258559,1.15922266023372,1.15655018959588,1.17195142162386,1.14125523926904,1.14169142397425,1.13161292521915,1.11962114418247,1.10903937054726,1.08787582327685,1.0777645974578,1.07467259046736,1.17206574029979,1.1507801752174,1.15105808767685,1.1439382393382,1.1354593863355,1.12795720985155,1.11295285688366,1.10576711631373,1.10358276039859,1.17203895814434,1.15570608559598,1.15587155430667,1.15038526233083,1.14381309861565,1.13798142535665,1.12631807883866,1.12071604604201,1.11903164243576,1.17202268932677,1.15874304041834,1.1588797144839,1.154397211782,1.14901341452524,1.14423749502449,1.13468565602298,1.13008752341381,1.12876555964918,1.17195533557158,0.51296610250814,0.757433178073759,2.99973013447526,1.17195802200591,0.512959875569656,0.756846851701535,2.98307182976895,0.0401345242238748,0.0925319383319702,0.0924002802347307,0,0.0784393010241491,0.0770291955252349,0.101768123168251,0.131143670786103,0.156851150875793,0.208266111055173,0.232684181562289,0.240094158339186,0.830566390308419,0.829688695691725,0.845241650315867,0.864137001026414,0.881051460195343,0.915930198743713,0.932977712064581,0.0177815489138279,0.021512944080897,9.21567980429701e-06,0.0428682783255249,0.0422592622795003,0.0563312079216852,0.0730745439086939,0.0878491792002058,0.117398449783229,0.131516090074595,0.135833256286745,0.000150399976523697,0.0295692360606412,0.0291812051526989,0.0391221816053004,0.050960646982081,0.0614354431045435,0.0823850353494685,0.0924180127954165,0.0954678854449007,0.000113005812495938,0.0226915110373021,0.0224604779480548,0.0301206269779032,0.0392969073743088,0.0474392895978574,0.0637240540449548,0.071545804378594,0.0738976264666447,9.02907313955725e-05,0.018451210550446,0.0182603815323517,0.0245190055491664,0.0320360479367864,0.0387043505520033,0.052040955782437,0.0584610262417475,0.0603067973916829
11.5,1.14420314110185,1.10651496460379,1.10661275710702,1.17337935740121,1.11668625151376,1.11771012650273,1.099848416786,1.07864008934682,1.060083610521,1.02297065286935,1.00534737855882,0.999999662052229,0.577369761651142,0.578004599927339,0.566827386429944,0.553247482779901,0.541090368179772,0.516018335268038,0.503761860162666,1.16047056047742,1.15780515544006,1.17337267835603,1.1423783544969,1.14282251342633,1.13265215889257,1.12055548432139,1.10988190166951,1.08853473636575,1.07833685858561,1.07520595582883,1.17348752041012,1.15198896010891,1.15226237533336,1.1450795407746,1.13652841861706,1.12895811987634,1.11381752239491,1.1065671676646,1.10436495006394,1.17346061407031,1.15696152702973,1.15712587471244,1.1515882643084,1.1449568077246,1.13907063784195,1.12729829807665,1.12164450773383,1.11993986389064,1.17344426950907,1.16002826697377,1.16017110947493,1.15563878893939,1.15020501457253,1.14538349610373,1.13574045916612,1.13109915616094,1.12976658416574,1.17337665493673,0.518800641264237,0.774587612152714,3.09527221182612,1.17337935740121,0.518794070484821,0.773976254694343,3.07772932671981,0.0405071294746836,0.0928319350425888,0.0926961637160604,0,0.0787105139659505,0.0772890055592963,0.102087512010961,0.13153233298108,0.157295429973484,0.208821623958292,0.233289095920375,0.24071365854028,0.827476654802856,0.826595269910945,0.842113280528211,0.860967093159769,0.87784556054201,0.912654600649493,0.929671016311566,0.0179220740273248,0.0216226192194324,9.27292782364152e-06,0.0430405925705134,0.0424239395035946,0.0565440661051864,0.0733386208905015,0.0881574099343684,0.117794988022102,0.131953326833714,0.136300151042864,0.000150169335237795,0.0296975997073724,0.0293180005920006,0.0392903700891761,0.0511624171303439,0.0616727269013536,0.0826933464433732,0.0927594583334312,0.0958169320156318,0.000112813614425009,0.022793880252569,0.0225657062908032,0.0302539102482768,0.0394607679055456,0.047632898352484,0.0639771592463607,0.0718266629341989,0.0741933244696121,9.01214581990816e-05,0.0185361372092748,0.0183378202092359,0.0246303186219894,0.0321743606443036,0.0388683702744945,0.0522563895348762,0.05870019499042,0.0605502863727313
11.6,1.14518309637399,1.10733861196216,1.10743991900444,1.17479188977895,1.11758730380152,1.11862511177935,1.10062095078008,1.07924454207541,1.06054460461627,1.02314472969799,1.00538767904666,0.999999660783146,0.577641160868342,0.57828061049406,0.567066191232704,0.553439762365968,0.541241068811755,0.516077777940699,0.503776617844047,1.1617097150913,1.15905421843723,1.17478513211945,1.14349382759647,1.14394284920993,1.13368569750385,1.12148327425433,1.11071841480673,1.08918869591155,1.07890467091092,1.07576240877875,1.17490049314974,1.15318971448485,1.15347350654301,1.14621952858618,1.1375900950468,1.12995202490368,1.11467588461744,1.10736129362611,1.105132474245,1.17487346362118,1.15820872817031,1.15837569677742,1.15278712619762,1.14609279228951,1.14015236739737,1.12827151761309,1.12256617881747,1.120832880492,1.17485704394138,1.1613050929861,1.16144551006438,1.15687217912389,1.15138864344871,1.14652173031695,1.13678790405343,1.13210361419553,1.13075807948383,1.17478917140138,0.524628107941242,0.791911276379876,3.19272195904728,1.17479188977895,0.52462118461648,0.791274159885608,3.17425902678944,0.0408787679273312,0.093127972224234,0.0929881047526378,0,0.078978327909801,0.0775454998003034,0.102402572128417,0.131915468469935,0.157733150169853,0.20936851356969,0.233884418109311,0.241323274031945,0.824443797182378,0.8235609542886,0.839043910184667,0.857856957231302,0.874698831062465,0.909440007906014,0.926423350048683,0.0180616337763888,0.0217278902823101,9.32982274216139e-06,0.0432110219093962,0.0425910895102632,0.0567524137646423,0.073599436922454,0.0884617173642761,0.11818627824792,0.132384704560329,0.136723003751069,0.000149940996588799,0.0298245963114855,0.0294327846788124,0.0394478392401922,0.051361888089664,0.0619072315801246,0.0829979185610452,0.0930966572542481,0.0961738306123912,0.000112623237287418,0.0228951989238206,0.0226646771714602,0.0303804214995857,0.0396228150856759,0.0478243397893083,0.0642273891965734,0.0721043471456157,0.0744973896119831,8.99537461418942e-05,0.0186202669131834,0.0184264029796741,0.0247404777078956,0.0323112077684155,0.0390306106739886,0.0524694164851348,0.0589366843466218,0.0607943690035212
11.7,1.14615457498092,1.10815654332965,1.10826138153032,1.17619573292367,1.11848208439651,1.11953381749772,1.10138813014022,1.0798447466073,1.06100234664196,1.0233175467113,1.0054276846045,0.999999659528058,0.577907925135342,0.578553426048963,0.567302495367465,0.553629476912971,0.541390258856474,0.516136834041711,0.503790319221769,1.1629402446799,1.16029080640202,1.17618889669962,1.14460172910369,1.14505522615759,1.13471290730546,1.12240459612812,1.1115489886179,1.08983777359747,1.0794680840424,1.07632264716817,1.17630477238618,1.15438253062616,1.15466164973361,1.14734832996818,1.13864452267949,1.13093902769276,1.1155280377193,1.10814956070578,1.10590294039098,1.17627762064581,1.15944768027946,1.15961590190083,1.15397556606023,1.14722110125904,1.14122669116961,1.12923787099076,1.1234812197429,1.12173124909669,1.17626112646102,1.16257368158878,1.16271437608932,1.1580969566169,1.15256442022912,1.14765230530817,1.13782807546626,1.13310099206305,1.13174253756995,1.17619299874871,0.530448512433929,0.809403491884044,3.29209480481741,1.17619573292367,0.530441227819154,0.808739877363198,3.27267540366173,0.0412475381413365,0.0934201362422113,0.0932761898041507,0,0.0792428149220052,0.0777987493740152,0.102713399228926,0.132293202233225,0.158164462346623,0.209906982573419,0.234470375602393,0.241923239829514,0.821469639029171,0.820583344179764,0.836031257116246,0.854804779471269,0.871609644801949,0.906283461478109,0.923235648937683,0.0182002390839605,0.0218380085277397,9.38636962512167e-06,0.0433796486835046,0.0427569817056482,0.0569573394993153,0.0738570720499208,0.0887621927406213,0.118572434122023,0.132810372827708,0.137129165321922,0.000149714914371048,0.0299502734037686,0.0295670333152163,0.0396084716825082,0.0515590970145694,0.0621390053845736,0.0832988221245823,0.0934297236237941,0.0965144102161151,0.000112434645450444,0.0229956495535865,0.022764675509338,0.0305090496828783,0.0397831610551017,0.0480136912919748,0.0644747517657201,0.0723788309748236,0.0747816005722273,8.97875651540624e-05,0.0187035427552363,0.0185103643901366,0.0248502393765172,0.0324466012114427,0.0391911031358646,0.0526801069847087,0.0591705543017685,0.0610357588196693
11.8,1.14711602388288,1.10896883687289,1.10907722231873,1.17759099839442,1.11937067920278,1.1204363289961,1.10215002804532,1.08044076145204,1.0614568814826,1.0234891215437,1.0054673993861,0.999999658286683,0.578171853498626,0.578823124848152,0.567535840416523,0.553817235023962,0.541538661453691,0.516194356735222,0.503803925654715,1.16416226738113,1.16152158715977,1.17758408365645,1.1457021433973,1.14616898044028,1.1357372879414,1.12331953649463,1.11237370381587,1.09048203845833,1.0800271473247,1.07685727885461,1.17770046975904,1.15556739610116,1.15586127556765,1.14847369509913,1.13969178213973,1.13191921800836,1.11637408974561,1.1089320113129,1.10664856778885,1.17767319676568,1.16067846593873,1.16084642244648,1.15515622216155,1.14834183083927,1.14229370713227,1.13019745971828,1.12438972369675,1.12263813928026,1.17765662867828,1.16383410401645,1.16397528610638,1.15931738229038,1.15373243892822,1.1487753163049,1.13886107105826,1.13409136827654,1.13270211884079,1.17758824853643,0.536261865152094,0.827063584538754,3.39340609859355,1.17759099839442,0.536254210463483,0.826372721968926,3.37299283937519,0.0416157756418173,0.0937085107931656,0.0935605026497875,0,0.079504044879718,0.0780488232290878,0.1030200860401,0.132665655310445,0.158589512582922,0.210437227127876,0.23504718851458,0.24251378333567,0.818550074256558,0.817660716257143,0.833074317221241,0.851808062311631,0.868575340089282,0.903184816089402,0.920104843364779,0.0183379007188909,0.0219439400149068,9.44257341232835e-06,0.0435465314181629,0.0429090317662811,0.0571542602383621,0.0741115954443013,0.0890589194133429,0.118953567351427,0.133230475232414,0.137559159248718,0.000149491043781601,0.0300748173395128,0.0296735037325481,0.0397617776767157,0.0517541132005946,0.0623681101025584,0.0835961039064865,0.0937587987512964,0.0968770055721621,0.000112247804350617,0.023095282850667,0.0228659261258033,0.030636305009138,0.0399418478339972,0.0482009969646698,0.064719295226015,0.0726501776347032,0.0750420924849257,8.96228860601081e-05,0.0187860314614861,0.0185932371352116,0.0249539407379159,0.0325805837017633,0.0393498921664133,0.0528885090957133,0.0594018822493859,0.0612990025507204
11.9,1.14807100020029,1.10977556917236,1.10988751743269,1.17897779558285,1.12025317237924,1.12133272988876,1.10290671618999,1.08103264392588,1.06190825310586,1.02365947146583,1.00550682745913,0.999999657058743,0.578433184762931,0.579089227227376,0.567766670324048,0.554003088151157,0.54168369244112,0.516252081417362,0.503818149726585,1.16537589893294,1.16274380523783,1.17897080238247,1.14679531998952,1.14730060113131,1.13675576365862,1.12422820612689,1.11319265007943,1.09112153798451,1.08058198370476,1.07738354938724,1.17908769473815,1.15674450593179,1.15703317989226,1.14958522511765,1.14073199946076,1.13289270335383,1.11721411113997,1.10970872929023,1.10741790230955,1.17906030143307,1.16190132749577,1.1620844947516,1.15633492888877,1.14945511693112,1.14335352748761,1.13115034860061,1.12529179083474,1.1235247753631,1.17904366003455,1.16508648486903,1.16522726863628,1.16052387910323,1.15489279965366,1.14989086155742,1.13988698536492,1.13507485629154,1.13365937427517,1.17897503015489,0.542068176996771,0.844890884935042,3.49667111129997,1.17897779558285,0.542060143412429,0.84417201327231,3.4752256250685,0.0419788212023324,0.0939931770127245,0.0938411244965738,0,0.0797620855583681,0.0782957882244284,0.10332272242962,0.133032944960809,0.159008442352234,0.210959437135084,0.235615069906918,0.24309512465563,0.815683235016281,0.814792172420654,0.830170913112297,0.848865150026468,0.86559783626686,0.900140047416192,0.917028300916057,0.0184746292979027,0.0220496421469262,9.49843892336878e-06,0.0437115000781714,0.0430252074216357,0.0573476190917738,0.0743630388794544,0.0893519637566693,0.119329813511099,0.133645049341461,0.13798928822745,0.000149269341365799,0.0301981256694082,0.0298060373787164,0.0399221415537604,0.0519469397353344,0.0625945790506212,0.0838898576811945,0.0940839615611281,0.097195452579111,0.000112062680450123,0.0231939284458917,0.0229451434978686,0.0307544292668779,0.0400988595936472,0.0483862775911609,0.0649611135861885,0.0729184364309749,0.075318466121133,8.94596805423768e-05,0.0188677228261068,0.0186765047939418,0.0250648328560671,0.0327131857332774,0.0395070141586596,0.0530946710094245,0.0596306933784016,0.0615532565476064
12,1.14901603509024,1.11057681526492,1.11069234140626,1.18035623176941,1.12112964638648,1.12222310211207,1.1036582648243,1.08162045018384,1.06235650458736,1.0238286133944,1.00554597280758,0.999999655843971,0.578690472916389,0.579352362362738,0.567994748922633,0.554187086214903,0.541828134105818,0.516309079199366,0.503831091914327,1.16658125273774,1.16395530697099,1.18034916015898,1.1478812846712,1.14838302687521,1.13775591522632,1.1251306797851,1.11400590404273,1.091756352558,1.081132630217,1.0778935692578,1.18046655467993,1.15791403343789,1.15820923289458,1.15069512308882,1.14176526691178,1.13385957190981,1.11804818190586,1.11047986342605,1.10816944247706,1.18043904198732,1.16311637571098,1.16329115580571,1.15749701065178,1.15056107760864,1.14440626186923,1.13209663039042,1.12618748127455,1.12439409336125,1.18042232785861,1.16633092367244,1.16646584857428,1.16172690152772,1.15604558627647,1.15099903023768,1.14090591816008,1.13605158743966,1.13462680951858,1.18035345088327,0.54786745933747,0.862884728353525,3.60190503601074,1.18035623176941,0.547859037998484,0.862137075543627,3.57938796172073,0.0423416036319348,0.0942742135777514,0.0941181340822786,0,0.0800170027147289,0.0785397092121925,0.103621395519949,0.13339518481594,0.159421388709408,0.211473796496344,0.236174226075538,0.243667476896345,0.812869598141239,0.811975364423679,0.827319861824531,0.845974453799149,0.862671791625902,0.897148847369105,0.914007005508829,0.0186104352875612,0.0221581716324578,9.55397086226522e-06,0.0438746875801939,0.043196817886361,0.0575543841070216,0.0746114791943464,0.0896414054516562,0.119701257966276,0.134054245124053,0.138430319616437,0.000149049764960352,0.0303201245387924,0.0299213006732103,0.040073102281194,0.0521376223162567,0.0628184679929851,0.084180159346442,0.0944051985991631,0.0975266508684772,0.000111879241196379,0.0232915944775417,0.0230554610043032,0.0308835356014401,0.0402542019931367,0.0485695540355412,0.0652002581203497,0.0731837067319674,0.0756066309069665,8.9297921106556e-05,0.0189486378256344,0.0187663499870336,0.0251688183420429,0.0328444561479929,0.0396625140462421,0.0532986298427407,0.0598569852151299,0.0617819055535421
12.1,1.14995318428556,1.11137264868492,1.11149176728519,1.18172641217776,1.12200018203209,1.12310752596905,1.10440474279227,1.08220423525081,1.06280167813445,1.02399656390175,1.00558483933397,0.999999654642107,0.578945505649869,0.579613245291137,0.568220422076518,0.554368166552376,0.541970390740218,0.516365460024606,0.50384497781555,1.16777843992463,1.1651612538136,1.18171926221044,1.14896012969791,1.14944801950552,1.13874858207061,1.12602704795647,1.11481354682338,1.09238654455718,1.08167912289932,1.07840731761065,1.18183715488185,1.15907609140169,1.1593747914544,1.15179375656744,1.14279170460171,1.13481992567304,1.1188763678157,1.11124541782966,1.10890985510593,1.1818095237093,1.16432366608213,1.16451156801531,1.15866199102252,1.15165979440004,1.14545200079356,1.1330364135806,1.12707690444324,1.12527473872922,1.18179273742107,1.16756746997076,1.16768567820971,1.16291608492967,1.15719090395505,1.15209993074793,1.14191798433368,1.137021630728,1.13557975662258,1.18172361594397,0.553659723990301,0.881044454735679,3.7091229886251,1.18172641217776,0.553650906001777,0.880267237726133,3.68549396088525,0.0427015195916158,0.0945516968035349,0.0943916077732192,0,0.0802688601658982,0.078780649116678,0.10391618979735,0.133752485024947,0.159828484468323,0.211980483355074,0.236724856826151,0.244231046450681,0.810105311832858,0.809207905454431,0.824519250759143,0.843135941598958,0.859797889466873,0.894209547429482,0.911036406134563,0.0187453290062593,0.0222626872165922,9.60917382276482e-06,0.0440361318656334,0.0433804340483101,0.0577599059356431,0.0748569676522957,0.0899273136665585,0.120068005695084,0.134458207951211,0.138855339338306,0.000148832273641938,0.0304408201665045,0.0300393832650872,0.0402278888474749,0.0523261654117489,0.0630398100958051,0.0844670994639178,0.0947226882708417,0.0978615597050978,0.000111697454980408,0.0233883603476395,0.0231358301952677,0.030997348937005,0.0404079268384299,0.048750869557602,0.0654367549959458,0.0734460166626713,0.0758680310329314,8.91375810480867e-05,0.0190288613451619,0.0188699957917927,0.0252800741628834,0.0329744113068001,0.0398164071179271,0.0535003987401815,0.0600808362119246,0.062018637922536
12.2,1.15088174923603,1.11216314150395,1.11228586666618,1.18308844002743,1.12286485851444,1.1239860801724,1.10514621756905,1.08278405305154,1.06324381510939,1.0241633392251,1.00562343086154,0.999999653452898,0.579197646716111,0.579870570118218,0.568443541168084,0.554548042864018,0.542111413098487,0.51642150685067,0.503857588485822,1.16896756940968,1.16636037560495,1.18308121175716,1.15003193901023,1.1504998330482,1.13973150553253,1.12691738399637,1.1156156519003,1.09301218770818,1.08222154643385,1.07893486281728,1.18319959863514,1.16023071874475,1.16054021865848,1.15289138754745,1.14381138208051,1.13577384480201,1.11969877024501,1.11200549507375,1.10964726960768,1.18317184987414,1.16552327689411,1.1657247290953,1.15981788933296,1.15275136252843,1.146490839397,1.13396979313414,1.12796013810553,1.12614123428772,1.18315499198708,1.16879618695625,1.16891075265732,1.16410073695476,1.15832885464123,1.15319365742965,1.14292326300649,1.13798500368677,1.13652086652101,1.18308562855528,0.559444983197064,0.899369408654686,3.81834000853723,1.18308844002743,0.559435759629129,0.898561833407811,3.79355764541882,0.0430596992366359,0.0948257007362193,0.0946616196572701,0,0.0805177198644273,0.0790186690093644,0.104207187215544,0.134104952392364,0.160229858370775,0.212479670327598,0.237267155734896,0.244786033267471,0.807389871259245,0.806490186175432,0.821767894554351,0.840345896920118,0.856973421327689,0.891320310413964,0.908118017124284,0.0188793206262033,0.0223650864197212,9.6640522897955e-06,0.0441958784538095,0.043570313515145,0.0579673512955705,0.0750995746246409,0.0902097636242314,0.120430141623412,0.134857012451352,0.13925124248672,0.000148616827680052,0.0305603146266009,0.0301465194532613,0.0403728531454011,0.0525126382293743,0.0632586642665429,0.0847507163408797,0.0950364708496121,0.0981893709708603,0.000111517291103505,0.0234842705965034,0.0232149330464216,0.0311122592651574,0.0405600637856914,0.0489302575708689,0.0656706451412237,0.0737054333075679,0.0761372712086587,8.897863442479e-05,0.0191084555269851,0.0189552834838614,0.0253861779466615,0.0331030687647719,0.0399687243791159,0.0537000356078043,0.0603023892130497,0.0622599112201161
12.3,1.15180326495584,1.11294836436933,1.11307470973493,1.18444241658474,1.12372375346498,1.12485884188624,1.10588275529689,1.08335995643973,1.06368295605163,1.02432895527545,1.00566175113643,0.999999652276099,0.57944711284478,0.580125779408951,0.568664787202934,0.554726158189496,0.542251236231775,0.516476408751953,0.503871149331304,1.17014874795409,1.16755056046013,1.18443511006622,1.15109681051014,1.1515615145604,1.14071070396455,1.1278017667738,1.11641228995316,1.09363333631188,1.0827599495863,1.07943031097744,1.18455398727586,1.16137798281738,1.16168400149052,1.15397753290992,1.14482437587245,1.13672140985879,1.12051547783148,1.11276018673544,1.11038340534269,1.18452612180223,1.16671528965947,1.16691793418714,1.16096046506242,1.15383587004275,1.14752287009997,1.1348968702144,1.12883729000277,1.12700884623264,1.18450919286733,1.17001732288362,1.17013214984634,1.16528240894775,1.1594595621027,1.1542803156196,1.14392182265339,1.138941843985,1.13746828601104,1.18443958998233,0.56522324960514,0.917858939285559,3.92957105929859,1.18444241658474,0.565213611493935,0.917020200792382,3.9035929502042,0.0434142752971368,0.0950962972407456,0.0949282416323512,0,0.0807636419698272,0.0792538281803252,0.104494467294331,0.13445269050933,0.160625635247087,0.212971524722602,0.237801310396371,0.245332631108285,0.804721671956229,0.8038189580197,0.819063553726955,0.837603725485532,0.854196978347633,0.888480818462963,0.905247436937057,0.0190124201754038,0.0224683441656735,9.71861064432134e-06,0.0443539506949367,0.043735834458366,0.0581688100381573,0.0753393590574729,0.0904888300916329,0.120787772159953,0.135250776899898,0.139679625077345,0.000148403388489425,0.0306786674033037,0.0302716231555518,0.0405222188919484,0.0526970965965272,0.0634750849842125,0.0850310617595832,0.0953465977294153,0.0985080230899538,0.000111338719740076,0.0235793619059565,0.023309818585354,0.0312340197899451,0.0407106487501993,0.0491077517320098,0.0659019576956302,0.0739619797968183,0.07639404549829,8.88210560248991e-05,0.0191872324454968,0.0190344977963923,0.0254852777947578,0.0332304140292404,0.0401194788923757,0.0538976086186463,0.0605216216243089,0.0624816435107602
12.4,1.15271674162782,1.1137283865413,1.11385836530289,1.18578844121218,1.12457694298927,1.12572588676633,1.10661442081997,1.08393199722605,1.06411914069944,1.02449342764624,1.00569980382965,0.999999651111471,0.579693363652017,0.580377739399707,0.568883185151779,0.554901904620118,0.542389669317689,0.516531194515084,0.503883665055913,1.17132208022057,1.16873369712489,1.18578105650085,1.15215487414164,1.15264012967891,1.14169564616754,1.12868030013021,1.11720355044684,1.0942500510801,1.08329437604143,1.07998031451916,1.18590042023429,1.16251804106811,1.16282975271631,1.15506172325412,1.14583079949562,1.13766271964864,1.12132655995467,1.11350956198622,1.11111524118285,1.18587243890864,1.16789977846468,1.16811477241701,1.16210238279921,1.15491339472855,1.14854816956009,1.13581771922317,1.12970842745391,1.1278731838702,1.18585543946744,1.17123094874468,1.17135453930948,1.16645823708568,1.16058308921498,1.15535997263554,1.14491373947666,1.13989224926805,1.13840916761994,1.18578559958643,0.570994536248219,0.936512400374816,4.04283102927395,1.18578844121218,0.570984474596865,0.935641682669823,4.01561372286705,0.0437667566660837,0.0953635560845751,0.0951915434906644,0,0.0810066849166623,0.0794861842062173,0.104778107213462,0.134795799878458,0.161015936168942,0.213456208749909,0.238327502659566,0.24587102779167,0.802100167498852,0.801194471474948,0.816406249674339,0.834908936581873,0.851467503716692,0.885688350805448,0.902425964874985,0.0191446375396731,0.0225700778566571,9.77285316677871e-06,0.0445103264812289,0.04386814415351,0.0583519642382972,0.0755763430909134,0.0907645589075292,0.121140990540761,0.135639621380923,0.140025417274219,0.000148191918585757,0.0307958149544131,0.0303832988748617,0.0406634314208022,0.0528795436563067,0.0636890988828267,0.0853082093358663,0.0956531463135319,0.0988217665325925,0.000111161711903846,0.0236736774762571,0.0233891566286823,0.0313458929528251,0.0408597279089415,0.0492834032741053,0.0661307540044332,0.0742157296672404,0.0766444726819814,8.86648213392321e-05,0.0192652400239785,0.0191016815058587,0.0255813989284758,0.033356510896295,0.0402687311705425,0.0540931717190373,0.0607385616694629,0.0627012570986286
12.5,1.15362005719758,1.11450327592899,1.1146369008429,1.18712661141619,1.12542450170655,1.12658728899915,1.10734127771808,1.08450022620538,1.0645524080108,1.02465677162166,1.00573759253911,0.999999649958784,0.579937573464147,0.580627069170302,0.56909855256624,0.555075897887955,0.542526308954111,0.516585321418784,0.50389668938996,1.17248766882786,1.1699098038557,1.18711914856818,1.15320620156077,1.15369567487682,1.14266875900144,1.12955303800147,1.11798949186422,1.09486239958972,1.08382492473727,1.08048536711285,1.18723899508283,1.16365099415425,1.16395310881755,1.15613218154213,1.14683071085161,1.13859783839292,1.12213209347555,1.11425375940213,1.1118364494678,1.18721089875096,1.16907689832465,1.16929933708012,1.16323260515099,1.15598404784302,1.14956683482286,1.13673240878255,1.13057362020371,1.12873035657336,1.18719382933583,1.17243713453456,1.17257650800593,1.16763116298903,1.1616995236075,1.15643272173494,1.14589911798981,1.14083632329917,1.13935085455684,1.18712375487286,0.576758856527859,0.955329150209812,4.15813473229155,1.18712661141619,0.576748362307399,0.954425626386518,4.1296337244878,0.0441201096097316,0.0956275450174285,0.0954515929989191,0,0.0812469054794245,0.0797157930150504,0.105058181902035,0.135134378032703,0.16140087859487,0.213933879719204,0.238845908852426,0.246401405425621,0.799522586938747,0.798614686176033,0.813794982332127,0.83225946117375,0.848784265118247,0.882942334789505,0.899650225199741,0.0192759824646133,0.0226704134284436,9.82678404265726e-06,0.0446650583961541,0.0440205392309033,0.0585403473229217,0.0758106116525209,0.0910370333168885,0.121489876645623,0.136023588382359,0.140420986201181,0.000147982381542532,0.030911767291711,0.0305139546138483,0.0408122433125365,0.0530600532102601,0.063900775085456,0.0855822188358478,0.0959560985428871,0.0991391169627331,0.000110986239416437,0.0237671505946981,0.0234742520110728,0.0314626854363542,0.0410072999274025,0.0494572330357432,0.066357099252425,0.0744667492447439,0.0768938861230896,8.85099065350927e-05,0.0193425240297423,0.0191590025373963,0.0256708378869714,0.0334813867715568,0.0404165038353455,0.0542867379629228,0.0609532264124748,0.0629092330882306
12.6,1.15451752054907,1.11527309912531,1.11541038252354,1.18845702289345,1.12626650278815,1.12744312133962,1.10806338833917,1.08506469318307,1.06498279618363,1.02481900218475,1.00577512079152,0.999999648817812,0.580178692593416,0.580873830450313,0.569312497833369,0.555247513105036,0.542661068238622,0.516638801939362,0.503909785643371,1.17364561440344,1.17107807628499,1.18844948196558,1.15425086912693,1.15475898256001,1.14364535604739,1.13042007766676,1.11877020149334,1.0954704491465,1.08435161208641,1.08097923336148,1.18856980758234,1.16477688869555,1.16507279856396,1.15719598307409,1.14782421058489,1.13952685903621,1.12293215593885,1.11499277940346,1.11254513079536,1.18854159707563,1.17024679208703,1.17045917715305,1.16435326239526,1.15704791599342,1.15057895035941,1.13764101909137,1.13143299828293,1.12956985749182,1.18852445821,1.17363587434542,1.17377468767359,1.16878995216235,1.16280894808869,1.15749865898742,1.14687808078489,1.14177413973783,1.14026607868308,1.18845415153716,0.582516224195717,0.974308551587458,4.27549690828555,1.18845702289345,0.582505288346043,0.973371383814773,4.24566663030639,0.0444688126583727,0.0958883298472704,0.0957084559747755,0,0.0814843588343684,0.0799427089479125,0.105334764123669,0.135468519648612,0.161780576508827,0.214404690229257,0.23935669999566,0.246923940628912,0.79698914968738,0.79607835391859,0.811226446810682,0.829654918877854,0.846146152400381,0.880241504573384,0.896919540545986,0.019406464557602,0.0227705495823002,9.88040736084716e-06,0.0448181893821664,0.0441524400486707,0.0587139315617209,0.076042188785278,0.0913062947757675,0.121834506756747,0.136402825325103,0.140821442787732,0.000147774741953514,0.0310266025908899,0.0306388903501905,0.0409593903035876,0.0532386391526236,0.0641101412693901,0.0858531455029236,0.0962556152914905,0.0994626165699041,0.000110812274876854,0.0238597294085086,0.0235814545058235,0.0315816537048799,0.04115339336245,0.0496292754762653,0.0665810397038958,0.0747150220914006,0.0771561792408284,8.83562884307645e-05,0.0194192263480006,0.0192373479037601,0.0257685358791046,0.0336050724011219,0.0405628129363207,0.0544782940067186,0.0611656695591941,0.0631415878811715
12.7,1.1554060337733,1.11603792144063,1.1161788752426,1.18977976957573,1.12710301799459,1.12829345514765,1.10878081383095,1.08562544700041,1.06541034267535,1.02498013402524,1.00581239204426,0.999999647688335,0.580418112590921,0.581117527685115,0.569523850904347,0.555418140063658,0.542794758870087,0.516691648208047,0.503921921968204,1.17479601563461,1.1722420820169,1.18977215062547,1.15528889795967,1.15581919583738,1.14460990669722,1.13128146719369,1.11954573271656,1.0960742637623,1.08487449109688,1.08147693913678,1.18989295172704,1.16589581214754,1.1662052611842,1.15826082079648,1.14881136814069,1.14044985160755,1.12372681854126,1.11572671294867,1.11324321897713,1.18986462786286,1.17140953350141,1.17163268064088,1.16547382392822,1.15810509781772,1.15158460862176,1.13854363022985,1.13228659832568,1.1304031990592,1.18984742006147,1.1748272200389,1.17497772037896,1.16994393549169,1.16391144922026,1.1585578735578,1.14785072223288,1.14270576606415,1.14118216385378,1.18977688350998,0.588266653336573,0.99344997178279,4.39493222393321,1.18977976957573,0.588255266767327,0.992478311322144,4.36372603042242,0.0448171073813211,0.0961459745127534,0.0959621963597177,0,0.0817190986184884,0.0801669848178294,0.1056079245577,0.135798316654244,0.162155140552238,0.214868788348226,0.239860042006452,0.247438804741962,0.794496908108056,0.793584997876337,0.808701046367972,0.827092330954283,0.843550926950931,0.877584641536144,0.894234044889061,0.0195360932897775,0.0228659587966152,9.93372712208661e-06,0.0449698312041811,0.0442784191020432,0.0588932959356359,0.0762711598922563,0.0915724258146876,0.12217495765955,0.136777426738769,0.141207217317971,0.000147568965391715,0.0311403418849413,0.0307368765535936,0.0410949836847851,0.0534153534229924,0.0643172520845346,0.0861210494076191,0.0965517338541944,0.0997897588580229,0.000110639791633033,0.0239514508255732,0.0236605074911362,0.0316905378673501,0.0412980181614909,0.0497995516041618,0.0668026184895041,0.0749606514816001,0.0774162619992569,8.82039444718288e-05,0.0194954084149691,0.0192991833104253,0.0258623243994227,0.0337275906758942,0.0407076808446647,0.0546678611822056,0.0613759494275922,0.063362449942432
12.8,1.15628838896154,1.11679780693545,1.11694244265924,1.19109494367335,1.12793411771155,1.12913836042354,1.10949361417141,1.08618253555927,1.06583508422187,1.02514018154706,1.00584940968714,0.999999646570142,0.580654003521837,0.581359330322233,0.569733496055277,0.555586151700542,0.542927594518342,0.516743872023772,0.503934422589373,1.17593896931794,1.17339509569796,1.19108724675883,1.1563203956869,1.15684927277259,1.14556092698385,1.13213727075688,1.12031614777022,1.09667390179688,1.08539365776688,1.08196160831132,1.19120851978807,1.16700775247889,1.16731966454453,1.15931566320181,1.14979223576884,1.14136687960539,1.12451616727849,1.11645561549819,1.11394243137553,1.19118008337016,1.17256517925111,1.17279769250767,1.16658345854917,1.1591556767688,1.15258388879947,1.13944031286081,1.13313445143513,1.13123719743429,1.19116280713926,1.17601130826938,1.17616057950692,1.17108664718047,1.16500712228152,1.15961045022664,1.14881710611687,1.14363127594007,1.14209826024039,1.19109204300057,0.594010158352,1.01275278251708,4.51645527328471,1.19109494367335,0.59399831194346,1.0117457697403,4.48382543048854,0.0451615076594847,0.0964005411523153,0.0962128762885606,0,0.0819511769857796,0.0803886719659131,0.105877731876613,0.136123858332084,0.162524678149886,0.215326317785491,0.240356095892593,0.247946164027797,0.792047171073722,0.791132009491019,0.806216530428015,0.824572710915503,0.840997189921691,0.874970572055689,0.891590833771767,0.0196648779980034,0.0229655542334177,9.98674723815419e-06,0.0451199789306437,0.0444337608675737,0.0590803904757572,0.0764975855567411,0.0918354936239522,0.122511309758374,0.13714742733391,0.141600511790511,0.00014736501837507,0.0312531325961672,0.0308484266648224,0.0412336190786808,0.0535902669721537,0.0645221673012714,0.0863859679595066,0.0968445345708733,0.100105391180931,0.000110468763752881,0.0240423708928399,0.0237406849229399,0.0318036540055882,0.0414412014889393,0.0499680969306389,0.0670218878140381,0.0752037435430378,0.0776654307683436,8.80528527087866e-05,0.0195710182024413,0.0193773387592153,0.0259607663785747,0.0338489504451414,0.0408511328892354,0.0548554977774231,0.0615841128670046,0.0635732008659888
12.9,1.15716238077694,1.11755281845203,1.11770114722535,1.19240263571734,1.12875987098467,1.12997790584228,1.11020184819841,1.08673600584596,1.06625705685587,1.02529915887571,1.00588617704416,0.999999645463025,0.580887427946853,0.581597628427069,0.569939861657734,0.555752697646751,0.543058499431955,0.516795797988053,0.50394652429108,1.17707457040715,1.17454108910903,1.19239486089728,1.15734552750779,1.15788299417653,1.14651279688368,1.13298758792837,1.12108152061445,1.0972693859866,1.08590912362424,1.08246033229973,1.19251660235566,1.16811286471984,1.16842777582454,1.16036410712097,1.15076691334141,1.14227802665089,1.12530025326987,1.11717954457676,1.1146326905026,1.19248805417446,1.17371379147398,1.17394968371927,1.16768606670896,1.16019972970905,1.15357687076647,1.14033115288131,1.1339766378185,1.1320573602053,1.19247071001206,1.17718824334432,1.17733527800929,1.17222089213399,1.16609605524597,1.16065647385691,1.14977731107879,1.14455075500997,1.14301021819709,1.19239972053887,0.599746753944696,1.0322163599257,4.64008057838687,1.19240263571734,0.599734438548641,1.03117312433357,4.60597825239825,0.0455050449361063,0.0966520901701142,0.096460556155769,0,0.0821806446609517,0.0806078203149516,0.106144252819921,0.136445231417205,0.162889293629981,0.215777418055532,0.240845017937605,0.248446179863661,0.789637505624481,0.788720437776348,0.803773881674254,0.822093486255082,0.83848525360095,0.872397761083359,0.888989774335419,0.0197928278868391,0.0230642622312027,1.00394715355995e-05,0.0452685511811337,0.044574531090918,0.0592566422055792,0.0767214773017552,0.0920955467870273,0.122843685757572,0.137512968092767,0.141966324189721,0.000147162868330572,0.0313649013776521,0.0309582628900926,0.0413707189669929,0.0537633856755116,0.0647249173376034,0.0866479806617863,0.0971340913502008,0.100422793696029,0.000110299166000067,0.02413253532179,0.0238279323261529,0.0319160172165314,0.0415829762712824,0.0501349431709911,0.0672388769704082,0.0754443367200415,0.0779226619813481,8.79029917729035e-05,0.0196460442690045,0.0194561813112004,0.0260602867431721,0.0339691676036352,0.0409931915773914,0.0550412395249034,0.0617901881115408,0.0637794528604585
13,1.1580291449513,1.11830301764501,1.11845505021581,1.19370293460024,1.12958034555326,1.13081215878671,1.11090557363835,1.08728590395433,1.06667629592465,1.0254570798653,1.00592269737521,0.999999644366781,0.581118987227335,0.581834143852292,0.57014512324742,0.555917815378076,0.543188470530446,0.516847609013218,0.503958484992255,1.17820291205946,1.17568214582858,1.19369508193395,1.15836434392912,1.15889684595599,1.14744717790084,1.13383247714993,1.1218419135991,1.09786078649744,1.08642096262415,1.08296773426888,1.19381728838003,1.16921127237929,1.16952143459195,1.16140368224978,1.1517355013271,1.14318337768618,1.12607913040436,1.11789853053381,1.11532622297511,1.19378862921305,1.17485550226043,1.17509934008464,1.16878147798047,1.16123732739601,1.15456362211328,1.14121621154782,1.13481327056406,1.13287427144807,1.19377121760912,1.17835821107567,1.17849951444057,1.17334818786355,1.16717835221759,1.1616960329363,1.1507313943737,1.14546429538789,1.14390293040525,1.19370000501636,0.60547645510347,1.05184008452581,4.76582258990063,1.19370293460024,0.605463661544027,1.05075974476737,4.730197834968,0.0458463964605817,0.0969006802989801,0.0967052946787726,0,0.0824075509907183,0.0808244784205771,0.106407552264696,0.136762520190955,0.163249088338724,0.216222224634261,0.24132695987733,0.24893900892381,0.787266135530545,0.786347047469483,0.801369266251414,0.81965358096997,0.83601277903418,0.869864903860738,0.886429443140414,0.0199199520304844,0.0231595306999484,1.00919037607242e-05,0.0454156133735776,0.0447312650248198,0.0594458783632001,0.0769428971677916,0.0923526457744557,0.123172142987784,0.137874105013563,0.142312043281474,0.000146962483561246,0.0314756146518275,0.0310770077219557,0.041509588502148,0.0539347123814993,0.064925528184355,0.0869071597900663,0.0974205094689609,0.100726326801941,0.000110130973805925,0.02422189691138,0.0239085271889361,0.0320279676426027,0.0417233804949341,0.0503001350607959,0.067453644192519,0.0756824243065499,0.0781743412876994,8.77543408570345e-05,0.0197203685172899,0.0195387716039294,0.0261590315446871,0.0340882348590757,0.0411338721677911,0.0552251467852223,0.0619941923695832,0.0640007904551426
13.1,1.15888852104968,1.11904846501107,1.1192042117578,1.19499592761571,1.13039560788301,1.13164118537973,1.1116048471339,1.08783227510818,1.06709283610728,1.0256139581055,1.00595897387766,0.999999643281216,0.581347738288955,0.582068374737527,0.570348262920771,0.556081541363093,0.543316659857489,0.516898588673214,0.503970862795894,1.17932408568053,1.17681631250105,1.19498799716309,1.15937693369213,1.15992711744516,1.14839040363207,1.13467200485726,1.12259738230001,1.09844813718549,1.0869291983486,1.08344673484563,1.19511066521104,1.17030307927183,1.17062458064297,1.16244132878469,1.1526980750851,1.14408300998349,1.12685287978027,1.11861268866217,1.11601203462471,1.19508189582318,1.17599034969402,1.17624334664006,1.16987290275135,1.16226855774016,1.1555442298825,1.14209557416716,1.13564438254801,1.1336887601304,1.19506441725986,1.17952132039242,1.1796644856505,1.17447110225523,1.1682541088432,1.1627292173751,1.1516794344389,1.14637197158381,1.14479539425066,1.19499298372567,0.611199277088806,1.07162334118373,4.89369568771181,1.19499592761571,0.611185996163277,1.0705050050762,4.85649743461313,0.0461859199681103,0.0971463686605333,0.0969471489584284,0,0.0826319439927994,0.0810386935201441,0.106667693292903,0.137075806570401,0.163604160749679,0.216660869108233,0.241802069068462,0.249424803353944,0.784933310261306,0.784011525494543,0.799003024410318,0.81725195787679,0.833579848791419,0.867371888637804,0.883908078010689,0.0200462593747171,0.0232540170726895,1.01440475786753e-05,0.0455611786930943,0.0448574243888717,0.0596143341628282,0.0771618937402639,0.0926068565363264,0.123496782128452,0.13823095546947,0.14268546483296,0.000146763833215075,0.0315852625779125,0.0311740218378727,0.0416414314734616,0.0541042799135792,0.065124033065205,0.0871635393684564,0.0977037814876667,0.101030345499377,0.000109964163249388,0.0243105275155643,0.0239869125619178,0.0321355125193024,0.0418624273962957,0.0504636895142398,0.0676662137501282,0.0759181002232287,0.0784195875649655,8.76068796957253e-05,0.0197939713406419,0.0196108449468935,0.0262538363071067,0.0342061537809504,0.0412731857127955,0.0554072495764855,0.0621961629317121,0.0642128038776475
13.2,1.15974085187334,1.11978921991772,1.11994869085932,1.19628170049696,1.13120572319758,1.13246505051545,1.11229972427095,1.08837516368292,1.06750671143132,1.02576980692811,1.00599500968795,0.999999642206137,0.58157436655015,0.582299817784182,0.570548744357997,0.556243355543529,0.543444329330464,0.516948661659253,0.503982385646633,1.18043818096801,1.1779423661981,1.19627369231844,1.16038337480632,1.16094019154269,1.1493232976014,1.13550624866691,1.1233479990373,1.09903149977806,1.08743387702861,1.08392692962295,1.19639681863666,1.17138828781957,1.17170831178559,1.16346636980596,1.15365469722497,1.14497698967962,1.12762157458893,1.1193220425475,1.11672599924058,1.19636793978056,1.17711843471809,1.17737546183691,1.1709529114416,1.16329350215827,1.15651877142289,1.14296930995214,1.13647005030583,1.13450177129831,1.19635039473233,1.18067767834521,1.18081489276538,1.1755840151756,1.16932340153115,1.16375610216569,1.15262150343476,1.14727388215242,1.14569498889568,1.196278742399,0.616915235419028,1.09156551908225,5.02371418153592,1.19628170049696,0.616901457898701,1.09040828363162,4.98489022601812,0.0465233233815404,0.0973892108226369,0.0971861745367944,0,0.0828538704027626,0.0812505115794434,0.106924737255759,0.137385170193775,0.163954606568223,0.217093479317119,0.242270488649451,0.249903710937755,0.782637217235371,0.781713582354691,0.796674893043387,0.814888324175468,0.831183874440665,0.8649178067851,0.881426297274821,0.0201717587388172,0.0233493969714909,1.01959065787218e-05,0.0457052717128662,0.0449963400359618,0.059786815185743,0.0773784984654287,0.0928582204910022,0.123817664542149,0.138583603866307,0.14304860274786,0.000146566887255031,0.0316939625565123,0.0312865122913535,0.0417800434066222,0.0542721346850923,0.065320476733765,0.0874171608311108,0.0979840148485496,0.101289262723993,0.000109798711030361,0.0243984155940082,0.0240711720783987,0.0322482779812471,0.0420001362008105,0.0506256334373744,0.0678766279105023,0.0761513990133919,0.0786573857165213,8.74605885453275e-05,0.0198668338575287,0.0196921342793165,0.0263520181858183,0.0343229483672102,0.0414111600124621,0.0555875833029655,0.0623961037290395,0.0644063296634477
13.3,1.16058721926531,1.12052534063113,1.12068854543667,1.19756033745399,1.13201075550937,1.13328381788945,1.11299025960464,1.08891461322665,1.06791795528894,1.02592463941353,1.00603080788314,0.999999641141359,0.58179813335703,0.582529079417598,0.57074750107753,0.556403292479037,0.543569996460587,0.516998856072858,0.503994273116655,1.18154528595367,1.1790622384843,1.19755225161055,1.16138371737922,1.16193719473251,1.15024175642664,1.13633527104167,1.1240938283057,1.09961094283376,1.0879350609634,1.08437554310288,1.19767583292028,1.17246704416503,1.1728057254668,1.16449517643712,1.15460541895291,1.14586536562432,1.12838525896714,1.12002672419349,1.11740985817747,1.19764684533657,1.17823983054427,1.17848466690271,1.17202588779737,1.16431223063825,1.15748732826345,1.14383752351387,1.13729041629551,1.13531690392443,1.19762923427051,1.18182723738334,1.18197299191591,1.17669858760738,1.17038628189537,1.16477675316429,1.15355769570213,1.14817006499686,1.14658529294289,1.19755736524534,0.622624345856984,1.11166601168769,5.15589231151604,1.19756033745399,0.622610062487924,1.11046896310987,5.11538930280059,0.046857381049032,0.0976292608543095,0.0974224254523508,0,0.0830733757188102,0.0814599773373614,0.107178743835217,0.137690688502106,0.164300518831336,0.217520179489795,0.24273235769419,0.250375875255992,0.780377897415216,0.779451542815869,0.794382766707303,0.812561705381518,0.82882580944174,0.862500384675064,0.878981566918146,0.0202964588174737,0.0234433154293898,1.02474842731332e-05,0.0458479499418705,0.0451465079073439,0.059968563392011,0.077592759474442,0.0931067862855464,0.124134839907755,0.138932110808497,0.1434432176048,0.000146371616429425,0.0318016457096032,0.0313724225445383,0.0419046844063453,0.054438334734542,0.0655149230578947,0.0876680997045997,0.0982611756497189,0.101577625386024,0.000109634594450677,0.0244855830040987,0.0241752929581373,0.0323607392628265,0.0421365382890857,0.0507859859652636,0.0680848813176191,0.0763822690611655,0.0788833732608434,8.73154481668211e-05,0.0199391314882068,0.0197544114535704,0.0264388563854293,0.034438671617038,0.0415478319512116,0.0557661526195589,0.0625940934932487,0.0646025329121268
13.4,1.16142668274603,1.12125688434317,1.12142383234122,1.19883192120971,1.13281076764914,1.13409755002803,1.11367650668464,1.08945066648044,1.06832660045264,1.02607846839705,1.00606637148236,0.999999640086701,0.582020216375604,0.582756160139676,0.570943949447872,0.556561941380056,0.543694791410366,0.517048215930234,0.504005539428852,1.18264548704439,1.18017397358025,1.19882375776283,1.16237794397787,1.16293240794719,1.15116200939254,1.1371591228697,1.12483492918162,1.10018654180546,1.08843278184939,1.08485662426934,1.19894779083687,1.17353941425633,1.17387433246538,1.16550950154067,1.15555032956764,1.14674821913537,1.12914399827082,1.1207267516627,1.11810145174757,1.19891869525455,1.17935457748501,1.17961843866955,1.17310003554891,1.16532479577948,1.1584499563262,1.14470027741964,1.13810554076533,1.13612453105808,1.19890101863043,1.18297005409821,1.1831232241147,1.17780431150077,1.1714427949963,1.16579122349195,1.15448808048326,1.14906062507213,1.14746747705136,1.19882893498662,0.628326624397304,1.13192421671692,5.29024424881523,1.19883192120971,0.628311825901132,1.13068643045958,5.24800767816991,0.0471894386118569,0.0978665713782434,0.0976559542928089,0,0.0832905042446251,0.0816671343485979,0.107429771102778,0.137992436817278,0.164641988002986,0.217941090374404,0.243187811358877,0.250841435838456,0.778152988079604,0.777224541303086,0.792126507289813,0.810270460241494,0.826503309129594,0.860119909089431,0.876574197509323,0.0204203681826723,0.0235383628188511,1.02987841061174e-05,0.0459893531332578,0.0452898563644258,0.0601390732881788,0.0778047367379529,0.0933526066452375,0.124448346459807,0.139276572576966,0.14378815639574,0.000146177992243765,0.0319083436769197,0.0314858199097908,0.0420386646885693,0.0546028870742298,0.065707391869775,0.0879164014608654,0.0985353724501904,0.101847379919499,0.000109471791390496,0.0245720908025025,0.0242392106584009,0.0324626519875475,0.0422716844883905,0.050944796268226,0.0682910198278964,0.0766107614815139,0.0791099498254239,8.71714398055338e-05,0.0200109031534279,0.0198176679974142,0.0265278644989134,0.0345533819102658,0.0416832518835266,0.0559429918300484,0.0627901229929939,0.0647999955085414
13.5,1.16225781955469,1.12198390719758,1.12215460738529,1.20009653303507,1.13360582129495,1.13490630831667,1.11435851807968,1.08998336539817,1.06873267909039,1.02623130647483,1.00610170344827,0.999999639041985,0.582239568130535,0.582981255273848,0.571138686258912,0.556718779472298,0.543818183816658,0.517097301677606,0.504017371458388,1.18373886906173,1.1812808439471,1.20008829204673,1.16336614368136,1.16393946316337,1.15208242508804,1.13797785838451,1.12557135064541,1.1007583351672,1.08892709724674,1.08533494228418,1.20021277370813,1.17460543432844,1.17495132175595,1.16652300572568,1.15648949481085,1.14762562084649,1.12989787291775,1.12142219054224,1.11876622184914,1.20018357084479,1.18046288385696,1.18072862279146,1.17416404174822,1.16633131850825,1.15940675139523,1.14555761716917,1.1389154811788,1.13692045235518,1.20016582911533,1.18410620341583,1.18426087802469,1.17890019100556,1.17249303074497,1.16679959877822,1.15541273484471,1.14994561161531,1.14834567235291,1.20009353289282,0.634022087254143,1.15233953610426,5.42678409620236,1.20009653303507,0.634006764328794,1.1510600768692,5.38275828557989,0.0475214207397489,0.0981011936210473,0.0978868122456236,0,0.0835052991303738,0.0818720250245377,0.107677875575733,0.138290488416664,0.164979102065334,0.218356329362674,0.243636981022393,0.25130052830929,0.775962977743434,0.775031497163025,0.789904510884545,0.808014388161161,0.82421617140263,0.857774772260604,0.874201780740063,0.020543495285569,0.023630514766872,1.03498094465654e-05,0.0461294828989736,0.0454094542876154,0.0603006396181445,0.0780144831138539,0.0935957442073805,0.124758266394434,0.139617049460134,0.14412841603783,0.000145985986936712,0.0320141229797405,0.031579724966189,0.0421647981719585,0.0547658263207571,0.0658979142090857,0.0881620899857431,0.0988066503097123,0.102142265982838,0.000109310280291566,0.0246577860987041,0.0243240461125438,0.032568465360518,0.0424055370362634,0.0511020607008283,0.0684951080299579,0.076836928086093,0.0793424732115714,8.70285451797426e-05,0.020082162201342,0.0198879072574142,0.0266203629848649,0.0346670783851713,0.0418174265619282,0.0561181229154419,0.0629842512618838,0.0649936056995205
13.6,1.16308276611315,1.12270646431541,1.1228809253673,1.20135425278304,1.13439597700007,1.13571015302753,1.11503634540131,1.09051275116565,1.06913622278038,1.02638316600983,1.00613680668844,0.99999963800704,0.582457252873547,0.58320268791718,0.571331431395893,0.556874394248501,0.543940753781478,0.517145569494374,0.504029092936031,1.18482551528043,1.18238181875358,1.20134593431569,1.16434849390807,1.16493107866313,1.15298891680902,1.13879157412771,1.12630316643249,1.10132635104204,1.08941804773673,1.08581455344604,1.20147086143656,1.17566523321249,1.17602711090542,1.16753392566167,1.15742300316811,1.14849764453686,1.13064692727435,1.12211308142496,1.11945776746626,1.20144155199872,1.18156490061891,1.18183731923239,1.17522400285967,1.16733188339261,1.16035778609361,1.14640959149561,1.13972031682493,1.13771716843399,1.2014237456097,1.18523576417003,1.18539520429032,1.17999379612676,1.17353707290959,1.16780195884417,1.15633173071332,1.15082507977748,1.14920361066836,1.20135123881598,0.639710750849401,1.1729113759683,5.56552588863135,1.20135425278304,0.639694894169865,1.17158929773436,5.51965397937497,0.0478507655935891,0.0983331774613313,0.0981150491463403,0,0.0837178024119628,0.0820746906723789,0.107923112270997,0.138584914604545,0.165311946605977,0.218766010608839,0.24407999442055,0.251753284525919,0.773805719247041,0.772873703257022,0.787716312273005,0.805791917793236,0.821962823397126,0.855464790368483,0.871864295582921,0.0206658484583427,0.0237211974887241,1.04005635992636e-05,0.0462682285852356,0.0455398239953257,0.0604710858114837,0.0782219958442003,0.0938362277765995,0.125064691641398,0.13995362017963,0.144459062105852,0.000145795573453443,0.0321189313705573,0.0316664763925949,0.042285489438708,0.0549271562322468,0.066086514826984,0.0884052320164583,0.0990750829389806,0.102395016834181,0.000109150040135388,0.0247425886488929,0.0244019841845459,0.0326706008253581,0.0425381024960567,0.0512578028296152,0.0686972034967325,0.0770607906502447,0.079565323200308,8.68867464600102e-05,0.0201529150669463,0.0199535673936194,0.0267069375498304,0.0347797660718048,0.0419503680702126,0.0562915720670283,0.0631765270573937,0.0652038467412967
13.7,1.16390109444638,1.12342460981959,1.12360284009615,1.2026051589217,1.1351812942201,1.13650914334621,1.11571003932693,1.09103886421917,1.06953726252527,1.02653405913746,1.00617168405668,0.999999636981698,0.58267232180025,0.583423616632873,0.571522147983293,0.557028816830539,0.544061414116351,0.517193228456445,0.504040134356883,1.18590550746566,1.18347459353419,1.20259676303826,1.16532503055999,1.16592222351947,1.15389613851045,1.13960030858719,1.12703042143992,1.10189064714539,1.08990570767639,1.08627094830642,1.20272213253855,1.17671884703436,1.17709288773129,1.16852926685442,1.15835090722025,1.14936434894494,1.13139123239432,1.12279949738251,1.12012643968408,1.20269271722188,1.1826606579968,1.18293372671637,1.17627688334659,1.16832654689224,1.16130311871695,1.14725626236638,1.14052008894508,1.13850130698553,1.20267484661236,1.18635879972981,1.18652820492558,1.18108201829124,1.17457497720321,1.16879836266067,1.15724513357558,1.15169911247455,1.15006925046787,1.20260213122323,0.645392631801438,1.19363914657873,5.70648359381514,1.2026051589217,0.64537623202049,1.19227349262524,5.65870753543159,0.0481781468366907,0.098562571475751,0.0983407135248819,0,0.0839280550486388,0.0822751715326001,0.108165534756629,0.138875784780452,0.165640604901432,0.219170245143394,0.244516975774524,0.25219983271196,0.771681622088163,0.770746423336961,0.785561164681175,0.803602211426416,0.81974380896982,0.853188859548001,0.869561602500864,0.0207874359160307,0.023813395332064,1.04510498016616e-05,0.0464056559084709,0.0456622804908894,0.0606321421136748,0.0784273427607349,0.0940741198346975,0.125367673982623,0.140286318352246,0.144810803648974,0.000145606725420503,0.0322228311696813,0.0317572318104407,0.042417078254287,0.055086923441329,0.0662732350086924,0.0886458581434186,0.0993407005738608,0.10266807634288,0.000108991050425405,0.0248265681439457,0.0244866569473779,0.0327729798875054,0.0426694205402205,0.051412061875516,0.0688973445461073,0.0772824161557192,0.0797953608553716,8.67460262546488e-05,0.0202231855832003,0.0200123129395222,0.0267916314148924,0.0348914830780514,0.0420821124711759,0.0564633712574241,0.063366961941945,0.0653957858431508
13.8,1.16471375719418,1.12413839685891,1.12432040441483,1.20384932856631,1.13596183133927,1.13730333739767,1.11637964962217,1.09156174426357,1.06993582876609,1.02668399777113,1.00620633835438,0.999999635965795,0.582885673547142,0.583641344476365,0.571711912819875,0.55718103877613,0.54418176073705,0.51724147818693,0.50405163781073,1.18697892590925,1.18456263045914,1.20384085533012,1.16629578009203,1.16689513334715,1.15478987014091,1.14040412187371,1.12775317280904,1.10245127467969,1.09039008570399,1.08671843191932,1.20396666417651,1.1777664048233,1.17814276077229,1.16951849669508,1.15927329771906,1.15022581171018,1.13213083969242,1.12348148877001,1.12077922984796,1.20393714366612,1.18375019380668,1.18401563137401,1.17731904359071,1.16931537352886,1.16224281724685,1.14809770468283,1.14131485611463,1.13927372762013,1.20391920926856,1.18747555407529,1.18765280502832,1.18216496761273,1.17560685551938,1.16978889693007,1.15815297975145,1.15256780253944,1.15092417795761,1.20384628722891,0.651067746914215,1.21452226232312,5.84967111279295,1.20384932856631,0.651050794663125,1.21311206525388,5.799931651793,0.0485025131578973,0.0987894229831029,0.0985638526498754,0,0.0841360969590115,0.0824735068148519,0.108405195201189,0.139163166504609,0.165965157997067,0.219569140981983,0.24494804591376,0.252640297584419,0.769588811206064,0.768652273475743,0.783436966674251,0.801445747044441,0.81755635005924,0.850944681008597,0.867291456690347,0.0209082657583397,0.0239028918172801,1.0501271225632e-05,0.0465418394350265,0.0457990333861178,0.0608016427094322,0.0786305620314775,0.0943094649312142,0.125667270730688,0.140615256833446,0.145165706201071,0.000145419417124987,0.0323257667560934,0.0318593315226767,0.042547778559893,0.0552451247520408,0.0664580901900324,0.088884021066016,0.0996035593840434,0.102952593123108,0.000108833291170814,0.0249097819186482,0.0245808129359412,0.0328802021024898,0.0427995184399246,0.0515648626549426,0.0690955510849791,0.0775018472087572,0.0800315116084475,8.66063675974589e-05,0.0202927716358977,0.0200730963793479,0.0268744256336786,0.0350021955101955,0.0422126591149517,0.0566335863244641,0.0635555532644343,0.0655925727868759
13.9,1.16551832704339,1.12484787763116,1.12503367022337,1.20508683751044,1.13673764569599,1.1380927922714,1.11704522516257,1.09208143028968,1.07033195139564,1.02683299360757,1.00624077233177,0.999999634959172,0.583096026301118,0.583857636285024,0.571899083872462,0.557331983763762,0.544300493740163,0.517288219313868,0.504063148288701,1.18804584946477,1.18564138660547,1.20507828698529,1.16726086936573,1.16787015319087,1.15568238967475,1.14120308851918,1.12847148347092,1.10300827337442,1.09087123907621,1.08718566018426,1.20520453219005,1.1788080055566,1.17918501609155,1.17050422196305,1.16019024107605,1.15108209994536,1.13286581768399,1.12415915877249,1.12143964342447,1.20517490716074,1.18483353691036,1.18509478504287,1.17835312419953,1.17029842664867,1.1631769458704,1.14893398431386,1.14210465224074,1.14005309917456,1.20515690940117,1.18858598937616,1.1887636477337,1.18323639409533,1.17663275685052,1.17077361837615,1.15905534142742,1.15343115852995,1.1517690162205,1.20508378262569,0.656736113166865,1.23556014167364,5.99510228049154,1.20508683751044,0.656718599056097,1.2341044234414,5.94333894929842,0.0488270002564266,0.0990137780865806,0.0987845125711274,0,0.0843419670555836,0.0826697347323573,0.108642144421008,0.139447125560616,0.166285684783627,0.219962803229649,0.245373322393649,0.253074800475466,0.767528146496725,0.76658833020239,0.78134502017688,0.799320622299562,0.815401302598451,0.848734079464986,0.865053636069847,0.021028345971441,0.0239954202247213,1.05512309821531e-05,0.0466767268846024,0.045924878984969,0.060964412323542,0.0788316717399611,0.0945422980844488,0.125963550773424,0.140940484951529,0.145488438851699,0.000145233623491757,0.0324277188957369,0.0319624930565669,0.042674474178312,0.055401785403066,0.0666411068754749,0.0891197498202926,0.0998636477301907,0.103219492441743,0.000108676742869922,0.0249922956896997,0.0246699190704557,0.0329890362634218,0.0429284227790872,0.0517162325723386,0.0692918521588414,0.0777191544492085,0.0802507428488279,8.64677539329331e-05,0.02036182071485,0.0201425927336421,0.026963148059891,0.0351119460216991,0.0423420426923495,0.0568022360336499,0.063742400738751,0.0657934615952695
14,1.1663185673086,1.12555310340562,1.12574268850117,1.20631776025627,1.13750879360762,1.13887756404581,1.11770681395466,1.0925979605913,1.07072565977155,1.02698105813205,1.00627498868913,0.999999633961674,0.583305489568876,0.584071278807824,0.572084734271837,0.557481897633633,0.544418583820365,0.51733534061405,0.504074044066417,1.18910635558157,1.1867180517039,1.20630913250635,1.16822040233389,1.16883975876186,1.1565720998955,1.14199727334695,1.12918540795201,1.10356167716213,1.09134920996424,1.08764039989099,1.20643581112627,1.17984371018526,1.18022007324229,1.17148402119386,1.16110179888636,1.15193327045508,1.13359621359252,1.12483253959759,1.12208948964901,1.20640608224277,1.1859107710394,1.18616837198202,1.17938404316618,1.17127578192395,1.16410558166684,1.14976518115262,1.14288956949674,1.14082051650143,1.20638802154095,1.18969016049352,1.18987190158993,1.18430736402559,1.17765275547448,1.1717526048209,1.15995230351375,1.15428925657207,1.15260977062314,1.20631469191487,0.662397747703705,1.25675220715398,6.14279086628119,1.20631776025627,0.662379662323595,1.25524997908538,6.08894197220706,0.0491470815943992,0.0992356817142795,0.0990027381603358,0,0.0845457032778606,0.0828638925348903,0.108876431925508,0.13972772601551,0.16660226207057,0.220351334180692,0.245792919608225,0.25350345944906,0.765496317434352,0.764555390794659,0.779283280007719,0.797225812115967,0.813276729711077,0.846553960215283,0.86284813955852,0.0211476844297414,0.0240821977760885,1.06009321222814e-05,0.0468102934174646,0.0460492890406685,0.061122583946055,0.0790307000058596,0.094772662469089,0.126256587395548,0.141262068196841,0.145819089922921,0.000145049320060271,0.0325287137837112,0.0320662758065972,0.0428002789500852,0.0555569345042434,0.0668223221709946,0.0893530975044964,0.100121039784218,0.103491430277263,0.000108521386489958,0.0250741050063123,0.0247575902565693,0.03309350749149,0.0430561429222042,0.0518661811033594,0.0694862574656696,0.0779343340932436,0.0804765832960413,8.63301690983754e-05,0.0204303622657616,0.0202070566479201,0.0270442141392555,0.0352207438474495,0.0424702697558815,0.0569693215727459,0.0639275177163551,0.0659911051761469
14.1,1.16710980227083,1.12625412454495,1.1264475093285,1.20754217004395,1.13827533039448,1.13965770781197,1.11836446315639,1.09311137278165,1.0711169827289,1.02712820262341,1.00630899007802,0.999999632973148,0.583512179432593,0.584283102313033,0.572268899378177,0.557630180618141,0.544534861360821,0.517381525880567,0.504085318923915,1.19016052033789,1.18778587238577,1.20753346513384,1.16917440422268,1.16978305471125,1.15744714108329,1.14278672428428,1.12989499642302,1.10411154070052,1.09182403705516,1.08807861548133,1.20766057426921,1.1808735645371,1.18126206299069,1.17246459349497,1.16200803795361,1.15277938775018,1.13432208734333,1.12550166331654,1.12276441083814,1.20763074218643,1.18698197073955,1.1872306245076,1.18040647951895,1.17224750123624,1.16502878077245,1.15059133984489,1.14366964795685,1.14159056401015,1.20761261895597,1.19078814572819,1.19096119297048,1.18536134594209,1.17866692251223,1.17272592489442,1.1608439296588,1.15514216002133,1.15344796205628,1.20753908833572,0.668052667824586,1.27809788530602,6.29275057452442,1.20754217004395,0.668034001746011,1.27654814812701,6.23675318881512,0.0494686309078485,0.0994551776580291,0.0992185731501175,0,0.0847473426241077,0.0830560165403994,0.109108105960632,0.140005030277325,0.166914964656329,0.220734833414337,0.24620694889813,0.253926389412672,0.763494966562477,0.762551749493298,0.777251016525377,0.795161354583428,0.811183357514245,0.844405214278285,0.860673001465615,0.0212662888976346,0.0241716488740432,1.06503776372436e-05,0.0469426093673655,0.0461979310804081,0.0612908081930406,0.0792276936026502,0.0950006043288118,0.126546425781134,0.141580073724334,0.146162562646821,0.000144866482967171,0.0326287940901251,0.0321534697975541,0.0429170929879861,0.0557105927292215,0.0670017615584296,0.0895840992168459,0.100375807065374,0.103724810351941,0.000108367203457769,0.0251552151605036,0.0248509895572742,0.0332002683232256,0.0431827033742096,0.0520147416128205,0.0696788180900426,0.0781474445921694,0.0806911847204451,8.61935973198048e-05,0.0204983949925465,0.020286673279723,0.0271380347271269,0.0353286003563976,0.0425973564190896,0.0571348685444735,0.0641109313686979,0.0661837670306729
14.2,1.16789738495905,1.12695099052638,1.1271481819076,1.20876013888019,1.13903731040323,1.1404332776966,1.11901821909696,1.09362170380937,1.07150594859256,1.02727443815895,1.00634277910239,0.999999631993446,0.583717033893359,0.584493147128514,0.572450502571067,0.557776860150709,0.544651211536351,0.517427780402537,0.504095768649962,1.19120841847293,1.18884865213897,1.20875135687484,1.17012295494382,1.17073418617129,1.15832206576134,1.14357150706578,1.13060030598531,1.10465790382439,1.09229574846105,1.08855977958225,1.20887889366845,1.18189761254015,1.18227231062207,1.17342947911931,1.16290901346108,1.15362050871734,1.13504349922985,1.12616658407771,1.12340673724529,1.20884895903167,1.18804719243789,1.18830242526238,1.18142592093632,1.17321364894105,1.16594660467462,1.15141251614175,1.14444492683929,1.14236274203517,1.20883077368021,1.19188004217204,1.19204890928055,1.18641274828479,1.17967534613987,1.17369365858428,1.16173028347311,1.15598991683853,1.15430321798067,1.20875704389409,0.673700890975686,1.29959660665691,6.44499504512036,1.20876013888019,0.67368163475072,1.29799835051858,6.3867849920686,0.0497852025288654,0.0996723086106496,0.0994320601714508,0,0.0849469211818201,0.0832461421653523,0.109337213550514,0.140279099150302,0.167223865395682,0.221113397886443,0.246615518654101,0.254343702224366,0.761522280928407,0.760576702109317,0.775248877641898,0.79312653368886,0.809118188971068,0.842285900455792,0.858528978602217,0.0213841670312255,0.0242591921723066,1.06995704603803e-05,0.0470736757275213,0.0463289811699792,0.0614513082068327,0.0794226753224667,0.0952261592012028,0.126833126958675,0.141894578999939,0.146446302744049,0.000144685088924862,0.0327280025437516,0.0322714885277972,0.0430451666343559,0.0558627930357437,0.0671794578584323,0.0898127875038087,0.100627991479881,0.103990455345277,0.000108214175641505,0.0252356518992707,0.0249246885735064,0.0333026887744795,0.0433081236821652,0.0521619388530377,0.0698695691947829,0.0783585429245063,0.0808953761584091,8.60580231922117e-05,0.0205658932078778,0.0203601536922863,0.0272269795846576,0.0354355044175821,0.0427233031546408,0.0572989006287587,0.064292685630231,0.0663476779199376
14.3,1.1686772478685,1.12764374996228,1.12784475458297,1.20997173756598,1.13979478702948,1.14120432688444,1.11966812729608,1.09412898997403,1.07189258518907,1.02741977561916,1.00637635831975,0.999999631022424,0.58392038798017,0.584700897040056,0.572631244166853,0.557922925943137,0.544765770015939,0.517473001068368,0.504106661408846,1.19225012341801,1.18990620087192,1.20996287853072,1.17106605207267,1.17169167503845,1.15920016077365,1.14435164713848,1.1313013700898,1.10520081599243,1.09276438978056,1.08899895188552,1.21009084016685,1.18291585543231,1.18332044372907,1.17440217504883,1.16380477698516,1.15445669075436,1.13576051829276,1.1268273380475,1.12405636661463,1.21006080361199,1.18910644361959,1.18937076468834,1.18244328761002,1.17417427813266,1.16685911524964,1.15222878948359,1.14521546632145,1.14311081615118,1.2100425565413,1.19296591587318,1.19313384627542,1.1874597790566,1.18067807861337,1.17465586251321,1.1626114303129,1.15683261927223,1.15513931530833,1.20996862939011,0.679342434740623,1.32124780568592,6.59953785404225,1.20997173756598,0.679322578903172,1.31960001019078,6.53904970016937,0.0501018865025234,0.0998871162016995,0.0996432407895972,0,0.0851444741569797,0.0834343039538579,0.109563800537452,0.140549991887828,0.16752903526436,0.221487122017426,0.247018734416177,0.254755506795462,0.759577219418111,0.758630241343818,0.773274141360702,0.791119488177826,0.807082836745388,0.840196678862544,0.856413826416167,0.0215013263800423,0.0243451668593774,1.07485134716984e-05,0.0472035918876557,0.0464445344188629,0.0616002715286855,0.0796157150014281,0.0954493892836318,0.127116737848039,0.142205637580878,0.146774177922015,0.000144505115203406,0.0328264314637908,0.0323355515165372,0.0431559318745447,0.0560135707241277,0.0673554412444465,0.090039182285084,0.100877654585704,0.104239626055712,0.000108062285335879,0.025315498430955,0.0249948022730995,0.033399789787638,0.0434324352412587,0.0523077952032714,0.0700585151272968,0.0785676582030314,0.0811211936681949,8.59234316693558e-05,0.0206328678372514,0.0204291207994422,0.0273133679202565,0.0355414871775667,0.0428481372840148,0.0574614374969111,0.0644727684759413,0.0665272247395918
14.4,1.1694515024101,1.12833245062017,1.12853727486122,1.21117703572357,1.14054781273988,1.14197090763994,1.12031423248273,1.09463326694118,1.07227691985824,1.02756422569236,1.00640973024224,0.999999630059942,0.584121178755172,0.584906945989725,0.572809490334201,0.558067181945527,0.544879454554806,0.517518306797561,0.504117443475561,1.19328570732687,1.19095527645499,1.21116809972409,1.17200380257894,1.17265363406406,1.16007473532221,1.1451272163446,1.13199824829863,1.10574031220669,1.09322999430312,1.08944479017973,1.21129648342759,1.18392843585401,1.18433774452494,1.17535909659558,1.16469540203415,1.15528799398369,1.13647317788277,1.12748398755126,1.12468260118313,1.2112663455814,1.1901598502765,1.19043085403017,1.18345432175429,1.17512945945658,1.1677663726742,1.15304019910945,1.14598132958223,1.1438768934715,1.21124803718753,1.19404581811205,1.19421219153835,1.18850374419068,1.18167517409322,1.17561258889765,1.16348741850653,1.15767030693867,1.15598125227541,1.21117391444523,0.684977316831932,1.34305092079153,6.75639251386955,1.21117703572357,0.684956851898364,1.3413525550202,6.69355955717598,0.0504162209434099,0.100099641031784,0.0998521555385779,0,0.0853400359021343,0.0836205356056187,0.109787911620266,0.14081776624324,0.167830543421025,0.221856097776594,0.247416698968844,0.255161909188976,0.757660456758523,0.756711028162614,0.771328169005367,0.789141038438465,0.805075535257883,0.838135524215512,0.854327549395841,0.0216177743887126,0.0244335926275623,1.07972094958353e-05,0.0473323219729795,0.0465471421291692,0.0617460021037032,0.0798068238472926,0.0956703227938934,0.127397320687094,0.142513315652582,0.147086910577463,0.000144326539614432,0.0329239993435588,0.0324294389449546,0.0432781797957571,0.0561629325691579,0.0675297366603983,0.090263344842879,0.101124823891001,0.104509689292777,0.000107911515250014,0.0253946919539167,0.0250672429308152,0.0334968629909706,0.043555646272937,0.0524523332788753,0.0702457072907521,0.0787748139895471,0.0813175667717104,8.57898080544451e-05,0.0206993460249804,0.0204983199684215,0.0273957355283833,0.0356465755158549,0.0429718895486667,0.0576225176142906,0.0646512302218522,0.0666920849773448
14.5,1.1702199500557,1.12901713944216,1.12922578943025,1.21237610182272,1.14129643909339,1.14273307132833,1.12095657861326,1.095134569757,1.07265897946438,1.02770779887915,1.00644289733768,0.99999962910586,0.584320806410763,0.585110775883945,0.572986803226476,0.558209209155982,0.544991186255879,0.517562963717405,0.504127669429846,1.19431524110501,1.19200170625882,1.21236708892501,1.17293623554555,1.17357851643329,1.16092739489676,1.14589827211342,1.1326909989821,1.10627645271946,1.09369259675763,1.08989524407846,1.2124958919604,1.18493533975678,1.18534534390136,1.17631071723745,1.16558092215453,1.1561144606731,1.13718153771024,1.12813657086821,1.12529745397395,1.21246565344068,1.19120746529381,1.1914819996395,1.18446218544722,1.17607924370617,1.16866842812797,1.15384679697158,1.14674257182463,1.14461865944779,1.21244728411407,1.19511986907336,1.19529236660301,1.18954403230255,1.18266670413783,1.17656390313818,1.16435830113889,1.1585030630755,1.15680888706848,1.21237296752835,0.690605555082877,1.36500539425855,6.91557247431425,1.21237610182272,0.690584471552631,1.36325541679684,6.8503267335988,0.0507285624070782,0.100309922705506,0.100058843954279,0,0.0855336399433791,0.0838048700027846,0.110009590391126,0.14108247851859,0.168128457266747,0.22222041476306,0.247809512432319,0.25556301271408,0.755769701762104,0.754819092798993,0.769408462980955,0.787191065794761,0.803096960224874,0.836102683955251,0.852270031688755,0.021733518398629,0.0245175082057336,1.08456613037798e-05,0.0474599230220407,0.0466870349682062,0.0619107492183112,0.0799960288532148,0.0958889875599823,0.127674904973517,0.142817675262645,0.147387215751806,0.000144149340490523,0.0330208131580191,0.0325274350871219,0.0433992439058619,0.0563109319196823,0.0677023887274286,0.0904853023429213,0.101369554004497,0.10478600243526,0.000107761848495075,0.025473257264194,0.0251428966381775,0.0335901829158016,0.0436777873445999,0.0525955847427945,0.0704311795391835,0.0789800416533618,0.0815358494545945,8.5657137987875e-05,0.0207652701502456,0.0205576954231692,0.0274749476645235,0.0357507735256329,0.0430945729093943,0.0577821716769169,0.0648280664528132,0.0668667514299344
14.6,1.17098158785132,1.12969786256379,1.12991034417795,1.21356900320615,1.14204071676215,1.14349086843614,1.12159520888911,1.09563293286252,1.07303879040727,1.02785050549676,1.00647586203064,0.999999628160045,0.584518225590023,0.585312978844861,0.573162367458844,0.558351402851246,0.545103420953019,0.517607537090526,0.504138682640041,1.19533879443831,1.19304123348676,1.21355991347655,1.17386342214982,1.17451616549494,1.16178677511596,1.14666485889167,1.13337966674047,1.10680928243807,1.09415226924263,1.09032908675708,1.2136891331471,1.18593664610904,1.18635571133289,1.1772601923639,1.16646140383607,1.15693615225523,1.13788564909353,1.12878513662396,1.12595527107639,1.21365879456288,1.19224939002808,1.1925387821947,1.18546475027453,1.17702370313302,1.16956535060944,1.15464864556229,1.14749927488662,1.14535999282025,1.21364036468853,1.1961881259825,1.19635805744844,1.19057482218221,1.18365273110502,1.17750986561607,1.16522413463817,1.1593309330488,1.15761085411251,1.21356585598141,0.696227167439588,1.38711067222549,7.0770911227419,1.21356900320615,0.696205455795778,1.38530803119184,7.00936332698993,0.0510402240630206,0.100517999863111,0.100263344606248,0,0.0857253190062766,0.0839873392357438,0.110228879370934,0.141344183611464,0.168422842502109,0.222580160283401,0.248197272350152,0.255958918016733,0.753905640176397,0.752953143203671,0.767515424630655,0.785266089841556,0.801143549387633,0.834096854054269,0.85023902524022,0.0218485656495829,0.0246021496552926,1.08938716169136e-05,0.0475863993337508,0.0468040985927302,0.0620600358623457,0.0801833707940245,0.0961054261352046,0.127949536817565,0.143118731380832,0.147700744378573,0.000143973496671293,0.0331168652963509,0.0326146234311495,0.0435154335009486,0.0564575804116489,0.0678734170124936,0.0907050902141831,0.101611884901419,0.105003426050671,0.000107613268570272,0.0255511592915305,0.0252043281700908,0.0336824236644108,0.0437988614392694,0.0527375580183539,0.0706149511765227,0.0791833387660373,0.0817472284759811,8.55254074368487e-05,0.0208306576136509,0.0206269979168983,0.0275580976640461,0.0358540948881188,0.0432162047586684,0.0579404244997682,0.06500331683695,0.0670647994036384
14.7,1.1717389148779,1.13037466533236,1.13059098421033,1.21475580611434,1.14278069555157,1.14424434859108,1.12223016577392,1.09612839010739,1.07341637863269,1.0279923556833,1.00650862670338,0.999999627222365,0.58471358181238,0.585513590571704,0.573336239604994,0.558491615888818,0.545213955125436,0.517650460405548,0.504149143187563,1.19635643582074,1.19407353445302,1.2147466396195,1.17478544420006,1.1754248354893,1.16263745537638,1.14742703255844,1.13406429753959,1.10733882750188,1.09460903408693,1.0907401307451,1.2148762732664,1.18693247183649,1.18735209355999,1.17820375762267,1.16733692319478,1.15775313071767,1.13858554576345,1.12942971697382,1.12658485102759,1.21484583521816,1.19328560064515,1.19358480813528,1.18646206804417,1.17796287794438,1.1704571947481,1.15544582835553,1.14825150146743,1.14610029871813,1.21482734517568,1.1972506040778,1.19743236472445,1.19160335391738,1.18463329815457,1.17845052903551,1.16608499079741,1.16015398936348,1.1584260455312,1.21475264604408,0.701842171953493,1.4093662046518,7.24096178468622,1.21475580611434,0.701819822663493,1.4075098377251,7.17068136252682,0.0513483161082874,0.100723910210894,0.10046569512824,0,0.0859151050407734,0.0841679746279133,0.110445820043293,0.141602935059947,0.168713763182039,0.222935419426223,0.248580073773326,0.256349723166699,0.752067533592968,0.75111258074811,0.765648416528602,0.783368117073608,0.799217368436506,0.832119305309317,0.848235530458569,0.0219629232813824,0.02468797238894,1.0941843107743e-05,0.0477117411217948,0.0469485138151907,0.0622125279585152,0.080368874838704,0.0963196774675599,0.128221282725272,0.143416556894931,0.148034781645229,0.000143798987485548,0.0332121016331246,0.0327112084192043,0.0436313756389272,0.0566028766763335,0.0680428387815935,0.0909227629921132,0.101851874264684,0.105247728118692,0.000107465759350163,0.0256285116300554,0.0252713542357507,0.0337736122846957,0.0439189084082432,0.0528782772118418,0.0707970148190393,0.0793847244516483,0.081952567817576,8.53946026851854e-05,0.0208955743168714,0.0206786106341925,0.0276365725165362,0.0359565746439304,0.0433368100357617,0.0580972808194241,0.0651769866678586,0.0672395951820293
14.8,1.17248922580524,1.1310475923248,1.13126775386917,1.21593657570964,1.14351642441999,1.1449935605814,1.12286149101022,1.09662097476335,1.07379176964283,1.02813335940179,1.00654119369688,0.999999626292692,0.58490735043179,0.585712090367752,0.573508705896427,0.558630970945223,0.54532391815,0.517694419030722,0.504158944389664,1.1973682325813,1.19510001938305,1.21592733251649,1.17570234470482,1.17635247815444,1.16348201172584,1.14818484778568,1.13474494320172,1.10786513403381,1.09506291720108,1.09118240947869,1.21605737751801,1.18792282425568,1.18833835075154,1.17913879347073,1.16820751692918,1.15856544024723,1.13928128688333,1.13007036416397,1.12720511448073,1.21602684059785,1.19431621285572,1.19461806781623,1.18744782238676,1.17889684574027,1.17134402665859,1.15623838849522,1.14899929836563,1.14682805409381,1.21600829076166,1.1983074205915,1.19848345734195,1.19262002105123,1.1856084893431,1.17938596446118,1.16694091469734,1.16097227129998,1.15922763050941,1.21593340287793,0.707450586774059,1.4317714452855,7.40719772435902,1.21593657570964,0.707427590290079,1.42986027973326,7.33429279359108,0.0516561809499846,0.100927690550423,0.100665932247574,0,0.0861030292451507,0.0843468067595645,0.110660452887168,0.141858785085828,0.169001281768471,0.223286275133756,0.248958009341006,0.256735523741092,0.750254271374504,0.749297485935549,0.763806546622564,0.78149524272155,0.797316495999679,0.830166241938227,0.846259074500877,0.0220765983354386,0.0247733619276849,1.09895783971516e-05,0.0478359835925825,0.0470630155936372,0.0623651949948985,0.0805525659220774,0.0965317716657415,0.128490183153069,0.143711218054566,0.148324898970129,0.0001436257927396,0.0333065979254773,0.0328125629174314,0.043750260995746,0.0567468649379189,0.0682106908999721,0.091138342824078,0.102089553697795,0.105496156319828,0.00010731930507578,0.0257052588533848,0.0253463721895267,0.0338713454312833,0.0440379217109035,0.0530177510911602,0.0709774098516738,0.079584235134926,0.0821657087400663,8.52647103232631e-05,0.0209599625473522,0.020750665864,0.0277219247943778,0.0360581973506752,0.0434563901512363,0.0582527757523588,0.06534911935072,0.0674233881051697
14.9,1.17323419465296,1.1317166873649,1.13194069674914,1.21711137609971,1.14424795149773,1.14573855237466,1.12348922563562,1.09711071953724,1.07416498850624,1.02827352644424,1.00657356531172,0.999999625370901,0.585098854351831,0.585909067832763,0.57367938514591,0.558768667482921,0.545432772314568,0.517737483130438,0.504169599492011,1.1983742509103,1.19612241727008,1.21710205627548,1.17661414989055,1.17725175431105,1.16431730555568,1.14893835986534,1.13542165174109,1.10838823549259,1.09551390114506,1.09159621142988,1.21723251004616,1.18890776205804,1.18933497753122,1.18007440214967,1.16907324057822,1.1593731349243,1.13997292361646,1.13070712813453,1.127818079572,1.21720187483801,1.19534134780502,1.19564459460747,1.18843060600124,1.17982567993573,1.17222590991874,1.15702636988476,1.1497427277031,1.14757561740065,1.21718326557736,1.19935864530757,1.19953411694237,1.19363449944339,1.18657836358109,1.18031623082382,1.16779196530929,1.16178584876398,1.16003285220094,1.21710819058985,0.713052430141818,1.45432585163082,7.57581214515416,1.21711137609971,0.713028776901466,1.45235880433766,7.50020950234165,0.0519619203662831,0.101129376806641,0.100864091813363,0,0.0862891220890677,0.0845238654907407,0.110872817408273,0.142111784636125,0.169285459180968,0.223632808270653,0.249331169358125,0.257116412904645,0.748466133026639,0.747506630912153,0.761989735271315,0.779647877801474,0.795441023575709,0.828239402223924,0.8443072822908,0.0221895977563386,0.0248563506432122,1.10370800622076e-05,0.0479591800099848,0.0472040916239278,0.062521821114471,0.080734466615606,0.096741741650328,0.128756291719772,0.144002830218318,0.14864238714261,0.000143453892698079,0.0334003666268518,0.0328944331173424,0.0438613472320577,0.0568895651499809,0.0683769966784892,0.0913518597355058,0.102324955797902,0.105746335804332,0.000107173890340495,0.0257813387123068,0.0254222161415226,0.0339654426916395,0.0441558986013151,0.0531559900247814,0.0711561728717141,0.0797818872531047,0.0823483058161961,8.51357172401515e-05,0.0210238204298701,0.020816016673707,0.0278026882092467,0.0361589763225966,0.0435749595951535,0.0584069261402677,0.065519720065212,0.0675957209569693
15,1.17397366541658,1.13238199354021,1.13260985571448,1.21828027036033,1.14497532410556,1.14647937113604,1.12411340999859,1.09759765658367,1.07453605986759,1.02841286643542,1.00660574380908,0.999999624456869,0.585289691284468,0.586103445110301,0.573848861366755,0.558905326711989,0.545539711970845,0.517780337722107,0.504179908560785,1.19937455588474,1.19713951182007,1.21827087397252,1.17752096665121,1.17818501237949,1.1651643826573,1.14968761080148,1.13609446080925,1.1089081608248,1.09596206669783,1.09203945716956,1.21840173396238,1.18988735729138,1.1903346040611,1.18100851748812,1.16993415177876,1.16017626908522,1.14066050369813,1.13134006113011,1.12843329724905,1.21837100104215,1.1963609724176,1.19666011745422,1.18940573322707,1.18074942287049,1.17310289335328,1.15780983431887,1.15048179531436,1.14829807807366,1.21835233272132,1.20040429376204,1.2005714018109,1.19463897084154,1.18754297602846,1.1812413872104,1.16863820957426,1.16259476085364,1.16084152110657,1.21827707225487,0.718647720381662,1.47702888491603,7.74681819014638,1.21828027036033,0.718623400808496,1.47500486241249,7.66844330028248,0.0522658232295513,0.101329004054887,0.101060208823651,0,0.0864734133357215,0.0846991799832954,0.111082952169258,0.142361983422994,0.169566354845361,0.223975097690094,0.249699641869922,0.257492481486821,0.746700717736139,0.745740781544518,0.760196773117445,0.777824757515759,0.793591365187499,0.826337420753919,0.842381024801084,0.0223019283933844,0.0249384747535229,1.1084350631711e-05,0.0480812864205022,0.0472979518207394,0.0626576015222113,0.0809146136089397,0.0969496308603993,0.129019665363319,0.14429138992926,0.148918655242489,0.000143283268073889,0.0334934030110861,0.0329658130358195,0.0439672335433407,0.0570309932531986,0.0685417775392661,0.0915633461114013,0.102558108727492,0.105987042345184,0.000107029500082226,0.0258568706188404,0.0255039873044033,0.034061545802444,0.0442728717998073,0.0532930203887879,0.071333317566749,0.0799777621527243,0.0825537613616605,8.50076106131186e-05,0.0210872088738954,0.0208900816114213,0.0278882117719201,0.0362589278538415,0.0436925312104637,0.0585597379237085,0.0656888290136294,0.0677570199484962
