"kurtx.x1","onestep","sm","wm","mmm1raw.mean.mean1","mmm1raw.BM.BM1","mmm1raw.SQM.sqm1","mmm1raw.wm1.wm1","mmm1raw.wm2.wm2","mmm1raw.tm1.tm1","mmm1raw.tm2.tm2","mmm1raw.tm3.tm3","mmm1raw.median.median1","mmm1raw.mx1BM.BM1","mmm1raw.mx1sqm.sqm1","mmm1raw.mx1wm1.wm1","mmm1raw.mx1wm2.wm2","mmm1raw.mx1tm1.tm1","mmm1raw.mx1tm2.tm2","mmm1raw.mx1tm3.tm3","mmm1_BM_rm_exp1.rm","mmm1_BM_qm_exp1.qm.53.52315%","HL2.mean1","HL2.BM1","HL2.sqm1","HL2.wm1","HL2.wm2","HL2.tm1","HL2.tm2","HL2.tm3","HL2.median1.V458368","HL3.mean1","HL3.BM1","HL3.sqm1","HL3.wm1","HL3.wm2","HL3.tm1","HL3.tm2","HL3.tm3","HL3.median1.V899208","HL4.mean1","HL4.BM1","HL4.sqm1","HL4.wm1","HL4.wm2","HL4.tm1","HL4.tm2","HL4.tm3","HL4.median1.V899180","HL5.mean1","HL5.BM1","HL5.sqm1","HL5.wm1","HL5.wm2","HL5.tm1","HL5.tm2","HL5.tm3","HL5.median1.V899136","targetm.x1","targetvar.x1","targettm.x1","targetfm.x1","mean","variance","tm","fm","firstbias.onestep","firstbias.sm","firstbias.wm","firstbias.mmm1raw.mean.mean1","firstbias.mmm1raw.BM.BM1","firstbias.mmm1raw.SQM.sqm1","firstbias.mmm1raw.wm1.wm1","firstbias.mmm1raw.wm2.wm2","firstbias.mmm1raw.tm1.tm1","firstbias.mmm1raw.tm2.tm2","firstbias.mmm1raw.tm3.tm3","firstbias.mmm1raw.median.median1","firstbias.mmm1raw.mx1BM.BM1","firstbias.mmm1raw.mx1sqm.sqm1","firstbias.mmm1raw.mx1wm1.wm1","firstbias.mmm1raw.mx1wm2.wm2","firstbias.mmm1raw.mx1tm1.tm1","firstbias.mmm1raw.mx1tm2.tm2","firstbias.mmm1raw.mx1tm3.tm3","firstbias.mmm1_BM_rm_exp1.rm","firstbias.mmm1_BM_qm_exp1.qm.53.52315%","firstbias.HL2.mean1","firstbias.HL2.BM1","firstbias.HL2.sqm1","firstbias.HL2.wm1","firstbias.HL2.wm2","firstbias.HL2.tm1","firstbias.HL2.tm2","firstbias.HL2.tm3","firstbias.HL2.median1.V458368","firstbias.HL3.mean1","firstbias.HL3.BM1","firstbias.HL3.sqm1","firstbias.HL3.wm1","firstbias.HL3.wm2","firstbias.HL3.tm1","firstbias.HL3.tm2","firstbias.HL3.tm3","firstbias.HL3.median1.V899208","firstbias.HL4.mean1","firstbias.HL4.BM1","firstbias.HL4.sqm1","firstbias.HL4.wm1","firstbias.HL4.wm2","firstbias.HL4.tm1","firstbias.HL4.tm2","firstbias.HL4.tm3","firstbias.HL4.median1.V899180","firstbias.HL5.mean1","firstbias.HL5.BM1","firstbias.HL5.sqm1","firstbias.HL5.wm1","firstbias.HL5.wm2","firstbias.HL5.tm1","firstbias.HL5.tm2","firstbias.HL5.tm3","firstbias.HL5.median1.V899136"
3.09999999999999,0.889098210519246,0.870015159032856,0.869985151035868,0.885626541442484,0.872704081179008,0.872859114690407,0.868257587660873,0.862774799965366,0.857913272606031,0.84819021788736,0.843534917022998,0.842118061612586,0.526664641933832,0.526799074807778,0.522812581663252,0.518050695643174,0.51381731776252,0.505323088926841,0.501242794614822,0.884180873300917,0.882632506121786,0.885625592759387,0.879560304399934,0.879598966632517,0.877429989335875,0.874844490566138,0.872527795266569,0.86789440466743,0.865660132602519,0.865001791177259,0.885704140226781,0.881731025193836,0.881761473182339,0.880324388087429,0.878616208942924,0.877085214344846,0.874023225148689,0.872545057605364,0.872102033150383,0.885685785141412,0.882731596743344,0.88275557910888,0.88167976601669,0.88040932941139,0.879267176751794,0.876982871432602,0.875878680785767,0.875506555601034,0.885674756830157,0.883298185644297,0.883357582184816,0.882493031903949,0.881462993578487,0.880554531224619,0.878737606516883,0.87784741152109,0.877602084603513,0.88562538730857,0.190898227869029,0.0456565823361013,0.11297061355096,0.885626541442484,0.190899204543054,0.0456586690091867,0.112972869075721,0.00794577497595562,0.0357305172087967,0.0357991979460077,0,0.0295762525514307,0.0292214199426581,0.0397531548269485,0.0523018731253163,0.0634286831935031,0.0856823033298761,0.0963371129605498,0.0995799376698382,0.821573259251286,0.821265576306243,0.830389653736787,0.841288409908552,0.850977544236767,0.870418691831839,0.879757456478502,0.00330876978445058,0.00685259176560606,2.17129635572329e-06,0.0138840867102072,0.0137955986102831,0.0187598406350858,0.024677395266791,0.0299797265464185,0.0405843891056735,0.0456980743879725,0.0472048518793745,0.000177604047159635,0.0089158542598795,0.00884616649305352,0.0121352918483138,0.0160448831142865,0.0195489436387075,0.0265570646875498,0.0299402174064066,0.0309541886549022,0.000135593885826331,0.00662579832311112,0.00657090873665298,0.00903317358901168,0.0119408825796224,0.0145549819712046,0.0197831807543696,0.0223103946726056,0.0231620953720101,0.00011035286265894,0.00532901922023351,0.00519307551855027,0.00717181307540825,0.00952931103093448,0.0116085522484454,0.0157670346834671,0.0178044665252988,0.0183659579691849
3.19999999999996,0.890499706931421,0.868075746769302,0.868019621978454,0.885965673709469,0.871237859007075,0.871372358526497,0.866012323597257,0.859617140312663,0.85391717723863,0.842517251090564,0.837038080562878,0.835367998921625,0.530055559619797,0.530166969803205,0.525711976309612,0.52037960457833,0.515611347722934,0.506033139015971,0.501410568927686,0.884697306606939,0.882913657708847,0.885964626735709,0.87898223760017,0.879023429578421,0.87651205054145,0.873510342029025,0.870821294843183,0.865443200471499,0.862847954485116,0.862041657933605,0.886045662663575,0.8814662964673,0.881511162869301,0.879844159374485,0.877859844735674,0.876086813203476,0.87254075013908,0.870828107274113,0.870358919037896,0.886026745246143,0.882619007816386,0.882643815645617,0.881400181532202,0.879934121439016,0.878612172055581,0.875968273288712,0.874687311515779,0.874287130236173,0.886015365093607,0.883277606110917,0.883345248116945,0.882336996432352,0.881152829564416,0.880101727909663,0.877999524600157,0.876970996182398,0.876664932172249,0.885964475640878,0.2074223216918,0.0572915164883683,0.137676862515252,0.885965673709469,0.20742350997276,0.0572939862064489,0.137679690283114,0.00995533109676731,0.0392807324666339,0.0394039651048342,0,0.0323377144623199,0.0320423952216669,0.0438113699509369,0.0578532095021774,0.0703685610365695,0.0953992641053538,0.107429823668673,0.11109680511398,0.781468254201566,0.781223631983536,0.791005416344518,0.802713651268543,0.813183264839099,0.834214041263514,0.844363771866299,0.00278494087709736,0.00670128080485039,2.298829744429e-06,0.0153334603559123,0.0152430155439874,0.0207572252108853,0.0273480463703967,0.0332523602030074,0.0450609878682294,0.0507593433515783,0.0525297205719313,0.00017563094120224,0.00987923731087311,0.0097807246037143,0.0134409473938822,0.0177978870682282,0.0216909145525834,0.0294769695212929,0.0332374022170024,0.0342675941034751,0.000134094158206038,0.0073482406071901,0.00729377030631203,0.0100244052082222,0.0132434185945299,0.0161460095463428,0.0219511914499684,0.024763786318067,0.025642460324671,0.000109106871858941,0.00590216296266045,0.00575364209104479,0.0079674501638209,0.0105675134335492,0.0128754067543931,0.0174911933960803,0.0197495228877229,0.0204215445533532
3.30000000000001,0.892187545571134,0.866575574771173,0.866493722156706,0.88662276590956,0.870188688863058,0.870301597008382,0.864220808873106,0.856958242763556,0.850459856087818,0.837463082736341,0.831198368808628,0.829286716729502,0.533111724954318,0.533202037665406,0.528327617864039,0.522483765284522,0.517232395476254,0.506676919928496,0.501562484757417,0.885536335866733,0.883539698743634,0.886621624876614,0.878765717033307,0.878796477027068,0.875958745466018,0.87256997653347,0.86952423673863,0.863432757148949,0.860491278264263,0.859584654870473,0.886704917295926,0.881545528130954,0.881592934378029,0.879703347488113,0.877469366331864,0.875464727582843,0.871455450084801,0.869517695636828,0.868943610980116,0.886685490224519,0.88284525289502,0.882854691330189,0.881460845581156,0.879812235599411,0.878318195202725,0.875330114409353,0.873881010514905,0.873434752288383,0.886673790536524,0.883590622637703,0.883657138156526,0.882521656791106,0.881188899390479,0.880001235492197,0.877625907695634,0.876464639248013,0.876179312738157,0.886621525359256,0.223165300938968,0.0695543219744732,0.164349080092494,0.88662276590956,0.223166699600708,0.0695571982475853,0.164352454359436,0.0117796741648089,0.0424364294529915,0.0426096972527244,0,0.0347880930747192,0.0345490860980993,0.0474210607772414,0.0627946546252812,0.0765506130445726,0.104062529883155,0.117323843590467,0.121370479751837,0.748321610084569,0.748130433726427,0.758448735706842,0.770819158875477,0.781935398694901,0.804279511160985,0.815105884084313,0.00229978412186429,0.00652631889337994,2.41536900521065e-06,0.0166320108410282,0.0165668972649563,0.0225738831995798,0.029747319754649,0.0361946230722908,0.0490892297075747,0.0553158307468788,0.0572349953533032,0.000173900248066235,0.0107476324897859,0.0106472816802519,0.0146472096599712,0.0193761606178395,0.0236196334447469,0.0321065790985617,0.0362084694512305,0.0374237071803672,0.000132776504618493,0.00799634040712714,0.00797636087555863,0.0109268907721844,0.0144167123987102,0.0175793370006414,0.0239045862045034,0.0269720880187133,0.0279167393475159,0.000108010292693706,0.00641852183476771,0.00627772000858745,0.00868133727976651,0.0115025537294544,0.014016632379445,0.019044789679426,0.0215029937347109,0.0221069805088665
3.39999999999997,0.894088639321029,0.865407144827768,0.865299960164897,0.887518954611448,0.869453871940928,0.869544558835009,0.862772395377905,0.854677506933603,0.847411980613447,0.832880927973135,0.825860714019992,0.823716636897535,0.535911004730276,0.535981160348771,0.530725692873845,0.524414537827398,0.518722602897063,0.507269916211719,0.501703350132945,0.886615854646261,0.884426273836079,0.887517722471339,0.878821742003317,0.878885560779643,0.875712652973454,0.871925567308787,0.86853465928929,0.861752843250294,0.858476293886332,0.857465718370639,0.88760309823643,0.881885638327094,0.881918323977884,0.87983639012238,0.877353948240694,0.875125099498274,0.870667402013433,0.868512545872571,0.867833986385248,0.887583200779601,0.883325802377427,0.883340507839561,0.881790579763425,0.879955607072123,0.878294986309917,0.874973744785505,0.873362077804192,0.872852016596331,0.887571205656721,0.884156846308927,0.884234949723773,0.882970848903712,0.881485092284373,0.880165085007472,0.877525070453669,0.876236802647518,0.875890399522797,0.887517672618737,0.238346694999852,0.0824641291859174,0.193151099858998,0.887518954611448,0.238348304445362,0.082467434922914,0.19315497289621,0.0134566976342067,0.0452916618616691,0.0455112084096462,0,0.0370027430509185,0.0368169889140035,0.0506884241502759,0.0672691994831874,0.0821511908063236,0.111915173452596,0.126294690989736,0.130686408220738,0.720199229718694,0.720055529832448,0.730820313815669,0.743747464651201,0.755406265750044,0.778864825580051,0.790266833422781,0.00184982136924694,0.00633474389000451,2.52379492052222e-06,0.0178145170585384,0.0176837969381125,0.0241828700073021,0.0319399647473191,0.0388855680663409,0.0527767747043847,0.059488136972669,0.0615581007155828,0.000172351546425072,0.0115387324152513,0.0114717823348273,0.0157362113944267,0.0208210018026526,0.0253863569033927,0.0345170671048725,0.0389308630196912,0.0403207577028271,0.000131595547914751,0.00858884166315288,0.00855872043721034,0.0117334410512642,0.0154920190904613,0.0188934717430527,0.0256963770482354,0.0289975575787018,0.0300423169168648,0.000107025914999865,0.00688661280419033,0.00672663343162697,0.00931589353567702,0.0123591716332265,0.0150629450387164,0.0204704918496962,0.0231092532371288,0.0238187914136136
3.50000000000003,0.89614652701006,0.864500122443986,0.864368015090022,0.88860247931632,0.868966164520679,0.869034298468789,0.861594718081678,0.852696133285858,0.844689122670006,0.828675101438302,0.820924100825567,0.818555130161663,0.538504812582575,0.538555856009985,0.532948377151981,0.526207231749576,0.52010768209373,0.507822039913369,0.501834820373844,0.887881896943213,0.885516072733855,0.888601158210362,0.879090815490471,0.879148827686067,0.875671776813963,0.871512911639226,0.867785916718014,0.860331926875592,0.856728845963205,0.855610382187222,0.888688481979529,0.882429711211465,0.88246947039173,0.880174610354007,0.877453773279383,0.875006344816358,0.870111487890308,0.867745140433316,0.867043795193925,0.888668144793822,0.884004096513848,0.884037907522214,0.882328960187598,0.880305715574691,0.878483230920164,0.87483826161111,0.873069188586685,0.872515491148293,0.888655873065764,0.884919927944868,0.884975631780334,0.883610011158663,0.881984869547663,0.880535803877486,0.877637672537133,0.876225533923808,0.875864986372097,0.88860115666329,0.253107050518431,0.0960325568173661,0.22422112657749,0.88860247931632,0.253108872155564,0.0960363140114634,0.224225424721594,0.0149951474650348,0.0479077559193409,0.0481703429726486,0,0.0390306965151914,0.038895268076673,0.0536827680384345,0.0713703008670206,0.0872856701506002,0.119116408717759,0.134522912216669,0.139231666175774,0.695881886350436,0.695780428386196,0.706926298056747,0.72032553325461,0.732449481865858,0.756869398557271,0.768770070921156,0.00143228666945083,0.00613478648597703,2.62593497029901e-06,0.0189061373279492,0.0187908276874173,0.0257020897429178,0.0339685799765534,0.041376650645483,0.0561927919833422,0.0633545613415262,0.065577708640698,0.000170945713701564,0.0122694834069745,0.0121904549072403,0.0167519007085221,0.0221600522497926,0.0270247551524052,0.0367541609576303,0.0414577008226503,0.0428517502395543,0.000130521910581835,0.00914011032578349,0.00907290488422612,0.0124697441319167,0.0164913055747939,0.0201138206034405,0.0273588506607332,0.030875200497662,0.0319757734363241,0.000106129650703774,0.00731973114490282,0.00720900978402278,0.00992342563007376,0.0131536859754243,0.0160339638173645,0.0217945195012446,0.0246013981965438,0.0253180511029876
3.59999999999997,0.89832194694211,0.863805382086603,0.863648776017042,0.889837096277075,0.868678573836264,0.868724042267076,0.860637249038012,0.850959138937002,0.842232410935179,0.824778954931531,0.816318205825321,0.813730761252696,0.540927925201753,0.540960839999372,0.535028080074962,0.527885572460698,0.521405826008003,0.508340660009904,0.50195774287207,0.889296641551997,0.886768524749158,0.889835687798453,0.879531940145917,0.879585611596763,0.875805598804866,0.871287578679551,0.867231774952383,0.859120167498047,0.855197117782909,0.854017526919009,0.889924850185643,0.883137662492338,0.883171034749377,0.880685794288713,0.877727657844227,0.87506621549343,0.869743330791835,0.867169008387553,0.866404150102826,0.889904098018739,0.88484192091069,0.884896362513299,0.883028255060598,0.880822541138731,0.878841819926478,0.874880377501971,0.87295759363717,0.872393579792322,0.889891564897882,0.88583975067881,0.885882945422901,0.884406098258297,0.882648203356758,0.881072996987676,0.877922584249511,0.876388512464315,0.875976771468846,0.889835733574671,0.267542480607774,0.110267644080614,0.257684324147137,0.889837096277075,0.26754451650082,0.110271873599969,0.257688943893431,0.016403864601233,0.0503274284694436,0.0506301968813138,0,0.0409060278115976,0.0408181231433694,0.0564524184803969,0.0751632260078639,0.0920347149951251,0.125777692969648,0.142134961735165,0.147137299679361,0.674550328155232,0.674486693578168,0.685956570226992,0.699765266743062,0.712292639074827,0.737551682808928,0.749891853852995,0.00104486766865652,0.00593250651665211,2.72302878479128e-06,0.0199230832154377,0.0198193195491845,0.0271272640819868,0.0358620071348872,0.043703141624596,0.0593854106040138,0.0669698901536907,0.0692504074639131,0.000169655694744256,0.0129520965127427,0.0128875775238383,0.0176923230199776,0.0234113240516954,0.0285567227970586,0.0388475202877842,0.043824488984921,0.0453031987745335,0.000129535279016831,0.00965723306212627,0.00955198045213536,0.0131636152262091,0.0174279486778815,0.0212573009978327,0.028916005637735,0.0326333469818335,0.0337237617822061,0.00010530484459987,0.00772811668076613,0.00764460775862494,0.0104998142768403,0.0138983737903109,0.0169437393503562,0.0230344704704469,0.0260003100410379,0.0267963338966243
3.69999999999999,0.900590877596089,0.863286941112048,0.863106273814568,0.891196205906092,0.868556666466208,0.86857952363805,0.859862986119022,0.849426277176569,0.839998771680003,0.821143760686871,0.811991633486811,0.809191328150762,0.543206190388466,0.543222409333645,0.536985539410023,0.529466729950177,0.522629927187441,0.508830591428437,0.502073972878154,0.890832322362312,0.888156847058983,0.891194711259498,0.880115536168398,0.880173726500444,0.876093017187248,0.87121697128039,0.866838462944728,0.858081446273405,0.853844486154427,0.85256853177124,0.891285621583018,0.883981059874555,0.884004889161002,0.881336295736649,0.878144094158374,0.875272662453155,0.869529799042718,0.866752469643242,0.865948759633987,0.891264474927374,0.885811322689282,0.885889217450345,0.883864283329517,0.881477141196055,0.879341052057256,0.875068873779658,0.872994787856489,0.872354074917145,0.891251693020431,0.886890081506057,0.886917079275487,0.885327685350683,0.883446474998457,0.881747332010227,0.878349046033768,0.876695223576678,0.876247558716073,0.891194803645581,0.281721953665375,0.12517561848495,0.293658858955033,0.891196205906092,0.281724206323823,0.125180339908212,0.293663662959541,0.0176998475446426,0.0525819047475178,0.0529222874375377,0,0.0426535817098885,0.0426105181021051,0.0590327402185221,0.0786958176782606,0.0964575251143137,0.13198093998642,0.149223826326207,0.154499686852477,0.655623786010311,0.655593229023704,0.667343681881085,0.681509347861536,0.694390092456587,0.720388461235325,0.733118136332394,0.000685567677234827,0.00572624462061446,2.81595969555762e-06,0.020876319207465,0.0207666868499141,0.028454867459192,0.0376414864300245,0.0458907294660187,0.0623892155380068,0.0703717774234296,0.0727757143359231,0.000168461858159053,0.0135935548345461,0.0135486597332454,0.0185763710070707,0.0245905759874731,0.0300004407591542,0.0408201703025164,0.0460527434646326,0.0475669575961464,0.000128620914981583,0.0101452839575769,0.00999852785573164,0.0138135654014039,0.0183110138726119,0.0223354708569645,0.0303843848256697,0.0342920258636925,0.0354991485520065,0.000104539413075176,0.00811286949708215,0.0080620048773569,0.0110564714309205,0.0146007290199601,0.0178019661510285,0.0242044404131652,0.0273202922834922,0.0281637065128846
3.8,0.902927189846692,0.862917473701018,0.862713194314584,0.892659578499555,0.868574287749813,0.868574718130387,0.859243832329611,0.848066993601333,0.837955512101168,0.817732549100838,0.807905398748823,0.804897236874902,0.545360401829612,0.545360653376673,0.538837518923944,0.530965026406759,0.523791136944656,0.509296390454954,0.502184679489803,0.892467827549606,0.88965819579553,0.892657998604296,0.880818514749411,0.880869032289309,0.876499020705967,0.871276354195014,0.866580313888272,0.857188233274786,0.852642272908954,0.851260121294274,0.892750580170093,0.884934729488226,0.884976591859592,0.882115991206987,0.878679633966963,0.875601826882131,0.869446212712469,0.866467886979238,0.865589004879108,0.892729056338108,0.886891838263831,0.886970607064119,0.884808229859422,0.88224760653563,0.879958381900609,0.875379932630568,0.873156490453706,0.872483179602422,0.892716036303983,0.888049353076733,0.88805908302669,0.88637209035206,0.884357394163502,0.882536288131215,0.87889407606664,0.877122716883008,0.876650736982975,0.892658137085252,0.295696810855483,0.140761761896175,0.332259095010393,0.892659578499555,0.295699283097847,0.140766993368692,0.332263907942333,0.0188818387932502,0.0546948661369521,0.0550705299903094,0,0.0442921495418687,0.0442913580845039,0.0614505858281213,0.0820044673445209,0.100599187887803,0.137788628974367,0.155860472801561,0.161392395041997,0.638673090089139,0.638672627501407,0.650668482135839,0.66514576702567,0.678338341205233,0.704993758645034,0.718071988376199,0.000352624422855473,0.0055194555440638,2.90538145386444e-06,0.0217753720229345,0.021682471735581,0.0297187960033777,0.0393231278968128,0.0479590095094575,0.065230772734747,0.0735906616988026,0.076132398339768,0.000167349426748836,0.0142057727744813,0.0141287890904555,0.0193893505344196,0.0257087116057024,0.0313687093644517,0.0426887048819507,0.0481657593269783,0.0497819979604705,0.000127767725413715,0.0106067066282795,0.0104618530943176,0.0144384019145732,0.019147313771034,0.0233571313282649,0.0317767664427266,0.0358656119716649,0.037103811054379,0.000103824261144172,0.00847807053570856,0.00846017744058129,0.0115625079292251,0.0152674756538094,0.0186164367085785,0.0253143588181169,0.0285718368643235,0.0294397941802723
3.89999999999996,0.905319235456936,0.862675631020882,0.862448198292244,0.894211393566094,0.868711003046146,0.868689294545627,0.858757836587433,0.846857416825484,0.836077091110698,0.814516439681127,0.804029048757431,0.800817559738296,0.547405674075276,0.54739094441734,0.540596038702286,0.53238979797474,0.524895899171468,0.509740503836278,0.50229065866806,0.89418665977855,0.891255313256902,0.894209729125874,0.881622638673302,0.881677946920725,0.877019313829669,0.871446409411687,0.866437390177706,0.856419351709743,0.851568523269414,0.850095518428486,0.894303916011544,0.885985769924665,0.886007892822681,0.882967151637253,0.879317069576207,0.876035421882006,0.869472126493604,0.866295883759459,0.86530585749434,0.894282029868313,0.88806526007458,0.888142055143729,0.88583891218858,0.883115800414504,0.880675520068764,0.875794959377285,0.873423578000143,0.872724349519082,0.894268780866502,0.889301056358993,0.889331373716202,0.887519929931448,0.885363841848846,0.883422456299102,0.879539685199614,0.87765274306053,0.877123537816883,0.894209913337187,0.309506393482528,0.157030860828322,0.373597409665585,0.894211393566094,0.3095090883443,0.157036618928144,0.373602013881409,0.0199660882491696,0.0566848019777528,0.0570936070341593,0,0.0458363607002139,0.0458753812265566,0.0637269466327689,0.0851176752283142,0.104495060744907,0.143249831778093,0.162100673799771,0.167873250849158,0.623375239647528,0.623401715866142,0.635615401340311,0.650365928775817,0.663836038119004,0.69107750983665,0.704468433792268,4.44584096255763e-05,0.00531348581524371,2.99179270303157e-06,0.022627995033299,0.0225285797409494,0.0309023647057163,0.0409195311820725,0.0499231271145923,0.0679303189796322,0.0766495706284188,0.0792972626764728,0.000166306950444118,0.0147853677737922,0.0147456023775556,0.0202112641548626,0.0267722020277393,0.0326708876688376,0.0444682589510342,0.050177481620382,0.0519570308769003,0.000126967115444695,0.0110475324449766,0.0109094950887736,0.0150493411493179,0.0199440714243671,0.0243304187647915,0.0331031134456405,0.0373656164875232,0.0386224634697171,0.000103152341884811,0.00882621727727282,0.00877172253063653,0.0120277507330749,0.0159032690698738,0.0193928645820142,0.0263720556062951,0.0297637903501156,0.0307150245052655
4.00000000000001,0.907750325022288,0.862544348626286,0.862294228924731,0.895838998572354,0.868950480586675,0.868907004335605,0.858387451631573,0.845778460132182,0.834343083818601,0.811472331191439,0.800338222705191,0.796927555672444,0.549353464381924,0.549324271995521,0.542274615472339,0.533750174744698,0.525951352290343,0.51016577714877,0.502391842919467,0.895975642702242,0.892932864939776,0.895837250124289,0.882514062436741,0.882555128342157,0.877621494121996,0.87171182617417,0.866393830823706,0.855757840122778,0.850606090333956,0.849036810035997,0.895932984902448,0.887118698643545,0.887152072981782,0.883914792723927,0.880041427715309,0.876558411882733,0.869592380217581,0.86622060364809,0.865155325221661,0.89591074938426,0.889318783406128,0.889382890086976,0.886952898124585,0.884067741828626,0.881478103297656,0.876298826235717,0.873780952220309,0.873052176120277,0.895897279392186,0.890633523039518,0.890650719937285,0.888733485450333,0.886452557829513,0.884392069870839,0.880271093953492,0.878270595287475,0.877648297740507,0.895837479818033,0.32318156083473,0.173987450225523,0.41778528505429,0.895838998572354,0.323184481503749,0.173993749834047,0.417789416077484,0.020952453135258,0.0585664909430517,0.059006460525537,0,0.0472978736112616,0.0473743499060616,0.0658786227896515,0.0880582939273954,0.108173533594566,0.148404012928908,0.167989311614286,0.173988798024465,0.609480560178064,0.609531910639374,0.621932510903541,0.636927309812033,0.650645719988423,0.678413116403683,0.692087747293927,0.000240361956304402,0.0051119939493999,3.07558325203747e-06,0.0234390435931071,0.0233668071833073,0.0320452478438775,0.0424405670589287,0.0517951128202643,0.0705042043429355,0.0795663181611208,0.0823267388445163,0.000165325346839217,0.0153393223124008,0.0152806156468764,0.0209751084620559,0.0277884973117309,0.0339152478720609,0.0461687489927204,0.0520998256743792,0.0539736888750527,0.000126212267810522,0.0114692938084066,0.0113565278430241,0.0156309714094092,0.0207060654665715,0.0252613331091356,0.0343718683942635,0.038800899663791,0.0400828431271165,0.000102518065586221,0.00915661934100412,0.0091263693771525,0.0124988540375297,0.0165110880469848,0.0201355607345011,0.027384506109533,0.030903455466101,0.0319980993115054
4.10000000000002,0.910208405356435,0.862509728468465,0.862237393955774,0.897532087236059,0.869279422649392,0.869214617318314,0.858118383761476,0.844814569090247,0.832736839672699,0.808581380837603,0.796813046144103,0.793207038818535,0.551215217036536,0.551173028245376,0.543879532057621,0.53505295545138,0.5269631322223,0.510573420732711,0.502489302790716,0.897824063234244,0.894681818233794,0.89753025518616,0.883481235591401,0.883541813611766,0.87831248120059,0.872060233845351,0.866436837062547,0.855190043496938,0.849740854894575,0.848077924625824,0.897627487262643,0.888323129586472,0.88835127655205,0.88493458209539,0.88084159025554,0.877159140098789,0.869794239785289,0.86622842864597,0.865140628492826,0.89760491375528,0.890643819678115,0.890688809856969,0.88812545970177,0.885092513514998,0.882354791512237,0.876879347506715,0.874217487661548,0.873445594028727,0.89759122979986,0.892034934835493,0.892055010199141,0.890025976069529,0.887612281940873,0.885433751560517,0.881076690799805,0.878963752553356,0.878282925236171,0.89753053020633,0.336746989883145,0.19163594876198,0.464933994300975,0.897532087236059,0.336750139652792,0.19164280293661,0.464937336098089,0.0218443555793175,0.0603519768816797,0.0608212749755948,0,0.0486861599270159,0.0487978351533754,0.0679193236727505,0.0908450072568931,0.111657850030507,0.153283535577736,0.173563216568702,0.17977723750864,0.596787551709879,0.596860253179408,0.60942870741263,0.624639029219313,0.638579747140064,0.666823175730382,0.6807540620645,0.000503145113936859,0.00491170140974107,3.15706414440214e-06,0.0242130085884148,0.0241086180386854,0.0331200198942879,0.0438941510813362,0.0535846209575787,0.0729655607100635,0.0823558278458696,0.0852214580508907,0.000164397270815433,0.0158692566328937,0.0158207526178705,0.0217085417935929,0.0287617545864472,0.0351075049741616,0.0477990057495906,0.0539437589591809,0.0558183011660632,0.000125497669462347,0.0118701475012171,0.0117926185645699,0.016209889552308,0.021436387840504,0.0261541436066286,0.0355896551388775,0.0401766820979645,0.0415068411255814,0.000101916911620426,0.00947292033627957,0.00943832563948004,0.012934841156755,0.0170942186909402,0.0208483523295044,0.0283566196066329,0.031997722167665,0.0331709519543807
4.20000000000003,0.912686902047144,0.862560272779167,0.862266199766826,0.899282135232043,0.869686832681805,0.869601192066691,0.857938804888544,0.843952864348866,0.831244564692036,0.805827965378376,0.793437034740826,0.789639264911939,0.552998635325391,0.552943996135923,0.545418141714742,0.536302485746446,0.527935257230591,0.510965915836572,0.502582590518493,0.899723081536092,0.896490606923004,0.899280219881559,0.884513892498597,0.884543309834899,0.879050123297212,0.872481071113966,0.866555593854173,0.854704639334586,0.848961028939837,0.84720568983366,0.899378904251035,0.88959097444447,0.889599551452226,0.886017003008937,0.881708029659528,0.877827827901506,0.870067424385462,0.866309763896337,0.865200549260349,0.899356002872923,0.892031050256093,0.892101465486368,0.889384625421454,0.886180883747354,0.883296163279525,0.877526722343866,0.874722727449116,0.87389727597236,0.89934211120392,0.893495862584456,0.893512462052183,0.891379339317638,0.888833908205105,0.886538229097507,0.881946870882311,0.879721787938867,0.8790155847505,0.899280540145665,0.350222734930165,0.20998073467973,0.515155049060255,0.899282135232043,0.350226117164575,0.209988154527249,0.515157229106829,0.0226508758079184,0.0620512357528291,0.0625481493786222,0,0.0500090402026246,0.0501537525250253,0.069860420103791,0.0934933416302058,0.114967353168577,0.157915376245321,0.178853109432854,0.18527043947132,0.58513696350768,0.585229290775432,0.597946199334453,0.613349495348001,0.627488126521771,0.656162287718298,0.670328118669067,0.000745094644967845,0.00471702058786218,3.23648792590278e-06,0.0249548266426851,0.024905118323222,0.0341873003836151,0.0452874401496279,0.0553000909749312,0.0753253926255375,0.085030731594505,0.0879968382521768,0.000163516684882995,0.0163757626269631,0.0163612695186405,0.0224149264739683,0.0296960691856145,0.0362526896283971,0.0493659305139623,0.0557154852836584,0.0575897948714824,0.000124818788933714,0.01225261338212,0.0121336283480689,0.0167244435221913,0.022138006904654,0.0270125001322242,0.0367614865873642,0.0414995727475403,0.0428943899154444,0.00010134516393993,0.00977742805518962,0.00974937889274231,0.0133538502580172,0.0176550249671998,0.0215341780385132,0.0292924841811397,0.0330523464830697,0.0342456623337292
4.3,0.915173255504175,0.862686342672486,0.862371010168677,0.901082000599254,0.870163497081164,0.870057560106996,0.857838795902754,0.843182536554835,0.829854674104179,0.803198949202867,0.790196322377228,0.786210147283727,0.554711548442415,0.554644675092863,0.546897589812492,0.537505408056044,0.528870725965397,0.511344882717184,0.50267336516722,0.901665312525657,0.898355155808457,0.901080002164641,0.885604265844312,0.885662756502765,0.879877811216156,0.872965944060126,0.866741392414646,0.854292289123685,0.848256955971429,0.846421071001851,0.901180098458466,0.890912190483349,0.890924709087516,0.887156922065056,0.882631969262616,0.878555940773334,0.870403883794772,0.866456019547661,0.865260915775991,0.901156878277235,0.893472184675477,0.893524223690588,0.890685543818512,0.887324792548142,0.884294154414348,0.87823287814676,0.875288355872715,0.874360860924092,0.901142784499861,0.895009067243761,0.895036983581321,0.892789175412326,0.89010965097486,0.887697670066213,0.88287370824892,0.88053718179188,0.879777260951782,0.901080367649695,0.363625318401491,0.229026187977135,0.568560500385118,0.901082000599254,0.363628936509131,0.229034182527065,0.56856108451708,0.0233679413140838,0.0636726457084394,0.0641955708484032,0,0.0512730612429478,0.051448739634409,0.0717114746982411,0.0960163794520791,0.11811836466848,0.162322335101283,0.183884972541355,0.190495363615898,0.574396280072043,0.574507178109042,0.587354396856301,0.602929727341539,0.617248873913045,0.646312493815416,0.660692725709515,0.000967323276454109,0.00452200669662949,3.31406273427502e-06,0.0256671815156881,0.0255701847412086,0.035163529186028,0.0466256812202257,0.0569480377838894,0.0775927509112169,0.0876013208976708,0.0906458227903666,0.000162678557202726,0.0168648944020485,0.0168441344335801,0.0230923661644574,0.0305962281164189,0.0373556257126398,0.0508744209050815,0.0574212799793733,0.0594031556170698,0.000124171849604996,0.012619580947024,0.0125332831219296,0.0172407492140348,0.0228139816186111,0.0278397777263788,0.0378913699419145,0.0427743575936305,0.0443124496709333,0.000100799725205455,0.010070923506319,0.0100246290249395,0.0137522352411937,0.0181957692079574,0.0221956278936638,0.0301953452650764,0.0340700756205568,0.0353302746386404
4.39999999999999,0.917661440450851,0.862879765417231,0.862543653853039,0.90292563331211,0.870701609061913,0.870575951621146,0.857809943028821,0.842494407906315,0.828557323591649,0.800683154962316,0.787079103173914,0.78290769023208,0.556358383001824,0.556280207290953,0.548320818250043,0.53866366009324,0.529773953967835,0.511711145883597,0.502760843659582,0.903644521224432,0.900263251620084,0.902923551940453,0.886745948345079,0.886795077739471,0.880744977707273,0.873507599655514,0.866986732300328,0.853944997589956,0.847620744213962,0.84568852235254,0.903025023684508,0.892281293726559,0.892332471625819,0.888358894710166,0.883607018217153,0.879336621118646,0.87079582692163,0.866658911135511,0.865416242613697,0.903001492885712,0.89496023656628,0.89501624312925,0.892036404771686,0.888517513786283,0.885342015678273,0.878991019462254,0.875907247918222,0.874876556692993,0.902987202063957,0.896567023231922,0.896578804557335,0.894239128190023,0.89143267183062,0.888905419266285,0.883850914137614,0.881403507845909,0.880641661567535,0.902923962672096,0.376968513931175,0.248776713115855,0.625263146180103,0.90292563331211,0.376972371344394,0.248785289193463,0.625261633227124,0.0240004380329567,0.0652233272217702,0.0657707573484407,0,0.0524837689518918,0.0526884291779747,0.0734806257141765,0.0984252757213615,0.121124821481216,0.166523913000925,0.188681043511019,0.195475088579452,0.564459465098206,0.564586791093096,0.577550371686813,0.593279135217347,0.607757937700657,0.637177113864222,0.651754610154802,0.00117086391195785,0.00433626242647705,3.38996235494085e-06,0.0263521042850156,0.0262720864770591,0.0361259783982028,0.0479136084762082,0.0585342464504809,0.0797755223990263,0.0900759321306516,0.0932229718967385,0.000161878643724383,0.0173366012610961,0.0172532470214338,0.023725073480304,0.031464528553042,0.0384197906553398,0.0523303148599357,0.0590681738748832,0.0610921274033533,0.000123553666135347,0.0129733654360612,0.0128821466767932,0.0177354557066684,0.023466728126613,0.0286387112319489,0.0389826774426202,0.0440052640680757,0.0456839668801652,0.000100277982709467,0.0103563670295366,0.010337178601794,0.0141478458521283,0.0187187649278107,0.022834940444556,0.0310672914780461,0.0350534201300075,0.0362942510001877
4.49999999999999,0.920145598913641,0.863133543077508,0.862777133196627,0.904807859416916,0.871294489452113,0.871149717664484,0.857845038464503,0.841880607213383,0.827344062125645,0.79827097195017,0.784075218925688,0.779721570128093,0.557945917786845,0.557857797280845,0.549694280957726,0.539782415823329,0.530645907501214,0.51206478230436,0.502845613410601,0.905655395970065,0.902214382611314,0.904805695198022,0.887932692601494,0.887977755333941,0.881655246236098,0.874099702267919,0.867285133331104,0.853655995457473,0.847045278980602,0.84503123886818,0.904908509224858,0.893692709182644,0.893754353188583,0.889597323439182,0.884627341440398,0.880163963144846,0.87123720655374,0.866912439409327,0.865623350240246,0.904884675245564,0.896488752480885,0.896525732316089,0.893431631152133,0.889753177560487,0.886433869011817,0.879795251914476,0.876572901188863,0.875517828798221,0.904870191984021,0.898165941405272,0.898157288532046,0.895723238176473,0.892797815462949,0.890155934967967,0.884872173978003,0.88231465843538,0.881560156234806,0.904806151241979,0.390263921330206,0.269236750286091,0.685376677314129,0.904807859416916,0.390268021489143,0.269245912384867,0.685372493512216,0.0245516041846931,0.0667093948004066,0.067279911356954,0,0.0536459101060301,0.0538776508803298,0.0751748712166106,0.100729640691926,0.123998747673648,0.170536961637091,0.19326055199636,0.200229575173505,0.555232868536715,0.555373925814701,0.568441524306857,0.584307759977619,0.598932857502753,0.628676251647424,0.643433666561123,0.00135667853723879,0.00415146025963623,3.46433355805795e-06,0.0270126126663816,0.0269404793268663,0.037061119389732,0.0491555173253847,0.0600638131183677,0.0818804047043337,0.0924623874242794,0.0956863250627317,0.000161113327448253,0.0177923721460722,0.0176936966382175,0.0243479854930438,0.0323035926974328,0.0394482633486952,0.0537376046512201,0.0606603960536467,0.0627238818133849,0.000122961523794512,0.0133166573018901,0.0132574625113593,0.0182102879978701,0.0240985048770997,0.0294118269394035,0.0400384710640118,0.0451965896757143,0.0468854773848044,9.97777094664993e-05,0.0106319280024203,0.0106457789299679,0.0145420402342092,0.019224856795978,0.0234537983704459,0.0319116815193816,0.0360055774492276,0.0372133329590231
4.6,0.922616383490417,0.863441632092551,0.863065403987413,0.906724217441213,0.871936375356837,0.871773119949681,0.85793785397591,0.841334324315758,0.826207569754362,0.795954060631569,0.78117584798846,0.776642819578943,0.559478042951858,0.559379681713978,0.551021695344431,0.540863715365828,0.53149013143212,0.512407935513378,0.502928088614131,0.907693376291376,0.904199724072672,0.906721970417223,0.889159482998033,0.889195032260506,0.88261414233638,0.874736953789939,0.867631155094116,0.853419557702469,0.846524690823092,0.844407865575779,0.906826096393845,0.895142370736241,0.895184484968746,0.890866556847437,0.885687902584009,0.881032774147069,0.871722517273187,0.867211600114596,0.865800349259679,0.906801966029886,0.898053080805693,0.8981013557522,0.894873990911511,0.891026831550462,0.887564666831726,0.880640337394254,0.877280092493279,0.876159490932678,0.906787294539465,0.899800719553513,0.899793983246616,0.897253371390308,0.894200127892906,0.891444227348219,0.885932426258845,0.883265316285391,0.882480707443037,0.906722471872478,0.40352139708862,0.290410779915464,0.749015782378419,0.906724217441213,0.403525743428369,0.290420530068985,0.749008275559383,0.0250177052197234,0.0681361469574257,0.0687284113347652,0,0.0547635845109246,0.0550205838173195,0.0768002836201421,0.102937828959057,0.126750611016358,0.17437617513096,0.197640276854729,0.204776243604057,0.546640552656867,0.546795394510816,0.559952672038399,0.575943528662081,0.590699576326055,0.620739078239264,0.635662406784863,0.00152566556059125,0.00397409835309904,3.53730156216558e-06,0.0276506894781798,0.0275947272533599,0.0379544707707318,0.0503548685771026,0.0615409319854773,0.0839130588022265,0.0947670699284275,0.0980994105215843,0.000160379497492728,0.0182323306884611,0.018166033781476,0.0249633861728614,0.0331157075994171,0.0404438861897216,0.0551002433703304,0.0622014022302883,0.0644230161858739,0.000122393087679321,0.0136502437487587,0.0135742485459982,0.0186548185558313,0.0247110791391926,0.0301612749203902,0.0410616664827853,0.0463514184359435,0.048115487564411,9.92969898054298e-05,0.0108990825232753,0.0109096869267088,0.0149091592643403,0.0197156246351119,0.0240540079132871,0.0327307744696381,0.036929382192328,0.0381645261412417
4.69999999999996,0.925069840767437,0.863798773642196,0.863403205919851,0.908670832288825,0.872622257432159,0.872441169017464,0.858082966707782,0.840849621258448,0.825141456115758,0.793725125830378,0.778373266576019,0.773663585136832,0.560958905033794,0.560851889115965,0.552305041720198,0.541910691780456,0.532306876547487,0.512740954574923,0.503007195388612,0.909754520037535,0.90621960271943,0.908668502461948,0.890422325604913,0.89043639350334,0.883601057578635,0.87541475086635,0.868020005307367,0.853230514189403,0.846053852251019,0.843867901940684,0.908773912505738,0.896624504112575,0.896661467988725,0.892164584416853,0.88678408850441,0.881938418446806,0.872247078331598,0.86755048376695,0.866100000643735,0.908749491998917,0.899649155626428,0.899698630918057,0.896339790011843,0.892334230386089,0.888730119355122,0.881521897293187,0.878024489440624,0.876893864221318,0.908734636150272,0.90146713022649,0.901468755818515,0.898814935032681,0.895635474160963,0.892766127096053,0.887027432966234,0.884251047837033,0.883437296757964,0.908669049455243,0.416749382292841,0.312303323209455,0.816296223914879,0.908670832288826,0.41675397823308,0.312313660862638,0.816284657470601,0.0254025733060461,0.069508212075801,0.0701209587596919,0,0.0558403617248732,0.0561208733018484,0.0783621744872503,0.105057161666266,0.129389597194981,0.17805446825241,0.201834974897161,0.20913041767732,0.538616571422752,0.538782342402205,0.552021674389242,0.568122845179986,0.582999453164634,0.613307673802281,0.628385569005285,0.00167866597016348,0.00379703071119887,3.60897417241931e-06,0.0282675034511104,0.0282457118396532,0.0388338594173089,0.0515147026912072,0.0629693931614638,0.0858787741019764,0.0969956462726489,0.100381751174911,0.000159674456534112,0.0186601363713542,0.0186028781795071,0.0255686904560364,0.0339032456833826,0.0414093390557804,0.0564215258005759,0.063696696605741,0.0659435399996391,0.000121846333236188,0.0139748572640163,0.0138982185011249,0.0191011673534735,0.0253059035823538,0.0308887834733352,0.0420545432552982,0.0474721366099052,0.049223510179383,9.88341624257545e-05,0.0111587581622414,0.0111562400697226,0.015267090865439,0.0201921744747837,0.0246368821686616,0.0335262975564177,0.037827004325509,0.0390875300131363
4.79999999999998,0.927496366755931,0.864200361104875,0.863785930167183,0.910644316558361,0.873347752680633,0.87314949775915,0.85827562311929,0.840421284883108,0.824140103233871,0.791577739935397,0.775660662785211,0.770776938556011,0.562391908194597,0.562276134874312,0.5535486432674,0.54292604650857,0.533100794209877,0.51306463799321,0.503085399840547,0.911835399264614,0.908264961981182,0.910641903897157,0.891717083290075,0.891762261259549,0.884647548781943,0.876129039021905,0.868447545988796,0.853084559922578,0.845628125091422,0.843333568979421,0.910748572260014,0.898135216149568,0.898151818383042,0.893494787093115,0.887911974421908,0.882877073874515,0.872807272779728,0.867925812865208,0.866372381840251,0.910723867369785,0.901274647501402,0.901309989168586,0.897831129674639,0.893671907473436,0.889926550887011,0.882435837714161,0.878802507982853,0.877654944394922,0.91070883073725,0.903161005354737,0.903178981254074,0.900413105828176,0.897100175788778,0.894118002134432,0.88815365482574,0.885267963428662,0.884434398701221,0.910642496578512,0.429955156227781,0.334918940408124,0.887334894560902,0.910644316558361,0.429960005164297,0.334929862287864,0.887318441180559,0.0257003308607167,0.070829662126634,0.0714616927752914,0,0.0568793719688579,0.0571817219510343,0.0798652230647647,0.107094099942617,0.13192382393959,0.181583271933538,0.205857715950701,0.213305671959105,0.531104643830253,0.531281204699777,0.54459112362668,0.560791185227569,0.575775251374182,0.606331524225754,0.621550427519686,0.00181646857648246,0.0036286504699154,3.67944496165559e-06,0.0288651025584433,0.0287962035966273,0.0396465430217788,0.0526377527978332,0.0643524646661642,0.0877818884028262,0.0991533737684293,0.102652701776924,0.000158995848884597,0.0190770864973004,0.0190517671510903,0.0261540035897815,0.034668109060705,0.042346617515271,0.0577036344244024,0.0651481372246954,0.0675172075065093,0.000121319492279296,0.0142892759038889,0.0142353778600807,0.0195408355915848,0.0258838849796984,0.0315957658686101,0.0430195276464333,0.0485605612373583,0.0503106606939686,9.83877761590613e-05,0.0114124733555904,0.0113850590911498,0.0156031757435286,0.0206555816604792,0.0252035653599255,0.0342995327588179,0.0387003755522679,0.0399716089652888
4.9,0.929888410807239,0.864642335092401,0.864209514516604,0.912641692282199,0.874109003668427,0.873894261229925,0.858511631256659,0.840044710182153,0.823198541188657,0.789506203201666,0.773031989707453,0.767976727738228,0.563780099816271,0.563656278814994,0.554754469822295,0.543910927787476,0.533871508265706,0.513378584164198,0.503160645011782,0.913933017565715,0.910335121442683,0.912639196726747,0.893040448871392,0.893077391760923,0.885702972679824,0.876876185723272,0.868910057721737,0.852977801718666,0.84524368086218,0.842877148875438,0.912747099532738,0.899672728578142,0.899700212340279,0.894868151464146,0.889068445648698,0.883845364287459,0.873399201564982,0.86833424041071,0.866759901765871,0.912722115595716,0.902925677008154,0.902979803456972,0.899353028450453,0.895036567498119,0.891150611835076,0.883378700508989,0.879609943029894,0.878428419864667,0.912706901493784,0.904879856869317,0.904917838497718,0.902035658441936,0.898590974448481,0.895496509701987,0.889307580208999,0.886313068390352,0.885461467562008,0.912639835265766,0.443145035179461,0.358262227787236,0.962249858800607,0.912641692282199,0.443150140477167,0.35827372777247,0.962227593979184,0.0259078294748454,0.0721041025381158,0.0727542808114302,0,0.0578833778938031,0.0582059616055768,0.0813135779120295,0.109054382136851,0.134360510543495,0.184972767356784,0.20972014833367,0.217314106851587,0.524056018819349,0.524242021355532,0.537614220192409,0.553903268890776,0.568984373659712,0.599768617183601,0.615117892163697,0.00193981453302621,0.00346490515833888,3.74879574952849e-06,0.029444770670133,0.0293892754708056,0.0404670461059433,0.0537265476713638,0.0656931768906512,0.0896264353292264,0.101244545985858,0.104799524115191,0.000158341603848037,0.0194818335802458,0.0194405477772837,0.0266992160862243,0.0354114699015078,0.0432575248506711,0.058949634748998,0.0665581632752263,0.0689231173438465,0.000120811010475704,0.0145952904913181,0.0145139823396236,0.0199620835697866,0.0264462233860374,0.0322836629267111,0.0439585420080585,0.0496199277353602,0.0513947987428986,9.79565551247953e-05,0.0116597431561731,0.0116026875748239,0.015932266520094,0.0211068326479978,0.0257553033035427,0.0350522446146326,0.0395505670894423,0.0408298324180513
5,0.932238516467522,0.865121099314829,0.864670359322103,0.914660328113584,0.874902597709536,0.874672056326698,0.858787274424047,0.839715806868757,0.822312348580343,0.787505432003516,0.770481847979055,0.765257457566337,0.565126763236035,0.564995560660105,0.555924238787777,0.544867511380315,0.534621224655573,0.513685649499539,0.503234745263488,0.916044743645468,0.912427227379068,0.914657749579746,0.894389596691498,0.894411739759952,0.886784637964851,0.877653155227637,0.86940439537447,0.852906875668136,0.844897037572495,0.842433791427258,0.914766864605246,0.901234786296125,0.901256326043949,0.896246262553501,0.89025076191616,0.884840352275473,0.874019532994101,0.868772328452008,0.867156378918992,0.914741606585063,0.904599792936962,0.904620482105657,0.900884543412788,0.896425481320891,0.892399464478657,0.88434743079419,0.880443691883559,0.879227415098385,0.914726218098946,0.906621161336883,0.906641263060797,0.903671547466889,0.900105192790129,0.896898920649179,0.890486376367279,0.887383528491183,0.886510911608396,0.914658434162565,0.456324530183441,0.382337814034259,1.04116038423569,0.914660328113584,0.456329895170555,0.382349883025495,1.04113127955223,0.0260216393293265,0.0733347440872877,0.0740019910916929,0,0.058854831925554,0.0591961108215298,0.0827109382413411,0.110943133744785,0.136706113725746,0.188232073687669,0.213432711811323,0.221166569265688,0.517427403529885,0.517621627533018,0.531050239244819,0.54741791985937,0.562585875296391,0.593577577904941,0.609048436176575,0.0020494012765846,0.00330574122484132,3.81709856442573e-06,0.0300075099541758,0.0299747307547859,0.0412654103199371,0.0547830803747422,0.0669940232484573,0.0914159089958882,0.103273167196468,0.106919601145183,0.000157709890555057,0.0198743237892576,0.0198424377076066,0.0272590191288796,0.036134379435774,0.0441436080012597,0.0601620651322309,0.067929695182171,0.0703218447641333,0.00012031951344958,0.0148929805822346,0.0148623536441808,0.0203928012230142,0.0269937149899002,0.032953575931937,0.0448732978160106,0.0506521462344555,0.0524526455345634,9.753937095209e-05,0.0119006745268345,0.0118709172049161,0.0162670965232507,0.0215465026401104,0.0262928653234286,0.0357855906900649,0.0403788506267434,0.0416706175221342
5.1,0.934534747767395,0.865633452405212,0.86516525940629,0.916697888367283,0.87572550135575,0.875479856690374,0.859099241245269,0.839430923719368,0.821477571964087,0.785570868453524,0.768005390824061,0.762614193570654,0.566434281779073,0.566296337531275,0.55706201526521,0.545798309053544,0.5353503156191,0.513984181702169,0.503306166636161,0.918168257375952,0.914540201731652,0.916695226750269,0.89576176084699,0.89577738110698,0.887893305180594,0.878457083064577,0.869927621285205,0.852868697726461,0.844584990170758,0.842057535481385,0.916805533238216,0.902818511602274,0.902860001233625,0.897663466871848,0.891456392357456,0.885859488352233,0.874665680341787,0.869237087570935,0.867573949468824,0.916780005767616,0.906293550647667,0.906318479976483,0.902456955020386,0.897835832313229,0.893670445314948,0.885339671318385,0.881301228657979,0.880096259512738,0.916764445779068,0.908383493820767,0.908393014854691,0.905325978814911,0.901640650272861,0.89832281865142,0.891687155408538,0.88847650409212,0.887586176800773,0.916695957577001,0.469498473575015,0.407150356384422,1.12418696511527,0.916697888367283,0.469504101538187,0.407162982172765,1.12414988127934,0.0260314700142831,0.0745244610457921,0.0752077512898282,0,0.0597959225881213,0.0601544213348723,0.0840606197417553,0.112764956442624,0.138966437734254,0.191369400317516,0.217004810337906,0.224872831635549,0.511181725855744,0.511383044455036,0.524859799402703,0.541298277944325,0.556546288914038,0.587728452875944,0.603312162023817,0.00214588599374497,0.00314897111064885,3.88441720267528e-06,0.0305546040104056,0.0305318074899854,0.0420379858739878,0.0558093975082381,0.0682574649379953,0.0931535997975097,0.105243008588949,0.108931626606449,0.000157099081572265,0.0202558405586245,0.0201952897592828,0.0277792161323265,0.0368379450527774,0.0450061789058663,0.0613426466120441,0.0692652436771583,0.0716924607484802,0.000119843779472174,0.0151842989447425,0.0151479165827479,0.0207835034789144,0.0275276625534056,0.0336067118025668,0.0457648103008894,0.0516585944397103,0.0534171505548224,9.7135220401952e-05,0.0121341940007218,0.0121202988130349,0.0165963926651711,0.0219748349841452,0.0268169449334694,0.0365011648321181,0.0411868536966681,0.0424862151855781
5.2,0.936762296517384,0.866176532131271,0.865691348339565,0.91875229127306,0.876575006771243,0.876314959427417,0.859444568443604,0.839186786698495,0.820690659987708,0.783698406566135,0.765598246506525,0.760042483265716,0.567704200561949,0.567560685092522,0.55816783793377,0.546703655181028,0.536060893766145,0.514275251010807,0.503376403366997,0.920301505566222,0.916668567132884,0.918749546450416,0.897154730688551,0.897167075677505,0.889029569424189,0.87928548772335,0.870477176251756,0.852860553308567,0.844304861858984,0.841678987362155,0.918861024952215,0.9044207287878,0.904487908159731,0.899100147335543,0.892682523253785,0.886900181204877,0.87533549710706,0.86972667649435,0.868051319668552,0.918835232368874,0.908005299546603,0.908016441591203,0.904035655474119,0.89926551403213,0.894961365343886,0.886353067967399,0.88218040741714,0.880939685715232,0.918819503578153,0.910163311505975,0.910163953588737,0.907002335191802,0.903194569955398,0.899765677262579,0.892907891876941,0.88958995534906,0.8886596836954,0.918750323733005,0.48267112152372,0.432704536749715,1.21145134007542,0.91875229127306,0.482677015703911,0.432717703885446,1.21140501974055,0.0259230161145058,0.0756758386783112,0.0763741964566831,0,0.0607086122948959,0.0610829159884863,0.0853656083807747,0.11452400092417,0.141146724475612,0.194392171578497,0.22044495360355,0.228441738616438,0.505287210581949,0.505493782083521,0.519013540959446,0.535514712958418,0.550833557784841,0.582191103801629,0.597878550821617,0.00222988869473644,0.00299924479372311,3.95080849051556e-06,0.0310868266539075,0.0310690576780929,0.0427819196609122,0.0568072341194687,0.0694856313282476,0.0948424257458055,0.107157209906581,0.110936808300502,0.000156507723272531,0.0206283851787632,0.0205316893745419,0.0282866571700422,0.0375239766617002,0.0458468918457852,0.0624927222139552,0.0705658762832735,0.0729773304390904,0.000119382717227025,0.015468870548787,0.0154528330519734,0.0211826471892623,0.028048633722393,0.0342438854333684,0.046634388855319,0.0526403808146393,0.0544262353014007,9.67432071441391e-05,0.012362698282917,0.0123617740898605,0.0169125048386753,0.0223932783445392,0.0273287150268174,0.0371995883913742,0.0419753183765872,0.0433143211554063
5.3,0.938901251368338,0.866747769334,0.866246052437836,0.920821674473259,0.877448687443705,0.877174941114961,0.859820593606077,0.83898044789743,0.819948409059744,0.781884331384372,0.763256454417589,0.757538291324426,0.568939743187347,0.568790990698969,0.559244290791461,0.547585563491003,0.536752966852229,0.514560435409594,0.503445164897231,0.922442665379542,0.91881287326836,0.920818846307395,0.898566450036871,0.898572148956746,0.890185865302964,0.880136183443419,0.871050820837349,0.852880095625209,0.844054274400451,0.841344589536312,0.920931478547448,0.906040376817398,0.906114517107427,0.90055874237456,0.893927528296053,0.887960478021022,0.876026377470959,0.87023807516721,0.868461301552722,0.920905424924653,0.909732140101515,0.909761584437105,0.905644298023346,0.900712279454269,0.896270023222015,0.887385510757506,0.883078602707989,0.881823240115473,0.920889529869344,0.911958911881079,0.911968485102145,0.908696160510908,0.90476511742895,0.90122552402605,0.89414633722025,0.890721351463679,0.889743064634073,0.920819670267803,0.495846237863399,0.459005057977773,1.30307650549742,0.920821674473259,0.495852401452379,0.459018747638522,1.30301956584007,0.0256750945916066,0.0767912123964557,0.0775037085373774,0,0.0615946684575053,0.0619834199711825,0.0866286047812041,0.116224027034588,0.143251727973858,0.197307129852398,0.223760874093124,0.231881328413444,0.499713125106501,0.499924370880228,0.513481791199597,0.530038535198318,0.545422077909926,0.576938044645407,0.592723017019063,0.00230199495776168,0.00285273052853135,4.01632330851352e-06,0.0316049980526507,0.0315969049259299,0.0435063996742014,0.0577781126604501,0.0706803805433554,0.0964849163091659,0.109018605350083,0.112866671906285,0.000155934511504469,0.0209911558054348,0.0208858680008253,0.0287757120289147,0.0381928045699021,0.0466667075341914,0.0636145134627702,0.0718345735911708,0.0743577980496071,0.000118935347552986,0.0157484240711912,0.0157066097020919,0.02155363359803,0.0285576715809704,0.0348661902827731,0.0474832276863787,0.0535995362820079,0.0553822966583513,9.63625267962183e-05,0.0125861500641159,0.0125725549806778,0.0172196351586062,0.0228021719380157,0.0278288048046299,0.0378820705378587,0.0427459472638023,0.0441352279440753
5.39999999999996,0.940920719096877,0.867344849586277,0.866827052472929,0.922904366277204,0.878344361308778,0.878057621175783,0.860224915870235,0.838809243049176,0.819247918157153,0.780125268373108,0.760976411956643,0.755097945705241,0.570141781229663,0.569987206883703,0.560292666221037,0.548445085161673,0.537428849469454,0.514837580067649,0.503511612573088,0.924590113835694,0.920968427482487,0.922901454617536,0.899994775453192,0.900051638223034,0.891379138865068,0.881007161352567,0.871646485968489,0.852925135200333,0.843830723148724,0.841053042861543,0.923015223376444,0.907674940771574,0.907723417228288,0.902016671496204,0.895189474432915,0.889038485642832,0.876736508062667,0.870769008031077,0.868947034357928,0.922988912549531,0.911473417639595,0.911493279494464,0.907256223428589,0.902174638757615,0.897594751446747,0.888434976825009,0.883994093774383,0.882678716065535,0.922972853620768,0.913768928268782,0.913784773022225,0.910400558211769,0.906350632448459,0.90270063967111,0.895400654116412,0.891868971604688,0.890797385071427,0.922902325486202,0.509027163198128,0.486056640317451,1.39918672551707,0.922904366277204,0.509033599335486,0.486070830175982,1.3991176505801,0.0252518763162431,0.0778727003024436,0.0785984492258828,0,0.0624556893049478,0.0628575867614292,0.0878520611296254,0.117868453832371,0.145285776400333,0.200120421536257,0.226959624712721,0.235198933977774,0.494435097701429,0.494651750444907,0.508239702690665,0.524845375023581,0.540285826482031,0.571949945544929,0.587824519782959,0.00236275839363677,0.00271342859952315,4.08100743457664e-06,0.0321102811281513,0.0320305817769326,0.0441860320687879,0.0587234856767414,0.0718434894533728,0.0980834970066358,0.11083030378794,0.114723524561312,0.00015537827144202,0.0213456948298467,0.0212777498078182,0.029276374104156,0.0388454327007738,0.0474667119188496,0.0647092703550009,0.0730733701383007,0.075627064235341,0.000118500788321809,0.0160217167183257,0.0159938781703367,0.0219325726881091,0.0290549658209652,0.0354741755841141,0.0483125951104123,0.0545369752972202,0.0563806200984418,9.59924545339105e-05,0.0128043091180734,0.0127821009742708,0.0175254457942009,0.0232018568574553,0.0283177183801133,0.0385494414254292,0.0434994782540208,0.045001423229838
5.50000000000004,0.942764069726882,0.867965681038725,0.867432251563861,0.924998861535026,0.879260059818337,0.878961031161239,0.860655362959013,0.838670755911801,0.818586550949144,0.77841814102383,0.758754830042394,0.752718092535306,0.571312658754089,0.571152988670993,0.561315209481182,0.549284433797622,0.538088780792665,0.51510981395788,0.503576745550133,0.926742402201948,0.923137043596117,0.924995866219815,0.901438463187563,0.901466380709979,0.892562809309336,0.881896717076769,0.872262368135047,0.852993670251604,0.843632369537232,0.840751119268197,0.925110755233088,0.909323401242918,0.909362674456478,0.903497834766219,0.896466675173201,0.890132483692918,0.877464100732352,0.871318252361219,0.86941764679497,0.925084190822363,0.913228137741041,0.913221498372609,0.908878299373536,0.903651057828325,0.898933913755194,0.889499625608933,0.884925273302257,0.883574959609841,0.925067970278893,0.915590843165344,0.91561262935539,0.912123437014534,0.907949339191583,0.904189329103242,0.896669308926559,0.893030782635296,0.891961621772283,0.924996784234337,0.522216872303339,0.513864018129701,1.49990753945056,0.924998861535026,0.522223584073915,0.51387868222139,1.49982467224978,0.0245834064068801,0.0789222304448002,0.0796603874890845,0,0.063293125474349,0.0637069198372041,0.0890382121083034,0.119460401586776,0.147252824147994,0.20283766927043,0.230047660841658,0.238401268066842,0.489429201705379,0.489650152369248,0.503263622099095,0.519911749428926,0.535404238165277,0.567202417753665,0.583161820239923,0.00241270287063223,0.0025763743691341,4.14490223624216e-06,0.0326027616129591,0.0325641294848123,0.0448848471398414,0.0596445323230793,0.072976496291203,0.0996404242274502,0.112594545421701,0.116581605159965,0.000154837940772595,0.0216916236958295,0.0216372776189686,0.0297530135033874,0.0394826970466426,0.0482479195949594,0.0657783646915928,0.07428295898573,0.0769130074799373,0.000118078241827854,0.0162882688232909,0.0162974563481812,0.0223075534406043,0.0295409841949797,0.0360685446140428,0.049123665452169,0.0554536313376694,0.057322188684082,9.56323347526648e-05,0.0130187688524419,0.0129886212314201,0.0178169481736474,0.0235930439027551,0.028796127091954,0.0392022934703519,0.0442372679876354,0.0457167674523156
5.60000000000003,0.944304406722336,0.868608367269046,0.868059748065985,0.927103801251392,0.880194001817214,0.879883388812767,0.861109963347984,0.8385627882023,0.817961903830522,0.776760135086966,0.756588695586546,0.750395658057004,0.572453606799909,0.572290160138216,0.562312359722455,0.550102695523542,0.538732578176245,0.515374753537177,0.503640811725931,0.928898234346358,0.925314976029481,0.927100722109308,0.902895403869392,0.902937236565222,0.893772254982579,0.882802997782982,0.8728966660765,0.853084002663536,0.843457413630501,0.840492381531577,0.927216715979066,0.91098343707027,0.911032477234967,0.904993497115615,0.897757405448512,0.891240866718621,0.878207789258838,0.871884204690922,0.869926921491126,0.927189901409777,0.914994261979656,0.914993544664813,0.91051780023911,0.905139976107801,0.900286011363481,0.890578081874841,0.885870473513736,0.884493245488281,0.927173521390224,0.917422862054597,0.917453906627566,0.913860343557659,0.909559704026167,0.905690083823391,0.89795084341784,0.894205140837943,0.893096572441219,0.927101687513316,0.535418022138223,0.542431936858681,1.60536576721029,0.927103801251392,0.53542501256989,0.542447045448669,1.60526730160333,0.0235068484176694,0.079941563805504,0.0806913227873694,0,0.0641082981913161,0.0645327909700404,0.0901891010009016,0.12100272725909,0.149156495858419,0.205464033057077,0.23303090978729,0.241494495252221,0.484675285201473,0.484898656169854,0.498534608829268,0.515220691539514,0.530759425069884,0.562680908536531,0.578716855176006,0.00245232453184705,0.0024446606491965,4.20804525483177e-06,0.0330839009507333,0.0330267311702031,0.045551861938294,0.0605427683154518,0.0740810497551829,0.101157612634645,0.114313589589119,0.118365688814386,0.00015431255556935,0.0220305592081257,0.0219635394907179,0.0302165856118403,0.0401056392409276,0.0490113308684807,0.0668227141235863,0.0754647089734426,0.0781395892016864,0.000117666984183425,0.0165492490685494,0.0165502293719058,0.0226669120636258,0.0300164031548031,0.0366499727499075,0.0499171119401162,0.0563506666391754,0.0582328265716044,9.52815723819442e-05,0.0132302534712602,0.0131878270536431,0.01809889501031,0.023976274253535,0.0292646099283609,0.0398412812780124,0.0449602675202149,0.046475269379098
5.69999999999998,0.944669121204959,0.86927118421107,0.868707812534977,0.929217955251963,0.881144571342099,0.880823076020498,0.861586922616601,0.838483334053275,0.817371778768278,0.775148668198285,0.754475239632119,0.748127816320521,0.573566673815938,0.573399088825952,0.563284988174482,0.550902418846793,0.539362207195684,0.515634751567642,0.503703887483537,0.931056448328846,0.927501651053015,0.929214792103444,0.904364621844135,0.904371071342623,0.894977309442206,0.883724623330775,0.873547917694703,0.85319450642256,0.843304388027706,0.840253376984641,0.929331876221064,0.912653336206312,0.912722855533169,0.906508805897976,0.899060123836224,0.892362111009811,0.878966085356986,0.872465259247836,0.870421939300023,0.929304814740891,0.916770596668335,0.916773539458993,0.912169804053665,0.906640000666204,0.901649592325264,0.891668775643384,0.886828146622695,0.885398963331513,0.929288277274489,0.919264587002484,0.919290236210736,0.915596069355102,0.911180560639418,0.907201615303729,0.89924372463235,0.895390914988348,0.894274627552671,0.929215805145628,0.548632992264615,0.571765150263528,1.71568951314698,0.929217955251963,0.54864026432636,0.571780669713638,1.71557348546311,0.0208601495954922,0.0809323138126843,0.081692904791832,0,0.0649024146767917,0.0653364557403107,0.0913066018683006,0.122498054674503,0.151000123889101,0.208004262318296,0.235914829964379,0.244484293280522,0.480153986899954,0.480380238302062,0.494034978226244,0.510752308771908,0.526332397817491,0.55836611458858,0.574473611612107,0.00248209363168604,0.00231713014087938,4.27047068779541e-06,0.0335537301463903,0.0335450228744805,0.0462272553418067,0.061419164894112,0.0751584259054517,0.102636947928131,0.115989296214429,0.120108373504095,0.000153801238348647,0.0223633887782822,0.0222695328477708,0.030658932416598,0.0407151717043045,0.0497579552700587,0.0678435224015668,0.0766200901728072,0.0793787143382913,0.000117266356360223,0.0168048005511748,0.0168008275789392,0.023016190843132,0.0304818103469944,0.0372192089906491,0.0506940062779583,0.0572291924131032,0.0591586893419523,9.49396255417797e-05,0.0134377399928773,0.0134031117762897,0.0183904941831354,0.0243517383138096,0.029723591492221,0.0404672978490437,0.0456688590633455,0.0471759248065148
5.80000000000001,0.943938093033603,0.869952560435818,0.86937486803854,0.931340207360633,0.882110298644075,0.881778619984374,0.862084603236433,0.838430558183469,0.816814160098852,0.773581363929616,0.752411910136369,0.745911961587218,0.574652498568228,0.574481368156027,0.564235522902675,0.551683781315135,0.53997790096698,0.515888999936431,0.503765243884838,0.93321600065792,0.929695651596575,0.931336960019055,0.905844693556754,0.905861837609075,0.896214755162377,0.884660333064224,0.874214803649581,0.853323744820296,0.843171517068898,0.840067479853459,0.931455120497087,0.914333442793606,0.914406630695937,0.908018759023047,0.900373934631778,0.893495108731662,0.879737456931429,0.873060487392908,0.871025199733827,0.931427815191531,0.91855594526379,0.918588366896238,0.913846417494737,0.908149873313529,0.903023419319963,0.892770511332833,0.887797221302399,0.88630658269148,0.931411122207575,0.921115268399634,0.921126865208458,0.91734308021306,0.912810736034058,0.908722730211894,0.900546718567567,0.896587233466651,0.895420546984047,0.931338020952322,0.561863919076811,0.601868417902274,1.83100816865005,0.931340207360633,0.561871475677068,0.601884310537678,1.83087244908013,0.0168065731572682,0.0818959630033856,0.0826666502273603,0,0.0656765812810708,0.0661190667745641,0.0923924384995434,0.123948800334205,0.152786780391862,0.210462740507176,0.238704461627013,0.24737590568085,0.475849537591855,0.476077839059796,0.489746604777996,0.506491618085644,0.522108185781889,0.554244679790305,0.570418726635257,0.00250245621345836,0.00219396710506395,4.33220980243722e-06,0.0340130263958809,0.0339901548778334,0.0468601237840041,0.0622746342283414,0.0762097943679714,0.104080114647231,0.117623987233661,0.121765017712774,0.000153303187906078,0.0226883653562153,0.0225907269217447,0.0311126515824841,0.0413114503128138,0.0504883466371285,0.0688421392857575,0.0777497433021023,0.080464977574455,0.000116875756564288,0.0170552140073214,0.0170119609923511,0.0233380955194628,0.0309377347772243,0.0377768287582947,0.0514550167204356,0.0580897778937441,0.0600784073761663,9.46059992924484e-05,0.0136408750751989,0.0136254040175196,0.0186732716508139,0.0247197762783127,0.0301734984902033,0.0410809429139843,0.0463632083465423,0.0479196601377785
5.89999999999996,0.943219728318028,0.870651060206213,0.870059473238024,0.933469542656288,0.88308984387946,0.882748677025618,0.862601507202858,0.838402777139626,0.816287194591302,0.772056029494652,0.750396348589512,0.743745684623053,0.575712229352245,0.575537831870953,0.565163516093521,0.552447665131082,0.540579833866001,0.516138890214145,0.503825677839848,0.935375952757241,0.931895388637322,0.933466210928979,0.907334412834519,0.907342223460396,0.897452362039998,0.885608804955057,0.874895980565018,0.853470331784941,0.843057466494288,0.839864916826298,0.93358543454098,0.916022452240437,0.91612607427583,0.909550831493337,0.90169759660861,0.894638607923728,0.880520630553965,0.873668520131147,0.871561059138821,0.933557888346955,0.920349781618322,0.920412841760824,0.915530305849194,0.909668620012616,0.904406449593524,0.893882108755341,0.888776759103771,0.887270798881716,0.933541041683148,0.922974303201902,0.923002523953263,0.919112252801871,0.914449274575681,0.910252400901736,0.901858653553844,0.897793061158227,0.89660097860769,0.933467320009732,0.575112724950936,0.632746502854217,1.95145241376289,0.933469542656288,0.575120568936135,0.632762726829906,1.95129469750852,0.0128568162038864,0.0828338773318897,0.0836139573408752,0,0.0664318147420056,0.066881685102107,0.0934482006974103,0.125357195621608,0.154519304932146,0.212843523553222,0.241404470605232,0.250174187123154,0.471746916655702,0.471976881134449,0.485656689480552,0.502424099289129,0.518073291069408,0.550301674331331,0.566538155755164,0.00251383564657285,0.00207571523257007,4.39329128079134e-06,0.0344623756142143,0.0344520763455828,0.0474930721763512,0.0631102554715213,0.0772364289604743,0.10548877593838,0.119219416547932,0.123429185031029,0.000152817670625996,0.0230061295806307,0.0228694912118913,0.031539755644103,0.0418952094807513,0.0512033522439165,0.0698196377702467,0.0788549861596213,0.0816339320766737,0.000116494633713977,0.0173000148054564,0.017216862269692,0.0236550849869309,0.0313844370280448,0.0383232544269045,0.052200889224624,0.0589329191986149,0.0609187125421504,9.42802402934121e-05,0.0138392610522607,0.0138020485287281,0.0189318484024885,0.0250805573703692,0.0306146502921672,0.0416828361357633,0.0470438185830492,0.0486157257019321
6.00000000000001,0.942512808594392,0.871365368842018,0.870760307776967,0.935605036463221,0.884081983023798,0.883732018606058,0.863136261034745,0.838398443095208,0.815789174228334,0.770570636494586,0.748426369822552,0.741626752225931,0.576747502755856,0.576571120899187,0.566071765301836,0.553195520873965,0.541169794285961,0.516383015997057,0.503884518247026,0.937535459276081,0.93410082166203,0.935601620152348,0.908833077050154,0.908873793888249,0.898720117824734,0.886568955383892,0.875590319285063,0.853633047087403,0.842961260457175,0.839672569686746,0.93572189427948,0.917719771100444,0.917812741113484,0.911074484409679,0.903030297095074,0.895791677175489,0.881314437336318,0.874288051582932,0.872111697143014,0.935694109997375,0.922150394939412,0.922234611400186,0.917211528457901,0.911195214038077,0.905797698434166,0.895002667226345,0.889765301315948,0.888183515882904,0.935677111407239,0.924839803194694,0.924856560089706,0.920873843431101,0.916095063311036,0.911789593111346,0.903178652711968,0.899006981996559,0.897772501749237,0.935602777639846,0.588381143196458,0.664404169665295,2.07715421801503,0.935605036463221,0.588389277349748,0.664420678832382,2.07697201619584,0.00900545432993107,0.0837473185199932,0.0845361183942019,0,0.0671690518848485,0.0676252899484694,0.0944753583463316,0.126725306006213,0.156200328393678,0.215150373168608,0.244019186209639,0.252883642732611,0.46783175087242,0.46806169458288,0.481749388028788,0.49853575980457,0.514213337106783,0.546527112898489,0.562821027715505,0.00251663403895744,0.00196099949988345,4.45374151900178e-06,0.0349017965907167,0.0348487152760808,0.0480857567323692,0.0639268609753406,0.0782393779657043,0.106864411946432,0.120776898532899,0.125064265570489,0.000152344013009126,0.0233164813987407,0.0231952791948196,0.0319797413712208,0.0424667059246975,0.0519034765447652,0.0707770177849008,0.0799371051191474,0.0827743528080202,0.000116122481836033,0.0175404106371008,0.0174306201754395,0.0239790620135959,0.0318223497934212,0.0388589282072879,0.0529320850350216,0.0597598811203017,0.0618220071149838,9.39619322063524e-05,0.0140343101523735,0.0140124646933933,0.0192046123637366,0.0254345639757529,0.0310474757099461,0.0422732991783325,0.0477117805575321,0.049321135249227
6.09999999999999,0.941817374674262,0.872094280020816,0.871476159602793,0.937745844795558,0.885085595649415,0.884727519197884,0.863687602758243,0.838416129790845,0.815318521263165,0.769123304207806,0.746499944483338,0.739553089458483,0.577759368669275,0.577580805149019,0.56695982779315,0.553926514419799,0.541747856591386,0.516622174939886,0.503942977102961,0.939693757947439,0.936312261477428,0.937742343698897,0.910339544317517,0.910359132442149,0.899972208241651,0.887539816289892,0.876296822954859,0.853810836284792,0.842881584307316,0.839533850089863,0.937863656282371,0.919422758089752,0.919494761375896,0.912602405342845,0.904370652071892,0.896953228773374,0.882118382176338,0.874918218298644,0.872693575652253,0.937835636586786,0.923957006155518,0.92405044689646,0.918894753040515,0.912728744334744,0.90719625753327,0.896131283930321,0.890762085346673,0.889118942610515,0.937818487746257,0.926711224522527,0.926737000823959,0.922645031275633,0.917747099725402,0.913333293215291,0.904505680195069,0.90022838546186,0.898925836661544,0.937743549854709,0.601670739517088,0.696846182498733,2.20824684062534,0.937745844795558,0.601679166557233,0.696862926270595,2.20803747094371,0.00524898267285442,0.0846374547687444,0.0854343305035666,0,0.0678891580194638,0.0683507872216649,0.0954752736236008,0.128055047731904,0.157832293769149,0.21738678584364,0.246552634242937,0.255508462332771,0.464091590124904,0.464321792739585,0.478014268975933,0.494816708870683,0.510517333899699,0.542909155048352,0.559255072119921,0.00251123353801866,0.00184816376672471,4.51358488235286e-06,0.0353319760929938,0.0353067232445932,0.0486974600872323,0.0647251970512274,0.0792195711476284,0.10820831934043,0.122298220671399,0.126614091959153,0.000151881595215529,0.0236219719607215,0.0235291459192533,0.0324147143592294,0.0430270226496445,0.0525895034691494,0.0717144651081591,0.0809968568777511,0.0838648477932235,0.000115758835219155,0.0177764568249699,0.017655993793933,0.0243026717068099,0.0322518391749277,0.0393842754393956,0.0536491479683318,0.0605710744117782,0.0626894004484446,9.36506917260585e-05,0.0142257412668443,0.0141925106720516,0.0194678439980703,0.0257822168765455,0.0314724597540657,0.042852945509106,0.0483671985319648,0.0500464336811814
6.19999999999997,0.941130351225118,0.872836684710754,0.872205913917719,0.939891196028157,0.886099654274072,0.885734145713218,0.864254370562639,0.838454520279141,0.814873775193135,0.767712285021122,0.744615183758034,0.737522764157414,0.578748768133787,0.578568185135784,0.567829278301688,0.554642655391797,0.54231349683965,0.51685690748563,0.50399948267272,0.941850160752546,0.938524091161654,0.939887609939773,0.911852737064128,0.911852805863825,0.901234644681538,0.888520435478074,0.877014511250172,0.854002662794368,0.842817191696715,0.839409736318857,0.940009949438331,0.921131435531387,0.921210092120774,0.914155200646592,0.905718134976064,0.89812253429833,0.882931332942861,0.875557831464983,0.873278960294202,0.939981696887672,0.925769708250116,0.925864989571238,0.920582048296907,0.914268558046094,0.908601365024788,0.897266978982175,0.891766550122277,0.89012425487345,0.939964399400998,0.928586806146508,0.928618702360091,0.924427162963768,0.919404411354183,0.914882633494806,0.905839077776052,0.901456138990244,0.900098163742804,0.939888865027292,0.614982930552954,0.730077303474667,2.34486483020328,0.939891196028157,0.614991653133354,0.730094226692971,2.34462540736561,0.00158012371777452,0.0855053700910706,0.086309705087202,0,0.0685929342424213,0.0690590168989536,0.096449211647067,0.12934820238525,0.159417474325181,0.219556018205042,0.249008565882005,0.258052550408589,0.460515129347924,0.46074540193918,0.474439248709257,0.491254330200559,0.506976005658347,0.539437283075889,0.55583258363728,0.00249799753160975,0.00174328028445891,4.57284392130839e-06,0.0357535796384271,0.0357534919076624,0.0492933684012882,0.0655060458483213,0.0801779641132936,0.109521800643238,0.123785089228261,0.128130147113678,0.000151429845464376,0.0239217352059035,0.023821435305815,0.0328175653886496,0.0435761915939226,0.0532618135491612,0.0726330574596384,0.082035466937335,0.0849413970383706,0.00011540326421446,0.0180071857206213,0.0178856865930423,0.0246222929742716,0.0326730163313739,0.0398996059693266,0.0543527852452324,0.0613667235483386,0.0634609161729781,9.33461651376091e-05,0.014414929308915,0.014374256466874,0.019719148559777,0.0261239709470463,0.0318899706052274,0.0434219699215899,0.0490109272580026,0.0507425657984318
6.3,0.940452130003073,0.873591561485951,0.872948543510101,0.942040383607461,0.887123215041169,0.886750948255464,0.864835492872851,0.838512396197859,0.814453581356452,0.766335951673636,0.742770325992723,0.73553397336917,0.579716464292054,0.579534446128725,0.568679882271295,0.555344095271842,0.542868930152721,0.517088146957432,0.504055354130223,0.944004046193753,0.940740297933653,0.942036712318297,0.913372016254038,0.913372964123222,0.902515634394347,0.889509920820877,0.877742473555653,0.854207579025206,0.842767332662697,0.839274997860629,0.942160067670084,0.922845685201666,0.922926540090566,0.915702640133644,0.907071958499711,0.899298746061143,0.883752321184008,0.87620641057026,0.873882513757045,0.942131584715167,0.927587253924675,0.927678382674343,0.922272275760606,0.915813722233971,0.910012139098304,0.898408972826971,0.892777755110675,0.891068406134164,0.942114140120194,0.930466769790911,0.930506289267854,0.926211444593501,0.921066389921846,0.916436913203928,0.907177959768091,0.902689909483402,0.90128240019711,0.942038016602323,0.628318999968408,0.764102291181546,2.48714402404419,0.942040383607461,0.628328020676246,0.76411933398216,2.48687144993796,0.00200367202981197,0.086352072477313,0.0871632761347878,0,0.0692811238134512,0.0697507594837772,0.097398349798966,0.130606429667325,0.160957989540999,0.221661109288348,0.251390483055497,0.260519552436868,0.457092180278089,0.457321806517734,0.471015454646004,0.487839306537487,0.503577435100466,0.536101355746601,0.552542963299748,0.00247727175891367,0.0016401318364847,4.63153956707824e-06,0.0361667718856333,0.0361655760948821,0.0498627135268968,0.0662701590651392,0.0811154614038075,0.110806066081144,0.125238585917643,0.129644364404348,0.000150988235147693,0.0242152010296827,0.0241131980001192,0.0332265576360468,0.0441146521697849,0.0539210006659673,0.0735336976583323,0.0830532920067779,0.0859850196804607,0.000115055371568834,0.0182334430777549,0.0181184789899564,0.0249385895713541,0.0330864212643602,0.0404054475366444,0.0550435000812129,0.0621476007114605,0.0643040414234226,9.30480253104461e-05,0.014600770446232,0.0145509143839725,0.0199691046041084,0.0264598829715985,0.0323002304996835,0.0439809255558537,0.0496428556147427,0.0514185084329402
6.39999999999998,0.939782090085616,0.874357968019406,0.873703100261284,0.944192759648541,0.888155409534147,0.887777051996393,0.8654299796282,0.838588628344237,0.814056680910414,0.764992786042768,0.740963724931208,0.733585031423968,0.580663645823568,0.580480488857792,0.569512879709699,0.556031387848912,0.543413003156899,0.517314257175221,0.504110232448176,0.946154852512429,0.942960065234375,0.944189002946944,0.914896451683001,0.914923732642549,0.903811581560483,0.890507420437556,0.878479856309341,0.854424728052912,0.842731066913715,0.83914120597581,0.944313363535208,0.924565572605568,0.924632650421832,0.91725285315957,0.908431591368078,0.900481175148481,0.884580342709285,0.87686307528798,0.874530303269409,0.944284652526992,0.929407769323679,0.929495079740223,0.923965618361604,0.917363266630602,0.911427747857639,0.899556710311713,0.893794656685902,0.892042175523784,0.944267062299921,0.932350411500799,0.932386780911575,0.92800248736522,0.922732515306936,0.91799558629912,0.908521728283489,0.903928837453906,0.902456196533314,0.944190356693312,0.641680112465802,0.798925899343897,2.63522154709839,0.944192759648541,0.641689433821292,0.798942997022736,2.63491250072415,0.00550607443986316,0.087178501068055,0.0879960074745178,0,0.0699544177455605,0.0704267416723553,0.0983237859230832,0.131831278635365,0.162455819149764,0.22370490017856,0.253701660831949,0.262912878117709,0.453812813048294,0.454041457673186,0.467732910078581,0.484562576569549,0.500314780273281,0.532895239115652,0.549378528560867,0.00244938533988098,0.00153883828955432,4.68969129292807e-06,0.0365721462852964,0.036538090006103,0.0504099818293205,0.0670182768869491,0.0820329277183862,0.11206222938126,0.126660051273918,0.131141466458362,0.000150556274562686,0.0245016660989779,0.0244179292775398,0.0336305244396586,0.0446425767787719,0.0545675060686379,0.0744173646483697,0.0840512418381738,0.086963365769073,0.000114714789222734,0.0184568932584803,0.0183478990012582,0.0252506210321571,0.0334926894053186,0.0409023145737615,0.0557215649106472,0.0629146442691375,0.0651023601239335,9.27559690742601e-05,0.0147834358285029,0.014738033950124,0.0202111817994567,0.0267899694494805,0.0327033309836598,0.0445300540520182,0.050263605033578,0.0521019813654002
6.49999999999994,0.939119320111265,0.87513503358339,0.874468707658207,0.946347729290869,0.889195437561507,0.888811650016466,0.866036914593202,0.838682168362294,0.813681901991078,0.763681369248647,0.739193839334213,0.731674359410068,0.581591652244528,0.581406547972197,0.57032962922955,0.556705538990154,0.543946752673984,0.51753677518403,0.50416420941453,0.948302071716272,0.945180153500261,0.946343886963046,0.916425482891627,0.916446087416748,0.905102621874279,0.891512247428294,0.879225935004905,0.854653310158128,0.842707608351296,0.839027838052975,0.946469242585179,0.926289051812624,0.926331962990395,0.918804419887786,0.909796108611677,0.901669074911209,0.885415007510273,0.877526849609816,0.875115768827436,0.94644030578175,0.931231729022925,0.931286262354247,0.925652708259438,0.918916678645711,0.912847572708278,0.90070936083341,0.894817093398322,0.893013564813452,0.946422571341427,0.934237250012392,0.934271983124026,0.929797204194638,0.924402169212094,0.919557988251951,0.909869626331666,0.905172164251536,0.903691085903629,0.9463452904383,0.6550673260382,0.834552875632124,2.78923581067842,0.946347729290869,0.655076950493926,0.83456995851092,2.7888867378362,0.00893092761510759,0.0879855324785321,0.0888087991832821,0,0.0706134597239826,0.0710876413453025,0.0992265455584614,0.133024197634828,0.163912815555039,0.22569005139546,0.255945167245248,0.265235721949218,0.450667642122868,0.450896344291819,0.464582226901805,0.481415220265416,0.49717910332946,0.529809463816651,0.546331690761502,0.00241465173079249,0.00144257672912274,4.74731725962335e-06,0.0369698795451537,0.0369444220042437,0.0509596315956037,0.0677509680326408,0.0829310946944644,0.113291348018112,0.128050639516096,0.132597111825281,0.000150133509157011,0.0247831289239226,0.0247301108098353,0.0340306278252106,0.0451606806407458,0.0552018872051471,0.0752843003339498,0.085030368310331,0.0880093346923624,0.000114381175495001,0.0186762952772346,0.0186089176257271,0.0255693514620541,0.0338919285877603,0.0413905004683589,0.0563876442295561,0.063667726560826,0.0658960430331006,9.24697149111897e-05,0.0149628792633261,0.0149199654079891,0.020448695965294,0.0271144319125648,0.0330995703343893,0.0450698471780385,0.0508737097942734,0.0527036288246984
6.59999999999997,0.938462859155543,0.875921952415678,0.875244554170292,0.948504745706426,0.890242560776112,0.889853996973004,0.866655448555207,0.838792041386429,0.813328151887868,0.762400372890746,0.737459223784746,0.729800475850328,0.582499889832885,0.582314066445817,0.571129331349878,0.557366241615067,0.544470630720819,0.517755319335499,0.504217450921561,0.950445244302815,0.94740092098953,0.948500817536855,0.917958791071139,0.917975491170863,0.906390982042443,0.892523857125346,0.87998008736283,0.854892547837799,0.842696172496046,0.838967463030876,0.948627158376388,0.928015002100755,0.928027882589263,0.920355685792442,0.911164882838079,0.902861898511922,0.88625592985961,0.878197096143818,0.875713803609678,0.948597997949267,0.933058157423507,0.933091683552361,0.927344192168273,0.920473238971534,0.914270934736503,0.901866326266441,0.895844332013322,0.894060013923627,0.948580120661065,0.936126885583767,0.936165373511942,0.931586021545078,0.926074707798304,0.921123456079962,0.911220952643278,0.906419375273714,0.904904460114884,0.948502271007966,0.668481602719818,0.870987960600345,2.94932651095404,0.948504745706426,0.668491532660155,0.871004953892375,2.94893361368329,0.0122819508540213,0.0887739863946379,0.0896024932609789,0,0.0712588504496808,0.0717340919801688,0.100107588345448,0.134186543105442,0.165330714849352,0.227619058337173,0.258123880913144,0.26749108151407,0.447650312458155,0.447877587850675,0.46155732482714,0.478390575319058,0.494162836679828,0.526837587566706,0.543395376154108,0.00237336961260996,0.00135005716860827,4.80443444235418e-06,0.0373599036116153,0.0373394781862714,0.0515081676115375,0.0684686606280007,0.0838105949315537,0.11449446353866,0.129411509432933,0.133971989793679,0.000149719516225433,0.0250604328879043,0.0250446791223119,0.0344283286510605,0.0456693429388152,0.0558244910694816,0.0761347873308144,0.0859913216719028,0.0890285673832461,0.000114054212602579,0.0188922905264685,0.0188512856550407,0.025880881772822,0.0342845526423372,0.0418704176499082,0.0570421476650496,0.0644074805718932,0.0665898301706987,9.21890009222957e-05,0.0151390148588252,0.0150919413492882,0.0206928187855449,0.0274335526343075,0.0334892902651235,0.0456007655267557,0.0514734406437213,0.0533262910453356
6.69999999999997,0.937812010402493,0.876717977832994,0.876029887372196,0.950663305671087,0.891296097014556,0.890903403482799,0.867284793287353,0.83891733951016,0.812994410093793,0.761148551261058,0.735758520516352,0.727961988415494,0.583389758488467,0.583203877153207,0.57191402270273,0.558015169092513,0.544985062534879,0.517970608832543,0.504269570032188,0.952583954584182,0.949622162651873,0.950659291442874,0.919495512433546,0.919501089083118,0.907688981184391,0.893541498869351,0.880741594633599,0.855141786162096,0.842696087019038,0.838874435357592,0.950786608044064,0.929742588346834,0.92973936580185,0.921920895670628,0.912537055717229,0.904058849350506,0.88710243661706,0.878873350146497,0.876345966600087,0.950757226083934,0.934886451814274,0.934920059671333,0.929050423805479,0.922032579847259,0.915697420065687,0.903027100502543,0.896875493124841,0.895056327168309,0.950739207263276,0.938018494245464,0.938053439170277,0.933372692569762,0.927749576267542,0.922691477073268,0.912575278684721,0.907669899079821,0.906162221738641,0.950660795176984,0.681923818049696,0.908235886740193,3.11563462727727,0.950663305671087,0.6819340557903,0.908252710415986,3.11519385304985,0.0155623691238232,0.0895446305409164,0.0903778786702067,0,0.0718911514874103,0.0723666865650833,0.100967813717725,0.135319587415003,0.166711146624929,0.229494265044781,0.260240506746965,0.269681773786855,0.44475256316299,0.444977657512788,0.458649188563975,0.475480106052017,0.491259008001939,0.523972356454959,0.540563728665666,0.00232582371801038,0.00126077968306435,4.86105874102118e-06,0.0377428650575746,0.0377361119733687,0.0520400696218743,0.0691720658415438,0.0846722026217748,0.115672476182237,0.13074368573896,0.135371542509432,0.000149313901983999,0.0253340942317942,0.0253379965959934,0.0348058296527125,0.0461692586380037,0.0564360040694406,0.0769694949323144,0.0869345668204155,0.0899951202389359,0.000113733604468219,0.0191050954943312,0.0190643978163088,0.026172275898456,0.0346705848897763,0.0423421925307706,0.0576854078127595,0.0651347413402976,0.0673376735367293,9.19135830305461e-05,0.0153123260180303,0.0152700092081231,0.0209381932199167,0.0277475466502426,0.0338726885196826,0.0461229722585621,0.0520631772346691,0.0538889100353467
6.79999999999998,0.937167808352874,0.877522416991863,0.876824008712749,0.952822945624208,0.892355415260482,0.891959231123707,0.86792421617453,0.839057215969677,0.812679722114114,0.759924734402989,0.734090452127106,0.726157586535181,0.584262441643605,0.58407643777928,0.572684155101789,0.558651425596429,0.545490224388393,0.518181131240673,0.504321027645428,0.954717826533076,0.951843301409189,0.952818845119404,0.921035153173633,0.921068514055385,0.909006306230153,0.894564584258602,0.881509841201109,0.855400355086123,0.842706694828676,0.838841657261254,0.952947128364117,0.93147191288498,0.931501338191386,0.923505566169387,0.913912317759289,0.905259511422155,0.887953898747886,0.879555074862175,0.877038145472145,0.95291752688603,0.936716429834324,0.936767241542362,0.930763947229881,0.923594262999701,0.917126553983057,0.904191135949772,0.897910175734466,0.896076497544193,0.952899367801591,0.93991146120464,0.939961115986199,0.935171942262521,0.929426262111334,0.924261546757963,0.91393211605122,0.908923169084413,0.907395023366453,0.952820399383608,0.695394769428754,0.94630137763942,3.28830242037231,0.952822945624208,0.695405317216118,0.946317946292444,3.28780945103781,0.0187731813952014,0.0902981851049034,0.0911356958264301,0,0.0725108886855109,0.0729859810808484,0.10180806597585,0.136424525850228,0.16805564273657,0.231317876509254,0.262297590003563,0.271810449722375,0.441966945189565,0.442189995567512,0.455851286778389,0.472678924371596,0.488461450795662,0.521209714226055,0.537830343891582,0.0022722856023516,0.00117476060621852,4.91720507841882e-06,0.0381189882582754,0.0380789828674714,0.0525436286642431,0.0698617180257109,0.0855165829584398,0.116826312823897,0.132048177854648,0.136683017530269,0.000148916298979072,0.0256035321595279,0.0255682461952342,0.0351565414597239,0.0466604835491852,0.0570366750912429,0.0777890581753586,0.0878606814118745,0.0908789093059516,0.000113419074773984,0.019314461274117,0.0192535293643259,0.0264525038059837,0.0350501788226032,0.042806065754566,0.0583178396184911,0.0658497828658933,0.0680486759633977,9.16432333850484e-05,0.0154830733764127,0.0154235288189175,0.0211665654649366,0.0280566165611069,0.0342499917134894,0.0466367420182548,0.0526433242907085,0.0544758318097641
6.89999999999997,0.936527318442042,0.878334626212424,0.877626268845793,0.9549832381529,0.893419931150519,0.893020887974524,0.868573035415897,0.83921087994895,0.812383193934455,0.758727821905466,0.732453815063549,0.72438603478915,0.58511774888617,0.584932356934387,0.573439134558112,0.559276454464959,0.545986639306711,0.518389254355103,0.50437153077844,0.956846520082196,0.954064079998728,0.954979051152786,0.922577244906807,0.922601436173847,0.910315226880089,0.895592712631723,0.882284379919815,0.855667714495999,0.842727248635358,0.838765379879139,0.955108292239421,0.933203237921297,0.933252278098033,0.925081985192805,0.915290383470893,0.906463463550424,0.888809623709487,0.880241718398486,0.877657925151914,0.955078473187545,0.938547859331114,0.938610834347417,0.932477554937274,0.925157802405229,0.918557838215372,0.905357909835657,0.898948074191969,0.897106125660389,0.955060175064173,0.941805670987749,0.941862704654676,0.936970664327068,0.931104293764504,0.925833151550835,0.915290867123497,0.910178817705736,0.908617856784532,0.954980656213935,0.708895183521355,0.985189147234726,3.46747343041644,0.9549832381529,0.708906043532417,0.985205369947084,3.46692367089932,0.0219200405289748,0.0910353266890523,0.0918766406104822,0,0.0731185552240975,0.0735924976083117,0.102629138823012,0.137502482873965,0.169365645151939,0.233091969707887,0.264297528891942,0.27387960734505,0.439288133130851,0.439508322596371,0.453158788367971,0.469979761069655,0.485764034704091,0.518541366102919,0.535190174384397,0.0022130143632476,0.00109168138503191,4.97288748734353e-06,0.0384885010589926,0.0384597691636287,0.0530520631205749,0.0705379491706061,0.0863442160480285,0.117956749802873,0.133326102323527,0.138031601971735,0.000148526363779406,0.0258680410013346,0.025809796130397,0.0355136285279132,0.0471430845480119,0.0576267908836462,0.0785942035549148,0.0887702790151401,0.0918390425105748,0.000113110365232534,0.0195202501704993,0.0194454549323703,0.0267299325066173,0.035423580651938,0.0432623383404179,0.0589398537173778,0.0665527963013786,0.0687404730520939,9.13777389423698e-05,0.0156509570294373,0.0155832183141562,0.0213934799500176,0.0283609506859108,0.034621470495695,0.0471425101152634,0.053214075888142,0.0550680244961214
7.00000000000001,0.935892043903306,0.879154006793557,0.878436063451385,0.957143788847053,0.894489102953791,0.894087824624574,0.869230615730544,0.839377591927266,0.812103987064363,0.757556777338556,0.730847473776371,0.722646166979356,0.585956704355802,0.585771353178933,0.574181167076614,0.559889784566242,0.546474732408779,0.518593449101074,0.504421666835711,0.958969727819478,0.95628242300209,0.957139515132387,0.924121321804442,0.924120180219215,0.911607350293454,0.89662527970204,0.883064615811887,0.855943288031581,0.842757338463525,0.838728447564319,0.957269705556618,0.934936320164708,0.935017380223976,0.926664921935276,0.916670816540545,0.907670271807875,0.889669182342533,0.880933051768686,0.878299318895706,0.957239670808569,0.940380175482208,0.940453262669039,0.934189948331449,0.926722788033686,0.919990856904866,0.906526994647224,0.899988588709284,0.898117010802014,0.957221234829953,0.943700770892149,0.943749163372623,0.938763000593521,0.932783334574286,0.927405943729332,0.916651162039424,0.911436425822426,0.909847750321542,0.957141171256918,0.722425722829138,1.02490389914991,3.65329247503642,0.957143788847053,0.722436897170944,1.02491967935806,3.65268104178431,0.0250031447806172,0.0917566918506682,0.092601367964376,0,0.073714614339671,0.0741867271092005,0.103431779431474,0.138554517741592,0.170642513004173,0.234818503529335,0.266242585915157,0.275891603526596,0.43670975907138,0.436927828802725,0.450563937363113,0.467378062836943,0.483161166399519,0.515964108701774,0.532637521859996,0.00214825731293907,0.00101341583891971,5.02811918875772e-06,0.0388516579069204,0.0388530010070176,0.053574620294149,0.0712013554682307,0.0871557744330862,0.119064612362797,0.134578171696053,0.13931825034488,0.000148143774918083,0.0261275747542356,0.0260322058137945,0.0358590564756692,0.0476173410211807,0.0582066796214258,0.0793853568219165,0.0896636063557067,0.0927622509381114,0.000112807234040304,0.0197227593836165,0.0196367707027447,0.0270056976122203,0.0357909757396979,0.0437112405985407,0.0595517703162268,0.067244348536674,0.0694463010590449,9.11169002006913e-05,0.0158160059376109,0.0157590711212573,0.0216254011659474,0.0286606095977461,0.0349872280563359,0.0476404649735155,0.0537757166891492,0.0556448283156609
7.09999999999996,0.935259249203091,0.879980001258185,0.879252829486331,0.959304233479035,0.895562427966073,0.895159530594567,0.86989636450368,0.839556659501697,0.811841314084721,0.75641062325077,0.729270355464219,0.72093688079801,0.586778868572652,0.586594969290874,0.574908761384068,0.560492732808072,0.546954345362203,0.518794956810124,0.504469799962064,0.961087172029945,0.958496370958081,0.959299872830278,0.925666860656196,0.925657420768914,0.912925233306127,0.897661829701626,0.883850068372218,0.856226545713403,0.84279629267975,0.838669229072579,0.959431004367409,0.936670248196536,0.936761490320166,0.928241425652742,0.918053070717931,0.908879452528833,0.890532216150638,0.881628539061949,0.878943377578518,0.959400755738223,0.942213582224276,0.942263020001597,0.935897586890885,0.928288787460524,0.92142517021647,0.907697935728362,0.901031878759952,0.899109770862668,0.959382183049336,0.94559644526436,0.945631382239085,0.940556887922161,0.934463070181059,0.928979562747027,0.918012547878961,0.912695400660164,0.911066964700373,0.959301580284058,0.735986991545108,1.06545032611069,3.84590564723767,0.959304233479035,0.735998482254514,1.06546556147116,3.84522735642045,0.0280276082128655,0.0924628802812995,0.0933104951223444,0,0.0742995017669994,0.0747691319214198,0.104216692098047,0.139581629555721,0.171887528944825,0.236499327723033,0.268134898101622,0.277848664611755,0.434227565180677,0.434441924107311,0.448063744481456,0.464867531761022,0.480648312268598,0.513471802639566,0.530169666905876,0.00207825060723799,0.000941670577418762,5.08291265729265e-06,0.0392088052946591,0.0392198087313541,0.0540608565692083,0.0718523714777791,0.0879518053899705,0.120150673214353,0.135805408767807,0.140616047049949,0.000147768231052821,0.0263829023347843,0.0262765475763753,0.0362078094023906,0.0480836841033025,0.0587767489665505,0.0801628786930467,0.0905412915142727,0.0936712022342044,0.000112509454499757,0.0199214136293005,0.0198637873635571,0.0272835412417382,0.036152602953614,0.0441530563052042,0.0601539630083847,0.0679241337388422,0.0701646046191594,9.08605300672721e-05,0.0159782395004605,0.0159375158373253,0.0218525098735437,0.0289556601275899,0.0353474130283045,0.0481309188297337,0.054328756904748,0.0562269143149166
7.20000000000001,0.934630443052982,0.880812089976425,0.880076041811823,0.961464235468662,0.89663943926818,0.89623553111867,0.870569728319783,0.839747433626778,0.811594434637768,0.755288436659747,0.72772144533412,0.71925713301917,0.587586544223922,0.587403830645425,0.575623393897815,0.561085361246516,0.54742601818656,0.518992789770399,0.504518180591863,0.963198602041996,0.960710579504959,0.961459787666173,0.927213900405733,0.92722299697903,0.914247863066255,0.898702047128129,0.884640366717907,0.856517005897464,0.842843817944402,0.838655030157586,0.961591852354948,0.938404374805257,0.938487166857681,0.929810172577785,0.919436753656154,0.910090651467396,0.891398447089879,0.882327761672707,0.879571797131063,0.961561391600724,0.944046972250652,0.944105284535012,0.937606265600355,0.929855317634131,0.922860352545145,0.908870422367174,0.902077181716737,0.900114639431547,0.961542683310068,0.947492438127032,0.947509668658185,0.942347705344781,0.936143181472682,0.930553642408713,0.919374564280776,0.913955203743219,0.912311014802663,0.961461546714369,0.749579540780104,1.10683310942896,4.045460313284,0.961464235468662,0.749591349823523,1.10684769168421,4.04470966874303,0.0309934393492624,0.0931544576696078,0.0940046045215453,0,0.0748736279331836,0.0753401480038685,0.104984541538516,0.140584761826966,0.173101904881104,0.238136190989382,0.269976486258016,0.279752896029052,0.431834433543017,0.43204547051184,0.445652054560374,0.462443703920094,0.478220453405275,0.511061265720163,0.527779660001885,0.00200321983442899,0.000870484128348066,5.13727968577813e-06,0.0395596591797623,0.0395491524989171,0.0545356299876212,0.0724912844083348,0.0887327396671247,0.121215650184704,0.137008390732501,0.141846504488712,0.000147399449313037,0.0266344906378586,0.0265388645550583,0.0365609252381656,0.0485423822462391,0.0593372727653305,0.0809270538035136,0.0914038337524073,0.0945870148155594,0.000112216813778768,0.0201172045611445,0.0200498529836766,0.027556318937528,0.0365087820098025,0.0445880733331194,0.0607466559797528,0.0685929525010452,0.070859718761444,9.06084528429411e-05,0.0161376389442045,0.0161177374180262,0.0220798837445215,0.0292462034112336,0.0357022062484702,0.0486142119229434,0.0548736559676245,0.0567727192613429
7.29999999999994,0.934004195773971,0.88164978812162,0.880905210153299,0.963623483599471,0.897719702805208,0.897315384244767,0.871250189836645,0.839949305221775,0.811362651807103,0.754189344977759,0.726199782317175,0.717605935151694,0.588379889373505,0.588197974447317,0.576325626109833,0.561667488407858,0.547889615692723,0.519187620612903,0.504565725032452,0.965303791841835,0.962926977546477,0.963618948423686,0.928761472934249,0.928780361303531,0.915574246333843,0.899745373831633,0.885435001910672,0.856814258068749,0.842899241408481,0.838636819294281,0.963751938551397,0.940138393116761,0.940222023995173,0.931387610624028,0.920821622281495,0.911303597960168,0.892267549317513,0.883030247188798,0.880212630781558,0.963721267372646,0.945880037652111,0.945940499010114,0.939321120349451,0.93142216886361,0.92429617357681,0.910044183003212,0.903124065931315,0.901118424250211,0.963702424554309,0.949387891355865,0.949407853315614,0.944147682981798,0.937823108216473,0.932127732332851,0.920736980565607,0.915215636054133,0.913577355614503,0.963620759330643,0.763203873239897,1.14905691854916,4.25210511053714,0.963623483599471,0.76321600251308,1.14907073339333,4.25127629148422,0.0339039952204962,0.0938319582854637,0.0946842464305386,0,0.0754373799338174,0.0759001869608298,0.10573595586387,0.141564806598972,0.174286787169572,0.239730748310772,0.271769263357418,0.281606291004427,0.429526094621562,0.429734325245618,0.443324119965246,0.46010269457234,0.47587366561778,0.50872767310567,0.525464762828922,0.00192338056720747,0.000797262176959341,5.1912314381668e-06,0.0399051270217571,0.0398835062729525,0.0550000094600458,0.0731186766212042,0.0894991778699243,0.122260180367364,0.138188134514077,0.143067155908479,0.000147037163816907,0.0268824287798439,0.0267866999115919,0.0368990939190308,0.0489935514352123,0.0598884471194032,0.0816782384877849,0.092251802884989,0.0954770138950257,0.000111929111797027,0.0203102015868361,0.0202409939271231,0.0278179277074343,0.0368595365064252,0.0450163737527589,0.0613300482454264,0.0692512250648391,0.0715470015997374,9.0360503307564e-05,0.016294903990656,0.0162720543464686,0.0222931575852552,0.0295326413256665,0.0360519066731272,0.0490904373680488,0.0554104960754208,0.0572857691246002
7.39999999999996,0.933379058062371,0.88249264292048,0.881739876353823,0.965781689957113,0.898802814749256,0.898398678215833,0.871937264960641,0.840161702102786,0.811145308842342,0.753112522321456,0.724704455186596,0.715982349499935,0.589158033340068,0.588977870472211,0.577015937841056,0.562240078375282,0.548346025526451,0.519379560540324,0.504612618473099,0.967402537924759,0.965135759612546,0.965777067188698,0.930309387358294,0.930315778849672,0.916880548555593,0.900791552353766,0.886233679582841,0.857117934040991,0.842962150732745,0.838636498224781,0.965910975277466,0.941871715647177,0.941955411995112,0.932964302459754,0.922207262774603,0.912517880622339,0.893139116317811,0.883735422733592,0.880864067117141,0.965880095322195,0.947712620352761,0.947775019737736,0.94103609311767,0.932989038545793,0.925732279585883,0.911218761666062,0.904172066593299,0.902125803254742,0.965861119017756,0.951282300811646,0.951324050264533,0.94595417356194,0.93950253147452,0.933701531645807,0.922099531988381,0.91647630183937,0.91480716652236,0.965778930217838,0.776860447420589,1.19212641065145,4.46598994527221,0.965781689957113,0.776872898748439,1.19213933759636,4.46507679373784,0.0367625223395843,0.094495887317839,0.0953499413284246,0,0.075991123317013,0.0764496378718329,0.106471529275316,0.142522608187963,0.175443261328621,0.241284567609937,0.273515042160962,0.283410738479573,0.427299721670048,0.427504126098549,0.44107557970781,0.457839584109107,0.473603131647523,0.506467138485316,0.523221025620077,0.00183893888043471,0.000732842591277388,5.24477850050549e-06,0.04024522825682,0.0402379767673319,0.0554809655291087,0.0737347939283739,0.090251480742472,0.123284854370668,0.139345349141408,0.144253033723139,0.000146681124332583,0.0271271471886376,0.0270321891966233,0.0372330847974802,0.0494375227893621,0.0604306460944844,0.082416892704729,0.0930858870193713,0.0963435938420014,0.000111646160223456,0.0205003277864377,0.0204295323402041,0.0280752057293226,0.0372050203822634,0.0454382023115368,0.0619045661700835,0.0698994193620779,0.072221014778794,9.01165258982878e-05,0.0164503340068818,0.0164029670152315,0.0224953799056768,0.0298151135969479,0.0363966587778377,0.049559749139617,0.05593960509222,0.0578333285582233
7.49999999999997,0.932757281543285,0.883340231163765,0.882579611887478,0.967938588064452,0.899888399113257,0.899485029100305,0.872630500288842,0.840384086202665,0.810941786189194,0.752057186162252,0.723234599032431,0.714385485585899,0.589922962869686,0.589744886652645,0.577694336943553,0.562803299112778,0.548795306795084,0.519568715291845,0.50465840761544,0.969494657356128,0.967346216273313,0.967933877484445,0.931857719268131,0.931845559023034,0.918199069063825,0.90184019432528,0.88703597156601,0.857427526047471,0.843032382712513,0.838612849013348,0.968068696278555,0.94360396000477,0.94368424404173,0.934536687785446,0.923593176892412,0.913733050830406,0.894012798706394,0.884443203632733,0.881566936314387,0.968037609145114,0.949544762440233,0.949610160399641,0.942745224081475,0.934555781718297,0.927168455274012,0.912393802385442,0.905220803774523,0.903125362627136,0.968018500365395,0.953175696761766,0.953224308899531,0.94775271770909,0.941181257819908,0.935274796223835,0.923461873031688,0.917736927185326,0.916034279022646,0.967935792898174,0.790549681379709,1.23604623030512,4.68726599047168,0.967938588064452,0.790562456516124,1.23605814254621,4.68626199850215,0.0395679791994889,0.0951467229945924,0.0960021820630261,0,0.0765352036975133,0.0769888689493312,0.107191824509971,0.143458966580215,0.176572356323636,0.242799135810477,0.275215542158037,0.285168030323183,0.42514948629862,0.425349766411798,0.438902870243939,0.455650635844754,0.471405251106687,0.504276036163414,0.521045474320664,0.0017500918372368,0.000666233208139731,5.29793092244688e-06,0.0405797057358671,0.0405933822127417,0.0559414202546822,0.0743400438246272,0.0909901695910184,0.124290421123801,0.140480460334214,0.145451055083867,0.000146331095072465,0.0273688544316414,0.0272785599707868,0.0375667030633994,0.0498747340662962,0.0609642955836056,0.0831434186182247,0.0939062235354984,0.0971411257230007,0.000111367781568982,0.0206873075978642,0.0206137553238462,0.0283346640763277,0.0375452283538851,0.0458536628036245,0.0624705317031031,0.0705379142963004,0.0728946309714945,8.98763739657041e-05,0.0166036407896776,0.0165489673211182,0.0227027980857956,0.0300936375376786,0.0367365616552182,0.0500224098902973,0.0564611854949147,0.0583761327708046
7.60000000000003,0.932133614078797,0.8841921569484,0.883424015603736,0.970093931191444,0.900976105587829,0.900574078643593,0.873329470788172,0.840615951046677,0.81075149879092,0.751022594279404,0.721789392053282,0.712814496892652,0.590673973369525,0.590497586280265,0.57836185615852,0.563356939740495,0.549237037149712,0.519754629960789,0.504704296902677,0.97157998601852,0.969549026716076,0.970089132581379,0.933405948939899,0.933440572461913,0.919539705480557,0.902891035351982,0.887841602168458,0.85774273580141,0.843109349838754,0.838647568727281,0.970224855035566,0.945335223524045,0.945419721741979,0.93611506049004,0.924979300091877,0.914948968511444,0.894888305350579,0.885153234041447,0.882234443537885,0.97019356227528,0.951376088006921,0.951429600167711,0.944458090295989,0.936121984035176,0.928604348183087,0.913569076478908,0.906270272894386,0.90412817189058,0.970174322001966,0.9550675120763,0.95513079370597,0.949553443303591,0.942859056350091,0.936847323583559,0.924823858050496,0.918997115477109,0.917254667946996,0.970091100641004,0.804271956133302,1.28082100916824,4.91608568361092,0.970093931191444,0.804285056761045,1.28083177345067,4.91498398021381,0.0423277157338667,0.0957849185085701,0.096641435812783,0,0.0770699482201668,0.0775182290435985,0.107897375065029,0.144374640525251,0.177675048471744,0.244275864364728,0.276872395899121,0.286879867911884,0.423072865033875,0.423269545755777,0.436801512132449,0.453532769536539,0.469277190777252,0.50215159872647,0.518933498031825,0.00165702794575617,0.000607596655924947,5.35069826112952e-06,0.0409089965972698,0.0408703895805478,0.0563705747948895,0.0749347025511996,0.091715598449875,0.125277390247226,0.141594371989322,0.146569488556255,0.000145986853596046,0.0276072388166231,0.0275130189359475,0.0378881971859942,0.0503051456328461,0.0614894838087658,0.0838581601606052,0.0947132678721417,0.0979678701547003,0.00011109380836728,0.0208713626684015,0.0208116938430994,0.0285852877045632,0.037880477075293,0.0462630296338947,0.0630281347510984,0.0711666780200124,0.073555231363581,8.96399091002964e-05,0.0167552340228441,0.0166846717347597,0.0229037057243733,0.0303682932076502,0.0370716859863409,0.0504784715437223,0.0569755906949886,0.0589185097574654
7.70000000000007,0.931513849316979,0.885048049625634,0.884272711677457,0.972247490820592,0.902065607576666,0.90166549231646,0.874033777685643,0.840856819455906,0.810573893631552,0.750008041982843,0.72036805263054,0.711268577894037,0.591412112701793,0.591238212264249,0.579017399647959,0.563901884067033,0.549672490474747,0.519938511556922,0.504749151178702,0.973658377024479,0.971749285875377,0.972242603962606,0.934953969591282,0.93494716592331,0.920844509188619,0.903943792610336,0.88865025095864,0.858063167655249,0.843192719681108,0.838644523752397,0.97237922323121,0.947065416083852,0.947144986623292,0.937682855888901,0.926365359315633,0.916165311148409,0.895765214813963,0.885865127080513,0.882912014204441,0.972347726350816,0.953206331036664,0.953265239567471,0.946174041312479,0.937687448445062,0.930039764732216,0.914744397306524,0.907320228759588,0.905138246803314,0.972328355537959,0.956957293277837,0.957023783832542,0.951343247198011,0.944535552847618,0.938418808526745,0.926185319885,0.920256827352601,0.918489091409239,0.972244624928269,0.818027618721966,1.32645536572842,5.1526027244379,0.972247490820592,0.818041046452562,1.32646484221325,5.15139606227576,0.0450366096094182,0.0964109037712328,0.0972681458737911,0,0.0775956668894946,0.0780380490116793,0.108588687224484,0.145270350357599,0.178752265006979,0.24571609430574,0.278487154785775,0.288547868147782,0.421065576674999,0.421257847383619,0.434769626507537,0.451481895510122,0.467214435507502,0.500089414302069,0.516883328823803,0.00155992758865261,0.000550833679359115,5.40308961353249e-06,0.0412330863278208,0.0412406087129322,0.0568330237873259,0.0755190765574437,0.0924281777202182,0.126246380045768,0.142687693304469,0.147716345713322,0.000145648189823043,0.0278422264057381,0.0277542502958472,0.0382159294442787,0.0507289691851772,0.0620065169404827,0.0845616124510936,0.0955075129375709,0.0987725829588798,0.000110824082429875,0.0210526053660892,0.0209874739315623,0.0288277630803919,0.038210851745569,0.0466664116483389,0.0635775314538784,0.0717859647827079,0.0741984441464989,8.9407000522923e-05,0.0169054037931492,0.0168318893946214,0.0231124992624793,0.0306393360853472,0.0374022331868824,0.0509280273899532,0.0574827864023609,0.0594372601649561
7.80000000000003,0.93089283804255,0.885907561933109,0.885125347742433,0.974399055251246,0.903156600409116,0.902758957539084,0.874743046546978,0.84110624145401,0.81040844749499,0.749012859576952,0.718969836655,0.709746961340188,0.592138647200944,0.591966114154715,0.579662328225026,0.564438111386978,0.550101347983146,0.520118836880967,0.50479343436592,0.97572969927695,0.973950215346858,0.974394079928181,0.936501180320556,0.936492495649395,0.922164023560599,0.904998135162563,0.889461619383938,0.858388587826687,0.843282085648803,0.838669811709292,0.974531589355077,0.948794666175417,0.948867388236487,0.939244122537643,0.927751213413576,0.917381890122768,0.896643243541152,0.886578726430569,0.883509261831777,0.974499889818984,0.955034527567343,0.955072895750176,0.947880656967977,0.939251737983336,0.931474369332442,0.915919632030653,0.908370315661976,0.906137347055387,0.974480389394395,0.95884551462193,0.958907844487075,0.953134460644767,0.946210648469625,0.939989055882341,0.927545870707772,0.921515959098223,0.919711258691198,0.974396154058792,0.831816984983409,1.37295390508092,5.39697207275375,0.974399055251246,0.831830741357059,1.3729619472114,5.39565281458535,0.0477016982307639,0.0970250870123376,0.0978827332907185,0,0.0781126537799478,0.0785486429651006,0.109266241909516,0.146146780575863,0.179804887341592,0.24712110087305,0.280061294374323,0.290173568971232,0.419123329957984,0.419312501065795,0.432802790986855,0.449495140816413,0.46521445647686,0.498088302758094,0.514891596009976,0.00145896342727793,0.000492123357228696,5.45511365185505e-06,0.0415525207548876,0.0415620429241205,0.0572722677043866,0.0760935323594617,0.0931282973833754,0.127197827431203,0.143761110898371,0.148818165125006,0.000145314905129594,0.0280735241866561,0.0279937892422176,0.0385450654922002,0.0511462824676961,0.0625155616698532,0.0852541200741673,0.0962891993995985,0.0996546649218989,0.00011055845417245,0.0212319276467502,0.0211898594643932,0.0290756750099354,0.0385367156581846,0.0470640875194231,0.0641188312418999,0.072396158814181,0.0748444616422423,8.91775245307575e-05,0.0170534316500229,0.0169850910631215,0.023315225730888,0.0309067292026971,0.0377282952030176,0.0513714272036588,0.0579828276519465,0.0599615626405549
7.90000000000004,0.930272070901891,0.886770368291433,0.885981593189106,0.976548428328094,0.904248799711208,0.903854182062235,0.8754569255238,0.841363792355952,0.810254664917334,0.7480364100401,0.717594035079504,0.70824891577211,0.592852188055571,0.592682842310106,0.580297785434059,0.564966365512235,0.550523280042904,0.520298314992291,0.504837019255005,0.977793836161676,0.976144134983752,0.976543364323583,0.93804772018334,0.938047162316356,0.923494724940956,0.906053863352431,0.890275448495919,0.858718618782895,0.843377231044269,0.838679843035959,0.97668175743283,0.950522656713552,0.950602817571794,0.940822613267611,0.929136672758182,0.918598523224974,0.897522224158557,0.887293759514302,0.884116692004458,0.976649856665222,0.956860814073265,0.956940232082223,0.94959631508021,0.940814823969325,0.932908029458579,0.917094440437087,0.909420047008789,0.907161874452459,0.976630227531765,0.960732171637434,0.960781887473139,0.954922985965375,0.947884233904728,0.941557936053965,0.928905340352437,0.922774384532852,0.920927606106462,0.976545491876769,0.845640342064184,1.42032121874059,5.64934994619883,0.976548428328094,0.8456544285497,1.42032767310853,5.64791005106786,0.0503225572969452,0.0976278562418866,0.0984855983479829,0,0.0786211881396049,0.0790503094091971,0.109930496370981,0.147004582204279,0.180833754054814,0.248492097755884,0.281596219242815,0.291758434420253,0.417244941253815,0.417429093841727,0.430897045273831,0.447568976695613,0.46327490163221,0.496142603848903,0.51295576685261,0.0013543007822829,0.000439642964938448,5.50677865172225e-06,0.0418670396579292,0.0418676463023335,0.0576924843916664,0.0766582977229401,0.093816307338066,0.128132326568318,0.144815097348685,0.149923204173453,0.00014498681152916,0.0283013498925139,0.0282141801236256,0.0388495222042533,0.0515572296289837,0.0630167883147411,0.085935905686256,0.0970587020070586,0.100513558238025,0.000110296781996864,0.021409012106424,0.0213226501382727,0.029308686738218,0.0388579925643055,0.0474561221910096,0.064652381444418,0.0729977898666491,0.0754534070364647,8.89513639911269e-05,0.0171991601717607,0.0171450974034286,0.0235162753270961,0.0311704647138854,0.0380499060480544,0.0518087887163927,0.0584758081767753,0.0604840607347892
8.00000000000007,0.929650251582027,0.887636163248209,0.886841137609471,0.978695428280936,0.905341939918701,0.904950892489277,0.876175083751906,0.841629071019918,0.810112076312545,0.747078086897799,0.716239971674464,0.706773743241908,0.593554442884289,0.593387704805143,0.580923195772362,0.56548593069239,0.550939528985559,0.520474148218831,0.504879962637028,0.979850684357734,0.978337636062691,0.978690275379479,0.939593058258151,0.939598652123497,0.924817273364332,0.90711061882559,0.891091416516571,0.859053011898533,0.843477844404037,0.838724734092943,0.978829545866615,0.95224895228272,0.952333363058996,0.942401874681835,0.930521385511827,0.919814923312405,0.898401998913563,0.888010179086192,0.884806251197369,0.978797445253402,0.958684778816608,0.958788943045614,0.951311638968193,0.942376378802178,0.934340467663964,0.918268645387536,0.910469311987325,0.908177231250026,0.978777688290201,0.962616510343565,0.962685069954545,0.956720488020659,0.949556082758146,0.943125234839993,0.930263539003688,0.924031422834649,0.922105857482239,0.978692456611537,0.859497950698963,1.46856188448382,5.90989381804579,0.978695428280936,0.859512368693729,1.46856659069616,5.90832482721664,0.0529017742843336,0.0982195805885597,0.0990771219355715,0,0.079121535398481,0.0795433322853159,0.110581885740204,0.147844374958885,0.181839663636621,0.249830240992092,0.283093267464896,0.293303859281853,0.415425997997323,0.415605847287739,0.429050485227679,0.445701637650711,0.461391874928644,0.494252857501954,0.511073269646883,0.0012460979922766,0.000385926699509926,5.55809252069141e-06,0.042177129172702,0.0421710954417247,0.0581147868576842,0.0772137789459324,0.094492628402818,0.129050327316589,0.145850225914016,0.150977090281733,0.000144663730924663,0.0285260569548484,0.0284350086574566,0.0391474454718143,0.0519621399792397,0.0635104895781137,0.0866071887758615,0.0978161545480916,0.101272018741187,0.000110038931731809,0.021584158371854,0.0214718033371227,0.0295370745662885,0.0391749461836391,0.0478427497438658,0.0651783568643192,0.0735909797332146,0.0760632949733134,8.87284078819611e-05,0.0173432607385841,0.0172693100402851,0.023702908375631,0.0314306764374271,0.0383672049183319,0.0522402618801416,0.0589624316240129,0.0610394110641795
8.10000000000006,0.929025438642994,0.88850466005454,0.887703689374173,0.980839886664419,0.90643577291767,0.906048832924628,0.876897209885307,0.841901698245902,0.809980236253938,0.746137312270009,0.714907000965884,0.705320777217993,0.594245022337306,0.594081102007171,0.581538901440091,0.565997873158512,0.551349443551816,0.520647142302997,0.504922171002645,0.98190015275406,0.980523493026118,0.980834644651453,0.941137316917111,0.941173258644296,0.926152877814023,0.908168291686559,0.891909351190129,0.85939147019727,0.843583673938531,0.838774335526109,0.980974786375381,0.953973411129568,0.95402958903568,0.943965433732368,0.931905137779442,0.921030847843867,0.899282267972717,0.888727671516119,0.885432079335121,0.980942487266022,0.960506576122823,0.960620696664016,0.953016851390488,0.943936287887367,0.935771533158454,0.919442023700627,0.911518047749343,0.909163854567529,0.980922603329582,0.96449832301042,0.964550445848331,0.958499420551708,0.951225915895409,0.944690704181973,0.931620280755101,0.925287052729804,0.923315791388451,0.980836879817307,0.873390047282417,1.51768046621821,6.17876241500511,0.98083988666442,0.873404798112357,1.51768325676364,6.17705543764532,0.0554425362715397,0.0988006115271601,0.0996576668021731,0,0.0796139480912763,0.0800279819258214,0.11122082445236,0.148666749237788,0.182823377010764,0.251136632556716,0.284553714729134,0.294811173375219,0.413664539647009,0.413839937807102,0.427260353085437,0.443889576344598,0.459563700470257,0.49241580090957,0.509241847021808,0.00113450675201768,0.000338547768767711,5.6090628215769e-06,0.0424825747903033,0.0424441163952175,0.0585162360605743,0.0777601170006595,0.0951575212504814,0.129952329750125,0.146867000289234,0.152013092345692,0.000144345494425536,0.0287476872032582,0.0286875756761412,0.0394564310196467,0.0523611983451441,0.0639969145826508,0.0872683470576644,0.0985619846282985,0.102088336756099,0.000109784776120046,0.0217570648780581,0.0216349535271514,0.029771226004789,0.039487617679552,0.0482240749321474,0.0656969894373381,0.07417580839363,0.076694844026682,8.85085508708458e-05,0.0174858127456246,0.0174300402257613,0.0239047630549866,0.0316875642065362,0.038680376564868,0.0526660012815317,0.0594426868956155,0.0615519775006887
8.20000000000006,0.928401431447834,0.889375589360749,0.888568974328628,0.982981647387715,0.907530066799875,0.907147763736048,0.877623010752475,0.842181315306373,0.809858721896045,0.74521353507539,0.713594506337909,0.703889380657077,0.59492376080345,0.594763097193874,0.582144118513785,0.566502203150526,0.551754078501725,0.520818817804824,0.504963774223116,0.983942161461237,0.982703509238009,0.982976316049673,0.942680028030583,0.942698629427281,0.927469769066425,0.909226571694071,0.89272897934854,0.859733794657476,0.843694473957394,0.838805201074712,0.983117323025093,0.955695687753406,0.955754201889519,0.945536749802748,0.933287711193552,0.922246103444004,0.900162887944909,0.889446041256122,0.886093725212268,0.98308482673429,0.962326162307262,0.962453218668343,0.954721764922325,0.945494370159991,0.93720103209171,0.920614355955148,0.912566133897576,0.910161268539173,0.983064816659545,0.966377964553733,0.966420390336288,0.960280720528845,0.952893680039016,0.946254227984376,0.932975323875096,0.926541252225893,0.924524617324766,0.982978605402839,0.887316845755538,1.56768151387697,6.45611571504482,0.982981647387715,0.887331930675103,1.56768221399274,6.45426141365409,0.0579418282704964,0.0993712840061066,0.100227578706792,0,0.0800986667032163,0.0805045159306352,0.111847707555001,0.14947226795277,0.183785619858544,0.252412323670091,0.28597877813786,0.29628164550214,0.411958491484232,0.412129050415066,0.425525235883371,0.442130541637343,0.457787007831137,0.490627580773853,0.507459141378971,0.00101967243150369,0.00029526876411645,5.6596967964211e-06,0.0427838085211305,0.0427640614586744,0.0589308720252723,0.0782976735494364,0.0958113576948846,0.130838725985781,0.14786591339382,0.153056318101049,0.000144031941721803,0.0289665103023457,0.0289043922625458,0.0397511403740921,0.0527546010484595,0.0644762648241973,0.0879195923756732,0.0992964929567726,0.10285527917952,0.00010953419434816,0.0219276627760812,0.0217927809745415,0.0300004173409213,0.0397961301921155,0.0486002575094349,0.0662085121440737,0.0747524266799979,0.0773054084374127,8.82916929290556e-05,0.0176263087797976,0.0175812699802127,0.0240990839443825,0.0319410945359193,0.0389894724900095,0.0530862283981899,0.0599165765043388,0.0620574165708955
8.29999999999994,0.927772763526076,0.890248698019621,0.889436734596432,0.985120565825257,0.908624604721579,0.908247460419508,0.878352210122804,0.842467582596102,0.809747131523172,0.744306229377311,0.712301898283998,0.702478944226821,0.595592460117437,0.59543445913634,0.582740691143409,0.566998826732162,0.552152040560903,0.520987840488793,0.505005431539653,0.985976640909027,0.984883492667834,0.985115144949623,0.944221107327308,0.944247649543413,0.928793555997463,0.910285348228222,0.893550130005038,0.860079693558668,0.8438097979882,0.838828033568017,0.985257011339951,0.957415831948274,0.957463029109001,0.947101418191921,0.93466894580528,0.923460517472316,0.901043660806389,0.890165261950493,0.886777649554052,0.985224319149246,0.96414296818381,0.964275810160313,0.956416933117898,0.947050435863992,0.938628836087041,0.921785636533138,0.913613369522101,0.911200960828272,0.985204183750537,0.968255593603311,0.968288986423684,0.962059251702425,0.954559280982006,0.947815668620696,0.934328443898076,0.927793919435451,0.92575304553462,0.985117488742183,0.901278539325538,1.61856956333545,6.74211494522479,0.985120565825257,0.90129395951771,1.61856799087432,6.74010352081018,0.0604064827629805,0.0999319174847383,0.100787187478716,0,0.0805759204466131,0.0809731799730264,0.112462911912912,0.150261468217461,0.184727084762319,0.253658317852034,0.287369619715759,0.297716487095974,0.410303827867378,0.410470255928411,0.423841053879167,0.440422520353755,0.456061169037466,0.488887530972959,0.50572237157697,0.000901734377226476,0.000249717600732397,5.71000138499618e-06,0.0430808563836955,0.0430528985220968,0.0593312456945087,0.0788266001590735,0.0964544015848298,0.131710004436343,0.148847664938234,0.15409513484139,0.000143722920513319,0.0291823829736681,0.0291326685232165,0.0400469223597275,0.0531424883416095,0.0649487251240246,0.0885611986888546,0.100019803668158,0.103588096464553,0.000109287071620098,0.0220964507711378,0.0219565235857513,0.0302345586902598,0.040100623861612,0.0489713948653406,0.0667129368727977,0.0753210767935091,0.0778621527953557,8.80777389817157e-05,0.0177644759342014,0.0177293020871239,0.0242913035583302,0.0321912898504344,0.0392945769430856,0.0535011511283883,0.0603841984901093,0.062533923661246
8.39999999999999,0.927142632276533,0.891123747986771,0.890306727479744,0.98725650800072,0.909719183855825,0.909347712556747,0.879084547572664,0.842760178389725,0.809645083212521,0.743414892858113,0.711028612792601,0.701088884664866,0.596250524468719,0.59609645667764,0.583328551826066,0.567488690968531,0.552544621762264,0.521154280416972,0.505046231676267,0.988003531021249,0.987058287165755,0.987250997376076,0.945760313380364,0.945814035129563,0.930125692071158,0.911344374321588,0.894372580848326,0.860428993901803,0.843929552540793,0.838841008043333,0.987393717486827,0.959133570631396,0.959164186207806,0.948657864296498,0.936048743062091,0.924673996012811,0.901924501914249,0.890885088335713,0.887456067747232,0.987360830646076,0.965957381675901,0.966105041651803,0.958119389208416,0.948604379141164,0.940054771493621,0.922955556198537,0.914659735790647,0.912237720575858,0.987340570718069,0.970130332392398,0.970158675598466,0.963839569161367,0.956222407264348,0.949374796083783,0.935679573722654,0.929044665309011,0.926978488825892,0.987253395858646,0.915275302036497,1.67034913634825,7.0369225795512,0.98725650800072,0.915291058612802,1.67034510164555,7.03474375654829,0.0628340595444318,0.100482816889092,0.101336807994624,0,0.0810459279749285,0.0814342085415058,0.113066797319137,0.151034862905637,0.185648433185664,0.254875573745719,0.288727349655092,0.299116855597099,0.408699205557856,0.408860244995788,0.422205904114197,0.438762526829132,0.45438282285947,0.487193593308871,0.50403053954674,0.00078082619673866,0.000207190429782406,5.75998324590806e-06,0.0433739187871682,0.0433177661011644,0.059716014758565,0.0793471968040199,0.0970869726682079,0.132566524396584,0.149812573972296,0.155131377727604,0.000143418285981664,0.0293955147616183,0.0293635138146171,0.0403452522005594,0.0535249426613908,0.065414402869823,0.0891933232866869,0.10073227601221,0.104316461547415,0.000109043298758028,0.022262922754781,0.022108581088961,0.0304555884160401,0.0404011575867041,0.0493376393812238,0.0672106029702628,0.0758818135218983,0.0784134261718927,8.78665985798483e-05,0.0179011438703287,0.0178715181195967,0.0244765673757456,0.0324384097695525,0.0395958788808577,0.0539108171034679,0.0608459585381597,0.0630056305707078
8.50000000000001,0.926508009588745,0.892000515308896,0.891178724447393,0.9893893498372,0.910813614429237,0.910448322856654,0.879819777441587,0.843058797696852,0.809552213601115,0.742539045409642,0.709774109854817,0.699718643261535,0.596898693471637,0.596747448300689,0.583907680978753,0.567970894686348,0.552931995554532,0.521318760342534,0.505086562341773,0.990022780460494,0.989228643740092,0.989383749253266,0.947297880808063,0.947309942190109,0.931431033699146,0.912403565482,0.895196187864487,0.86078143262946,0.844053615102984,0.838950798891265,0.989527317525847,0.960848767234304,0.960858134845896,0.95021288799461,0.937427016735575,0.925886407960806,0.902805190411269,0.891605114585692,0.888158782046031,0.989494237254618,0.967768702441483,0.967888046892244,0.959801732440316,0.950155883630908,0.941478598051709,0.924124026893312,0.915704988966291,0.91323181835445,0.989473853573161,0.972002291037294,0.972030807534124,0.965614504677418,0.957882983710329,0.950931513514267,0.937028573122143,0.930293469860921,0.928191430707355,0.98938620267498,0.929307290205414,1.7230247405038,7.34070233684591,0.9893893498372,0.929323384205949,1.72301804624472,7.3383453477857,0.0652286450052144,0.101024273493827,0.101876741080581,0,0.0815088980403143,0.0818878256238754,0.113659707520979,0.151792942091661,0.186550297305187,0.25606500773224,0.290053029321473,0.30048385757964,0.407141985059103,0.407298876078372,0.420617940546192,0.43714963296057,0.452749920881636,0.485543250173953,0.502381381754202,0.000657076027627065,0.000166705113424656,5.80964877256499e-06,0.0436627063004912,0.0436501946777325,0.0601218487635845,0.0798595955224841,0.0977093093111628,0.13340873688852,0.150760989032563,0.156054288855466,0.000143117900308807,0.0296059772818215,0.0295962599855829,0.0406388844765978,0.0539020409892084,0.0658734504715619,0.0898162694362688,0.101434434175942,0.10500941525795,0.000108802771843702,0.0224277270202224,0.0223039275467819,0.0306920969576318,0.0406980167627254,0.0496992177297853,0.0677016196639051,0.0764349328225821,0.0790004247036348,8.76581856063354e-05,0.0180361023105215,0.018006521318113,0.0246623390795083,0.032682470878862,0.0398934333025582,0.0543153581499506,0.0613018768526988,0.0634823832667363
8.60000000000003,0.925868826375752,0.892878789191733,0.892052510202541,0.991518976467436,0.911907718835443,0.911549106272655,0.880557667870208,0.843363151205665,0.809468176746901,0.741678227829372,0.708537872082856,0.698367684454889,0.597536977523019,0.597389192885294,0.58447838970915,0.568447273219433,0.55331432833573,0.521481505713214,0.505126870109567,0.992034345936059,0.991392465919892,0.99151328571511,0.94883333137732,0.948872141820198,0.932756027612803,0.913462673375973,0.896020733162042,0.86113685273418,0.844181690093732,0.839009201713478,0.991657696721,0.962561325554667,0.962579055790596,0.951777040367641,0.93880357720247,0.927097568728962,0.903685551781946,0.892325274713619,0.888848488143399,0.991624424209875,0.969576909870514,0.969726974742288,0.961505117014332,0.951704965803095,0.942900292842355,0.925290946920875,0.916748872106074,0.914238983671903,0.991603917532806,0.973871439803099,0.973895389252594,0.967381032483945,0.959540897626021,0.952485691528973,0.938375279334877,0.931540203220811,0.929396025833624,0.991515794323597,0.943374643737335,1.77660086919617,7.6536191786403,0.991518976467436,0.943391076130806,1.77659131028313,7.6510727485617,0.0675911509049092,0.10155656573716,0.102407274345899,0,0.0819650300999876,0.0823342453388557,0.114241971168798,0.152536174383828,0.187433281707435,0.257227496354648,0.291347674041627,0.301818551651703,0.405630401564654,0.405782555577036,0.419075077293492,0.435580166959203,0.451160529834864,0.483934516103026,0.500772689991999,0.000530606791862493,0.000130250936184354,5.85900411056924e-06,0.0439476813797096,0.0439077234740898,0.0605003238850787,0.0803641020464727,0.0983217276029687,0.13423697871596,0.151693434718685,0.157018851982399,0.000142821632229568,0.0298138077363602,0.0297955532913875,0.0409169392061264,0.0542739735058458,0.0663260797709805,0.09043029230125,0.102126445327168,0.1057060259588,0.000108565391881665,0.022590801886163,0.0224363002227329,0.0309012439529891,0.0409911447145954,0.050056135090499,0.0681861158423062,0.0769807441415847,0.0795648394966087,8.74524179982471e-05,0.0181693006354636,0.0181446431007494,0.0248516021980736,0.0329235371069308,0.040187336188956,0.0547149343530068,0.061752095127616,0.0639596668870379
8.69999999999991,0.925225182541294,0.893758371140341,0.892927881822568,0.993645281598488,0.913001330818023,0.912649889189055,0.881297999912404,0.843672964306934,0.809392643075485,0.740832000612587,0.70731940342933,0.697035494528042,0.598165135777157,0.598022145552114,0.585040049685608,0.568915968175619,0.553691224289353,0.521641603360758,0.505165529154582,0.994038191569113,0.993551140087664,0.993639500469871,0.950366530523215,0.950403772265027,0.93407598660632,0.914521555027414,0.896846061597023,0.861495074736241,0.844313569940869,0.839050104675009,0.993784748905159,0.964270626678898,0.964293968660006,0.953335165980105,0.94017813554523,0.928307286371273,0.904565588023359,0.893045531635156,0.889495793540629,0.993751285316961,0.97138178084074,0.971537711281381,0.963196385180977,0.95325148244376,0.944319723917159,0.926456206863955,0.917791229681131,0.915295598247852,0.993730656384859,0.975737333113737,0.975766429751888,0.969149348935757,0.9611959332242,0.954037189437905,0.939719701865315,0.932784870395965,0.930611461686427,0.993642064511246,0.957477487331011,1.83108200161112,7.97583930708756,0.993645281598488,0.957494259014781,1.8310693650314,7.97309163769527,0.0699222845235901,0.102079959974899,0.102928682955008,0,0.0824145148761691,0.0827736725200895,0.114813902694582,0.153265008160197,0.188297964962873,0.258363878568224,0.292612255692224,0.303121951148956,0.404163040694149,0.40430917031596,0.417576292307871,0.434054383257147,0.449613391333479,0.48236667208464,0.499204483843915,0.00040153643646858,9.62084182276084e-05,5.90805516999343e-06,0.0442289500923006,0.0441908906959682,0.0608771581846184,0.0808609136511871,0.0989244782727692,0.135051607515933,0.152610337821793,0.157989364174734,0.000142529356624947,0.03001958499582,0.029995730533946,0.0411951372810978,0.0546410345865641,0.0667725121043651,0.0910354671399669,0.102808450102625,0.106436123848351,0.000108331064494483,0.0227523031378993,0.0225929491938599,0.0311174118142509,0.0412806581166248,0.0504085162986333,0.0686642326626507,0.0775194522299508,0.080069876060789,8.72492174972425e-05,0.0183011233020555,0.0182713878377763,0.0250337488094312,0.0331617843425712,0.0404777006705846,0.0551095333266119,0.0621966212701366,0.0644177478728226
8.80000000000001,0.924573732379216,0.894639074165184,0.893804647964642,0.995768166925912,0.914094294716671,0.913750508670096,0.882040566714973,0.843987976191195,0.809325298404826,0.739999942832088,0.706118227998457,0.695721580399689,0.598784025883092,0.598644789736134,0.585594512880316,0.569378792306475,0.554062836859678,0.521799961310268,0.505204696375881,0.996034288309832,0.995707230071228,0.995762295214343,0.951897422893223,0.951931643847025,0.935385936837407,0.91558007077124,0.897672018626106,0.861855914335838,0.84444911002242,0.839121356264914,0.995908375894585,0.965976830729631,0.966024742987166,0.954898673875462,0.94155073709997,0.929515526332331,0.905445104797054,0.8937655661238,0.890137414607286,0.995874722365527,0.97318316222173,0.973347027130402,0.964878816495141,0.954795328374287,0.945736776683657,0.927619673302396,0.918831852077948,0.916294372942641,0.995853971902427,0.977599938118196,0.977615893825708,0.970908163723981,0.962848043831412,0.95558591251838,0.941061649892316,0.934027150240002,0.931816021190425,0.995764914933191,0.971615931585741,1.88647260272593,8.3075301628988,0.995768166925912,0.971633043385887,1.88645666741938,8.30456891646616,0.0722262234385516,0.102594711179053,0.103441230342905,0,0.0828575348738421,0.0832063032568348,0.115375803126548,0.15397987271549,0.189144901087683,0.259474957832069,0.293847705106999,0.304395026639385,0.402737453497349,0.402878707531107,0.416118116174841,0.432568843887485,0.448106766582127,0.480837213463806,0.497672986102562,0.000269978161342717,6.1819985088786e-05,5.95680764181622e-06,0.0445065429776289,0.0444718260749474,0.0612573225682396,0.0813502261357334,0.0995178116193334,0.135852982586533,0.153512055879228,0.158917022373664,0.000142240954141257,0.0302230886212642,0.0301744819929482,0.0414617962159107,0.0550031786305438,0.0672128102902121,0.0916320736095485,0.103480878579274,0.107161611262511,0.000108099699635194,0.0229123190107662,0.0227460792817357,0.0313370158817855,0.0415666394569136,0.0507564726595076,0.0691361390646955,0.0780513182263301,0.0806255719045039,8.70485094141354e-05,0.0184315327694353,0.0184153458230367,0.0252202880376566,0.0333972196195817,0.0407645977327001,0.0554993539589369,0.062635801448146,0.0648789753957031
8.89999999999999,0.923916069179518,0.895520722048123,0.89468262813111,0.997887541592985,0.915186464770881,0.91485081176609,0.882785172758787,0.84430793901264,0.809265843041028,0.739181651097802,0.704933888941205,0.694425468499782,0.599393937997857,0.59925854159203,0.586140561699906,0.56983514590572,0.554429869090165,0.521956665768583,0.505243353214522,0.998022613401685,0.997857142452104,0.997881579093057,0.953426041623842,0.95344966586545,0.93670047905712,0.916638120423103,0.898498462948013,0.862219147997833,0.844588096773301,0.839192021557056,0.998028486948441,0.967679879979592,0.967697298447797,0.956437951702768,0.942921216026772,0.930722138972763,0.906323984864745,0.894485417655537,0.890839481473415,0.99799464458921,0.974981055446458,0.975148080038176,0.966561488857346,0.95633646740098,0.947151396383967,0.928781254349939,0.919870629344375,0.917243684096371,0.997973773303271,0.979459189465649,0.979481968691139,0.972673309588706,0.964497141375387,0.95713177808119,0.942401051492794,0.935267009700463,0.93304360393703,0.997884254732425,0.985790074018482,1.94277712332043,8.64886042329693,0.997887541592985,0.98580752668986,1.94275766004745,8.64567270631403,0.0745020458264776,0.10310106358588,0.103945168879111,0,0.0832942648601074,0.0836323253951875,0.115927960845353,0.154681179326775,0.189974620903012,0.260561504055486,0.295054914317529,0.305638708255208,0.401351869145673,0.401488236706065,0.414700307619175,0.431122676879694,0.446638450756233,0.479344573847499,0.496177765579238,0.000136040635036179,3.06171840725533e-05,6.00526700846874e-06,0.0447804079077922,0.0447566142171506,0.061625937517565,0.0818321969520686,0.100101964314976,0.136641499040791,0.154399012085238,0.159833791601274,0.000141956310840641,0.0304243313861898,0.0304067879809539,0.0417468943733966,0.0553605812164624,0.0676471582990226,0.0922203124641428,0.104143793881551,0.107815881183025,0.000107871211327866,0.0230707869524767,0.0229025643474597,0.0315507443657196,0.0418491065892115,0.0511000591456788,0.0696019642586135,0.0785765022912808,0.0812222897667082,8.68502224142926e-05,0.0185605327283888,0.018537590114892,0.025395085523811,0.0336298987435459,0.0410480914030861,0.0558844767221667,0.0630696886856305,0.0653090422184659
9,0.923248693986009,0.896403148663068,0.895561651989467,1.00000332169102,0.916277704476121,0.915950654871617,0.883531633156084,0.84463261711388,0.809213990939051,0.738376738589392,0.703765947427145,0.693146703723014,0.5999950754875,0.599863819011059,0.586679336266441,0.570285505841558,0.554791907272351,0.522110597397277,0.505281486115806,1.00000314988871,1.0000030302925,0.999997268198609,0.954951981050008,0.954978049577902,0.938015348361736,0.917695542330178,0.899325261066016,0.862584698537691,0.844730293465034,0.839243090062464,1.0001449982694,0.969380266246426,0.969428660416851,0.957996831236265,0.944289592705452,0.931927072270248,0.907202031399839,0.895205143635201,0.891491593934687,1.00011096816618,0.976775671789107,0.976912472661066,0.968229993668109,0.957874816510875,0.9485634764159,0.929940796225948,0.920907631219252,0.918242816006263,1.00008997675031,0.981314848126077,0.981351691728037,0.974435128404886,0.966143076946625,0.958674676934506,0.943737876910266,0.936504448053358,0.934289952544247,1,1,2,9,1.00000332169102,1.00001779422632,1.99997677120963,8.99657234656647,0.0767539448195193,0.103599251297793,0.104440740484603,0,0.0837248723085517,0.0840519190032974,0.116470652286975,0.15536932224485,0.19078763330036,0.26162425541138,0.296234738641611,0.306853887866389,0.400004687332387,0.40013594264104,0.413320308083389,0.429713992652454,0.4452074533752,0.477888472484842,0.494717434037805,1.71800784296327e-07,2.91395932960449e-07,6.05343855600505e-06,0.0450509398194887,0.0450248715235253,0.0619874218226334,0.0823070470689909,0.100677164892863,0.137417400540608,0.155271646762722,0.160758801345674,0.000141675317878212,0.030622782991443,0.0305743892515812,0.0420061167232465,0.0557132333008349,0.0680756437467637,0.0928004646386213,0.104797245667016,0.108510762328099,0.0001076455174234,0.0232274432456436,0.0230906435908017,0.0317730453357914,0.0421281303630717,0.0514393876151066,0.0700619021191765,0.0790949867578533,0.0817597782619964,8.66542883177091e-05,0.0186883072937004,0.0186514640195382,0.0255679658060633,0.0338599434899885,0.0413282770557952,0.0562649441874084,0.06349830868854,0.0657127844952967
9.10000000000001,0.922571511933569,0.897286197346523,0.896441558742156,1.00211542979716,0.917367885987873,0.917049903131245,0.88427977299899,0.84496178630637,0.809169468922825,0.737584834155736,0.702613981686607,0.691884848453644,0.600587377400565,0.600460858265078,0.587210574827213,0.570729144448961,0.555150377286428,0.522263475889925,0.50531855189419,1.00197588616184,1.0021425169035,1.00210928510943,0.956475505348562,0.956546947352732,0.939340336223622,0.918752279222653,0.900152297805841,0.862952334972218,0.844875616847694,0.839328766533013,1.00225783254166,0.971077467713594,0.9711101698046,0.959539009161043,0.945655727886048,0.93313023618604,0.908079252786024,0.895924517513545,0.892143645306333,1.00222361575709,0.978566896737211,0.978704024538245,0.969908948812694,0.95941029738038,0.949972936177815,0.931098213772684,0.921942729521818,0.919236375925542,1.00220250488956,0.983166639395771,0.983195649461724,0.976186889870528,0.967785765374199,0.96021454222943,0.945072095939892,0.937739300527156,0.935452704234153,1.0021120733128,1.01424578361697,2.05814565522731,9.36112003722162,1.00211542979716,1.01426392001087,2.05811841492555,9.35743839218419,0.0789826115566773,0.104089498843042,0.104928177205716,0,0.084149517811659,0.0844652568036687,0.117004142596749,0.156044679617559,0.1915844264209,0.262663920027581,0.297387998631701,0.30804142110873,0.398694646219644,0.398820272565455,0.411977054603567,0.428342182804772,0.443811017486015,0.476465850540091,0.49329120168897,0.000138558937498751,2.68959645888476e-05,6.10132738550406e-06,0.0453178636534041,0.0452469257839136,0.0623321174556114,0.082774893628679,0.10124362318918,0.138181082310183,0.156130241016412,0.161637949657553,0.000141397871201346,0.0308189408895005,0.030786469562712,0.0422759776346832,0.0560612907236786,0.0684983955592067,0.0933726052302627,0.105441569902669,0.109195762164102,0.000107422539373961,0.023382361459656,0.0232462013089673,0.0319792140684594,0.0424037811531405,0.0517745470646275,0.0705160788876018,0.0796069569285788,0.0822942129824766,8.64606419135109e-05,0.0188150771540889,0.0187862717993622,0.0257455736687375,0.0340874151388895,0.0416052115048881,0.0566408042368854,0.0639218553500809,0.0661923161426579
9.19999999999997,0.921881158759781,0.898169720313796,0.897322196541958,1.00422379454641,0.91845688956946,0.918148429888692,0.885029426754949,0.845295233201774,0.809132015959745,0.736805581475689,0.70147758611729,0.690639481655704,0.601170875254503,0.601049362007323,0.587734747128727,0.571167001717965,0.555502653531029,0.522414796771147,0.505356170122505,1.00394081554094,1.00427874567277,1.00421755846184,0.957996130167582,0.958034137598875,0.940641377163487,0.919808116374564,0.900979400797933,0.863321969644673,0.845023836707802,0.839403483387371,1.00436691850325,0.972770996951225,0.972835212831961,0.961094684359295,0.947019431004513,0.934331472855537,0.908955556557585,0.89664324805737,0.892839754296622,1.00433251607735,0.980354497415676,0.980494732692818,0.971575859973119,0.960942808895051,0.95137971413257,0.932253524607608,0.922975928840791,0.920220682592616,1.00431128642232,0.985015011750496,0.98506131806185,0.977947595392883,0.969425181193416,0.961751292111623,0.946403513948037,0.938971677259738,0.936663287295398,1.00422040330559,1.02852748846707,2.11721849736333,9.73239290969795,1.00422379454641,1.02854596757023,2.11718699098166,9.72844261153267,0.0811919387194807,0.104572021696734,0.105407701748616,0,0.0845683554640209,0.0848725045753416,0.117528686238666,0.15670761435067,0.192365468755796,0.263681177566047,0.298515481894776,0.309202129278285,0.397420456744345,0.397540271904795,0.410668821713398,0.427005041185363,0.442450487956947,0.475075958501375,0.491896199391937,0.000279024515694502,5.41832119088554e-05,6.14893842100515e-06,0.0455816559372285,0.0455441796407399,0.0626938849658383,0.0832360113763193,0.101801605089224,0.138932792515033,0.156975218214655,0.162517029914206,0.000141123871272601,0.0310132605121117,0.030949942016126,0.0425264024874306,0.0564049612307269,0.0689156115234423,0.0939369121088733,0.106077162268404,0.109827504110056,0.000107202202025491,0.0235357356659999,0.0233974601065741,0.0321916960499197,0.0426761555681781,0.0521056108741253,0.0709645214860196,0.0801124675016831,0.0828292105643972,8.62692207903316e-05,0.0189403496832822,0.0188946904794215,0.0259090024393002,0.0343123201715404,0.0418789704993669,0.0570122711550202,0.0643402516502416,0.0666163830217343
9.30000000000001,0.92117372199316,0.899053578116991,0.898203421949136,1.00632835023506,0.919544603079943,0.919246116175775,0.885780437705096,0.845632754590038,0.809101382485059,0.736038638275102,0.700356370450071,0.689410198023296,0.601746557546979,0.601629221124198,0.588251858929311,0.57159903344787,0.555851365378862,0.522563498161259,0.505392862656576,1.00589793588935,1.00640845483157,1.00632202255343,0.95951395058352,0.959564571826109,0.941949608821725,0.920863019220821,0.901806504025587,0.863693473635117,0.845174859412112,0.839502013754588,1.00647219054967,0.974461315567568,0.974537907179574,0.962636694661823,0.948380733463815,0.935530722536899,0.909830700683065,0.897361250006066,0.89354382146571,1.00643760350066,0.982138453928196,0.982276901136999,0.973242400230431,0.962472229665093,0.95278367538296,0.933406566818694,0.924007128235398,0.921216014621652,1.00641625570875,0.986859668608906,0.986906134004384,0.979692199966985,0.971061269351241,0.96328487254289,0.947732078926189,0.940201287758802,0.937870978296818,1.00632492427442,1.04284516839296,2.1772229207161,10.1139922207371,1.00632835023506,1.04286399067616,2.17718688498015,10.109757984176,0.0833862457648883,0.105047026766399,0.105879527977607,0,0.0849815332188106,0.0852738215284707,0.118044527563585,0.15735847491138,0.193131210173882,0.264676680698887,0.299617944793826,0.310336801102739,0.39617995514291,0.396294854872839,0.409394413108241,0.42570141399527,0.441122054622059,0.473718641960928,0.490532699654486,0.000421476050723986,7.84410866362918e-05,6.19627642230151e-06,0.0458422180364623,0.0457926480311362,0.0630418059988093,0.0836904962591828,0.102351270104359,0.139672817794711,0.157806861107519,0.163361900357304,0.000140853222809052,0.0312052608230897,0.0311302597677843,0.0427843231157713,0.0567442347331978,0.0693273930577168,0.0944937097067549,0.106704210770204,0.110442363833967,0.000106984433422559,0.0236875514592269,0.0235519793450975,0.0323988632844891,0.0429453727136632,0.05243272748411,0.0714074370250034,0.080611680081907,0.0833448314156471,8.60799651737967e-05,0.0190643809304785,0.0190188804689431,0.0260830047449067,0.034534699225442,0.0421496057644545,0.0573794188424796,0.0647538201645535,0.0670357367381685
9.39999999999998,0.920443238262768,0.899937639141334,0.899085099426845,1.00842903645278,0.920630921498735,0.920342850237798,0.886532657422026,0.84597415686031,0.809077329772065,0.735283675595575,0.699249958969266,0.688196607186159,0.602314336091426,0.602201528345939,0.588761758889872,0.572025883584168,0.556195552734075,0.522711202656181,0.505428676215352,1.00784724925824,1.00853270066448,1.00842261697523,0.96102898282639,0.961110450824208,0.943270953975029,0.92191690784608,0.902633511856632,0.864066719877736,0.845328606889702,0.8395925869805,1.00857358836617,0.976148191985517,0.976246395808446,0.964177429535345,0.949739558773874,0.936727935888655,0.910704690118218,0.898078454674205,0.894205387572153,1.00853881769132,0.983918736608385,0.984065202069588,0.974907518878716,0.963998507504415,0.954184755295509,0.934557250877698,0.925036223354951,0.922233656688969,1.00851735240009,0.988700504484099,0.988759637588497,0.981446720318521,0.972693882805011,0.964815157639314,0.94905770730792,0.941428153489916,0.93909733168913,1.00842557580874,1.05719886816031,2.23816330559625,10.5060928002908,1.00842903645278,1.05721803402355,2.23812246839473,10.5015586986929,0.0855717269803894,0.105514712844986,0.106343861380192,0,0.0853891932197446,0.0856693606535682,0.118551901339708,0.157997596079056,0.193882082882477,0.265651056489318,0.300696114040269,0.311446194399369,0.394972108873696,0.395081821506832,0.408152843265256,0.424429535434881,0.43982552862219,0.472391166735667,0.489199511542998,0.000565824667114083,0.000100819970987135,6.24334599015921e-06,0.046099535734322,0.0460203029784642,0.0633703365662568,0.0841384905509131,0.102892806938431,0.140401439713466,0.158625434059429,0.164204074473241,0.000140585834545831,0.0313951531528262,0.0312996437536158,0.0430374731317962,0.0570792112349232,0.0697338335036349,0.0950430780410585,0.107322886765097,0.11108968831093,0.000106769164628866,0.0238378093924047,0.0236953625121586,0.0326017858429991,0.0432114860690708,0.0527559778160242,0.0718449613099307,0.081104759874124,0.0838304323635398,8.58928177813257e-05,0.0191872391462775,0.0191297284801346,0.026242000834647,0.0347546862613594,0.0424172424090752,0.0577423547045067,0.0651625760325722,0.0674294469467403
9.49999999999999,0.919676635519669,0.900821779136679,0.899967100871704,1.01052579774111,0.921715746483908,0.92143852709241,0.887285945283736,0.846319255461252,0.80905962934444,0.734540377110816,0.698157989783037,0.686998332966119,0.602873657596503,0.60276539847597,0.589265499130416,0.572447024637048,0.556535681587988,0.522857119583688,0.505464709148756,1.00978876155819,1.01064942542407,1.0105192862701,0.962541104398631,0.962592960198033,0.94456065861843,0.922969681411338,0.9034603153738,0.864441583298725,0.845484908173405,0.839690182784946,1.01067105658643,0.977832002613118,0.977926405313445,0.965711234820503,0.951095851303354,0.937923006806281,0.911577317812135,0.89879493563068,0.894883431363007,1.01063610326283,0.98569520623609,0.985821751581291,0.976560551429207,0.965521615638946,0.955582939668652,0.935705587728064,0.926063150414328,0.923235779384392,1.01061452109725,0.99053733237452,0.99060544116374,0.983189050952583,0.974322917070291,0.96634204005464,0.950380286023337,0.942652070280612,0.940243940471302,1.01052230244989,1.07158862408511,2.30004401837929,10.9088707030518,1.01052579774111,1.07160813385771,2.29999809863308,10.9040201505187,0.0877612754035615,0.10597527103391,0.106800899501579,0,0.0857914721105514,0.0860592690474696,0.119051033248309,0.158625299647376,0.194618502326569,0.266604907684954,0.301750688185709,0.312531037628355,0.393796385847554,0.39390096533139,0.406942014422164,0.423188843075163,0.438559372920725,0.471093228852726,0.487894485846063,0.000711984941306097,0.000119425681719972,6.29015157526239e-06,0.046353733866254,0.0463036406019764,0.0637230393767305,0.0845801573794802,0.103426416430234,0.141118934531741,0.159431288170775,0.165029055704007,0.000140321619009751,0.0315825604557784,0.0314913664240487,0.043291353518255,0.0574099724093213,0.0701350829715742,0.0955853040960799,0.107933223829296,0.111711779347955,0.000106556329560322,0.0239866205281443,0.0238643763530781,0.0328107960804656,0.0434745277028877,0.0530753964137038,0.0722771338353362,0.0815918327930411,0.0843231038533226,8.57077236837639e-05,0.0193090741954908,0.0192432803668859,0.0264075936957763,0.0349723751244925,0.0426819888248951,0.0581012162257005,0.0655667563979064,0.067893035894984
9.59999999999997,0.919597110841342,0.901705880781344,0.900849305176663,1.01261858327612,0.922798985961445,0.922533048119187,0.888040168020826,0.846667874397579,0.809048062427345,0.733808438486875,0.697080114140036,0.6858150126805,0.603425746227913,0.603322715962968,0.589762155494825,0.572862733232494,0.556871564196897,0.523001018521041,0.505499943132394,1.01172248225565,1.01276260168824,1.01261197961545,0.964050285642149,0.964105758308504,0.945860993553217,0.924021219908892,0.904286785000622,0.864817915184083,0.845643676192532,0.839766734227634,1.01276454447542,0.979512407676895,0.979607613317106,0.967244884876702,0.952449567479868,0.939115898772492,0.91244856135774,0.899510395432638,0.895550946573134,1.01272940946068,0.987468004087975,0.987610441429198,0.978222235804131,0.967041507593123,0.956978149864335,0.936851434406759,0.927087857715249,0.924209882907194,1.01270771103359,0.992370540874277,0.992424454253709,0.984922936922601,0.975948430796055,0.967865539249666,0.951699756156888,0.943873191595943,0.941421942305804,1.01261505337373,1.08601446461421,2.36286941157311,11.3225032065724,1.01261858327612,1.08603431855494,2.36281811910457,11.3173189398077,0.0892609356953079,0.106428885138542,0.107250832351011,0,0.0861885013237677,0.0864436882178838,0.119542140347466,0.159241895081635,0.195340868031125,0.267538813930103,0.302782339020702,0.313592031349382,0.392650584415872,0.392749449523177,0.405761803383604,0.421978040391714,0.437322741713014,0.469824018250615,0.486617585627869,0.000859874752256339,0.000138196245299587,6.33669748730212e-06,0.0466048491650803,0.0465516190669669,0.0640588110192283,0.0850156780719729,0.103952317959773,0.141825597735372,0.160224688491879,0.165864045998089,0.000140060492312254,0.031767807302255,0.0316764504971401,0.0435393965401753,0.0577365903727756,0.0705312249224075,0.0961204940216711,0.108535614600046,0.112334996622136,0.000106345864826799,0.0241338281673281,0.023997149075687,0.0330058219837727,0.043734551982852,0.0533910829277693,0.0727041448176037,0.0820730138368315,0.0848346420668574,8.55246301744885e-05,0.0194294840049328,0.0193777501571599,0.026576007060465,0.0351877049114144,0.0429438330791364,0.0584560894145808,0.0659662530112654,0.0683184067617199
9.70000000000001,0.919736221328966,0.902589833275703,0.901731597823595,1.0147073465733,0.923880553742949,0.923626320677483,0.888795199294302,0.847019845759987,0.809042419434284,0.733087566782878,0.69601599578873,0.68464629648887,0.603970408135028,0.603872579736706,0.59025262083925,0.573274037329373,0.55720331016143,0.523143033711177,0.505535143286989,1.0136484240924,1.01487194947506,1.01470065052811,0.965556379326994,0.965584550035079,0.94714757944814,0.925071460327906,0.905112848621269,0.865195625207995,0.845804709087172,0.839877167701317,1.01485400563445,0.98118963547358,0.981313799646791,0.968782941449174,0.953800688539136,0.940306578856982,0.913318359492674,0.900224977380655,0.896192204003386,1.01481868986741,0.989236883456937,0.989401379346594,0.979881422550513,0.968558091284594,0.958370314741561,0.937994761655497,0.928110224198744,0.925144952519103,1.01479687577995,0.994199606155466,0.994236872739785,0.986653814295247,0.977570332149507,0.969385582664019,0.953016083693044,0.94509110924254,0.942587094331397,1.01470378209554,1.10047641086338,2.42664382389069,11.7471688094074,1.0147073465733,1.10049660916054,2.4265868592932,11.7416328693204,0.0905309815964626,0.106875732038265,0.107693842782139,0,0.086580407350504,0.0868227543682075,0.120025431506259,0.15984768013468,0.196049564390847,0.268453332903182,0.303791712887507,0.314629849588792,0.391533933277912,0.391627187947742,0.4046103788399,0.420795170031035,0.436114549492317,0.468582420674799,0.485367097068215,0.00100941513943124,0.000156907294003474,6.38298790007696e-06,0.0468530334854489,0.0468261798302079,0.0644011747626839,0.0854451787023392,0.104470674130091,0.142521664985595,0.161006006051961,0.166656419677519,0.000139802373955625,0.0319506721534307,0.0318323129737223,0.0437773214166339,0.0580591155828364,0.0709223410332335,0.0966487919340279,0.109130024855814,0.112974255736105,0.000106137709589014,0.024279653649552,0.0241228483645677,0.0331977227675812,0.0439916592594176,0.0537031311236638,0.0731260748521562,0.0825484848350287,0.0853751224595427,8.53434866531416e-05,0.0195489509635201,0.0195134266875842,0.0267419577039453,0.0354007637658106,0.0432028552239884,0.058807038140344,0.0663614997125868,0.068748445505371
9.8,0.919871760805687,0.903473531963175,0.902613870503276,1.01679204521293,0.924960369169556,0.924718257750313,0.889550919301593,0.847375009285843,0.809042499486951,0.732377479889165,0.694965310376199,0.683491846779866,0.604507870579437,0.604415192465255,0.590736354770614,0.573679409655262,0.557531901551143,0.523284317519047,0.505569818998741,1.01556660282584,1.01697516114325,1.01678525658973,0.967059220166241,0.967101512006848,0.948455788377396,0.926120281732943,0.905938401689955,0.86557464160398,0.845967939908316,0.839969637110114,1.0169393977267,0.982863281490016,0.98300120651175,0.970315930824552,0.955149034746432,0.941494935096594,0.914186735796919,0.90093868359099,0.896847200289172,1.01690390212808,0.991001794973848,0.99116942506806,0.981537383351023,0.970071302600876,0.959759378907449,0.939135531520596,0.929130252813289,0.926128231199197,1.01688197297008,0.996024775315095,0.996048875125953,0.988380748675319,0.979188626108849,0.970902161184879,0.95432923133694,0.946305985771278,0.943751099887301,1.01678844619544,1.11497447711609,2.4913715803272,12.1830472292789,1.01679204521293,1.11499501988768,2.49130863483489,12.1771409423331,0.0917863745455744,0.107315982033089,0.108130106849409,0,0.0869673119926905,0.0871965986641473,0.120501107811707,0.160442941424574,0.196744961411321,0.269349001384815,0.304779431913173,0.315645141123879,0.390445301554375,0.390533070468308,0.403487334146619,0.419640765417854,0.434932932954163,0.467366407478883,0.484142561263572,0.00116053016779481,0.000173416199387233,6.42902685825772e-06,0.0470984555489387,0.0470584039256284,0.0647164554180795,0.0858688405051758,0.104981677533964,0.143207351591541,0.161775477721668,0.167456047796763,0.000139547186652187,0.0321315422667817,0.0320009231937832,0.0440142542788081,0.0583777532370927,0.0713085892556556,0.0971702612927817,0.10971655837816,0.11359131401971,0.000105931805420385,0.0244241294022841,0.02426537874749,0.0333872070013544,0.0442459244384663,0.0540116210230242,0.0735430141921399,0.083018308909631,0.0858613121256261,8.51642445121558e-05,0.0196672185269555,0.0196443952936211,0.0269063377318344,0.0356115495449747,0.0434590767971066,0.0591541313013699,0.0667523820397459,0.0691719345008446
9.90000000000002,0.920002248838888,0.904356877976493,0.903496020760615,1.01887264058435,0.926038356779979,0.925808777612218,0.890307214408581,0.847733211948299,0.809048109965543,0.731677906000029,0.693927744883437,0.682351337595102,0.605037860249151,0.604950930450064,0.5912147271774,0.574080095966158,0.557855923058505,0.523423288243825,0.505604281136504,1.01747703698872,1.0190726970034,1.01886575919098,0.968559133523845,0.968628964288663,0.94974968296493,0.927167729847358,0.906763425386565,0.865954816464978,0.846133306759085,0.840048802449576,1.01902068222157,0.98453325673323,0.984678502818253,0.971842812325498,0.956494510830394,0.942680872347942,0.915053595383038,0.901651425838518,0.897507758174944,1.0189850076946,0.992762869644358,0.992928082788915,0.983183650288588,0.971581173881227,0.961145322748176,0.940273620482077,0.930147762846058,0.927100059540716,1.01896296404499,0.997845903868164,0.997895901568474,0.990117834865118,0.980803226496725,0.972415207586753,0.95563916976681,0.947517790408333,0.944912656519607,1.01886900706255,1.12950867128664,2.55705699224106,12.6303194012659,1.01887264058435,1.12952955858042,2.55698774759876,12.6240233605705,0.093028807665305,0.107749799168578,0.108559794142295,0,0.0873493325991558,0.0875653474835363,0.120969362950488,0.161027954976869,0.197427415405141,0.270226336261686,0.305746095168791,0.316638530690381,0.389384076520413,0.389465870224442,0.402390493964116,0.418512755474623,0.433778351517172,0.466176594358479,0.482942796612855,0.00131314679938528,0.000188236435622476,6.47481828532383e-06,0.0473408215408764,0.0472751166045996,0.0650389486287143,0.08628668656314,0.105485438400944,0.143882942076551,0.162533332567699,0.168258344587528,0.000139294856153565,0.0323105014477433,0.0321738369734834,0.0442511531550158,0.0586926271147135,0.0716901109403111,0.097685078591506,0.110295404401328,0.114194250712122,0.000105728096180816,0.0245671208142336,0.0244116689992116,0.033580368757318,0.0444973331496562,0.0543166002805046,0.073955134542201,0.083482723599323,0.0863503586881328,8.49868570308032e-05,0.0197844087725948,0.0197373650989146,0.027055878342165,0.0358201493750105,0.043712576866121,0.0594974318483419,0.0671389737192576,0.0695901878309658
9.99999999999999,0.920130598149499,0.905239777907281,0.9043779516632,1.0209490976475,0.927114446000835,0.926897803519276,0.891063976805654,0.848094307571661,0.80905906608727,0.730988583118488,0.692902997094489,0.681224454087454,0.60556102908488,0.605479440647503,0.591686561817965,0.574475670820452,0.558175879982162,0.523560960290124,0.505638534204827,1.01937974766649,1.02116340397249,1.02094212329315,0.970055580484349,0.970126147295282,0.951051224570776,0.928213616137454,0.907587784458004,0.866336121099104,0.84630059040765,0.840127383739771,1.02109782415649,0.986199226178625,0.986306619745291,0.973345445590856,0.957837088561913,0.943864365158303,0.915918918351083,0.902362885756965,0.898153476556234,1.02106197158749,0.994520024251893,0.994705287577909,0.984836821384914,0.973087563911945,0.962528042094496,0.941408998459601,0.931162893347206,0.92804239816772,1.02103981401464,0.999662982436391,0.999700196826856,0.991833476392511,0.982414154207084,0.973924735176071,0.956945897114046,0.948726468250315,0.946090673895695,1.02094542965667,1.14407899535017,2.62370435743854,13.0891674760144,1.0209490976475,1.14410022714384,2.62362848577197,13.0824615221606,0.0942558238031807,0.108177341540738,0.108983068099014,0,0.0877265822867783,0.0879291226506181,0.12143038356732,0.161602986734069,0.198097269646307,0.271085835470784,0.306692279760209,0.317610620118675,0.388348812919584,0.388425090442222,0.401320136124996,0.417410702017515,0.432649474871033,0.465011172254942,0.481766956596433,0.00146719477111569,0.000200356276964852,6.52036598660083e-06,0.0475806564305113,0.0475146830929716,0.0653479434998671,0.0866989614905682,0.105982176041989,0.144548605144832,0.163279943739039,0.169051311919338,0.000139045311094071,0.0324878646147505,0.0323874617209598,0.0445049416821348,0.059003798289556,0.0720669817503193,0.0981933486718461,0.110866965379331,0.114802367452513,0.000105526527898548,0.0247087002649443,0.0245354964630518,0.0337615850809755,0.0447460368205331,0.0546181975135314,0.0743625188995277,0.0839416644229338,0.0868590342040832,8.48112792807097e-05,0.0199005176111768,0.0198657256528746,0.0272203700768695,0.0360265512507189,0.043963360351854,0.059836978554124,0.0675213722179873,0.0699855922719209
10.1,0.920257224205903,0.906122143497198,0.905259571491386,1.02302138471067,0.928188570857529,0.927985263419546,0.891821104185961,0.848458156471045,0.809075190510951,0.730309258590763,0.691890775096964,0.680110892011216,0.606077718198786,0.606001447582918,0.592153055848939,0.574866815561513,0.558493213895665,0.523697364227461,0.505672387347351,1.02127475829103,1.02324909790975,1.02301431720587,0.971548755402437,0.971642458118301,0.952349312528622,0.929257922354021,0.90841142118001,0.866718418831988,0.84646974835837,0.840284666657247,1.02317079191467,0.987861581703997,0.987974278967041,0.974863719236806,0.959176788629532,0.945045400217455,0.916782623393301,0.903073251231536,0.898827364737127,1.02313476217362,0.996273506529598,0.996462138169026,0.986481955619784,0.974590578780663,0.963907594887188,0.942541627100238,0.932175603168748,0.929038103466794,1.0231124912357,1.00147590738119,1.00151226223422,0.993551588534789,0.984021313110554,0.975430659711676,0.95824935291392,0.949931986987925,0.947290827132588,1.02301768228591,1.15868544574247,2.69131796026135,13.5597748179719,1.02302138471067,1.15870702194378,2.69123512394751,13.5526380196132,0.0954673482053362,0.108598761582336,0.109400086301251,0,0.088099170147842,0.0882880416559561,0.121884349601719,0.16216829303468,0.198754854985886,0.271927978888297,0.307618541855076,0.318561989403729,0.387338406671983,0.387409261660795,0.400274342533912,0.416333166082656,0.431544153297761,0.463869309072482,0.480614414912439,0.00162260647845548,0.000211544327914825,6.5656736558694e-06,0.0478177936848436,0.0477307443696035,0.0656539720682397,0.0871057484026722,0.106472035021147,0.145204608258098,0.164015513395696,0.169761420777601,0.00013879848284303,0.0326632664538056,0.0325585713071716,0.0447382102472978,0.0593112837702223,0.0724392670236646,0.0986952335305494,0.111431165974459,0.115375571518289,0.000105327048659318,0.0248486338770568,0.0246733961062685,0.0339449316095158,0.0449919562508406,0.0549163903942314,0.0747652586810131,0.0843952387374021,0.0873099589576549,8.46374680321974e-05,0.0200156316789809,0.0199818582175346,0.0273772809435097,0.0362308551657797,0.0442115256185298,0.0601728665240301,0.0678996543954817,0.0703532775880121
10.2,0.920381792780871,0.907003891348999,0.906140793448302,1.02508947322293,0.929260669704139,0.929071089682414,0.89257849944422,0.848824625114533,0.809096312965791,0.729639688668306,0.690890796811685,0.679010357241873,0.60658676949234,0.606515835920798,0.59261372665933,0.575252659255535,0.558806350591663,0.523832361533838,0.505705638635418,1.02316209444936,1.02532710842545,1.02508231237957,0.973038720363743,0.973139470022485,0.953639489817156,0.930300644243088,0.909234306400957,0.867101630716695,0.846640693310957,0.840376895358404,1.0252395570177,0.98952009523602,0.989630314258969,0.976372171138592,0.960513494078413,0.946223887739823,0.917644675062643,0.90378245720448,0.899507901229793,1.02520335095877,0.998023136691208,0.998214914050728,0.988120315035353,0.976090143540708,0.965283927051814,0.943671494074026,0.933185837757843,0.930064933202011,1.02518096720411,1.00328472213664,1.00332912270269,0.995272130131324,0.985624678929497,0.976932954772666,0.959549506459005,0.951134377195654,0.948466195022557,1.02508573639917,1.17332801373189,2.75990207167689,14.0423260036417,1.02508947322293,1.17334993417877,2.75981192321467,14.034736637818,0.0966639999491452,0.109014206332006,0.109811000751258,0,0.0884672014446245,0.0886422178630286,0.122331434604688,0.162724121064017,0.199400490431693,0.272753229167046,0.308525417650683,0.319493197713461,0.386353180218866,0.386418664648728,0.399252809033076,0.415280193190116,0.430463090692347,0.462750365725411,0.479484587455216,0.00177931686466909,0.000219379983470416,6.61074488169995e-06,0.0480521958894668,0.0479591858546117,0.0659611707865504,0.0875071181120967,0.106955132541441,0.145851161400131,0.164740282465535,0.170522893276994,0.000138554305363311,0.032836925977178,0.0327351740179736,0.0449748219645538,0.059615229927625,0.0728071037286218,0.0991908513306154,0.111988168783159,0.115934351878566,0.000105129608499164,0.024987091129135,0.02481004617319,0.0341291745751303,0.0452351841041067,0.0552112632773142,0.0751634216237293,0.0848435661683797,0.0877247217488743,8.44653816682223e-05,0.0201297025108191,0.0200887128117174,0.0275267644066061,0.036433095045826,0.0444571179246327,0.0605051636822458,0.0682738397836584,0.0707370512725934
10.3,0.92050242456065,0.907884942656059,0.90702153538832,1.02715333758039,0.930330684970898,0.930155218845431,0.893336070394543,0.849193585806172,0.809122269902591,0.728979638095427,0.689902789549406,0.677922565323379,0.60709052639162,0.607025277020025,0.593068685017646,0.575634630707919,0.559116490659906,0.523965561152788,0.505738497112664,1.02504178370624,1.02740486479222,1.02714608321168,0.974525309096006,0.974646422182572,0.954934732840382,0.93134167591384,0.910056346723841,0.867485688343843,0.846813333956012,0.840461437061299,1.02730409393193,0.991174735253608,0.991264049351878,0.977871552808722,0.961847153471862,0.947399758148457,0.918504967501646,0.904490363313176,0.900149498031258,1.02726771239402,0.999768822522376,0.999958303752495,0.989747534245127,0.9775862167204,0.966656995701253,0.944798553662959,0.934193496407495,0.931043430580221,1.02724521636136,1.00508914290121,1.00514134886724,0.996989373957106,0.987224139412698,0.978431552824668,0.960846379648608,0.952333623373029,0.949652172232817,1.02714956639241,1.1880066857655,2.82946094937104,14.5370068198624,1.02715333758039,1.18802895022623,2.82936313125211,14.5289423520684,0.0978478000803958,0.109423817687389,0.110215958132601,0,0.0888307777921571,0.0889917607024714,0.122771806036786,0.163270709278761,0.200034483694515,0.273562032526024,0.309413424286684,0.320404784339736,0.385390249428052,0.385450113026839,0.398254708743704,0.414249732249721,0.429404442315998,0.461653965790925,0.478376542914297,0.00193726331530927,0.000230765810069751,6.65558314965591e-06,0.0482840386824668,0.0481729224365211,0.0662575818490897,0.0879032354311295,0.107431644295692,0.146488462024817,0.165454491869843,0.171282094464956,0.000138312715085541,0.0330088790425229,0.0329269370526758,0.0452139985248032,0.0599157219168122,0.0731706093740375,0.0996803842884881,0.112538203785875,0.116520768081432,0.000104934159311665,0.0251241595484457,0.0249503183594792,0.0343182769182497,0.0454757825802356,0.0555028906755781,0.0755571068662634,0.0852868081205013,0.08817686318501,8.42949801064762e-05,0.0202429857258136,0.0201950889119716,0.027674188609125,0.0366333872731108,0.0447002216798248,0.0608338904932532,0.0686439921660983,0.0711041126438693
10.4,0.920621449567261,0.908765222948984,0.907901719562609,1.02921295494506,0.931398562927937,0.931237591377335,0.894093729505903,0.849564916388322,0.809152904165788,0.728328879720718,0.688926489592728,0.676847241041062,0.607587403113082,0.607527989187417,0.593518004048659,0.576012155261504,0.559421860363813,0.524097694507357,0.505771526251629,1.02691385543955,1.0294734820439,1.02920560686555,0.976008566606867,0.976106666970081,0.956200662955581,0.932380967191647,0.910877477237733,0.867870497329907,0.846987626883387,0.840605289232362,1.02936437988742,0.992825657679555,0.992914517384211,0.979375539340675,0.963177881535582,0.948573090495399,0.919363508415032,0.905196911438453,0.900776120064785,1.0293278236946,1.0015106669903,1.00169757938786,0.99138012950311,0.979078805369993,0.968026795114228,0.9459227746027,0.935198605455713,0.931981320484208,1.02930521591345,1.00688967530773,1.0069334484377,0.998694602970278,0.988819791271725,0.979926476275654,0.962139846283513,0.953529785331301,0.950803618892713,1.02920914942747,1.20272144379166,2.89999883784266,15.0440042621054,1.02921295494506,1.20274405196496,2.89989298242251,15.0354413261027,0.0990168816160845,0.109827732643437,0.110615100055707,0,0.0891899973300203,0.0893367758548606,0.123205625548877,0.163808287807112,0.200657131703187,0.274354819495338,0.310283060706474,0.32129726959593,0.384450396988395,0.384504572327649,0.397279282790508,0.413241623039097,0.428369134718259,0.460578732850515,0.477289064163637,0.00209638555768307,0.000237556158866469,6.70019184864429e-06,0.0485133031650217,0.0484238524108669,0.066574723752926,0.088294212652016,0.107901717969228,0.147116728603651,0.166158335068292,0.171977935500451,0.00013807365078178,0.0331789921608787,0.0330979673069941,0.0454431998505113,0.0602126936499088,0.0735297653713319,0.100163908814178,0.113081422489418,0.117112428179716,0.000104740654751826,0.0252597489773108,0.0250893168364396,0.0344970666439779,0.045713770484414,0.0557913137260097,0.0759464002092009,0.0857250084268846,0.0886586221017335,8.41262247209326e-05,0.0203550133082957,0.0203150996998246,0.0278275177610998,0.036831657242682,0.0449408395868885,0.0611592042753017,0.0690101073735349,0.071495904937316
10.5,0.920734372978337,0.909644661858082,0.908781272380553,1.03126830507553,0.93246425346413,0.9323181514561,0.894851393653962,0.849938499961965,0.809188064684855,0.727687194130633,0.687961641801466,0.675784118018361,0.608078269484053,0.608024706080787,0.593962770075167,0.576385567467586,0.55972423580564,0.524227730537958,0.505803622613847,1.02877834068745,1.03153773788639,1.0312608631011,0.977488371472392,0.97757013358001,0.957474582769302,0.933418447108429,0.911697622689058,0.868255973850314,0.847163424956161,0.840681515241542,1.03142039470874,0.994472591450711,0.994575697357522,0.980881220257188,0.964505514266328,0.949743752159737,0.920220227946555,0.905902018811166,0.901439516532432,1.03138366467073,1.00324886903357,1.00343568998081,0.993006889653846,0.980567905145712,0.969393286877763,0.947044050341866,0.936201159425873,0.932941920757844,1.03136094566164,1.00868587928833,1.00872881839152,1.00039605148075,0.990411587019678,0.981417714930421,0.963429970751908,0.954722646752788,0.951951546723132,1.03126446526282,1.21747226556059,2.97151996850018,15.563506532797,1.03126830507553,1.2174952170758,2.97140569786942,15.5544209101706,0.100175608199934,0.110226083516929,0.111008563289283,0,0.0895449548839595,0.0896773654228403,0.123633049246777,0.164337078826205,0.201268721090655,0.275132005619555,0.311134808470659,0.32217115566465,0.383532173290016,0.383580717175116,0.396324885098075,0.412254897975203,0.42735486774004,0.459524934765571,0.476222488012985,0.00225662556502101,0.000244183801157058,6.7445742743947e-06,0.0487401240092448,0.048666023968624,0.0668783863299417,0.0886801803586655,0.108365509157981,0.147736166756613,0.16685209680514,0.172726575670038,0.000137837053454898,0.0333475243446141,0.0332540806687418,0.0456652248891397,0.0605063354532267,0.0738847475758513,0.1006415718211,0.113617997080362,0.11766231063534,0.000104549050153717,0.0253936867500116,0.0252243731133766,0.0346758727183207,0.0459491787054461,0.0560766043760494,0.0763314557172559,0.0861582407736315,0.0891120506096144,8.39590782738933e-05,0.0204661880287929,0.0204272728224294,0.0279791618888626,0.0370279651021509,0.0451790060496626,0.0614810879446861,0.0693724337138629,0.0718838492184657
10.6,0.920847182604366,0.910523192890547,0.909660124185885,1.03331937016852,0.933527709879924,0.933396846760904,0.895608983888092,0.850314224623712,0.809227606183706,0.727054369303693,0.687007999239886,0.674732938335819,0.608563062512952,0.608515533102253,0.594401449514661,0.57675409968331,0.560024228290868,0.524357501887413,0.505835452374568,1.03063527200642,1.0335954526133,1.03331183411637,0.978964802362458,0.979035898411669,0.958746706239383,0.934454126944732,0.912516780795155,0.868642088496,0.847340725464994,0.840811752543939,1.03347212065656,0.996115811433952,0.996223424999481,0.982381714949219,0.965830067156276,0.950911725710819,0.921075042819906,0.906605762761213,0.902121123047904,1.03343521756921,1.00498324632229,1.00517347787911,0.994628874622928,0.982053499119181,0.970756451527557,0.948162356344307,0.937200960772543,0.933906821897791,1.03341238784403,1.01047792072869,1.01048573421083,1.00209020922849,0.991999495895736,0.982905243584629,0.964716738962414,0.955912406862044,0.953083787974394,1.03331549609501,1.23225912490484,3.0440285597593,16.0957030396592,1.03331937016852,1.23228241932204,3.04390548561525,16.0860696391183,0.101318794972238,0.110618998158143,0.111396479978569,0,0.0898957421180439,0.0900136280933466,0.124054227940893,0.16485729691834,0.201869528652974,0.27589399212224,0.311969132525844,0.323026927398924,0.382635015647509,0.382677831766961,0.39539228119844,0.411289617758612,0.426360458348032,0.45849026588593,0.475175561848429,0.00241792746509927,0.00024870451286181,6.78873363339085e-06,0.0489644545075253,0.048900408753732,0.0671776072894471,0.0890611939272341,0.108823105959898,0.148346930025225,0.167535926703508,0.173417448909968,0.000137602866227954,0.033514238686921,0.0334172967049233,0.0458863827342827,0.0607966734070715,0.0742356258358745,0.10111353069348,0.114147953259738,0.118187870162554,0.000104359302446612,0.025526149926143,0.0253547828306854,0.0348537222441945,0.0461820507844065,0.0563588178013595,0.0767123518352656,0.0865867520278617,0.0895542250404294,8.37935048471018e-05,0.020576359211854,0.0205693205597892,0.0281322967300946,0.0372223565700169,0.0454147702261424,0.0617995975383932,0.0697308411486068,0.0722789578282873
10.7,0.920956530585535,0.911400753221319,0.910538209046504,1.03536613471054,0.934588888693163,0.934473628277031,0.89636642521252,0.850691983218342,0.809271388906872,0.726430200283934,0.686065322824347,0.673693452170809,0.609042682033154,0.60900039059165,0.594834726835032,0.577118876373321,0.560319888078239,0.524484686779105,0.505867245491754,1.03248468333945,1.03564917534347,1.03535850439919,0.980437618308169,0.98053004505787,0.960028928514093,0.935487902434333,0.913334867038018,0.869028796245387,0.847519405930277,0.840930174182152,1.03551954227948,0.99775525057358,0.997852589635535,0.983869860765205,0.967151535314435,0.95207700873304,0.921927955570251,0.907308091085213,0.902797289355115,1.03548246692516,1.00671378806064,1.00691134825132,0.996251191122499,0.983535547833476,0.972116256379251,0.949277673470801,0.938198039335295,0.934857378898631,1.03545952698732,1.01226607434624,1.01228551312793,1.00378748488399,0.993583567592377,0.984389052587212,0.966000022576882,0.957098984315253,0.95425083577118,1.03536222641042,1.247081992001,3.1175288171423,16.6407843940732,1.03536613471054,1.24710562881119,3.11739654066074,16.6305772304954,0.10244974061243,0.111006600150589,0.111778977851329,0,0.0902424476780333,0.0903456592906066,0.124469307381887,0.16536914940746,0.20245982178306,0.276641166534262,0.312786481931637,0.323865053079917,0.381757523573564,0.381795394058697,0.394480243277149,0.410344158709876,0.425387056607696,0.45747620774119,0.47414746576488,0.00258023745308448,0.000253452842955187,6.83267304644077e-06,0.0491865372726926,0.049103772398144,0.0674617947708139,0.0894374127747638,0.109274669860722,0.14894918403264,0.168210079788445,0.174110502996735,0.000137371034244731,0.0336792121037812,0.0335920484279257,0.0461130859472416,0.0610837531303407,0.0745824567569317,0.101579864010114,0.114671433863328,0.118710696744595,0.000104171370081573,0.025657159682259,0.0254802515420265,0.0350260439699292,0.046412451314345,0.0566380215923858,0.0770891621484675,0.0870105813505039,0.0900020242265448,8.36294697807447e-05,0.0206852843391372,0.0206678775999278,0.0282775603356359,0.0374148061792108,0.0456481680944133,0.0621148919248186,0.0700854558303527,0.0726358717836078
10.8,0.921065159040873,0.912277283496648,0.911415464557003,1.03740858533898,0.935647749456976,0.935548450112796,0.897123646380605,0.851071673105801,0.809319278361302,0.725814488872304,0.685133380989981,0.672665417456661,0.609515545478038,0.609479129641302,0.595264393617157,0.577479416703729,0.560612958218835,0.524611762226843,0.505898305269209,1.03432660989345,1.03769730688976,1.03740086058826,0.981907202645304,0.981987571968698,0.961298293704533,0.936519817479986,0.914151850901849,0.869415917745576,0.847699403176485,0.841070678689233,1.03756264627513,0.999390792716641,0.999465137847205,0.985357687729538,0.968469921659802,0.95323959097247,0.922778929597807,0.90800880859265,0.903482646034002,1.03752539942312,1.00844043338634,1.00862188465403,0.997852994062899,0.985013969915423,0.973472647315316,0.950390002115101,0.939192497785692,0.935833283705833,1.03750234976788,1.01405010404775,1.01408316275177,1.00548227762213,0.995163787824206,0.985869136026286,0.967279832430447,0.95828219326023,0.955423500935556,1.03740464284631,1.26194083361413,3.19202493337801,17.1989424094614,1.03740858533898,1.26196481223935,3.19188304508518,17.1881345826818,0.103566244162393,0.111389008999574,0.112156180412409,0,0.0905851573265585,0.0906735513205444,0.124878428483295,0.165872836677169,0.203039858880845,0.277373903288198,0.313587290548617,0.324685985134,0.380900549791948,0.380932966332863,0.393586597643397,0.409418375338504,0.424432509038895,0.456479946293248,0.473138235584392,0.00274350370837217,0.000257013288798337,6.8763955530882e-06,0.0494060552821892,0.0493345123576368,0.0677516323654321,0.0898088624152688,0.109720312178763,0.149543211705753,0.168874753863157,0.174775492053323,0.000137141504573726,0.0338425652271192,0.03377638490057,0.0463345127629165,0.0613676139856208,0.0749253043238495,0.102040685000306,0.11518870725649,0.119217793141124,0.000103985212957567,0.0257867830914101,0.0256252593432158,0.0352114782453588,0.0466404824613542,0.0569143025850368,0.0774619428324022,0.0874297038335058,0.0904199990023715,8.34669396137607e-05,0.0207931831960296,0.0207637550975006,0.0284200653652304,0.0376053478328498,0.0458792332437993,0.0624270040656985,0.0704364956617269,0.0729812378676485
10.9,0.92116898508685,0.913152727649488,0.912291831653037,1.03944671071186,0.936704254588882,0.936621269327638,0.897880579701343,0.851453195941682,0.809371145072734,0.725207043334838,0.684211949375194,0.671648599559885,0.609982907325178,0.609953001884645,0.595688063248857,0.57783542776503,0.560902957240936,0.524737370258873,0.505928936874084,1.03616108802541,1.03973785785137,1.03943889134289,0.983373115236421,0.983465711147837,0.962564133242827,0.937549740527717,0.914967662192891,0.86980350552324,0.847880645227468,0.841172363479895,1.03960142136004,1.00102231020013,1.00108160978734,0.986841559961329,0.969785134743178,0.954399401390843,0.923627934686174,0.908707910086119,0.90416692215932,1.03956400376695,1.01016289535931,1.01033758135387,0.999461329897136,0.986488749451236,0.974825632524856,0.951499398672097,0.940184193801035,0.936806559167897,1.03954084488163,1.01582998584247,1.01586668576524,1.00717470223911,0.996740149029444,0.987345489195546,0.96855616952775,0.959462026839084,0.956560546996819,1.03944273406057,1.27683561332615,3.26752108850286,17.7703700996917,1.03944671071186,1.27685993311965,3.26736916814775,17.758933773036,0.104672195878209,0.11176634031039,0.112528207127621,0,0.090923954070678,0.0909973935071743,0.125281727531966,0.166368552471525,0.20360988974137,0.278092564281062,0.314371977689753,0.32549016081177,0.380062426066689,0.380088891473534,0.392712929035853,0.408511969374436,0.423496691662884,0.455502138036097,0.472147030495871,0.00290767631521802,0.000257656378283834,6.91990411388381e-06,0.0496234294173771,0.0495414848472902,0.0680387466527215,0.0901757246865367,0.110160178346847,0.150129085667468,0.16953015137924,0.175466777040392,0.000136914226118303,0.0340044277619802,0.0339519494278253,0.0465539611491982,0.0616483795782155,0.0752642864336727,0.102496100144587,0.115699868894723,0.119718505330643,0.000103800792355606,0.0259152874342641,0.0257606956331198,0.0353858479336416,0.0468661877381462,0.057187692087485,0.0778307007861628,0.0878443135302974,0.0908334176245522,8.33058820284402e-05,0.0209000844281336,0.0208676061108143,0.0285597476142911,0.0377940103775669,0.0461079990778619,0.0627359764784515,0.0707840166299029,0.0733517381918573
11,0.921271288388931,0.914027032725902,0.913167254436716,1.04148050138577,0.937758369210341,0.937692045770623,0.898637160857264,0.851836457470265,0.809426864355676,0.7246076781265,0.683300810522809,0.670642770974365,0.610444350990823,0.610419960658732,0.596107243663867,0.578188274722805,0.56118995702087,0.524861539053586,0.50595980991913,1.03798815513643,1.04177148515188,1.04147258722098,0.984835388033615,0.984939358559016,0.963833062561621,0.938577657486927,0.915782271788294,0.870191500391028,0.848063073841819,0.841294161561761,1.04163585814763,1.00264966474299,1.00271788752875,0.98832945133508,0.971097140879598,0.955556422196963,0.924474984831693,0.909405352647176,0.904791974725756,1.04159827055776,1.01188124879503,1.01207150732664,1.00107193535861,0.987959834176241,0.976175177190133,0.952605863217915,0.941173306878377,0.937762956115844,1.04157500292198,1.01760548737682,1.01764946309125,1.00886179181897,0.998312538178703,0.988818033432493,0.969829023940074,0.960638458899567,0.957731109027439,1.04147649060965,1.29176629174943,3.34402144996258,18.3552616775009,1.04148050138577,1.29179095199581,3.34385906638939,18.3431680560625,0.105764917434467,0.112138705956771,0.11289517359765,0,0.0912589182823251,0.0913172723215113,0.125679336387122,0.166856484179706,0.204170155922252,0.278797499407344,0.315140948737602,0.326278002831439,0.37924300243935,0.379264462037957,0.391857368134636,0.407623200247788,0.422579006241769,0.454542214643572,0.471172718840676,0.00307270718696084,0.000256019262005033,6.96320161373057e-06,0.049838657016365,0.0497471795516969,0.0683173506547279,0.0905380753887741,0.110594375785368,0.150706976578556,0.170176459395929,0.176132021624261,0.00013668914953389,0.0341649373542041,0.0341049121937033,0.0467644390976435,0.0619261213605256,0.0755994729062547,0.102946175997713,0.116205046628579,0.120264082727299,0.000103618070875959,0.0260426171034308,0.0258752199681786,0.0355530873463081,0.0470896431923413,0.0574582600566918,0.0781954937853929,0.0882543182895343,0.0912548825377283,8.31462657988707e-05,0.0210062009595654,0.0209675093510813,0.0286992572211762,0.037980916358961,0.0463345648483694,0.0630418618271861,0.0711280918960158,0.0736860956588957
11.1,0.921371118975651,0.914900148721734,0.91404168001226,1.04350994970129,0.938810060996015,0.938760741928631,0.899393328732947,0.852221367329289,0.809486316096089,0.724016213629689,0.682399753596815,0.66964771103142,0.610900838948017,0.610883353361781,0.596521812206592,0.57853727181909,0.561473958102299,0.524984295971876,0.505990347190099,1.03980784957323,1.04380201658898,1.04350194056437,0.986294139531951,0.98642929762552,0.965110841836575,0.939603605629304,0.91659567550707,0.870579815262604,0.848246558798551,0.841431657520346,1.0436659490337,1.00427318444615,1.00434607052492,0.989816819466913,0.97240596452323,0.956710627836634,0.925319954463444,0.910101164326574,0.905431959585017,1.04362819217941,1.01359540285334,1.0137707337171,1.00266415109002,0.989427212171835,0.977521259375045,0.953709353781466,0.942159686072605,0.938697601724703,1.04360481626531,1.01937675965452,1.01939513906813,1.01052803123393,0.999880994666039,0.99028678348662,0.971098361127782,0.961811492578007,0.958867317371372,1.04350590483402,1.30673282672652,3.42153017271402,18.9538125529359,1.04350994970129,1.30675782664188,3.42135688373493,18.9410318615981,0.106845491961068,0.112506214240278,0.11325719172264,0,0.0915901278121206,0.0916332715034959,0.126071382668781,0.167336813105592,0.20472089109181,0.279489047064246,0.315894595729427,0.327049919988824,0.378440934718815,0.378456230886728,0.391019523992851,0.406752170637494,0.421678939935392,0.453599631157466,0.470215295396392,0.00323854999365605,0.000255496389763618,7.00629086509526e-06,0.0500516612871988,0.0499334267100858,0.0685825400435572,0.0908959450838839,0.111022989024872,0.15127707690685,0.17081392493313,0.176775513687583,0.000136466227145135,0.0343238220125427,0.0342600622000589,0.046970065791022,0.0622008597233742,0.0759309401557053,0.103391101020367,0.116704304606529,0.120788865386377,0.000103437012375674,0.0261688641996343,0.0260154869953311,0.0357313838787853,0.0473108892856218,0.0577260650023092,0.0785564164356836,0.0886599184997577,0.0916885057489121,8.29880607399066e-05,0.0211114069769448,0.0210953289002406,0.0288521617861322,0.0381660536358014,0.0465589472581914,0.0633447345029716,0.0714687687112852,0.074044295646524
11.1999999999999,0.921467617857769,0.91577202842884,0.914915058331248,1.04553504967551,0.939859300032094,0.939827322783574,0.900149025253442,0.852607838865678,0.809549384545948,0.723432475906487,0.681508574113712,0.66866320562473,0.611352240971106,0.611340648364687,0.596931328035237,0.578881973383267,0.561754680292512,0.525106223145007,0.506020554909697,1.04162021053657,1.04582763809358,1.04552694539145,0.987749415908865,0.987872490211653,0.966366436960839,0.940627522686441,0.917407812756612,0.870968392896954,0.848431156329891,0.841521460830264,1.04569168808905,1.00589300389745,1.00597606257739,0.99129800566735,0.973711634712416,0.957862029816343,0.926162820024197,0.910795374521008,0.906056170445604,1.04565376269106,1.01530536990796,1.01545444701982,1.00424931407464,0.990890893728719,0.978863882326928,0.954809859523348,0.943143301497215,0.939630326263242,1.04563027896349,1.02114408197841,1.02113728640837,1.0121941040172,1.00144560920703,0.991751802307739,0.972364188509159,0.962981240582665,0.960037742058469,1.04553097075063,1.3217351735171,3.50005139932782,19.5662193318173,1.04553504967551,1.32176051224922,3.49986675159589,19.552720793019,0.107914898330747,0.112868970041198,0.113614369858049,0,0.0919176580969891,0.0919454721773837,0.126457989936208,0.16780971472322,0.205262321359094,0.280167534630841,0.31663329791223,0.327806307736,0.377655868037357,0.377665951384169,0.390199299706009,0.405898780574319,0.420796244521868,0.45267338156829,0.469274256729578,0.00340516009294297,0.000254495873141852,7.04917461128532e-06,0.0502624314982666,0.0501553804319401,0.0688615268883822,0.0912494515545905,0.11144615103998,0.151839550010759,0.171442628410605,0.177452739818683,0.000136245412873435,0.0344809856791972,0.0344087405390346,0.0471758382046538,0.0624726119494066,0.0762587319317636,0.103830971896478,0.11719770557334,0.12131990523906,0.000103257581914213,0.0262940303582543,0.0261643618293408,0.0359106809466527,0.0475299476016402,0.0579911435305897,0.0789135353884886,0.089061205931951,0.0921168214118418,8.28312376620125e-05,0.0212154693674006,0.021221380211517,0.0290002356642062,0.0383493670813217,0.0467811220604333,0.0636446320186561,0.0718059992420691,0.0743662790779729
11.3,0.921562646949065,0.916642627290266,0.915787342046809,1.04755579690104,0.94090605868306,0.940891755678041,0.900904195231949,0.852995788961508,0.809615958128927,0.722856296463764,0.680627073687571,0.667689046949234,0.611797833701527,0.611793041756598,0.597336570603818,0.57922287247584,0.562033092829123,0.525227006530171,0.506050497340169,1.04342527799594,1.04784565153879,1.04754759729608,0.989201043915293,0.989306710876358,0.967615142136172,0.94164934424354,0.918218634784057,0.87135721586509,0.848616787158394,0.841679189766257,1.04771307095852,1.00750881564779,1.00763621351501,0.992786526528421,0.975014079571235,0.959010599785265,0.927003640213324,0.911487936931972,0.906694505827604,1.04767497772627,1.01701138398618,1.01716679742063,1.00584229507328,0.99235091662661,0.980203055305064,0.955907332661973,0.944124216056905,0.94057183492689,1.04765138664303,1.02290721948229,1.02291873140684,1.01386466836193,1.00300630163617,0.993213022951958,0.973626465583528,0.964147547376997,0.961181478776271,1.04755168395198,1.33677328497311,3.57958926009095,20.1926798142211,1.04755579690104,1.3367989616016,3.57939278897344,20.1784316254678,0.108971739639792,0.113227074961479,0.113966812962341,0,0.0922415822619851,0.0922539529610237,0.126839277857043,0.168275358918988,0.205794665586915,0.280833278922769,0.317357422269547,0.32854754873055,0.376887976289531,0.37689212085275,0.389395553072449,0.405062128573325,0.419929605042018,0.451763266275648,0.468349069293109,0.0035724944639853,0.000250695884102723,7.09185552786922e-06,0.0504711482452107,0.0503797566689698,0.0691408399662383,0.0915987130218277,0.111863982774728,0.152394522280529,0.172062766762614,0.178063109297344,0.000136026662164342,0.0346367180767513,0.0345265313942035,0.0473700568132585,0.0627414834608074,0.076582926691905,0.1042658131541,0.117685377463337,0.121831226078802,0.000103079745699347,0.0264179267910798,0.0262835093856685,0.0360780952168519,0.0477468167309429,0.0582535274657432,0.0792669489353442,0.0894581911998824,0.0925306530896661,8.26757683269272e-05,0.0213186063051141,0.0213086496174263,0.0291395277341173,0.0385309518885562,0.047001179162047,0.0639416337090287,0.0721399699460596,0.0747053288995844
11.4,0.921653931952089,0.917511903263751,0.916658486376157,1.0495721884512,0.941950311466326,0.941954010188792,0.901658786226137,0.853385137869545,0.80968592925648,0.722287512030351,0.679755059787937,0.666725033253105,0.612239134728505,0.612240327100144,0.597737548808508,0.579560658056667,0.562308217702039,0.525346579702829,0.506080558412588,1.04522309261027,1.04986102675512,1.04956389335284,0.990649184103914,0.99079594520786,0.968883407947831,0.942669096624798,0.919028133292076,0.871746206626632,0.848803404107582,0.84176486953007,1.04973009476623,1.00912072245436,1.00922365188431,0.994242942140515,0.976313357757416,0.960156381992273,0.927842430461987,0.912178867863499,0.907326717395182,1.04969183439819,1.0187131413808,1.01887153258794,1.00743045211302,0.993807198879147,0.981538725349551,0.957001778290359,0.945102300203227,0.941483680112454,1.04966813641019,1.02466609274167,1.0246722736491,1.01553163962049,1.00456303918678,0.99467042711319,0.974885202966006,0.965310420300122,0.962330798419108,1.04956804151127,1.35184711170271,3.66014787310928,20.8333929929761,1.0495721884512,1.35187312523915,3.65993910256105,20.8183623040951,0.110018207337392,0.113580627460233,0.114314622737014,0,0.0925619712167006,0.0925587900694092,0.127215362367679,0.16873391022144,0.206318135688941,0.281486586623942,0.318067324021705,0.329274013357178,0.376135509479003,0.376134483960099,0.388607837746535,0.404241172582514,0.419079418599607,0.450868885281051,0.467438944808801,0.00374051164432906,0.000248420149536127,7.13433622613361e-06,0.050677702203256,0.0505514778940383,0.0693977171529277,0.0919437681801669,0.112276568804394,0.152942170052848,0.172674505948617,0.178728113757957,0.000135809931921567,0.0347909508379917,0.034702424683272,0.0475868313016979,0.0630074662143292,0.0769035398344936,0.104695687074822,0.118167392558978,0.122340564636721,0.000102903471037246,0.0265408326515836,0.0264046056802012,0.0362446957369465,0.0479615994840286,0.0585133025906277,0.0796167088038261,0.0898510512911782,0.0929633052126867,8.25216254062176e-05,0.021420898601401,0.0214155826099781,0.0292771357399005,0.0387108615406017,0.0472191657968313,0.0642357743092904,0.0724707241387784,0.0750333971055937
11.5,0.921744494297038,0.918379816693031,0.917528448970947,1.05158422279084,0.942992034934243,0.94301405800761,0.90241274840254,0.853775809057755,0.809759194153683,0.721725964345539,0.678892345509812,0.665770968602033,0.612675076218385,0.612682356978309,0.598134580683461,0.579894855985259,0.56258033627331,0.525464503024482,0.506109907974247,1.04701369565408,1.05186954354062,1.05157583202783,0.992093759852392,0.9922312155455,0.970131408092967,0.94368671655306,0.919836245129421,0.872135302282142,0.848990931310556,0.841909073729445,1.05174275802649,1.01072848470276,1.01083644806946,0.995712877107477,0.977609420641091,0.96129935771881,0.928679231874247,0.912868107169075,0.908009091755682,1.05170433121045,1.02041063397454,1.02057191835954,1.00901721758344,0.995259752078408,0.98287091783407,0.958093249345394,0.946077628508515,0.942406074121641,1.05168052676191,1.02642063974733,1.02641423129245,1.01719001450076,1.00611579440815,0.996123997781603,0.976140404528517,0.96646985998807,0.963456171449476,1.05158004189325,1.36695660222403,3.74173134441041,21.4885590521845,1.05158422279084,1.36698295161215,3.7415097868476,21.472711942325,0.111051914367806,0.113929722982241,0.114657897759447,0,0.0928788937466018,0.0928600574128692,0.12758635582544,0.169185528019389,0.206832936911815,0.282127754696666,0.318763347101155,0.329986060223356,0.375398974765553,0.375392747531893,0.387835459990388,0.403435895764357,0.418245003752154,0.44999017438254,0.466544158722124,0.00390917166952933,0.000244034825390785,7.17661925526965e-06,0.0508821904711313,0.0507646246225468,0.0696665890153697,0.0922847325869886,0.112684039801315,0.153482654229968,0.17327803375709,0.179335146250975,0.000135595180442121,0.0349439110834798,0.0348515700204489,0.047786759633736,0.0632706451947132,0.0772206413321835,0.105120633607124,0.118643887908301,0.122799803588807,0.000102728726283349,0.02666276921497,0.0265248226872084,0.0364075577792969,0.0481743174522081,0.0587704868649071,0.079962825690305,0.090239785691164,0.093380066005192,8.23687824414756e-05,0.02152241152806,0.0215278926792465,0.0294173649166315,0.0388891449001658,0.0474351281382957,0.0645270946145557,0.0727983109568401,0.0753759186382606
11.6,0.921830077091089,0.919246330186437,0.918397189794923,1.05359189969255,0.944031207562969,0.944071872829004,0.903166034408528,0.854167729062205,0.809835652694206,0.72117149995821,0.678038749354979,0.664826662655069,0.613105447315385,0.613119779240491,0.598526660002346,0.580224989819819,0.562850517705088,0.525581695639855,0.506139319832649,1.04879712894876,1.0538700059716,1.05358341309487,0.993534648090274,0.993671760860745,0.971379126881355,0.944702193330956,0.920642961451413,0.872524497692328,0.849179256813019,0.842031656617836,1.05375106056004,1.01233218845334,1.01244630817748,0.997176390104026,0.978902230549588,0.962439471023695,0.929513951971908,0.913555631297976,0.908682717405153,1.0537124679734,1.02210364810537,1.02227818477849,1.01061039758447,0.99670850332643,0.984199580747378,0.959181735589274,0.947050112631061,0.943359932322582,1.05368855750204,1.02817075591847,1.02817710326801,1.01885235122418,1.00766458093994,0.9975737721353,0.977392154526027,0.967625903090651,0.964609413934947,1.05358768487038,1.38210170310933,3.82434376804598,22.1583793657574,1.05359189969255,1.38212838722515,3.82410892422005,22.1416808201351,0.112076716796173,0.11427445407992,0.114996733609005,0,0.0931924165996139,0.093157826690224,0.127952367153045,0.169630366769085,0.207339268103206,0.282757070771447,0.319445824604339,0.330684036630529,0.374678145770267,0.374665955022755,0.387078874484056,0.402646290488526,0.417425031039008,0.449125922340172,0.465663623505554,0.00407843601541378,0.000236557434169518,7.21870710466104e-06,0.051084748575041,0.0509681203374999,0.0699302534942799,0.0926216755426966,0.11308647835476,0.154016083978886,0.17387356544742,0.179953320167198,0.000135382367357387,0.0350955449791883,0.0349984746461354,0.0479870797642924,0.0635310952054396,0.0775343322633229,0.10554080637909,0.119114967326489,0.123259871969998,0.00010255548079908,0.0267839332051234,0.0266354721646115,0.0365601017360837,0.0483850646496706,0.059025164685006,0.0803053647556765,0.0906245334171353,0.0937634038819979,8.22172138070692e-05,0.0216232462116162,0.0216178471507724,0.0295494890586994,0.0390658158441966,0.0476490662752588,0.0648155671373832,0.0731227487979895,0.0756885770033648
11.7,0.921916338080447,0.920111408502301,0.919264671008407,1.0555952201578,0.945067809647763,0.945127430244332,0.903918599251343,0.854560827347835,0.809915208243875,0.720623970035957,0.677194095024008,0.663891930451348,0.613531454932916,0.61355242473068,0.59891497332414,0.580552247570312,0.563117256288856,0.525698736183067,0.506168522775181,1.05057343479863,1.05586943270038,1.05558663755666,0.994972113755927,0.995110804993175,0.972625468069163,0.945715565517087,0.921448291995708,0.872913744952948,0.849368472627648,0.842185597128781,1.05575500341526,1.01393200343365,1.01404232019779,0.998626556242874,0.980191840547348,0.963576752549962,0.930346576555189,0.914241475449327,0.90934334964621,1.05571624572532,1.0237926393826,1.02396005008848,1.01218953711806,0.998153561252552,0.985524752422836,0.960267134763404,0.948019786404304,0.944307137065347,1.0556922296625,1.02991662457754,1.02993572690533,1.02051131444508,1.00920942619322,0.999019738480209,0.97864036305419,0.968778498299481,0.965749595185246,1.05559097144403,1.39728235912017,3.90798922619408,22.8430564959685,1.0555952201578,1.39730937677219,3.90774058506597,22.8254703823554,0.113087998645093,0.114614910529124,0.115331222986815,0,0.0935026045682525,0.0934521674772235,0.128313501975849,0.170068576191078,0.207837321966617,0.283374813517695,0.320115079221487,0.33136827902233,0.373971607975209,0.373953868206412,0.386336677361507,0.401870947792999,0.416620384949973,0.44827523936876,0.464797166490587,0.00424826754284906,0.000231974917511965,7.26060220627022e-06,0.0512851818335038,0.0511678535449491,0.0701897193182256,0.0929546241113983,0.113483950452696,0.154542603135292,0.174461139881291,0.180537619591929,0.000135171453575326,0.0352457300901512,0.0351524056855749,0.0481936420136736,0.0637888136010004,0.0778446391714839,0.105956290312451,0.119580683513053,0.123724339082119,0.000102383704907412,0.0269039518862468,0.0267623278586853,0.0367198000799227,0.0485937804348922,0.0592773431160765,0.0806444684784454,0.0910053279733532,0.094146108902167,8.20668946751971e-05,0.0217232590298606,0.0217070990800953,0.029679846360541,0.0392408772687289,0.0478610225929241,0.0651013132413148,0.0734441309750328,0.0760064847735976
11.8,0.921997807948328,0.920975018440754,0.920130856859186,1.05759418634276,0.946101823204293,0.94618070764193,0.904670400183772,0.854955036176614,0.809997767512279,0.720083230183609,0.676358211218283,0.662966592207042,0.613952991475797,0.613980032014514,0.599299077851907,0.580876148448186,0.563381583788429,0.525813980443261,0.506196874484776,1.05234265593139,1.05786095538917,1.05758550757058,0.996405827180754,0.996548167138776,0.973862055007158,0.946726716104178,0.922252151200033,0.873303021391742,0.84955843775588,0.842333697272472,1.05775458879399,1.01552797106147,1.01564507181251,1.00008584942651,0.98147823772991,0.964711181866788,0.931177070140542,0.914925635882738,0.909992633077288,1.05771566665819,1.02547748952173,1.02563973192098,1.01376321584704,0.999594831227285,0.986846375498616,0.961349464041277,0.948986755149715,0.945227123822135,1.05769154542912,1.03165823488868,1.0316798526267,1.02216314697186,1.01075030613003,1.0004618828182,0.979885036194525,0.969927695017665,0.96684111742857,1.05758990377025,1.41249851333435,3.99267178926118,23.5427941920267,1.05759418634276,1.41252586326371,3.99240882787576,23.524283236986,0.114090605758202,0.114951179439181,0.115661455829593,0,0.0938095205675748,0.0937431473105487,0.128669862752272,0.170500301457406,0.208327285303746,0.283981252996425,0.320771423645613,0.332039113411126,0.373279089463821,0.37325633759184,0.385608872175382,0.401109899565636,0.415829802140775,0.447439131779848,0.463944937676198,0.00441863044488909,0.000224459107705077,7.30230693581212e-06,0.0514838010041584,0.0513640363598024,0.0704520998172638,0.0932837365435019,0.113876601697024,0.155062332004068,0.17504099192529,0.181119878603224,0.000134962401227104,0.0353944555173579,0.0352959271069508,0.0483874353622924,0.0640438541790482,0.0781516318561244,0.106367187210277,0.120041121579815,0.12419174333642,0.000102213369853711,0.0270229444078852,0.0268864338769358,0.0368793181207228,0.0488005773978777,0.0595271104645256,0.0809801765978212,0.0913821428077721,0.0945454914212835,8.19178009828312e-05,0.0218224737809991,0.0218042846460457,0.0298116276579991,0.0394143762010233,0.0480710413851756,0.0653843717534799,0.0737624648859124,0.0763595070121788
11.9,0.922078711716919,0.921837128741509,0.920995713579394,1.05958880148842,0.947133231875564,0.947231684112865,0.905421396596044,0.85535029048262,0.810083240411944,0.719549140270592,0.67553093145151,0.662050473121963,0.61436921747085,0.614403271197119,0.599678501555796,0.581196209611432,0.563643307074129,0.52592800583132,0.506225491196963,1.05410483544268,1.05984416241404,1.05958002637885,0.997835972785694,0.997972608616738,0.97511176576406,0.947735700162149,0.923054551597882,0.873692254469348,0.849749081400091,0.842452645540038,1.05974981998177,1.01711999348886,1.01724286205233,1.00154120882297,0.982761382841358,0.965842718393154,0.932005389496747,0.915608006799638,0.910612519032787,1.05971073404799,1.02715814684349,1.0273154731839,1.01533712218643,1.00103233374725,0.988164472173977,0.962428749027424,0.949950977403829,0.94614699834165,1.05968650807184,1.03339545906662,1.03341214506484,1.02381054422489,1.01228719544429,1.00190019856604,0.981126204809547,0.971073477797133,0.967958796697427,1.05958448508995,1.42775010726505,4.07839551598377,24.2577973886648,1.05958880148842,1.42777778814566,4.07811769934451,24.2383231535306,0.115081166370963,0.115283345357478,0.115987519417864,0,0.0941132257092065,0.0940308317676475,0.129021548897833,0.170925683369653,0.208809339245106,0.28457665099601,0.32141516096192,0.332696855784149,0.372600942265949,0.372572442956954,0.38489549261595,0.40036318460641,0.415053077548413,0.446616731272055,0.463105618511751,0.00458949019618585,0.000213709650062798,7.34382361573487e-06,0.0516804807969007,0.0515661312911242,0.070698199811195,0.0936090245030485,0.114264493268072,0.15557543079812,0.175613293387043,0.181719626024314,0.000134755173616837,0.0355418280003691,0.0354390002179297,0.0485795964504678,0.0642962924529097,0.0784553962784801,0.106773603929621,0.120496450953792,0.124677137329289,0.000102044447767203,0.0271409724836512,0.0270093072452269,0.0370338996680874,0.049005470197968,0.0597744873734601,0.0813125217244443,0.0917550755366037,0.0949385971825702,8.17699093997929e-05,0.0219210125021648,0.0219070481149679,0.0299425560949728,0.0395863605632418,0.0482791606175986,0.0656647607263121,0.0740778128283058,0.0766844661613326
12,0.922157446076382,0.922697709987246,0.92185920928802,1.06157906985488,0.948162020844117,0.948280340361946,0.906171549913543,0.855746527753625,0.810171539924625,0.719021564266624,0.674712093870117,0.661143403195252,0.61478216135932,0.614822241043459,0.600055554366916,0.581514168461999,0.563903284344816,0.526040278068655,0.506253300061778,1.0558600167445,1.06182770368052,1.06157019824273,0.999262587633696,0.999413087783329,0.976349827105568,0.948742491731605,0.923855457921786,0.874081390302149,0.849940384774783,0.842569634855788,1.06174070128209,1.01870796584702,1.01882302650574,1.00298701364065,0.984041291514632,0.966971396004787,0.932831604985099,0.916288592787956,0.911231755080039,1.06170145218885,1.02883464866032,1.02899164871403,1.01690058618259,1.00246614783941,0.98947910276053,0.963505012602775,0.950912378187051,0.947088249483578,1.06167712187896,1.03512835472375,1.03515002540561,1.02545489959957,1.0138201020875,1.00333468223775,0.982363842538256,0.972215835625257,0.969095097922397,1.0615747196631,1.44303708097264,4.16516445352925,24.9882722047444,1.06157906985488,1.44306509141138,4.16487123447321,24.9677950613468,0.116061231903645,0.115611490368949,0.11630949847893,0,0.0944137793716841,0.094315284542652,0.129368656903159,0.171344858528429,0.209283659469602,0.285161261351947,0.322046585018719,0.333341812490366,0.371935128894496,0.371901764647333,0.384194261323011,0.399628998281349,0.414289141020757,0.445808119446716,0.462279746880758,0.00476081350456129,0.00020697469527894,7.38515451679829e-06,0.0518752220672913,0.0517499385402837,0.0709489004619191,0.0939305676254698,0.114647725582145,0.156082041495496,0.176178169807343,0.182313934780296,0.000134549735171198,0.0356879586492694,0.03559217665052,0.0487748316200589,0.0645461573990693,0.0787559553317528,0.10717555119712,0.12094674624537,0.125156299957426,0.000101876911622745,0.0272580232450182,0.0271273288867902,0.0371925079773166,0.0492084252399705,0.0600194630818294,0.081641538765547,0.0921242502961713,0.0953076380394405,8.16231972978006e-05,0.0220188411212907,0.0220008014086228,0.0300714881070996,0.0397568503601298,0.0484854156415253,0.0659425462043164,0.0743902328096641,0.0769880842219923
12.1,0.92223277539566,0.923556734512259,0.922721313898695,1.06356499665931,0.94918817674916,0.949326658623687,0.906920823500008,0.856143687918796,0.810262581974282,0.718500370085252,0.673901541082071,0.660245217049642,0.615189402072097,0.615237283118954,0.600427543825556,0.581827871606324,0.564159353756014,0.526153040096454,0.506281317235621,1.05760824351721,1.06380068888053,1.0635560283806,1.00068550274363,1.00086017868889,0.977591002390307,0.949747054373652,0.924654855963076,0.874470459141924,0.850132312280179,0.84271966846555,1.06372723795448,1.02029209997443,1.02042191395508,1.00443994223219,0.985318029801476,0.968097227018593,0.933655621452825,0.91696728327713,0.911892321702411,1.0636878263312,1.03050723735961,1.03068682713582,1.0184743113708,1.00389632501363,0.990790279904796,0.964578189687124,0.951870966706597,0.947974223999277,1.06366339209517,1.03685695756178,1.03689227909371,1.02710159258897,1.0153490576115,1.00476535697941,0.983597955715221,0.973354753769226,0.970220714581157,1.06356061270679,1.45835937316989,4.25298263759686,25.7344259418808,1.06356499665931,1.45838771170676,4.25267345666989,25.7129050480164,0.117032016057101,0.115935694190739,0.116627475284865,0,0.0947112392673296,0.0945965675186065,0.12971128044632,0.171757959494747,0.209750416413678,0.28573533025154,0.322665980780915,0.333974280609181,0.371283344421893,0.371243695887436,0.383507096485614,0.398908801194955,0.413539451207208,0.445011082167987,0.461466125244067,0.0049325682646266,0.000195168062682757,7.42630185867055e-06,0.0520681970169702,0.0519235542890241,0.0711919036425052,0.0942484532547797,0.115026380192023,0.156582234066511,0.176735758640432,0.182873896442151,0.000134346051395507,0.0358326947272312,0.0357252005427336,0.0489592837162264,0.0647934363434546,0.0790533499695413,0.107573177221715,0.121392176483751,0.125594565572321,0.000101710735209706,0.0273739150392091,0.0272252033485207,0.0373379386351426,0.0494094331477036,0.0602620672314848,0.0819673353990471,0.0924897195418958,0.095716468906025,8.14776427238347e-05,0.0221159452003843,0.0220866967384631,0.0301940042582046,0.0399258463668032,0.048689819728603,0.0662177664522024,0.0746997853711831,0.0772949679933921
12.2,0.922305149069309,0.924414176316043,0.923581999032421,1.06554658801763,0.950211687608328,0.950370622582889,0.907669182565862,0.856541713242142,0.810356285306357,0.717985429434786,0.673099119993617,0.659355753763814,0.615593132602714,0.615646965190727,0.600796165361869,0.582138497145594,0.564414627753656,0.52626408987334,0.506309091712109,1.0593495596648,1.06577104743688,1.06553752290955,1.00210478682772,1.00228347802147,0.978818015769492,0.950749386854561,0.925452731747318,0.874859421532831,0.85032485618426,0.842844293818189,1.06570943615615,1.02187194927257,1.0220276471062,1.00588825151575,0.986591481051858,0.969220163162337,0.934477527383295,0.917644041935439,0.912526185950392,1.06566986262339,1.03217554229752,1.03241112419203,1.02005345011665,1.00532275407424,0.992097938870561,0.965648308463207,0.952826651075463,0.948892329858167,1.06564532486324,1.03858134775646,1.03859245042154,1.02872467468847,1.01687412710141,1.00619228029829,0.984828586692055,0.974490266937762,0.971303544006462,1.06554217033683,1.47371692132068,4.34185409251751,26.4964670830801,1.06554658801763,1.47374558642896,4.34152837784968,26.4738603577282,0.117993318709623,0.116256034262342,0.116941529745843,0,0.0950056615058661,0.0948747408362249,0.13004951049982,0.172165114943775,0.210209775470634,0.286299096524351,0.323273624667019,0.334594548301982,0.370643452474841,0.370599108563184,0.382832266580617,0.39820128415252,0.412801096785547,0.444227118529716,0.460664795190711,0.00510472351335957,0.00018489559996188,7.46726781470086e-06,0.0522593791452635,0.0521121845406211,0.0714415614757753,0.0945627385710193,0.115400537397051,0.157076135049116,0.177286172101457,0.183448190480129,0.000134144088828229,0.0359764297734602,0.0358481756576071,0.0491427980913496,0.0650382680344731,0.0793476708385318,0.107966476446649,0.121832846597813,0.126048615559555,0.000101545893095531,0.0274889756919162,0.0272949180940228,0.0374743953904806,0.049608619437016,0.0605023932406033,0.0822899408477778,0.0928516185134398,0.0960924657201334,8.13332243711609e-05,0.0222122746851546,0.0222031290056042,0.0303315841200989,0.0400933224033121,0.0488923582375047,0.0664904299058901,0.0750064896903108,0.0776315122901454
12.3,0.922376186553834,0.925270010981513,0.924441237934961,1.0675238508894,0.951232542743783,0.951412217299574,0.908416594081373,0.856940548221361,0.810452571372982,0.717476617676223,0.672304681653506,0.658474856712391,0.615991908638266,0.616052850617207,0.601160551409259,0.582447221408219,0.564666650461473,0.526374002616423,0.506336594833347,1.06108400927334,1.06773447519247,1.0675146887903,1.00352060605775,1.00369359773637,0.980048638435107,0.951749502992577,0.926249067517057,0.875248196566019,0.850517993204634,0.842977386241516,1.06768730288697,1.02344766765836,1.02360258599033,1.00732137129006,0.987861630964575,0.970340185708335,0.935297295195854,0.91831899612092,0.913145428184899,1.06764756805661,1.03383967523343,1.03404475318837,1.02160083465148,1.00674542874996,0.993402080735153,0.966715384705529,0.953779587144562,0.949834908997363,1.06762292716896,1.04030182449304,1.0403069103979,1.03034924715619,1.01839530943733,1.0076154202024,0.986055641732542,0.975622489083468,0.97236406833231,1.06751939951269,1.48910966173288,4.43178283135319,27.2746052913944,1.0675238508894,1.48913865181932,4.43143999853449,27.2508693896786,0.118943984710351,0.116572585831451,0.117251739499054,0,0.0952971006549619,0.0951498629593727,0.130383435432537,0.17256644981138,0.210661897180655,0.286852791919206,0.323869784870614,0.335202895147468,0.370016346327069,0.369966406275712,0.382170181082566,0.397505171471233,0.412075794901602,0.443455425711717,0.459875456553379,0.0052772493875389,0.000172600048363666,7.50805450925344e-06,0.0524486632941525,0.052306902008006,0.0716832088227319,0.0948734678517068,0.115770279530985,0.157563902889542,0.177829533369823,0.184008825633558,0.00013394381500197,0.036119057708037,0.0359921069658899,0.0493340547074479,0.0652807050813096,0.0796389830887557,0.108355539103648,0.122268725752713,0.126508303346311,0.000101382360597328,0.0276031315594682,0.0274350765704482,0.0376324797664513,0.0498060216591503,0.0607404792649541,0.0826093944765614,0.0932098771942904,0.0964424179270366,8.11899215549156e-05,0.0223076017536755,0.0223034340132357,0.0304634285249927,0.0402593077199492,0.0490930907932628,0.0667606569398905,0.075310300193558,0.0779804743901586
12.4,0.922444581082447,0.926124215597579,0.925299005398594,1.06949679302598,0.952250732712389,0.952451429138,0.909163026694358,0.857340139491789,0.810551364223774,0.716973813687743,0.671518081104296,0.65760237341315,0.616386779131982,0.616454690287398,0.601521728975136,0.582751885678114,0.564916490844644,0.526482797485965,0.506363582214597,1.06281163657224,1.06969304454657,1.06948753377535,1.00493270040974,1.00513290287694,0.981284146688359,0.952747345958014,0.927043829210685,0.875636795716026,0.850711599925763,0.843100212946789,1.06966084593762,1.02501948447662,1.02519191246003,1.00875903899585,0.989128525849456,0.971457302921185,0.936114857064642,0.918992146906993,0.91378192543497,1.06962095041313,1.03549967707006,1.03571952027907,1.02315679723419,1.00816440659709,0.994702740212229,0.967779407442507,0.954729678760889,0.950731451994751,1.06959620678926,1.04201817726142,1.04204792005181,1.0319873377181,1.01991256585546,1.00903477453812,0.987279191903434,0.976751429357372,0.973471699242026,1.06949230798562,1.50453752964571,4.52277285599579,28.0690514085941,1.06949679302598,1.50456684305067,4.52241230795212,28.0441416964898,0.119885267898604,0.116885422035795,0.117558179993465,0,0.0955856097978861,0.0954219907374678,0.130713141106912,0.172962085433876,0.211106937412081,0.287396641368491,0.324454721667116,0.335799592461663,0.369400872555943,0.369345507546789,0.381519700942312,0.39682193721838,0.41136235833431,0.442695675689695,0.45909799620456,0.00545011708295709,0.000159995322822761,7.54866402343984e-06,0.0526362945353067,0.0524730781776788,0.071915931072776,0.0951807426339935,0.116135701083535,0.158045617982617,0.178366045232554,0.184571277748231,0.000133745198400649,0.0362604137698807,0.0361198407399923,0.0495168472287752,0.06552075017208,0.0799273290793408,0.108740486893863,0.122699887213446,0.126947554002875,0.000101220113750775,0.027716368902499,0.0275371403029416,0.0377789816045208,0.0500016251419006,0.0609763358217403,0.0829257571814199,0.0935646329815381,0.0968242132397518,8.10477141863888e-05,0.0224021194164813,0.0223778714140419,0.0305798263003497,0.0404238622412948,0.0492920520426515,0.0670284316453649,0.0756112582246218,0.0782850794362636
12.5,0.922512586437778,0.926976768685819,0.926155277687986,1.0714654229215,0.953266249239713,0.953488245699503,0.909908450652148,0.857740435735132,0.810652590401903,0.716476899735443,0.670739177240336,0.656738155381068,0.616777060582339,0.616852268942922,0.601879273335767,0.583054053683066,0.565163085085779,0.526591048713638,0.506390402442231,1.06453248589829,1.0716438449993,1.07145606636,1.00634107385015,1.00652455204209,0.982495300571606,0.953742863924354,0.927836973778225,0.876025193485968,0.850905732973382,0.84320169123315,1.07163007384065,1.02658750498245,1.02675629323387,1.01019255197203,0.990392171073358,0.97257152020786,0.936930218476864,0.919663599789464,0.914382562189268,1.07159001821724,1.03715553456978,1.03736858770148,1.02470230170761,1.009579683983,0.995999920251858,0.968840392789568,0.955676952182906,0.951620161619076,1.07156517224328,1.0437303113199,1.04377224097409,1.03361481263036,1.02142586670992,1.01045033518499,0.988499272135119,0.977877122170301,0.974523422476019,1.07146090424968,1.52000045931189,4.61482815726527,28.8800174538543,1.0714654229215,1.52003009430951,4.61444928413459,28.8538879826422,0.120815508078813,0.117194613981154,0.117860924570655,0,0.0958712405884365,0.0956911794649672,0.13103871097164,0.173352139681345,0.211545047534377,0.287930863240442,0.325028687706631,0.336384903603431,0.368797310681168,0.368736309249372,0.380880892155236,0.396150010426004,0.410661358528727,0.441947101599782,0.458331827130451,0.00562329881532001,0.000144717982490123,7.58909839328044e-06,0.0528222993740475,0.0526734803820551,0.0721635840530728,0.095484658857991,0.116496902425306,0.158521389559936,0.178895760777937,0.185144501916937,0.000133548208425632,0.036400437785004,0.0362635337901968,0.0496983690271459,0.0657584396837277,0.0802127531391517,0.10912138005,0.123126318517548,0.127409763236781,0.000101059129282101,0.0278287187487969,0.0276559115504737,0.0379295244197965,0.0501954656869159,0.0612099995051273,0.0832390671415505,0.0939159216580664,0.0972063807369844,8.09065827520955e-05,0.0224959234001288,0.022461914296353,0.0307005950431619,0.0405870378198619,0.0494892813012391,0.0672937682639937,0.0759093842883926,0.0786295670124904
12.6,0.922577091833834,0.927827650130996,0.927010032469917,1.07342974976673,0.954279085157616,0.954522655758953,0.910652837727578,0.858141387592717,0.810756178845127,0.715985761349948,0.669967832672077,0.655882057988818,0.617164170092135,0.617245406455081,0.602233259076042,0.583352613400655,0.565408701494457,0.52669877450812,0.506416538014781,1.06624660166216,1.07359353715316,1.07342029573612,1.00774575706742,1.00794396100317,0.983716946122216,0.954736101230975,0.928628524978567,0.876413372473752,0.851100299552969,0.843351760463569,1.07359499582432,1.02815162663192,1.02832873462374,1.01161904967615,0.991652563871075,0.973682832692586,0.937743370335608,0.920333239560984,0.91497172106485,1.07355478068918,1.03880721007683,1.03900888793534,1.02623930020446,1.01099123292841,0.997293603808182,0.969898345567731,0.956621435355472,0.952528233674936,1.07352983274619,1.04543827456062,1.04548408549173,1.03523524079771,1.02293522169595,1.01186210367745,0.989715867640466,0.978999566449659,0.975622314696009,1.07342519749551,1.53549838407486,4.70795271500675,29.707716622456,1.07342974976673,1.53552833887325,4.70755489401556,29.6803201029217,0.121737407431867,0.11750023081579,0.118160044541939,0,0.0961540433032991,0.0959574829381075,0.131360226150116,0.173736727084885,0.211976374583277,0.28845566958006,0.325591928293648,0.336959084266281,0.368204243339822,0.368138685965165,0.380253420481292,0.395490015491662,0.409970670619515,0.44120940527469,0.457577077687313,0.00579676778275919,0.00013217567438018,7.62935961239145e-06,0.0530066827496346,0.0528467330768076,0.0723978236696726,0.0957852334149762,0.116853928463834,0.158991318561551,0.179418853042784,0.1856718887735,0.000133352815358206,0.036539239012048,0.0363963136698301,0.0498809532671459,0.0659938163133946,0.0804953074763143,0.109498289802154,0.123548185989567,0.127874906980506,0.000100899384582772,0.027940231735465,0.0277774786227987,0.0380824777234675,0.0503875985212644,0.0614415227935253,0.083549371338047,0.0942637773690304,0.0975669724702118,8.07665082891463e-05,0.0225889929185123,0.0225520237058986,0.0308227946642517,0.0407488540213001,0.0496848097958291,0.0675567213448876,0.0762047275656875,0.0789301543388572
12.7,0.922640136044524,0.928676841115206,0.92786324874666,1.07538978340543,0.955289234345226,0.955554649204589,0.911396161148764,0.858542947583005,0.810862060791528,0.715500287208575,0.669203913596366,0.655033940333383,0.617546930608329,0.617635265943905,0.602583203297724,0.583649120139996,0.565651162770812,0.526804881515109,0.50644365768386,1.06795402831729,1.07553736311209,1.07538023174861,1.00914698471103,1.00936630371723,0.984942378396403,0.955727072289258,0.929418469259566,0.876801263200182,0.851295366532875,0.843485376453032,1.07555562176904,1.02971168839799,1.02988123507509,1.01304498106716,0.992909664156158,0.974791216476268,0.938554321116489,0.921001002318652,0.915586146711389,1.0755152477015,1.04045491382689,1.04065269601711,1.02777186136136,1.01239912287714,0.998583836508394,0.970953263770897,0.957563195614398,0.953443781074735,1.07549019816561,1.04714213467065,1.04718341131737,1.03684703894918,1.02444069892674,1.01327012105965,0.990928965325473,0.980118667468114,0.976689090789897,1.0753851975668,1.55103123644164,4.80215049818724,30.5523632845045,1.07538978340543,1.55106150918302,4.80173309352729,30.5236510608839,0.122649478512744,0.117802339801484,0.118455609261991,0,0.0964340668919812,0.0962209535090514,0.131677765524871,0.174115958958123,0.212401061418508,0.288971266339278,0.326144681654291,0.337522382757183,0.367622368408323,0.367551440042663,0.379637409902438,0.394840426508594,0.409291786127183,0.440483191282537,0.456832122543135,0.00597049812988167,0.00011849830342948,7.66944963475874e-06,0.0531892862305377,0.0530131852561455,0.0726242400480138,0.096082507353636,0.117206853613937,0.159455546134538,0.179935363792342,0.186206351824277,0.000133158990325369,0.0366769719532028,0.0365408353932246,0.0500594117687364,0.0662269523260514,0.0807750589684745,0.109871272253321,0.123965611807741,0.128313439956134,0.000100740857681508,0.0280507589362516,0.0278919508282897,0.0382345452671725,0.0505780000048934,0.0616709072417121,0.0838567217153495,0.0946082023571639,0.0979158633161035,8.06274723653583e-05,0.022681292208455,0.0226481493548937,0.0309476819729736,0.0409092835890354,0.0498786368658224,0.0678173434193965,0.0764974118691772,0.079251171359757
12.8,0.922699755352143,0.929524324055432,0.928714906792775,1.0773455342932,0.956296691673085,0.956584216981043,0.912138395532428,0.858945070023116,0.810970169689669,0.715020369022774,0.668447289672401,0.654193665108458,0.617925661716585,0.618020200954074,0.602930287907915,0.583942800397439,0.565892734933555,0.526909942610229,0.506470096817078,1.06965481033093,1.07747300513504,1.07733588485418,1.01054465922666,1.01077779894895,0.986160651107767,0.956715773203458,0.930206797857894,0.877188847166767,0.851490807153284,0.843654080468736,1.07751196216622,1.03126768929888,1.03146185031882,1.01447058099812,0.99416341925596,0.975896643951079,0.939363093341316,0.921667037469588,0.916210001252684,1.07747142973795,1.04209842332687,1.04230819795555,1.02930504903416,1.01380333470535,0.999870596904263,0.972005121302084,0.958501996520337,0.954338840818476,1.07744627898047,1.04884173266677,1.04888988542925,1.03846653623456,1.02594222655239,1.01467434076745,0.992138569197554,0.98123441795709,0.977770914425105,1.07734091491907,1.5665989481512,4.89742546499126,31.4141729836602,1.0773455342932,1.5666295369121,4.89698782769654,31.3840950073324,0.123553460942383,0.118101006381358,0.118747686199149,0,0.0967113590244544,0.0964816421375794,0.131991405818207,0.17448994351328,0.212819246874496,0.289477853596928,0.326687179191751,0.338075040263082,0.367051177673493,0.366975646029069,0.379031655542805,0.394201612411875,0.408622620690088,0.439767724951749,0.456098036106475,0.0061444649132842,0.000101842182740948,7.70937037387116e-06,0.0533702204157539,0.0531839546167827,0.0728517000614757,0.0963765359607466,0.117555747397413,0.159914170270747,0.180445489035755,0.186706602083686,0.000132966705268712,0.0368136606171782,0.0366585366548011,0.0502336251231205,0.0664579290280892,0.0810520765349228,0.11024037154859,0.12437854565818,0.128738417073379,0.000100583527222192,0.0281605005835279,0.0279929022076203,0.0383817021049634,0.050766718165405,0.0618982083846337,0.0841611888230912,0.0949494418989002,0.0982755740373205,8.04894570587294e-05,0.0227729677788537,0.022734496373433,0.03106217836019,0.0410684120753373,0.0500708322885932,0.0680756727151047,0.0767874890583886,0.0795546376433233
12.9,0.922758703680828,0.930370082544319,0.929564988095136,1.07929701345865,0.95730145295029,0.957611351035372,0.912879516820608,0.859347710954152,0.811080441112947,0.714545901430538,0.667697833903062,0.65336109848234,0.618299652762527,0.618402364255958,0.603274026348509,0.584233208703737,0.566131238468927,0.527014530246752,0.506496159242962,1.0713489921573,1.07940077802711,1.07928726608253,1.01193860864493,1.0121733271668,0.98737214320807,0.957702158183188,0.930993479228096,0.877576121317913,0.85168653491438,0.843776559373774,1.07946402807945,1.03281978738631,1.03302684672775,1.01589359122448,0.99541392059286,0.976999176529198,0.940169688401874,0.922331323004336,0.916833571811239,1.07942333785463,1.0437378300889,1.04396136871149,1.03084488714004,1.01520385190426,1.00115387897673,0.973053933121689,0.959437992523761,0.955238221241314,1.07939808624215,1.0505372504831,1.0506070768688,1.04008355710007,1.02743985497138,1.01607480536708,0.993344706158488,0.982346952857329,0.978825394234046,1.07929236058082,1.58220145023904,4.99378156291598,32.2933624358868,1.07929701345865,1.58223235303041,4.99332303073987,32.2618672388125,0.124447308967097,0.118396294244662,0.119036341002592,0,0.0969859661366344,0.0967395984404636,0.132301221669249,0.174858785972102,0.213231065904423,0.289975625769062,0.327219645730554,0.338617291105763,0.366490995469376,0.366409340256825,0.378436306335602,0.393573677626938,0.407964669109611,0.439062290393565,0.455374310495446,0.00631864406846827,8.24924028505315e-05,7.74912370434161e-06,0.0535496532911402,0.0533630530368464,0.0730798917279142,0.0966674071334489,0.117900696458886,0.16036727510976,0.180949389243762,0.187237787089767,0.000132775932912653,0.0369492025381339,0.0367845912179027,0.0504054584947676,0.0666867119608014,0.0813263573440512,0.110605648110551,0.124787074837633,0.129157764302229,0.000100427372439237,0.0282694037370992,0.0280916914565033,0.0385192400674451,0.0509537984021795,0.0621234687810953,0.0844628095389267,0.0952874260105939,0.0986262268135387,8.03524449394158e-05,0.0228638926401951,0.0228083809523088,0.0311745356523256,0.041226226561285,0.0502613940007421,0.0683317288796561,0.0770748972769374,0.0798745218203447
13,0.922815933299906,0.931214101293964,0.930413475296008,1.08124423246663,0.958303514874439,0.958636044265904,0.913619502220509,0.859750828070093,0.811192812677907,0.714076781893536,0.666955422521326,0.652536109981011,0.618671469010712,0.618780361180171,0.603613930323103,0.584521300081196,0.566367826144559,0.527118660914042,0.506521882735199,1.0730366182126,1.08132990204847,1.08123438699961,1.01332877327993,1.01356498256707,0.988572005095487,0.958686161922298,0.931778476088684,0.877963104421455,0.851882658278245,0.843924370148835,1.0814118311078,1.03436786579806,1.03456274485504,1.01729886225476,0.996661136974722,0.978098790644793,0.940974097984934,0.922993787818483,0.917413606288327,1.0813709836433,1.04537313674133,1.04560793909391,1.03237839894073,1.01660067517351,1.00243368104904,0.974099692800105,0.960371171994524,0.956164687732948,1.08134563153783,1.05222884843186,1.05228452181699,1.04167956226891,1.02893363912152,1.0174715427705,0.994547350068475,0.983456270325771,0.979919223270031,1.08123954611682,1.59783867309783,5.09122272886516,33.1901495282113,1.08124423246663,1.59786988786529,5.09074262615797,33.1571841961185,0.125332024104808,0.118688265388697,0.119321637566537,0,0.0972579334738144,0.0969948707386473,0.132607285707586,0.17522258867192,0.213636649717986,0.29046477181012,0.327742299750214,0.33914936298565,0.36593955148552,0.365853407304971,0.37785151299543,0.392955620066507,0.407316764161214,0.438366629296659,0.454660662072177,0.00649301237808815,6.77728799227083e-05,7.78871146434967e-06,0.0537276611100807,0.0535407968426201,0.0733126461359231,0.0969552228515444,0.118241790637986,0.16081492621087,0.181447067828733,0.18774283925918,0.000132586646736365,0.037083715145287,0.0369295470654949,0.0505869388419703,0.0669133647133013,0.0815979662011719,0.110967169176913,0.125191324072511,0.129605784429184,0.000100272373137142,0.0283774872150679,0.0281917359681784,0.0386575747993406,0.0511392719829405,0.0623467270805426,0.0847616372757469,0.0956222178006806,0.0989499514798353,8.02164190503828e-05,0.0229539598063149,0.0229099168033675,0.0312994599134143,0.0413827111731254,0.0504503319436121,0.0685855734845853,0.0773596844292345,0.0801578288843695
13.1,0.922869307488059,0.932056366082578,0.931260352138978,1.08318720338361,0.959302874984233,0.959658290473759,0.914358330147368,0.860154380650079,0.811307223966291,0.713612910598714,0.666219934881504,0.651718572376172,0.619038409781554,0.61915535093194,0.603951176521502,0.584806412989809,0.566601427488061,0.527221795150824,0.506547367893696,1.07471773285186,1.08325020449826,1.08317725967295,1.01471544920708,1.01492740487535,0.989764631081572,0.959667892063617,0.932561833407444,0.878349716095099,0.852079097270045,0.844015701812585,1.08335538335117,1.03591213195069,1.03605576899324,1.0186883244768,0.997905110019879,0.979195491614786,0.9417762548046,0.923654421520131,0.918082584405859,1.08331437919672,1.04700422907019,1.04724389108108,1.03389728617805,1.01799377800106,1.00370999626177,0.975142432783187,0.961301538634435,0.957083308668062,1.08328892695575,1.05391632488622,1.05399255389644,1.04327870999637,1.0304235310553,1.01886452332932,0.995746507877349,0.98456227853032,0.980997320613052,1.08318248359346,1.61351054653468,5.18975288924255,34.1047533175003,1.08318720338361,1.61354207115861,5.18925052682919,34.0702634628167,0.12620944515877,0.118976980177999,0.119603638091635,0,0.0975273051321655,0.0972475061023477,0.132909668623699,0.175581451167077,0.214036125913188,0.290945475405412,0.328255353608836,0.339671477215127,0.365398768393227,0.365306707069542,0.377276115760439,0.392347733121268,0.406679515025367,0.437680929559132,0.453956766879237,0.00666754744147572,4.95973059024572e-05,7.82813545520709e-06,0.0539040389433358,0.0537371779254763,0.0735464431446066,0.0972399472997463,0.118579053606789,0.161257266220875,0.181938676785594,0.188286543697749,0.000132398820944267,0.0372170586574896,0.0371039811289718,0.0507764131678368,0.0671378926556471,0.0818669442368726,0.111325047399323,0.125591368144842,0.12997776847014,0.000100118509667699,0.0284848618227004,0.0282961891280433,0.0388032357066909,0.0513231913353666,0.0625680255942915,0.0850576941121412,0.0959538673762497,0.0992746473842088,8.00813628898649e-05,0.0230433496761425,0.0229833387769836,0.0314177576956717,0.0415379316943718,0.050637701520648,0.0688372411732001,0.0776419686337991,0.0804484635558993
13.2,0.922920969655402,0.932896863703825,0.932105603417611,1.08512593874486,0.960299531614569,0.960678084316868,0.915095980170116,0.86055832949389,0.81142361645064,0.713154190364139,0.665491253355067,0.650908361577941,0.619402216904184,0.619526217425652,0.604285273341929,0.585088959503982,0.566834374410346,0.527323393113255,0.506572975872433,1.07639238034741,1.08516436336734,1.0851158966389,1.01609865510517,1.0163512214537,0.990987854331272,0.96064733639669,0.933343539900949,0.878735946909468,0.852275876130728,0.844195592014213,1.08529469737757,1.03745235101595,1.03759935144512,1.02009265215206,0.999145831450104,0.980289302353948,0.942576244161637,0.924313176439018,0.918715354868445,1.08525353707589,1.0486313122856,1.04889402724633,1.03542555974972,1.01938322537509,1.00498285785852,0.976182122825388,0.962229107186191,0.957994705390805,1.08522798505252,1.055599802728,1.05568153007083,1.04487394153824,1.03190959330698,1.02025379119708,0.996942186977285,0.985664990068615,0.982037914819886,1.08512118554591,1.62921699982498,5.28937596004406,35.0373940292469,1.08512593874486,1.62924883212074,5.28885063510201,35.0013237637797,0.127078021719837,0.119262497400967,0.119882403143695,0,0.0977941240984038,0.09749755039419,0.133208439236333,0.175935470325992,0.214429618602452,0.291417915155372,0.328759013757165,0.340183848941897,0.364867054145999,0.364769907054582,0.376710287390489,0.391749466526204,0.406050856761274,0.437005379101923,0.453262106547619,0.00684222764537996,3.01034243144158e-05,7.86739744353718e-06,0.0540788034969985,0.0538809326666241,0.0737516341387546,0.0975216395752436,0.118912552958459,0.161694379724891,0.182424283796293,0.188754709591662,0.000132212430440642,0.0373494428122932,0.0372342766503979,0.0509497424927491,0.0673603404606605,0.0821333183015582,0.111679273983354,0.125987309857679,0.130372872736069,9.99657629109961e-05,0.028591386317452,0.028385564648277,0.0389373141703478,0.0515055365098995,0.0627873747070687,0.0853510511014072,0.0962824155004672,0.0995998194391085,7.99472603960514e-05,0.0231319852598602,0.023067956709403,0.0315350645791187,0.0416918664043875,0.0508234995596378,0.0690867658701385,0.0779217841913623,0.0807633836184626
13.3,0.922973432768263,0.933735581918716,0.932949214926649,1.0870604515235,0.961293483853994,0.961695421266363,0.915832432959729,0.860962636860449,0.811541933423251,0.712700526548855,0.664769263230805,0.650105356532012,0.619762315167742,0.619893157169646,0.604616283166363,0.585369201975004,0.567064273288955,0.527424235071279,0.506598263392675,1.07806060486902,1.08707477771842,1.08705031087163,1.0174783069105,1.01773888598411,0.992190482129105,0.961624474358657,0.934123571503753,0.879121765793944,0.852472889781078,0.844298125276264,1.08722978619212,1.03898861210467,1.03915004847146,1.02150265337458,1.00038328742202,0.981380197294768,0.943374017040262,0.92497007134115,0.91935697134125,1.08718847027913,1.05025445412289,1.05051785341486,1.03693648386162,1.02076903985335,1.0062522770882,0.977218751557918,0.963153877532027,0.958859246169291,1.08716281882214,1.05727928922442,1.05735301160183,1.04645871649722,1.0333918532223,1.02163937366523,0.998134414551085,0.98676441188199,0.983142988645065,1.08705566494721,1.64495796176323,5.39009584694953,35.9882930563775,1.0870604515235,1.64499009948129,5.38954684288715,35.9505849637402,0.127935944676568,0.119544874324031,0.120157991709889,0,0.0980584322877281,0.0977450483104801,0.133503664556973,0.176284740424061,0.21481724853337,0.291882264751987,0.329253480943581,0.340686687362899,0.364344656718102,0.364242641365249,0.376153768291324,0.39116040034036,0.405432451605915,0.436339136210616,0.452576803155397,0.00701703213587183,1.11698981105369e-05,7.90649916147862e-06,0.0542520515712704,0.0540488823614325,0.073968551857315,0.0978003644453466,0.119242365237919,0.162126366823065,0.182904056326708,0.189277785506296,0.00013202745080313,0.0374808210609411,0.0373549517859271,0.051114334946925,0.0675807565725223,0.0823971528093911,0.112029945283128,0.126379198482154,0.130755640058696,9.98141142561927e-05,0.0286970296793243,0.0284916615917017,0.0390808316368126,0.0516863213208547,0.0630048020397624,0.085641763477578,0.096607913992771,0.0999563672988116,7.98140959304087e-05,0.0232198815067879,0.0231624013839294,0.0316565037594024,0.0418445217374151,0.0510077363892023,0.0693341656927767,0.0781991694175109,0.0810227334410656
13.4,0.923023079102175,0.934572509409895,0.933791173415631,1.08899075510123,0.962284731504363,0.962710297565205,0.916567670240074,0.861367266409181,0.811662119928309,0.712251826966563,0.664053852619127,0.64930943912103,0.620119610444505,0.620257032498904,0.604944266855628,0.585646422290416,0.567293038672353,0.527524819000415,0.50662354098261,1.07972245046536,1.08898260567635,1.08898051575389,1.01885444340715,1.01910524394756,0.993378063678601,0.96259930758258,0.934901923022834,0.87950715390334,0.852670136048665,0.844441778006586,1.08916066320784,1.04052097889475,1.04067782525655,1.02289732149626,1.00161751006753,0.982468192613807,0.944169557706356,0.925625074172399,0.91996758362378,1.08911919221276,1.05187358919326,1.05211063154736,1.03843391415238,1.02215121147004,1.0075182639916,0.978252369034723,0.964075904322624,0.959734634484637,1.08909344166674,1.05895484122481,1.05903024305429,1.04804672400563,1.03487031416319,1.02302127443047,0.999323194965025,0.987860602828487,0.984212406590059,1.08898593517898,1.66073336071085,5.49191644541319,36.9576729580647,1.08899075510123,1.66076580153701,5.49134303174808,36.9182680658516,0.128786196177203,0.119824166743511,0.120430461252558,0,0.0983202705801106,0.0979900434207076,0.133795409851577,0.176629353232618,0.215199133204345,0.292338693147799,0.329738950410474,0.341180195929237,0.363830672774713,0.363724037169013,0.37560630778755,0.390580886307206,0.404822589993921,0.43568159738472,0.451900394659261,0.00719194079135779,6.32372192278164e-06,7.94544230894365e-06,0.0544237830806935,0.0542291689945148,0.0741927291592299,0.0980761684904834,0.119568551148944,0.162553316465865,0.183378079031457,0.189763050843857,0.000131843858259209,0.0376111677747871,0.0374894594590032,0.0512866246697527,0.0677991531050436,0.0826584788105451,0.112377130221548,0.126767122007797,0.13115717376504,9.96635455823895e-05,0.0288018650703528,0.0286179269454508,0.0392306706552627,0.0518655848294788,0.0632203358872681,0.0859298380028466,0.0969303714170887,0.100299073338397,7.96818542615432e-05,0.0233070148965104,0.023248505221394,0.0317714036135137,0.0419959228921337,0.051190440718234,0.0695794763704345,0.078474121853112,0.0813050183733343
13.5,0.92306833787691,0.935407635738189,0.934631466544787,1.09091686324061,0.963273275042599,0.963722710188904,0.917301674741147,0.861772183144084,0.81178412269703,0.711808001802923,0.663344912360277,0.648520494069984,0.62047250236766,0.62061762020203,0.605268728243034,0.585921850286744,0.567518970746804,0.527624560494172,0.506648664445862,1.08137796104695,1.09087997583375,1.09090652504927,1.02022704121634,1.02048936151175,0.994569889444048,0.963571812612085,0.935678574039392,0.879892096894004,0.852867609780178,0.844609659618907,1.09108734221795,1.04204944408873,1.04221966059347,1.02429486695234,1.00284851098989,0.983553309259522,0.944962905798778,0.926278233706493,0.920581635703358,1.09104571666347,1.0534887784078,1.05370100068893,1.03993984003643,1.02352978031558,1.00878085013083,0.979282989761315,0.964995197299262,0.960597887768479,1.09101986736888,1.06062642850999,1.06067974483161,1.04961795755328,1.03634495955621,1.02439950099095,1.00050858386042,0.988953677118412,0.985295218637329,1.0909120100037,1.67654312464132,5.59484164075336,37.9457574585583,1.09091686324061,1.67657586619682,5.59424307299117,37.9045952102664,0.129630120558636,0.120100429035278,0.120699867760739,0,0.0985796788550353,0.0982325782053721,0.134083738699696,0.176969398104148,0.215575386975382,0.292787364717851,0.330215612082441,0.341664572542584,0.363326154245025,0.363214079132516,0.37506809280809,0.390009767847968,0.404222388949163,0.435033009414601,0.451232781963547,0.00736693419665633,2.84882991252276e-05,7.98422855357504e-06,0.0545940462176736,0.0543914551526352,0.0744091722083652,0.0983491170372301,0.119891182248195,0.162975312670125,0.183846437483464,0.190224087049663,0.000131661629662929,0.0377405128959072,0.0376090539749317,0.0514524473300683,0.0680155580451071,0.082917323318836,0.112720853866294,0.12715110453828,0.131550611083366,9.95140392427881e-05,0.028905866993126,0.0287419668347626,0.0393697689589987,0.0520433269505186,0.0634339876299505,0.0862153089888145,0.0972498310697177,0.100645891674801,7.95505205533159e-05,0.0233934298641903,0.023352253445246,0.0318953181839827,0.0421461102407293,0.0513716380229242,0.0698226935873137,0.0787465965573588,0.0815720393959771
13.6,0.923114318869594,0.936240951301308,0.935470082843096,1.09283879005892,0.964259115584428,0.964732656808245,0.918034430154555,0.862177353360361,0.81190789008567,0.711368963536287,0.662642335936279,0.647738408855422,0.620822547906689,0.620975069903021,0.605590836403362,0.586193877577693,0.56774377220093,0.527723057073056,0.506673011650357,1.08302718037035,1.09277490893774,1.09282835287609,1.02159600036525,1.02186063003272,0.995758781166671,0.964541992024873,0.936453529628962,0.880276604837139,0.853065225989786,0.844735290035968,1.09300983736975,1.04357402354603,1.04374640972218,1.02568628195224,1.0040762973571,0.9846355488411,0.945754051809107,0.926929532450055,0.921177987565244,1.09296805777216,1.0550998082759,1.05531121178814,1.04144275009545,1.02490472252186,1.01004003678219,0.980310665302853,0.965911693837888,0.961481306997576,1.09294211006544,1.06229395257249,1.06234827063324,1.05119762569291,1.03781577377764,1.02577403507757,1.00169055767744,0.990043520372097,0.986340288834117,1.09283390353856,1.6923871811827,5.69887530824132,38.9527714460289,1.09283879005892,1.69242022102442,5.69825082775471,38.9097896727278,0.13046390135503,0.120373714202321,0.120966265799537,0,0.0988366960247567,0.0984726940922203,0.134368713051124,0.177304962053951,0.215946121174275,0.293228439414925,0.330683650746704,0.34214000974346,0.362829708777986,0.362712468084617,0.37453802928777,0.389448094436814,0.403630331747654,0.434393477415532,0.450574238093716,0.00754199361808754,4.91041759236968e-05,8.02285953086789e-06,0.054762947391856,0.0545595317111907,0.0746235154831366,0.0986192544044454,0.120210309374632,0.163392419315006,0.184309277212978,0.190712337036687,0.000131480742472512,0.037868868252039,0.0377363583498326,0.0516188274559415,0.068230002490092,0.0831737279227652,0.113061178788111,0.127531220848078,0.131952321584071,9.93655780468691e-05,0.0290092216053333,0.0288467198354136,0.0395071367189764,0.0522195969956181,0.0636457919363018,0.0864981818176687,0.0975663912494343,0.100971943481524,7.94200803491816e-05,0.0234792227473769,0.0234374695100889,0.0320087534937459,0.0422951229016933,0.0515513733345254,0.0700638742001898,0.0790167253443701,0.0818633274323322
13.7,0.923156707933255,0.937072447294559,0.936307011668367,1.09475655000339,0.96524225484997,0.965740135753881,0.918765921091128,0.862582744593483,0.812033372016227,0.710934626861715,0.661946019386435,0.646963073618288,0.621168417457616,0.621328252850291,0.605909536809201,0.586464591379901,0.567966367107924,0.527821376169114,0.506697696995259,1.08467015202353,1.09466185302736,1.09474601368257,1.02296133260368,1.02320831046321,0.996943536605285,0.965509824918551,0.937226773889669,0.880660671831906,0.853263026430391,0.844896616362369,1.09492816313986,1.04509476182562,1.04527411618401,1.02707377978936,1.00530088912716,0.985714925828566,0.946542999231385,0.927578982034077,0.921775529321415,1.09488623000918,1.05670695908551,1.05691306602218,1.04294980479325,1.02627611091623,1.01129585182189,0.981335333633203,0.966825404519452,0.962352525097112,1.09486018422282,1.06395732258345,1.06402358458414,1.05277570837968,1.03928279973706,1.02714491377784,1.0028691418594,0.99113000682814,0.987401149643089,1.09475163023071,1.70826545765768,5.80402131318905,39.9789409714216,1.09475655000339,1.70829879327829,5.80337014709699,39.9340758631713,0.131291003187916,0.120644073920345,0.121229708557453,0,0.0990913600661627,0.0987104314909722,0.134650393280196,0.17763612983842,0.216311444198413,0.2936620729184,0.331143246226123,0.342606694891806,0.36234218091188,0.362219890886457,0.374016747296599,0.388894070967466,0.403047058479367,0.433761982629309,0.44992370513615,0.0077171009795364,7.24526365008879e-05,8.0613368469993e-06,0.0549305057789613,0.0547415430704198,0.0748367160420906,0.0988866422627936,0.120525998674784,0.163804711498764,0.184766644250903,0.191167782839732,0.000131301174729078,0.0379962237220508,0.0378589997400527,0.0517840732994667,0.0684425073799224,0.0834277237930159,0.113398156619203,0.127907522200611,0.132347742654239,9.92181452440104e-05,0.0291117340332783,0.0289540416592468,0.0396373298977711,0.0523943695870494,0.0638557626791672,0.0867785488634033,0.0978800925859863,0.101302291694174,7.92905195587872e-05,0.0235644824412101,0.02351378539838,0.0321195331240301,0.0424429546973906,0.0517296486997957,0.0703030367046058,0.0792846464556404,0.0821375943060803
13.8,0.92319982203092,0.937902115673482,0.937142243169261,1.09667015782776,0.966222695131096,0.966745145982705,0.919496133040545,0.862988325570548,0.812160519919731,0.710504908618096,0.661255861226192,0.646194381080227,0.62151212263123,0.62167874176819,0.606225440262789,0.586731733449325,0.568186789840228,0.527918220441999,0.506721917402787,1.0863069194124,1.09654865754888,1.09665952222348,1.02432310684724,1.02460871539705,0.998138817585477,0.966475321202454,0.937998303514288,0.881044268137955,0.853461000718246,0.845024073671001,1.09684233431079,1.04661169453398,1.04676707125355,1.02845019880049,1.00652231747552,0.986791458590555,0.947329740820626,0.928226541224195,0.922376800871953,1.09680024815095,1.05830992826686,1.0585282220418,1.04445185458366,1.02764392187213,1.01254831902323,0.982357113325422,0.967736311173445,0.963229659180233,1.09677410461356,1.06561643856346,1.06566959102421,1.05434033081825,1.04074600937212,1.02851214076271,1.00404440354389,0.992213226906989,0.988444717980206,1.09666520483382,1.72417788112138,5.91028351103645,41.0244932473255,1.09667015782776,1.72421150994955,5.90960487208358,40.977679324343,0.132108252921992,0.120911558581469,0.121490247891748,0,0.0993437080513035,0.0989458298266113,0.134928838237846,0.177962984030106,0.216671461612418,0.294088416777041,0.331594573545174,0.343064810340201,0.361861857264033,0.361734966617364,0.373503599302472,0.388349247339473,0.402472354264244,0.433139328686305,0.449281607710858,0.00789223883944038,9.25298812515601e-05,8.09966207886674e-06,0.0550966968801382,0.0548791885300151,0.0750376319828821,0.0991513178724509,0.120838305667403,0.164212281257307,0.185218623649851,0.191643858760637,0.000131122905036396,0.0381225764008752,0.038004247541517,0.0519536643547956,0.0686530849146026,0.0836793387347126,0.113731846374933,0.128280099321535,0.132735033788758,9.90717245094703e-05,0.0292136571114514,0.0290474130726738,0.039767426404293,0.0525676934675409,0.0640639167844097,0.0870563634181474,0.0981909970126646,0.101623087684628,7.91618244465538e-05,0.0236493033802714,0.0236088245358812,0.0322367479547957,0.0425896538142208,0.0519064917683442,0.0705401676765909,0.0795503311050118,0.0824202807603881
13.9,0.923240013363196,0.938729949118291,0.937975768249133,1.09857962857014,0.967200439260451,0.9677476870459,0.920225052332863,0.863394066163832,0.812289286681961,0.710079727718219,0.660571762369224,0.645432226463177,0.621852060018865,0.622025487672058,0.606538045160183,0.586997117644861,0.568405870324747,0.528015030289777,0.506746428224951,1.08793752574837,1.09842865150027,1.0985688935379,1.0256814585864,1.02595949750841,0.999312781449904,0.967438536454865,0.938768144870943,0.881427361703097,0.853659109082866,0.845154632698639,1.09875236594886,1.04812478435178,1.0482993638025,1.02984131571908,1.0077406155373,0.987865176057077,0.948114297096628,0.928872147470433,0.922991221830921,1.09871012725776,1.05990878474053,1.06012226238494,1.04594029347511,1.02900815649403,1.01379743250916,0.983375984539412,0.968644440831284,0.964098658528249,1.09868388629418,1.0672714620961,1.06733136044334,1.05590263574739,1.04220547343156,1.02987576488183,1.00521634778237,0.993293210797731,0.989474245479567,1.0985746423859,1.74012437839706,6.01766574743717,42.0896566468552,1.09857962857014,1.74015829779756,6.01695883387369,42.0408267304285,0.132918573204612,0.121176217336154,0.121747934371967,0,0.0995937761766625,0.0991789275713118,0.135204105301545,0.17828560508973,0.217026276241822,0.294507618546006,0.332037803089215,0.343514533600096,0.361389798559506,0.361258329375036,0.372998795206658,0.387812060317145,0.401905407476411,0.432524231531931,0.448647183764811,0.00806739036866755,0.000114450215318475,8.13783677395088e-06,0.0552614463766773,0.0550506752011759,0.0752505796831451,0.0994132833694421,0.121147262527859,0.164615220844691,0.185665321327176,0.192112254985093,0.000130945912541432,0.0382479789113852,0.0381156365911752,0.0521080102626627,0.0688617457577375,0.0839285921997582,0.114062285083799,0.128649057563509,0.13310717299968,9.8926299928753e-05,0.0293149576060395,0.0291531279825817,0.0399039618457777,0.052739597912238,0.0642702935117027,0.0873316847106321,0.0984991312028277,0.101945123126017,7.90339816186131e-05,0.0237335801864854,0.0236881734320392,0.0323518731803326,0.0427351928301668,0.052081895607656,0.0707753011626346,0.0798137968514207,0.08270881530238
14,0.923276055003315,0.939555941000033,0.938807578531592,1.10048497753204,0.968175490582032,0.968747759058576,0.920952666101851,0.863799937346397,0.812419626591489,0.709659005081672,0.659893626052581,0.644676507412096,0.622188291385949,0.622369662339236,0.606848515308896,0.587260378095643,0.568622848401683,0.528110972712887,0.506770480326025,1.08956201403689,1.10030012189636,1.10047414292834,1.02703635077337,1.0273042990933,1.00047980448853,0.968399459987868,0.939536291324613,0.881809953998103,0.853857338793843,0.845326747153276,1.10065827338319,1.04963409448583,1.049830998212,1.0312250242157,1.00895575796728,0.988936060123322,0.948896664435413,0.929515907422101,0.923604924683008,1.10061588265288,1.06150370190257,1.06171029146467,1.04743079143351,1.03036884445588,1.01504320354445,0.984391921721597,0.969549856434003,0.964962261891562,1.10058954458425,1.06892252189536,1.06898514201071,1.05746806466413,1.04366118310576,1.03123577557698,1.00638496051943,0.994370076722708,0.990529205846261,1.1004799581884,1.75610487610957,6.1261718583438,43.1746607025414,1.10048497753204,1.75613908338351,6.12543585380537,43.1237458856935,0.133723006039862,0.121438098133408,0.122002817321693,0,0.0998415997912239,0.0994097622750689,0.135476250423214,0.178604071435281,0.217375988262972,0.294919821918355,0.332473100757373,0.343956037501378,0.360925791645686,0.360788927944154,0.372501286489459,0.387282622290724,0.401346623472322,0.431917148478142,0.448020822895999,0.00824253932924271,0.000139493265543913,8.17586245252158e-06,0.0554248116828132,0.0552226161370532,0.0754645543129839,0.0996725910202096,0.12145292590634,0.165013595678601,0.186106820999595,0.192544060960186,0.000130770176916266,0.0383724072337199,0.0382238224007,0.0522640114475093,0.0690685446648361,0.0841755389261966,0.114389527448918,0.129014372801883,0.133474838839608,9.87818559843945e-05,0.0294155242414298,0.0292596304135921,0.0400350340539114,0.0529100902654342,0.0644749186212489,0.0876045753328786,0.0988044943763186,0.102266323069554,7.89069780116426e-05,0.0238172344005607,0.0237699808540478,0.032460842361478,0.0428796050268987,0.0522558984003248,0.0710084851471766,0.0800749946411162,0.0829733407970566
14.1,0.923312460493785,0.940380085348363,0.939637666327709,1.10238622025852,0.969147852923275,0.969745362670906,0.921678962250043,0.864205911149674,0.812551495289919,0.709242663570407,0.659221357764741,0.643927123920682,0.622521988162105,0.622710769465745,0.607155791077265,0.587521056065316,0.568838134828021,0.528204949365355,0.506794327448367,1.09118042706692,1.10216931770244,1.10237528594083,1.02838771390086,1.02868126145488,1.001668255051,0.969358026920081,0.940302693623567,0.882192027030537,0.854055714121776,0.845466316122138,1.10256007218594,1.05113971299502,1.05131957647207,1.03258696320168,1.01016775286451,0.990004119043098,0.949676851400276,0.930157910066554,0.924186035522823,1.10251752990269,1.06309464181423,1.06329449946712,1.04891389204728,1.03172598259373,1.01628563936609,0.985404952910834,0.970452582448452,0.96583559714382,1.1024910950465,1.07056955300325,1.07065526754179,1.05903205826779,1.04511312440835,1.03259215973771,1.00755023039642,0.995443764979394,0.991584499788161,1.10238116778629,1.77211930071717,6.23580567009201,44.2797361052377,1.10238622025852,1.7721537931021,6.23503974348007,44.2266657231378,0.134518262048405,0.121697247759387,0.122254944858622,0,0.100087213423403,0.0996383705950965,0.135745328175213,0.178918459508344,0.217720695289335,0.295325166851317,0.332900628109349,0.344389490345601,0.360468795682891,0.360326985219392,0.372011715923476,0.386761115461735,0.400795522837388,0.431318730129787,0.44740215660965,0.00841767005388693,0.000162934842695885,8.2137406076094e-06,0.0555868737133103,0.0553663639811925,0.0756582407973497,0.0999293330013064,0.121755383581911,0.165407484743122,0.186543177196941,0.19299543961926,0.00013059567833965,0.0384958192768951,0.0383607077878041,0.0524324432786333,0.0692735104177614,0.0844202129932816,0.114713618144322,0.129376034730016,0.133862041981158,9.86383775417222e-05,0.0295154066816281,0.0293652757849558,0.040167831781206,0.0530792025536487,0.06467782057083,0.0878750566051925,0.099107114784716,0.102575343965239,7.87808008820076e-05,0.0239003346385036,0.0238359468087501,0.0325671752869921,0.0430229271224264,0.0524285396972505,0.0712397648468988,0.0803340100874482,0.0832330481541683
14.2,0.923345987159805,0.941202376820865,0.940466024604763,1.10428337251943,0.97011753056853,0.970740499040688,0.922403929415397,0.864611960622907,0.812684849724227,0.708830627926868,0.658554865176453,0.643183978259932,0.622852437965149,0.623048866931374,0.607461033876153,0.587780069177478,0.569051308310269,0.528299194954312,0.506817597377397,1.09279280740129,1.10403139983214,1.10427233834619,1.02973561391835,1.03007387642635,1.00285467939013,0.97031429051339,0.941067385018153,0.882573574027677,0.854254180946921,0.845618107666003,1.10445777815347,1.05264160878784,1.0528356980233,1.03396647766432,1.01137660995495,0.991069355070777,0.950454845302432,0.930798079482802,0.92476315372803,1.10441508479794,1.06468163593315,1.0648584767292,1.05038850392547,1.03307959519945,1.0175247520878,0.98641506586452,0.971352577263303,0.966702859678094,1.10438855346813,1.07221246960748,1.07230031338513,1.06058375336707,1.04656132544866,1.03394494217452,1.00871217562625,0.996514169962651,0.992621503264423,1.10427828694935,1.78816757854131,6.34657099948401,45.4051147030373,1.10428337251943,1.78820235321144,6.34577430484623,45.3498163031626,0.135306910942892,0.121953711874449,0.122504363933053,0,0.100330650806892,0.09986478832405,0.136011391794499,0.179228843837799,0.218060492454388,0.295723789687565,0.333320542506424,0.344815056053158,0.360019199224179,0.359872307543465,0.371529055731814,0.386246691517592,0.400252259099401,0.430727125095887,0.446791293396282,0.00859276742633537,0.000188427869075328,8.25147270563627e-06,0.0557476107769581,0.055494654457543,0.0758494609669673,0.100183511616815,0.122054660187543,0.165796957328997,0.186974502201322,0.193432650118044,0.000130422397480316,0.0386182629547586,0.0384731209497218,0.0525837256409455,0.0694766701934985,0.0846626524748612,0.115034617037586,0.129734156642934,0.134247138634051,9.8495849837243e-05,0.0296146019509075,0.0294823585132428,0.0403031588559064,0.0532469458287122,0.0648790237845995,0.0881431796963738,0.0994070696862304,0.102884178200654,7.86554377946808e-05,0.0239829640267,0.0239172735107477,0.0326790423390613,0.0431651638323539,0.0525998301104275,0.0714691626665745,0.0805909616951414,0.0835019394636144
14.3,0.923379965121696,0.942022810673819,0.94129264695646,1.10617645029161,0.971084528233866,0.971733169807242,0.923127556939509,0.865018059794363,0.812819648101089,0.708422824714541,0.657894058074223,0.642446974909435,0.623179790025786,0.623383455730068,0.607763535319141,0.588036163344874,0.569263581251575,0.528392416402108,0.506841418456687,1.09439919736779,1.10589021758955,1.1061653161222,1.03107993718195,1.03144436301485,1.00402928664855,0.971268213289716,0.941830345442317,0.882954609747517,0.854452730097553,0.84574783098339,1.10635140728865,1.0541396950475,1.05432861429252,1.03532673738435,1.01258232255109,0.992131770732353,0.951230667094876,0.931436384135071,0.925379650042117,1.10630856333597,1.0662648897566,1.06644517168378,1.05186980215805,1.03442975074685,1.01876057452714,0.987422222087727,0.972249832438361,0.967585707518426,1.106281935843,1.0738513210582,1.0739391223027,1.06213281330843,1.04800579412976,1.03529413619763,1.00987082033337,0.997581373465419,0.993680059994239,1.10617133165434,1.80424963579483,6.45847165387069,46.5510295002006,1.10617645029161,1.80428468986116,6.45764333028173,46.4934288122465,0.136086582790379,0.122207535048739,0.122751120364838,0,0.100571944905473,0.100089050417133,0.136274493225037,0.179535297100995,0.218395472491239,0.296115823271726,0.333732997246935,0.345232894304697,0.359576744233589,0.359425121133716,0.371053690415039,0.385740136037433,0.399715768801128,0.430143143560857,0.446187224842774,0.00876781686240186,0.000213091790416969,8.28906018768479e-06,0.0559071354083596,0.0556358311421204,0.0760455455639265,0.100435196808062,0.122350819727527,0.166182065566456,0.187400872925148,0.193881413143852,0.00013025031548096,0.0387398269397115,0.038599182143102,0.0527455181223308,0.0696780630197249,0.0849028946711802,0.115352557974091,0.130088816848443,0.134597876444496,9.83542584650867e-05,0.0297129776975292,0.029578763128874,0.0404296951356965,0.0534132981739725,0.0650785369497516,0.0884090145013099,0.0997044103522041,0.10317671356127,7.85308766132435e-05,0.0240651037220091,0.0239997382894194,0.0327891865378571,0.0433063349570538,0.0527697887426984,0.0716966963139874,0.0808458264358761,0.0837502390573418
14.4,0.923412581246728,0.942841382734354,0.942117527574541,1.1080654697421,0.972048851043146,0.972723377066587,0.923849834837271,0.865424183634232,0.812955849843097,0.708019182260826,0.657238848296334,0.641716020491245,0.62350506000941,0.623715146677343,0.608063085815955,0.588291337229973,0.56947331697748,0.528485208198751,0.50686466803581,1.09599963905114,1.10774828601878,1.10805423543685,1.03242084358792,1.032773396033,1.00519524460985,0.972219851948153,0.942591587879856,0.883335059743261,0.854651259178134,0.845892365214125,1.10824097578403,1.05563398574572,1.05578295639077,1.03667092562069,1.0137849262781,0.993191396084566,0.952004335697501,0.932072804584522,0.925973413676561,1.10819798170391,1.06784419355909,1.06802694850753,1.05334591975882,1.0357764059508,1.0199930982174,0.988426482750594,0.973144347158671,0.968448561207556,1.10817125835481,1.07548614923953,1.07557980161058,1.06368808785768,1.04944657482608,1.03663978363472,1.01102620125199,0.998645402091354,0.994730499584284,1.10806031806822,1.8203653986085,6.57151143123317,47.7177146560956,1.1080654697421,1.820400729119,6.57065060267568,47.6577355616358,0.136858761407801,0.122458760796377,0.122995258878903,0,0.10081112793685,0.100311191018139,0.13653468315855,0.179837890182536,0.218725725809142,0.296501397062354,0.334138141696484,0.345643160677026,0.359140536839939,0.358984827382069,0.370585629733032,0.385239811665376,0.399187120937863,0.429566184301639,0.445590630882349,0.0089428042917539,0.000235086338836153,8.32650447006995e-06,0.056065355527198,0.0558040550332925,0.0762440908022618,0.100684387584995,0.122643900680574,0.166562926871731,0.187822434100669,0.194314243619515,0.000130079413941695,0.0388605237480343,0.0387501115138438,0.0529153318929808,0.0698776959758246,0.0851409559132487,0.115667475788097,0.130440083372579,0.134960755059914,9.82135893659805e-05,0.0298107117928241,0.0296752597233289,0.0405563644117678,0.0535783210022968,0.065276399298894,0.0886725558920881,0.0999991815724069,0.103479546566111,7.84071054899244e-05,0.0241467408813456,0.0240773287664889,0.0328910832032514,0.0434464330272391,0.0529384133278999,0.0719223739292212,0.0810986226853095,0.0840002220727645
14.5,0.923440786919559,0.943658089373903,0.942940661221716,1.10995044721218,0.973010504505279,0.973711123347827,0.924570753767919,0.865830308019121,0.813093415546786,0.707619630602117,0.656589149671271,0.640991023706234,0.623825920868485,0.624044549337111,0.608360580801564,0.588542849082445,0.569681655934866,0.528577555052988,0.506887724026183,1.09759417428551,1.1095898082671,1.10993911263236,1.03375832407481,1.03410973657052,1.00635951215191,0.973169187729882,0.94335110393577,0.883714936347545,0.854849821310133,0.846049438650633,1.11012650000591,1.05712463621881,1.05727709690926,1.0380289493571,1.01498444835201,0.994248250702588,0.952775855403748,0.932707450322294,0.926563190914196,1.11008335626277,1.0694196296557,1.06960723843019,1.05480854792357,1.03711960660824,1.02122235048978,0.989427838252863,0.974036092944956,0.969307835437572,1.11005653736122,1.07711685961726,1.07719956143655,1.06522418002487,1.05088363114221,1.03798187311983,1.01217835707508,0.999706311483012,0.995733937392306,1.10994526253219,1.83651479305608,6.68569412026337,48.9054054841505,1.10995044721218,1.83655039699587,6.68479989550927,48.8429699860461,0.137625815654766,0.122707431608315,0.123236823139368,0,0.101048231395548,0.10053124348448,0.136792011073682,0.180136692230783,0.219051340567044,0.296880637239567,0.334536121413116,0.346046006773777,0.358712167202877,0.358550840860462,0.37012406960916,0.384747609687416,0.398665318223719,0.428996108606099,0.445001074149411,0.00911771614037547,0.000266116129831927,8.36380694407123e-06,0.0562223054655564,0.055962997549401,0.0764399383374645,0.100931138757117,0.122933956718333,0.166939592640767,0.188239213232858,0.194733031513839,0.000129909674905897,0.0389802614737476,0.0388677604545204,0.053071003345819,0.0700755823161916,0.0853768600655715,0.115979415564332,0.130787927970027,0.135321788099885,9.80738288155371e-05,0.0299077635797149,0.0297693267257041,0.0406893072157286,0.0537420090048618,0.0654726230467448,0.0889338511305107,0.100291447831013,0.103780437597326,7.82841128571299e-05,0.024227963669728,0.0241669378476936,0.0330035934502704,0.043585510407373,0.0531057409864427,0.0721462021445822,0.0813493471441463,0.0842805691701877
14.6,0.923467925244146,0.944472927482911,0.943762043205838,1.11183139920232,0.973969494492608,0.974696411590671,0.925290305007391,0.866236409698069,0.813232306942377,0.707224101430993,0.655944877958457,0.640271895272806,0.624145024069703,0.624370580473945,0.60865437657035,0.588793172354054,0.569888626822547,0.528669107034199,0.506910033570041,1.09918284464785,1.11143678498419,1.11181996421013,1.03509241633352,1.03543859042673,1.00751303093855,0.974116232950975,0.944108899131884,0.884094231493703,0.855048413418972,0.846186901896111,1.1120079964793,1.05861169525,1.05877441595223,1.03938497638658,1.01618090886965,0.99530234157835,0.953545206995753,0.933340291502212,0.92716145590914,1.11196470353235,1.070991195045,1.07118277161782,1.05627554726581,1.03845935944866,1.02244834910034,0.99042632840369,0.974925132955059,0.97016363809239,1.11193778937875,1.0787436915652,1.07881973533017,1.06676225715909,1.05231701778258,1.03932042336924,1.01332723454256,1.00076412508516,0.996745873516551,1.11182618154667,1.85269774517791,6.80102350044356,50.1143384508151,1.11183139920232,1.8527336194694,6.80009497293554,50.0493666423745,0.138385376722765,0.12295358898392,0.12347585578237,0,0.101283286074919,0.100749240411247,0.137046525273653,0.180431770712171,0.219372402744299,0.297253666808555,0.334927078267687,0.346441580351063,0.358289541635194,0.358123831652693,0.369670087156208,0.384261558474317,0.39815019940972,0.428433027892214,0.444418810672714,0.00929253931368173,0.000289912030649414,8.40096897827674e-06,0.0563779847040786,0.0561236602785687,0.0766397878948228,0.101175481433106,0.123221030433347,0.16731212843383,0.188651278705528,0.195161583408746,0.000129741080845409,0.0390990282019903,0.038979481852553,0.0532243608747585,0.0702717403764975,0.0856106398951986,0.116288438932601,0.131132425314197,0.13567184303297,9.79349634139762e-05,0.0300041558959588,0.0298634099453595,0.0408153307954784,0.0539043857541216,0.065667227308301,0.0891929104166599,0.100581205221035,0.104079342341188,7.81618874166483e-05,0.0243086135015311,0.0242527462739798,0.033111038298267,0.0437235517063255,0.0532717861713707,0.0723682551014612,0.0815980202918027,0.0845501173486471
14.7,0.923495455257439,0.945285894446699,0.944581669355274,1.1137083423579,0.974925827220362,0.975679245124039,0.926008480421938,0.866642466260004,0.813372486855141,0.706832528045416,0.655305950791186,0.639558547867878,0.624460815468171,0.624693922014294,0.6089467689312,0.58904101851999,0.570093702165233,0.528759875345517,0.506933265975497,1.10076569145179,1.11327532226359,1.11369680681646,1.03642300105329,1.036787761824,1.00867530772534,0.97506095095153,0.944864952652919,0.884472956055697,0.855247011261628,0.846308187315994,1.11388548187366,1.06009491550891,1.06028235070556,1.04074942704096,1.01737422434751,0.996353626335479,0.954312430311411,0.933971327436708,0.927770847534001,1.11384204017702,1.07255886588095,1.07276500607448,1.0577361619032,1.03979566338261,1.02367109102264,0.991421946302694,0.975811431721106,0.971019589891164,1.11381503106853,1.08036662199116,1.08043476191405,1.06829239019456,1.0537467734535,1.04065546906406,1.01447286028519,1.00181879565454,0.997822068093629,1.11370309175695,1.86891418100314,6.91750334212499,51.344751174533,1.1137083423579,1.86895032250621,6.91653958985825,51.2771612084216,0.139136494918676,0.123197273461348,0.123712398447611,0,0.101516322088297,0.100965213654349,0.137298272922466,0.180723191463455,0.219688996208683,0.297620605699138,0.335311150559663,0.346830025438335,0.357873680783337,0.357703168531173,0.369221860657287,0.383782474205406,0.39764201456517,0.427876789258608,0.443842468398423,0.00946726118026276,0.000316744564839712,8.43799191712552e-06,0.0565325076635709,0.0562656932752605,0.0768293279820113,0.101417482085279,0.123505183018077,0.167680584883672,0.189058713260357,0.195597264099101,0.000129573614646882,0.0392170289093382,0.0390799242331848,0.0533678233110777,0.0704662640127454,0.0858423637769225,0.116594563305277,0.131473627494401,0.136009140590423,9.77969800754256e-05,0.0300999265192696,0.0299491395540581,0.0409424046926445,0.0540654802071286,0.0658602461371803,0.0894497779972832,0.100868522099579,0.104373647785783,7.8040418133564e-05,0.0243887266373144,0.0243388837997424,0.0332207585601935,0.0438605535847697,0.0534365514807354,0.0725885472726665,0.0818447140131075,0.0847682313018013
14.8,0.923520079599068,0.946096988122467,0.945399535995405,1.1155812934557,0.975879509227122,0.976659627645706,0.926725272442911,0.867048456102584,0.81351391916834,0.706444845299851,0.654672287621656,0.638850896070007,0.624773901962871,0.625014549674453,0.609236364008173,0.58928741396361,0.57029746499738,0.528850426510702,0.506955757162459,1.10234275574207,1.11511129289617,1.11556965722901,1.03775016783838,1.0381405007723,1.00983991680557,0.976003375717476,0.945619281804369,0.884851093978155,0.855445604359735,0.846428810971996,1.11575897298939,1.06157448974889,1.06177080656283,1.04209719764676,1.01856446317156,0.997402132773729,0.955077471978067,0.934600507361908,0.928364314177803,1.11571538299216,1.0741227610176,1.07434133657274,1.05920090911387,1.04112854934449,1.02489059844426,0.992414696643806,0.976695055616234,0.971861043880801,1.11568827922279,1.08198567092482,1.08206363917353,1.06982646730146,1.05517288908247,1.04198700852907,1.01561524742227,1.00287038760441,0.998827761470846,1.11557600993972,1.88516402657072,7.03513740660599,52.5968824247297,1.1155812934557,1.88520043208288,7.03413749201026,52.5265904816293,0.139881700749317,0.123438524646764,0.12394649180872,0,0.101747368889353,0.101179194352776,0.137547300079743,0.181011018741966,0.220001202781827,0.297981570861551,0.335688473128523,0.347211482454693,0.357464015163428,0.357288747026246,0.368780288714539,0.383309474510896,0.397140202252322,0.427326839721284,0.443273128533467,0.00964186955623027,0.000342310018245884,8.47487708336413e-06,0.0566858347084684,0.0564015480815197,0.077013381871238,0.101657154655106,0.123786446910153,0.168045031420246,0.189461588238748,0.196028684057083,0.00012940725959902,0.0393341445825791,0.0391911634503286,0.0535198132583563,0.0706591349130157,0.0860720478506447,0.116897873725903,0.131811622208353,0.136353555955815,9.76598660179234e-05,0.0301950087243604,0.030035816143094,0.0410628668447495,0.0542252975632241,0.0660516946946266,0.0897044889574314,0.101153391512775,0.104674090822211,7.79196942259878e-05,0.0244683073848505,0.0244115216808784,0.0333240781489702,0.0439965476297955,0.0536000660115133,0.0728071027749488,0.0820894176751573,0.0850337363520062
14.9,0.923543593346248,0.946906206817346,0.946215639926191,1.11745026939108,0.97683054735625,0.9776375632029,0.927440674042678,0.867454358402337,0.813656568787631,0.706060989558221,0.654043809668017,0.63814885630459,0.625084111324787,0.62533237997784,0.609523692448831,0.589531206647408,0.570499386658547,0.528939104603067,0.506978065219789,1.10391407828956,1.11694024518964,1.11743853234406,1.03907398101347,1.03946908429476,1.01099068102263,0.976943541500948,0.946371906441311,0.885228636322036,0.855644170655647,0.846593514723514,1.11762848674504,1.06305049691923,1.06324301952582,1.04344391353798,1.01975166143709,0.998447882464096,0.955840324518113,0.935227823081283,0.928913279746508,1.11758474889143,1.07568290771511,1.07591272457773,1.06065694536307,1.04245801360121,1.02610687403878,0.993404594913941,0.977576070340578,0.972728216620762,1.11755755075208,1.08360051069934,1.08367040869144,1.07134841794171,1.0565953002049,1.04331501697223,1.01675445050688,1.00391881130331,0.999865633591045,1.1174449529903,1.90144720794917,7.15392944620856,53.8709721208035,1.11745026939108,1.90148387420572,7.15289241603035,53.7978923778235,0.140619787852684,0.123677381242452,0.124178175602467,0,0.101976455291666,0.101391212950017,0.137793651734245,0.181295315273971,0.220309102302191,0.298336676358632,0.336059177460987,0.347586088320811,0.357060551525907,0.356880508806209,0.368344860276215,0.382843273478832,0.396645018441266,0.426784249152374,0.442710243873603,0.00981635269013959,0.0003698660431329,8.51162577753692e-06,0.0568379452896829,0.0565514191074552,0.0772037612969809,0.101894512715061,0.124064852200442,0.168405531171205,0.189859982201972,0.196423455637049,0.000129241999378108,0.0394503408560149,0.0393107247858161,0.0536689002776135,0.0708503585550435,0.0862997125471151,0.117198420531258,0.132146464808445,0.13672572820584,9.75236087527965e-05,0.0302894034276777,0.0301227418194924,0.0411861279826212,0.0543838681311229,0.0662416020849849,0.0899570699927086,0.101435807150849,0.104951437326799,7.77997051568347e-05,0.0245476121977192,0.0244969226545788,0.0334327456004,0.0441316051169083,0.0537623751805965,0.0730239153079731,0.0823322325798493,0.085271569180595
15,0.923564683082054,0.947713549267455,0.947029978400755,1.11931528716591,0.977778948738216,0.978613056173845,0.928154678711613,0.867860153086053,0.813800401606905,0.70568089864861,0.65342043986333,0.63745234679103,0.625392159967738,0.625647022792448,0.609808564811246,0.58977325326045,0.570699493476103,0.529028237848068,0.507000374092088,1.10547969958686,1.11876680580023,1.11930344916436,1.04039444217977,1.04080125880566,1.01213978177462,0.977881449508502,0.94712282140781,0.885605565206426,0.855842673575622,0.846765774739843,1.11949404016523,1.06452269888001,1.06473565137628,1.04479855413606,1.02093578026859,0.999490871122851,0.956601052831373,0.93585324400557,0.929482564123961,1.11945015489463,1.07723914844453,1.07747367879224,1.0621144037722,1.04378400512527,1.02731988895822,0.994391656624122,0.978454451442233,0.973581187609768,1.11942286267316,1.08521145989706,1.08527660901521,1.07287205890568,1.05801409068932,1.04463954928613,1.01789046647976,1.00496421147795,1.00088139464747,1.11930993791045,1.91776365125517,7.27388320435465,55.1672613311333,1.11931528716591,1.91780057492939,7.27280808953974,55.0913059299718,0.141351814798873,0.12391388107388,0.124407488656875,0,0.102203609487567,0.101601299214682,0.138037371836137,0.181576142301229,0.220612772685676,0.298686033454569,0.336423391794248,0.347953976566696,0.356662656175959,0.356478619334968,0.367915594407084,0.38238312395071,0.396156315472511,0.426247193789532,0.442153548370774,0.00999069924846598,0.000396059244797167,8.54823927844692e-06,0.056988864562951,0.0566951016464654,0.0773915986617109,0.102129593522375,0.12434044657749,0.16876215268772,0.190253982893639,0.196808425620332,0.000129077818038418,0.0395658129791616,0.0394120396513328,0.0538086484889689,0.0710399945074858,0.0865253966605678,0.117496200966732,0.132478225897653,0.137078503720461,9.7388196078381e-05,0.0303832450266545,0.0302138902988445,0.0413048466115373,0.0545412559031278,0.0664300197215785,0.0902075473584801,0.101715827937359,0.105234819308734,7.76804406285318e-05,0.024626426562516,0.0245793822832615,0.0335367271555852,0.0442656890478683,0.0539234661377059,0.0732390203173811,0.0825730891015419,0.0855212974668783
