"size","kurtx","mean_BM_drm","mean_BM_dqm","mean_sqm_drm","mean_sqm_dqm","mean_wm1_drm","mean_wm1_dqm","mean_wm2_drm","mean_wm2_dqm","mean_tm1_drm","mean_tm1_dqm","mean_tm2_drm","mean_tm2_dqm","mean_tm3_drm","mean_tm3_dqm","var_BM_drm","var_BM_dqm","var_sqm_drm","var_sqm_dqm","var_wm1_drm","var_wm1_dqm","var_wm2_drm","var_wm2_dqm","var_tm1_drm","var_tm1_dqm","var_tm2_drm","var_tm2_dqm","var_tm3_drm","var_tm3_dqm","tm_BM_drm","tm_BM_dqm","tm_sqm_drm","tm_sqm_dqm","tm_wm1_drm","tm_wm1_dqm","tm_wm2_drm","tm_wm2_dqm","tm_tm1_drm","tm_tm1_dqm","tm_tm2_drm","tm_tm2_dqm","tm_tm3_drm","tm_tm3_dqm","fm_BM_drm","fm_BM_dqm","fm_sqm_drm","fm_sqm_dqm","fm_wm1_drm","fm_wm1_dqm","fm_wm2_drm","fm_wm2_dqm","fm_tm1_drm","fm_tm1_dqm","fm_tm2_drm","fm_tm2_dqm","fm_tm3_drm","fm_tm3_dqm"
5400,2.80000000000008,0.519833618653958,0.514891717223583,0.485830124846215,0.481698562848683,0.761606738853076,0.754027270236879,1.24513742587553,1.22824005926126,1.92613237504341,1.89821729079449,6.43881299942922,6.19810471428739,26.767911321362,23.9632537356166,0.333487370820666,0.24709218884698,0.339812063035438,0.251745624019923,0.563189773548728,0.416697507375462,0.95376721153086,0.70222174719209,1.54290685346931,1.13016359727028,5.4066091232594,4.00125331255519,25.0229769776026,17.9791373787861,0.603706190410429,0.298568676511528,0.497086707272022,0.249952819141474,0.781962553776641,0.376792429663097,1.24381861597827,0.573242598230979,1.83870296008483,0.82070425657682,5.04291540589155,2.01384122363646,14.8267799156404,5.27000205763864,0.532894532339872,0.292091540112016,0.496247014767833,0.271053689009527,0.780390212627748,0.430328978722235,1.2969770639385,0.704235394025612,2.01762123535285,1.07425015603719,7.1003834621886,3.92043237660439,34.0227303248659,18.7373630110467
5400,2.89999999999998,0.458602409175243,0.455712916992906,0.438451193604613,0.436694376380559,0.697565896047809,0.692719405401313,1.15169281077979,1.13942547107205,1.80516925687979,1.78097940526406,6.14523179299549,5.97495831688288,26.7823919918708,24.5675628646484,0.343704626838739,0.246679071216108,0.346809471051702,0.248994138997042,0.573095076591854,0.417711645088408,0.968807920855356,0.703167700694038,1.56163234742194,1.13834493057471,5.43976717347112,4.0151729306407,24.681668351792,17.7122813954048,0.611412254757248,0.294452110370803,0.529289596048715,0.256887430577242,0.807052209956102,0.38134023058947,1.25637773694554,0.570329029743533,1.86111737755995,0.811990061523168,5.16655943875148,2.04794368261385,16.0860691260842,5.79711388643246,0.607683333964525,0.324877605224902,0.558031995323192,0.299604534055872,0.8638447260511,0.454797633808525,1.42078736451781,0.73882579427051,2.18965316603403,1.1365020432053,7.74403680752995,3.9586308580414,39.7118530649239,20.3872661395082
5400,2.99999999999998,0.431837710566225,0.427900320939943,0.417458255843649,0.413984224185949,0.669326001123448,0.663491605169494,1.11067495731358,1.10096231727633,1.75186745388097,1.72926092473936,6.01239659049997,5.87100118258124,26.7406494684483,24.9638998399208,0.352607721368229,0.253229777017974,0.35526989638339,0.255208051334,0.583369994697992,0.419540284734517,0.983595287054479,0.711197159402141,1.58122517353104,1.15189966087662,5.49483119491206,4.05911819906201,24.6544193110905,17.5097159835198,0.624623211200326,0.288094940397423,0.555730798972991,0.256789254958303,0.832214450016588,0.378025411952555,1.28154324239375,0.566470472517619,1.90055297982655,0.808404693063026,5.34172144061859,2.08339055008572,17.4163845126777,6.12883164836685,0.675744744955925,0.347971464984135,0.613927187457805,0.31873348228857,0.937332351372055,0.471876272651315,1.52692268883084,0.772292550805676,2.33151887353116,1.178727360884,8.17316389309336,3.91204315007549,41.9178106491315,19.4623757111678
5400,3.09999999999999,0.415730401264967,0.408774836849752,0.404750536891276,0.399599612768815,0.652252888077109,0.643041639995807,1.08589891580203,1.07197444320255,1.71958688755499,1.69265164024361,5.93051207135591,5.78246236675522,26.6939991465143,24.9696693300239,0.361658852238901,0.253256935812266,0.364907298835171,0.255610504328343,0.595507869376192,0.426567819969541,1.00000808823883,0.715077640553636,1.60460007705774,1.1620159998367,5.58707941616,4.0461535223742,25.2970481181082,17.612387392347,0.639217619026818,0.288708873271727,0.566396079759786,0.256272840715419,0.847765578869171,0.381577023994849,1.30915823255158,0.570056841395276,1.94250349545871,0.820113695651503,5.51790566454671,2.10568483378748,18.6936927977124,6.42308747001079,0.736345269487994,0.371579248696845,0.671529545246722,0.341729815444131,1.00852837053977,0.499845024964497,1.62231079907777,0.801595698015808,2.4575970259184,1.21851971917277,8.52666671862168,4.00635258534513,42.1532257086413,19.3105763294253
5400,3.19999999999996,0.404638907153058,0.397698304676833,0.395975788358627,0.389714691380298,0.640463226507148,0.628666431798546,1.06878458345523,1.05108077516308,1.6972448147359,1.66978396535486,5.87309408917641,5.71928323777849,26.6508212422235,24.9817353320248,0.370933049766556,0.25631743270095,0.373851767179829,0.258384682115283,0.607064621773012,0.429351599630645,1.01666532750582,0.721163031935245,1.62849863954232,1.16587608687862,5.68450282051473,4.05902269920167,26.1050148858698,17.7708062882792,0.65236704753447,0.291443596550636,0.580732743294987,0.262122274921899,0.865684347915522,0.38342072781038,1.33633946640297,0.578171662292359,1.98403415195192,0.834704123775697,5.69745532446139,2.13537398144672,19.9321908595832,6.72359061677943,0.791625609566995,0.38762901457739,0.727206758398031,0.35919784185242,1.07627339295151,0.519665628616719,1.71289678696444,0.817846709703699,2.57928697991366,1.23281892943585,8.90722748529683,4.11185549673626,42.8484900437307,19.5765989170324
5400,3.30000000000001,0.396414632617698,0.389056467478752,0.389462775534937,0.382963783357165,0.6317058140562,0.618894670997618,1.05606033223625,1.03502116378598,1.68060853247849,1.65045123346138,5.82991228358699,5.67009180625833,26.6127852652511,24.9802762681477,0.379901563436675,0.26289689691378,0.381814878930479,0.264272254437353,0.617580829369908,0.434110069447223,1.03172228552372,0.729356671294449,1.64936383281511,1.16918409406173,5.75854679530714,4.08921210422103,26.6056477346498,18.2431014351819,0.665285730190359,0.298337057492896,0.590038418433383,0.268903797452098,0.880433082696136,0.384728170181748,1.36298258255284,0.586328006368578,2.02420275765626,0.843902982581846,5.86770629803106,2.17712386809861,21.0615955066188,7.01723133432349,0.844186413040549,0.39725662150012,0.775180456357478,0.367458813096077,1.13791156192624,0.52935578589931,1.79998303240063,0.828414252480715,2.69751750651189,1.2370797735709,9.30235961784218,4.177761944143,44.2800644863208,20.2520244815277
5400,3.39999999999997,0.390028260110996,0.38141369677675,0.384406165752002,0.376839857005246,0.624898384523421,0.610547606661917,1.04615673093565,1.02205466297905,1.66764471462102,1.63207870899385,5.79600338576274,5.62635337629043,26.5799561112112,24.982719570938,0.388791016420898,0.266849845556296,0.389211444678241,0.267136217165399,0.628026669918762,0.439307278857182,1.04648305334151,0.731424232798111,1.66983316436212,1.17176556122608,5.83156491023098,4.10731514852394,27.1507289004838,18.8451266121047,0.677987553223644,0.305457067118898,0.600778929916027,0.274877860836879,0.89667131726516,0.391273353391763,1.39001935722478,0.590361175399053,2.06487816987338,0.85342363650296,6.04133995812967,2.22253870489613,22.1612739441352,7.32210500577749,0.895539857254449,0.407227730634144,0.817232091956295,0.374303976769808,1.19481173210753,0.537946730250104,1.88622834729945,0.838971136572357,2.81654175331096,1.24691488654895,9.74043926239752,4.22585630909635,47.0296992771535,20.9553703695826
5400,3.50000000000003,0.384912804756438,0.375452238147714,0.380360308595074,0.371813539633695,0.619443066650584,0.604415993675621,1.03820806227109,1.00952908047256,1.65723030770967,1.61547396835847,5.7686013586572,5.58917596656169,26.5519678674999,25.0031776812919,0.397147992410666,0.271640083257752,0.395610250435024,0.270599182254653,0.637112426313833,0.440270210871825,1.0603829776117,0.737548659276789,1.68892915424834,1.16974681382646,5.89691089321513,4.13094054706324,27.5425884468264,19.2674609513594,0.69134424677001,0.310137320011106,0.616494759763545,0.279696610681672,0.916352008174304,0.398220459748544,1.4178775823833,0.592415751667151,2.10650064203393,0.860042052498136,6.21786581369303,2.26006460245833,23.2929704228479,7.59695505340346,0.944956178251716,0.415024029237771,0.858427807930758,0.378742852281063,1.24959793507608,0.543377221257208,1.96940608050544,0.848509075410058,2.93148231417946,1.25124532178558,10.1687415782854,4.25301747357277,49.7968936199259,21.7675581716723
5400,3.59999999999997,0.380724871385413,0.370960422444902,0.377054266955497,0.368004214360905,0.614976859216184,0.599478647546314,1.03168925039889,1.0022704153205,1.64868333454266,1.6020845320816,5.74601248409715,5.55945252502743,26.5283595421614,24.955644176328,0.404816989213694,0.275884402415347,0.403240708411922,0.274779895430995,0.64613634747246,0.440543519129298,1.07322243785622,0.743353441173293,1.70639040270633,1.16689920874211,5.95382715137016,4.13468730361739,27.7636713146848,19.4616226483227,0.705729523462021,0.311883543492558,0.633333442306415,0.282624145643247,0.936899291667792,0.401738495110725,1.44636047185359,0.595246997716689,2.14841170103124,0.861447250162997,6.38986876068454,2.28311973668741,24.407010945114,7.825982060114,0.992870731721305,0.420626434107556,0.901064925422697,0.383799997641468,1.30478001757597,0.547905238954613,2.05092012957641,0.85751388715565,3.04471615866685,1.2513047977653,10.6051727391194,4.26593509634766,52.8048176550667,22.4395590644254
5400,3.69999999999999,0.37724163478985,0.366210274359027,0.374311661515634,0.364610096618071,0.611263696416776,0.593952198030779,1.02625908803852,0.994892637046924,1.64156012397213,1.59106849676506,5.72712626045166,5.52970670827121,26.5086799762074,24.8985320552033,0.412125573781366,0.279618803583641,0.410966450831539,0.278781938337027,0.655054172848052,0.442706256354902,1.08537530855436,0.745104429526673,1.72276477038957,1.16995777601295,6.00470237599838,4.15483721174087,27.8893594240769,19.4498732647278,0.720908214306174,0.31492625850245,0.649865050473583,0.286547286703719,0.957181824108187,0.405037216824238,1.47527605444888,0.600243788751686,2.19038557756747,0.862605256324583,6.55660692436804,2.30297582280204,25.4782251332203,8.01653039288756,1.03921618269187,0.424869456419804,0.938778245495164,0.386770948713818,1.35633706420078,0.547658490272044,2.13013173810567,0.859182543379572,3.15469620862191,1.25392317353452,11.0302616237488,4.2652024764438,55.5573223747993,22.6104694920572
5400,3.8,0.374310716096459,0.362649079251019,0.372011534312784,0.360729032086649,0.60814182426785,0.589148217810845,1.02168390540124,0.98929553275097,1.63555650584863,1.58208819076141,5.71117573611927,5.4984511771042,26.4925192837175,24.8551509142064,0.419086236186433,0.284478335187575,0.416197766001669,0.282596869921997,0.662249166354805,0.445801136604948,1.09663404098847,0.74544087361746,1.73756763616505,1.17510516281284,6.04456433274935,4.16740932081881,27.8386101110045,19.2750402550857,0.736639482338616,0.318933382807008,0.664528830100157,0.289827737386233,0.976321947181467,0.409191513459203,1.50459498671587,0.60613199739444,2.23262472316502,0.866490226837999,6.72164182221636,2.32267308936356,26.5446250640052,8.1885269642241,1.08344756911119,0.428827881639964,0.973228090001889,0.388532783476971,1.40493301930435,0.546417527476081,2.20576252928238,0.857156509636887,3.25890270136408,1.25750305048194,11.4176916012649,4.26444742208903,57.282927368046,22.2963025930769
5400,3.89999999999996,0.371823517674006,0.35953899602476,0.370067465871632,0.358821388667343,0.6054957546611,0.586175829721842,1.01779693304971,0.983624034025013,1.63045516977883,1.57252318495302,5.69760914589686,5.47153506209306,26.4795151231045,24.824908326903,0.42587705834734,0.28879691533445,0.420557698487771,0.285279683398807,0.668990806415422,0.446459602854834,1.10755094962763,0.743556906364258,1.75190598703396,1.17539890878431,6.08291715111314,4.15760282580484,27.7989291106417,19.2125193155153,0.752979313274076,0.322172236148885,0.679867415925046,0.292360432786742,0.996132600255078,0.414088781618885,1.53481560820717,0.611925948833655,2.27622129331155,0.871456860475597,6.89409069874791,2.34339061975592,27.7361025849821,8.36757034298535,1.1260252798631,0.434439260761788,1.00704643100968,0.391970664864554,1.45204209632963,0.54858729046754,2.27871238010608,0.856786113854218,3.35891562235392,1.25917208165279,11.7797149875964,4.27409030229378,58.2988118183037,21.8305344035482
5400,4.00000000000001,0.369700019757376,0.356809333160124,0.36841563705607,0.356109480570378,0.603240248540904,0.5825386738965,1.01447511464609,0.978187204286364,1.62609560695135,1.5639126769403,5.6860162473617,5.44765715676245,26.4693503199433,24.8175993244663,0.432868106936025,0.29275005780875,0.42656074324043,0.28860708500204,0.676890868723311,0.449846906856258,1.11950660180568,0.743152954984252,1.76853511323543,1.17662366716958,6.14338238186333,4.14817191348514,28.1847126298963,19.4001520602084,0.769671684613923,0.322089807847432,0.697022648543598,0.292367491992511,1.0173570164237,0.415696248178235,1.56560271120636,0.613919881636429,2.32058711335964,0.872635185945094,7.07032366538134,2.36144037825961,28.9812497876334,8.58178356466086,1.16749688693476,0.440063206078359,1.041573418298,0.395965280634004,1.49864651438765,0.55184317403058,2.3494824431421,0.856195645645423,3.45540288735044,1.25827940768344,12.1177466982621,4.28868622289801,58.8096425166498,21.2863903771561
5400,4.10000000000002,0.367879617565241,0.354651735585029,0.367007617027595,0.354259610429363,0.601310648339052,0.578824610426986,1.01162512152733,0.97339970580926,1.62235596804573,1.55548500851867,5.67608364637341,5.42426058368343,26.4617478605855,24.7779455026299,0.44001396647962,0.296411276164221,0.432952538153703,0.291676267301201,0.685116190754915,0.454667888755028,1.13201005054175,0.743737835372665,1.78632240670448,1.17950269576171,6.21468685368212,4.14604389499385,28.7901555447107,19.4601616208461,0.786393877545692,0.32170441373021,0.714806255455053,0.292543407425291,1.03891623875717,0.416829342690157,1.59628861781598,0.615803040041764,2.36452274172946,0.874919792337238,7.24221947991596,2.38226414446251,30.1432690286737,8.82082859372396,1.20839391232648,0.445064574826653,1.07656792827127,0.399389346713424,1.54519745021235,0.555430187351552,2.41895182676956,0.856355596557616,3.54979268601701,1.25675070980365,12.4415655464149,4.3068252781564,59.1129442035673,20.9498072966522
5400,4.20000000000003,0.366315341926316,0.351429004094777,0.365805804548841,0.351351720204045,0.599656771841826,0.575469291626966,1.00917452471704,0.968117506393857,1.61914160383428,1.54864680283649,5.66756644810641,5.40292161285355,26.4564654934225,24.7306623339046,0.447141806319986,0.298682605106159,0.438427541563931,0.292972294126566,0.692942800727855,0.458748162340169,1.14436607207167,0.744559643150633,1.80379945942164,1.18137000817423,6.283316233968,4.14737323012318,29.3574001005115,19.6033476582303,0.802881542778647,0.320646186706399,0.730408629071051,0.291524357479778,1.05879327284569,0.416604137187773,1.62643356003277,0.616442667892252,2.40733100823709,0.877157521840653,7.40578950956981,2.40137687622303,31.144044076903,9.08420009212281,1.24934427434288,0.448177267365497,1.11139827096528,0.400953028879563,1.59185174178927,0.559026115976911,2.48891182336177,0.855772774061902,3.64546110066304,1.25148421270242,12.7841650453338,4.31846199204621,59.8887513001061,20.7724850707841
5400,4.3,0.364970072769521,0.349238865260262,0.364780435338942,0.349468140925589,0.598238906422684,0.572676866410627,1.00706600651646,0.963150836904454,1.61637754654624,1.54239894816545,5.66026957396117,5.38239161994422,26.4532907341646,24.6889087375731,0.454323509265922,0.300178042569927,0.443780741987679,0.293344856561815,0.700777102058216,0.462173427385175,1.15679169086093,0.747151340620847,1.82139955861086,1.18325123188165,6.35300619259248,4.13880225399917,29.960481715412,19.741539994968,0.819152036676665,0.320373008890998,0.742839558788304,0.290448529854499,1.07650199223115,0.416207401882251,1.65613194473254,0.617223429840412,2.44926099599828,0.880306821624604,7.56333892446858,2.4194601401389,32.0187929622761,9.31243858143853,1.29078423487864,0.449638550515866,1.14573896797464,0.400911210736657,1.638470605265,0.561511347517873,2.56060022163904,0.85418239860951,3.74483642795595,1.24387086985669,13.1716899055637,4.32882993741694,61.6758498585346,20.4920071521535
5400,4.39999999999999,0.363813976947121,0.346621797873189,0.363907553379199,0.347627742213799,0.597025095203756,0.56919054079833,1.00525344065729,0.95824394035399,1.61400341513808,1.53643010810676,5.65403504694356,5.36332161386531,26.4520365081555,24.6230613600719,0.461657647338319,0.301225821089712,0.449403000442504,0.293462479784676,0.708925242741663,0.464182082534088,1.16956605463306,0.749885285395348,1.83969049390595,1.18279373696763,6.42887797200786,4.13021699377323,30.7147571017029,19.8388983648985,0.835406240262388,0.321504777816177,0.753818598237433,0.290484295241654,1.09342287040155,0.416610159299001,1.68573157310637,0.619130415131075,2.49094507043634,0.884833912322647,7.71914951687136,2.43809071394117,32.8493992492672,9.48887170195907,1.33253978340193,0.450559037716595,1.17915576753462,0.400636967735381,1.6845398939133,0.563130303921831,2.63319337671087,0.853453720592381,3.846310082481,1.23719726964187,13.5883726065994,4.33659147114553,64.2196775703149,20.1034739205865
5400,4.49999999999999,0.36282272575245,0.344955713285432,0.36316759717443,0.345718650597279,0.595989246888168,0.566465594095903,1.00369916316568,0.953984843030095,1.61196986599489,1.53165900156088,5.64873309675758,5.34637880041393,26.4525374448619,24.5824802106408,0.468902711865043,0.303513605213274,0.455179275177709,0.294877778983227,0.717130127895726,0.466150230737315,1.18187887478324,0.753937753128521,1.85705077656686,1.18265340520348,6.49666363976489,4.12524878884351,31.3368641780755,20.0530138263596,0.851835793883861,0.323534867882311,0.764987862607654,0.291674773643619,1.11069179824457,0.417774707134019,1.71545368376137,0.622044159440168,2.53273955938659,0.889396262635896,7.87515126469082,2.45682105937912,33.688762897795,9.64379810980156,1.37415136456323,0.451566335591558,1.21259884737443,0.400552009747675,1.73038212442635,0.56377131369278,2.70533287366353,0.854115455208675,3.94726477614129,1.23210905145065,14.007553837727,4.33543510373508,66.9958199078435,19.6875151042042
5400,4.6,0.361976224605187,0.343598278952901,0.362544390630321,0.344206924122103,0.595109787224877,0.564244902097502,1.00237202587894,0.951059443507254,1.61023605997749,1.52639960409411,5.64425578611438,5.33217339829675,26.4546467617857,24.5435019499345,0.476147722825395,0.306441541607607,0.46104592962253,0.296967368229589,0.725373860256242,0.467675300726956,1.1941629082276,0.758365673396288,1.87440697363861,1.18332050607765,6.56520088605288,4.12471482369024,32.0054565471002,20.2107351151556,0.868610035657769,0.326367507396186,0.777297643671865,0.293710374232854,1.12890297359745,0.41926712050118,1.74572632828138,0.625910522262434,2.57543274040909,0.893909464561502,8.03713317928696,2.47615985570084,34.6359553729046,9.81238940783367,1.41532428889575,0.452797894876277,1.24609310427779,0.401351236919122,1.77608149431839,0.563766506822794,2.77632423901279,0.855353192293078,4.04637317808414,1.2271577774002,14.4152523799045,4.32714070915428,69.6755154671501,19.2610833742815
5400,4.69999999999996,0.361257688388966,0.341639053767862,0.362024407418088,0.342541792241714,0.594368676382139,0.562177238379619,1.00124597849549,0.947304594710965,1.60876781617168,1.5214791546411,5.64051234659345,5.31552176983045,26.4582336541592,24.492285140966,0.483268134060979,0.309863058447085,0.466658026964534,0.299479997028082,0.733379962829899,0.468950760207457,1.20613768883008,0.76304524019318,1.89122193998855,1.18483578497107,6.62998659697702,4.12957501630008,32.6147275613557,20.2716039595054,0.885618632377066,0.330178616368052,0.790794553239273,0.296890785497547,1.14792830331201,0.421581746402558,1.77637112199046,0.630466301152217,2.61872433604485,0.898870007266311,8.20330372627022,2.49843615222603,35.6590301346406,9.99802218720617,1.45604279166964,0.454685265680336,1.28053539156777,0.403343268342464,1.82224461355023,0.563701428791142,2.84627737621117,0.856880741096828,4.14379614168238,1.22302623558125,14.811889944526,4.31566799903903,72.191311877344,18.9163302125748
5400,4.79999999999998,0.360652955679131,0.339953708552052,0.361596224627335,0.341322813450426,0.593750679455883,0.560801458415842,1.00029901614113,0.943923637100323,1.60753624077809,1.51721093421689,5.63742570148244,5.30448580909558,26.463181108306,24.4299121706562,0.490128962271167,0.312820613402459,0.472015979809458,0.30138270383091,0.740980410786555,0.470013634200731,1.21742699975656,0.767774441072081,1.90673997568635,1.18689469718127,6.68416267423422,4.12561685156546,32.9995144876856,20.2153148756132,0.902708017155806,0.334158064826951,0.804584322101543,0.300096205946127,1.16702857687252,0.424059763252049,1.80703649116754,0.635083170551525,2.66200382005868,0.903644427683579,8.36957540393611,2.52084722423368,36.6954968409595,10.1753943222425,1.49647654612557,0.457761891439531,1.31652304511592,0.406467480286739,1.86928174247214,0.564566826409576,2.91567149320018,0.85874149369211,4.24037232305076,1.22084883239933,15.2047424461062,4.30692001401975,74.6593877531778,18.6711816442764
5400,4.9,0.360149971595187,0.338194697927622,0.36125011021387,0.339887983608905,0.593242815823497,0.558530944922157,0.999512385105157,0.940820125057671,1.60651669176711,1.5116316133674,5.63492983025819,5.28590448228072,26.4693840659958,24.3710457393425,0.496820914704744,0.314742915103508,0.477311522335415,0.302440638268247,0.748308480523849,0.470504953915745,1.22830379380841,0.771381781898996,1.92150495035395,1.18897818092767,6.73249687001032,4.12083068279543,33.2611543889685,20.0322433927903,0.919598472808396,0.337152397962796,0.81843078326775,0.302423539977467,1.18585831822233,0.425871651656623,1.83714828257949,0.638106396093072,2.70425887312617,0.90721268934966,8.52876367437036,2.5386141785259,37.6101856614041,10.3565030253711,1.53668106849537,0.461333017367791,1.35349126025681,0.409838383753432,1.91674104869153,0.56638833317615,2.98450014792007,0.860376864727437,4.33599551864091,1.22067442753743,15.5908067672728,4.2992924336024,77.0057597386142,18.5537088114241
5400,5,0.359738391944663,0.336904729756095,0.36097770681072,0.338784876182926,0.592833937255585,0.556594079182711,0.998869974395219,0.937560619560909,1.60568798531924,1.50650655102409,5.63296774114479,5.27519970776366,26.4767478783013,24.3175045600351,0.503337723664341,0.316082769981978,0.482530954825836,0.303063412782993,0.755388294539997,0.47100324937121,1.23876890790974,0.773773630167864,1.93552624600343,1.19104459827384,6.77513396710705,4.11557224347787,33.4012635639779,19.8463570100146,0.936327956127656,0.339213339274,0.832460048138801,0.304024799525749,1.20461237280826,0.426999779843985,1.86684000891764,0.639595547675925,2.7457824212764,0.909411360659318,8.68349223035659,2.55078034097313,38.4535441186235,10.5542769875008,1.57660351012614,0.464725477355567,1.3904740085263,0.412929074272166,1.9639785714009,0.56895043531151,3.0525123513558,0.861290593516027,4.430123138878,1.22096166403832,15.9627669382303,4.29244655095841,79.0505215674974,18.53414427208
5400,5.1,0.359409276102136,0.336169633150232,0.360771786124093,0.337597014164754,0.592514400306238,0.554851481254105,0.998357843320702,0.935265767667135,1.60503177934865,1.50272138199862,5.63148989047051,5.26372615484636,26.4851869981387,24.2770114600025,0.509640899228284,0.31721827497077,0.488110442491326,0.304037882731084,0.762438742430848,0.471934616340116,1.24863503709498,0.775185375571201,1.9484096600463,1.1933845400568,6.80827724837941,4.11061359386716,33.3416362195086,19.6504745098657,0.952901966348487,0.341191663200015,0.846277957898368,0.305570030602201,1.22312934841105,0.428120927815858,1.89627780484124,0.640540975967601,2.78693724254097,0.911531849955636,8.83715363344322,2.55962743799214,39.2773925820727,10.7661436706459,1.61629092879133,0.467711882494037,1.42657299750997,0.415457746550514,2.01038331088323,0.571420687610188,3.11986891438325,0.861432951029602,4.52305163877761,1.22139770988539,16.3233260171371,4.28830084329715,80.836934575434,18.6102962460015
5400,5.2,0.359154845807179,0.334740671385453,0.360626055826616,0.336113560000562,0.592275808798378,0.55278266402106,0.997963850191586,0.932425768294479,1.60453208872156,1.49845504326594,5.63045293535762,5.24746364317862,26.4946238699026,24.2334115184984,0.515845811501939,0.318108439017197,0.493354887239686,0.304516770268949,0.769110649890419,0.472609942389894,1.25827038359843,0.775092703501823,1.9608994877424,1.19462642404935,6.83870595932184,4.10672810707403,33.2368267988203,19.5397978256358,0.96935540050921,0.34336263671319,0.860164774041678,0.30732204685839,1.24162021234981,0.429405122149687,1.92561542783877,0.641548775666711,2.8280109870998,0.913966877284766,8.99201026307408,2.56661159943145,40.11261170816,10.9823338636951,1.6558383661889,0.469823943227682,1.46164916268486,0.417097639614265,2.05592576075383,0.573381337750526,3.1868974583551,0.860809443423341,4.61541929228013,1.22149954915903,16.6795260729505,4.2822407589956,82.5179880459391,18.6838376842221
5400,5.3,0.358968293617252,0.333702725113558,0.360535006039726,0.335289838191206,0.592110809152185,0.551281253292982,0.997677357232779,0.929324666417363,1.6041748997847,1.49394327231798,5.62981873855703,5.2335380081402,26.5049879823321,24.192466986652,0.522036244701708,0.319450220619072,0.498717941942186,0.305481970152343,0.775844006036745,0.473787345982554,1.26796056671426,0.774903492874404,1.97357659301465,1.19629704262503,6.87175207077151,4.1043629200284,33.2019812114015,19.4676875886496,0.985619934416494,0.345858580078256,0.873883961518791,0.309206466951162,1.25994129027267,0.43128563841078,1.9547103475804,0.642906768864219,2.86872544390351,0.916843102398676,9.14570377492547,2.57673003639613,40.9049560402386,11.1660857198783,1.69536534123981,0.471274104404543,1.4960330725234,0.418255484864351,2.10096717728059,0.574731472955864,3.25398580056202,0.859800689332399,4.70798874928429,1.22100622830705,17.0401676377064,4.27590693855446,84.297889271804,18.7147991024543
5400,5.39999999999996,0.358843629241676,0.332578876877543,0.360493786050563,0.33446715179474,0.59201292605817,0.549725036769939,0.997488993678575,0.926783901750546,1.60394786073796,1.48959115373063,5.62955356643473,5.22458908748878,26.5162150570585,24.1554159364972,0.528229419418449,0.320957316561162,0.503930351412841,0.306546491853235,0.782558292964651,0.474617668372262,1.27774864388712,0.774784810849755,1.98651720803749,1.19711846950415,6.90798006919926,4.1039953688044,33.2452990400609,19.3896466400555,1.00171084616032,0.348664927902203,0.887638538531468,0.311354760436756,1.27826116332229,0.433745246055371,1.98364584317596,0.645027017327744,2.90923080833094,0.919910895462652,9.29934510639986,2.59110572980198,41.6640926772669,11.314832232101,1.73491228748716,0.472510934413103,1.53006527436923,0.41919145137046,2.145849611247,0.575590599351873,3.32122941544183,0.85921682254052,4.80091802964004,1.22030389207545,17.4066214121456,4.26596094841008,86.2011161459893,18.7350148055611
5400,5.50000000000004,0.358775555112266,0.331496226419715,0.360498104387895,0.333538736222942,0.591976429311758,0.547839474663753,0.997390463798557,0.923914474153565,1.60384003060601,1.48586514130672,5.62962743663701,5.21318312733387,26.528246350403,24.0968570756653,0.534400432781388,0.322504742818345,0.509079289804956,0.307567706239108,0.789283370450697,0.4755584603449,1.2875434014691,0.775269942184796,1.99953335212746,1.19751536084802,6.94563772778132,4.10441974478124,33.3283392616607,19.3986695478771,1.01766957336444,0.351720510503479,0.901242802890268,0.313842052244454,1.29643913802769,0.436739364913624,2.01247110936138,0.64781937092743,2.94959986656191,0.923140157173082,9.45327128777627,2.61004024706153,42.3986792486373,11.4184497687194,1.77438116741262,0.473499149311926,1.56350153822297,0.419889851450766,2.19015428142409,0.575961065936639,3.38827534579394,0.859011793055289,4.89349719294703,1.21949595252052,17.7702818442219,4.25119247530313,88.0294803509804,18.754396152701
5400,5.60000000000003,0.358759364761057,0.330799151624779,0.360544147138052,0.332905494767039,0.591996224974327,0.546278726748985,0.997374389995575,0.921652956832971,1.60384167397078,1.48218475536772,5.63001358298324,5.20188187233964,26.5410280500874,24.0621888815557,0.540610260406476,0.324169823860777,0.514589672825695,0.30874787318009,0.7963573462107,0.476811571994487,1.2975409427612,0.776056783033013,2.01301506541906,1.19759409332496,6.9882111796727,4.10445396591522,33.5226826280638,19.4413072827609,1.03360724854546,0.354612603489903,0.915000659465948,0.316322874035059,1.31487144082268,0.439600255651891,2.04145422219424,0.65079909766436,2.99033379765152,0.92610752785739,9.61158509956,2.63056422994382,43.1889010570278,11.4925916275082,1.81384205777487,0.474528305614827,1.59724235538947,0.42070941998966,2.23475395278247,0.576118533341437,3.45524783080298,0.859394850903991,4.98591904997566,1.21803980762168,18.1323980860323,4.2334866431816,89.8109264061515,18.7590244095188
5400,5.69999999999998,0.358790859165581,0.330280913952979,0.360628510644098,0.33215365603485,0.592067765712392,0.545165711692972,0.997434183550794,0.919238781139702,1.60394409179215,1.47905317247342,5.63068801307317,5.19064130536988,26.5545107518496,24.0149180327691,0.546833158443091,0.325828153243486,0.520341308748056,0.310176228948283,0.803606445284526,0.478571875797833,1.30768097827429,0.777413910148947,2.02683977985533,1.19723614737503,7.03459265046048,4.1044973268478,33.8009525256062,19.4600676335188,1.04962611393552,0.357017087605802,0.928740553013599,0.318431828540358,1.33341635966041,0.441926155040281,2.07076990254724,0.653408481010645,3.03173072934578,0.928499974688802,9.77646015491042,2.65044856516949,44.0834301021292,11.5395460751372,1.85322980050866,0.475253123237931,1.63061908696652,0.421346625156798,2.27899415640145,0.576151292752722,3.52193576055576,0.860132947853798,5.07774871977078,1.21586081248162,18.4873413335746,4.2133810785549,91.4020199125921,18.7795237586037
5400,5.80000000000001,0.358866277378717,0.329704218596603,0.360748145650339,0.331708590946127,0.592186976394389,0.543952778139491,0.997563937362156,0.917503804799366,1.60413948094952,1.4754294915509,5.63162913988826,5.17904286512557,26.5686490036199,23.9679706073754,0.553012938873585,0.327363330786284,0.526062033182529,0.311498088448644,0.810889562962561,0.480050165970969,1.31779922255909,0.778683535312981,2.04067692879916,1.19637637264155,7.08179421740973,4.09909458805592,34.097659247614,19.4477620478385,1.06573408157407,0.358820009059032,0.943018804444268,0.320070605923873,1.35252642106046,0.443863773005159,2.10036509935215,0.655541635062323,3.07367511807808,0.93054688474467,9.94685522760659,2.6690158038651,45.0723975909438,11.5625753834269,1.89259291012643,0.476193841720243,1.66320730223947,0.421928490715802,2.32270340515065,0.576204858943845,3.58843524097397,0.860890826228657,5.16915160601018,1.21343220184624,18.8365121432369,4.19353202704379,92.8409838815133,18.8017519887743
5400,5.89999999999996,0.358982238611419,0.329009633202309,0.360900310631364,0.33092641831652,0.592350191928724,0.542835728368069,0.997758336327231,0.915623311749067,1.60442081683442,1.47246321385243,5.63281747294356,5.16721307114489,26.5834009070528,23.9281673670809,0.559133413660456,0.328896486831905,0.531644743612923,0.312888978754178,0.818017684434905,0.481704304030875,1.3278658759577,0.779783545487048,2.05446896247282,1.19561967429279,7.12932623180676,4.09297284035563,34.3997937342617,19.4235847030019,1.0818745649169,0.360216120816425,0.957283234858976,0.321335536428483,1.37168350814897,0.445195582540997,2.12995528106504,0.65709796273417,3.1155882672976,0.932120712079677,10.1173954366445,2.68588915607718,46.0636470363057,11.5913316738728,1.93194411568566,0.477277894278567,1.69501031104451,0.422514956796621,2.36577971954219,0.576274913689812,3.65482602588534,0.861779916096601,5.26029667145276,1.21095224587139,19.1820762936991,4.17564410702185,94.1759844597198,18.8023350000665
5400,6.00000000000001,0.359135693570516,0.328307068066602,0.361082532549357,0.330542472022111,0.592554105000468,0.541746111430046,0.998012581993112,0.913521830925774,1.60478175458968,1.46952318743119,5.63423535774236,5.15769534301564,26.5987277679654,23.8964588869928,0.565163386460829,0.330228047207399,0.537327809116121,0.314094715500248,0.825095771102419,0.483096787758011,1.33778797020092,0.780393363623603,2.06802750854885,1.19483891724947,7.17545320106773,4.08490352665721,34.6682846548336,19.3661046385114,1.09804922338935,0.361442011811448,0.971890157221506,0.322407779205241,1.39114022282049,0.446490435571698,2.15948115670289,0.658604742122391,3.15735064670479,0.93387220549081,10.2869253113499,2.70096614733471,47.0443814585306,11.6197344104594,1.97139313587017,0.478599441682971,1.72640341970597,0.423141712372832,2.40865339334424,0.576405052815216,3.72142103483114,0.862365318724628,5.35178515404939,1.20882570207028,19.5309782516069,4.15981580025158,95.5720406016217,18.8136389431829
5400,6.09999999999999,0.359323883330591,0.327725479149807,0.361292573663246,0.330017653006377,0.592795721871208,0.540541553778343,0.998322328827377,0.911995919700569,1.60521654554309,1.46655146971767,5.63586675469483,5.14859230162188,26.6145937886332,23.8712366132413,0.571118362786145,0.331635141227912,0.542767089393086,0.315331601509425,0.831972833623388,0.484210447082278,1.34760647198965,0.780839920958695,2.08143510446341,1.19403737874204,7.22092563566347,4.07704357416936,34.9203806829706,19.3559585933993,1.11424655532226,0.362535347663775,0.986480116233356,0.3234177192815,1.41054810184604,0.447667521325399,2.18887967549638,0.660087458625036,3.19884436716063,0.936029507273482,10.4543873702101,2.7153799272323,48.0008600642933,11.6535567841137,2.01098046612589,0.479894559722707,1.75766941625869,0.423799844815246,2.45149564075899,0.576665134542242,3.78839455752928,0.862656044611473,5.44396828783682,1.20705898608847,19.887678671242,4.14676648036583,97.1216197333356,18.8201695589927
5400,6.19999999999997,0.359544304381129,0.326712321671698,0.361528403302099,0.329334038094855,0.593072324791937,0.539253986170461,0.998683630019961,0.910040232057531,1.60571996610767,1.46300740716624,5.63769705050116,5.13728366467345,26.6309657960607,23.8353824862263,0.576949681245939,0.333014843095797,0.548139758359637,0.316591539442168,0.838650967868491,0.485160309334906,1.3571372655984,0.780911548694298,2.09431616156851,1.19342810274637,7.26223100289351,4.07322135626689,35.0826494550177,19.3435708927926,1.1304172701691,0.363922591467313,1.00128184728525,0.32482500591951,1.43002401317083,0.449272117954026,2.21802812400242,0.661855757721542,3.23984964668856,0.938848106080912,10.6179570507661,2.72935204942775,48.8994257611204,11.6887316514254,2.05069987309188,0.481219467758825,1.78892256318316,0.42454909444292,2.4944093641596,0.576949566917046,3.8557220630751,0.862865272900713,5.53680267646206,1.20571444031841,20.2518273153651,4.13481604024401,98.8203218095635,18.8483147852932
5400,6.3,0.35979467876782,0.326037990061906,0.361788173736731,0.328388924072844,0.593381439874554,0.538151626961055,0.999092891151972,0.907962767345135,1.60628725697624,1.45939212900853,5.6397128964096,5.12694765133148,26.6478130012812,23.8056291795889,0.58270899944888,0.334353806726807,0.553476368654056,0.317721691088581,0.845263257778827,0.485945759645367,1.36653281793969,0.781106009039061,2.10697180007184,1.19314420572559,7.30204983213234,4.0661457190772,35.2132154543128,19.36999998642,1.14656456352196,0.365587331703096,1.01589303275,0.326330482162869,1.44927243044838,0.450948572412461,2.24693266134767,0.663848878007583,3.28038341428223,0.941864033700153,10.777754041831,2.74313052164007,49.7450170617978,11.7187078292314,2.09047867535755,0.482448874025826,1.82022047141879,0.425437155790708,2.53731944381736,0.577151356155117,3.92317115646014,0.862711770847342,5.62984093219715,1.20478381445887,20.6182000307326,4.12298241971991,100.554943877777,18.8824354312277
5400,6.39999999999998,0.360072928461558,0.325453710202515,0.362070199454901,0.32784498545061,0.593720809496208,0.537084783414068,0.999546830397295,0.906034416523323,1.60691407086756,1.45695361565671,5.64190206885692,5.11890621269391,26.6651067855106,23.7740019441505,0.588424183747343,0.335788732956117,0.55871750088945,0.318999516408625,0.851849449344118,0.487037350006026,1.37586615196987,0.781120756973602,2.1195432786983,1.19319407862334,7.34160724000235,4.06305225471252,35.3392677241329,19.419579686954,1.16273349446111,0.367297499719948,1.03047957432754,0.327937635346402,1.46847077878963,0.45274199401383,2.27577354316013,0.666136570529163,3.32080457834964,0.945008530727248,10.9371176275494,2.75648326718557,50.600547028136,11.7492282977449,2.13024925047908,0.483570932872573,1.85150037246604,0.426198025615669,2.58011003455831,0.577345769599136,3.99057065720874,0.862473606322393,5.72275285067109,1.20405551637016,20.9828562924076,4.1108370828176,102.224811669996,18.9111731001448
5400,6.49999999999994,0.360377153255987,0.325098933143545,0.362372939279206,0.327340931256197,0.59408836848907,0.536193705626892,1.00004244417979,0.904342088116125,1.60759642741693,1.45417620718957,5.64425334885362,5.10726718972787,26.6828205096321,23.7451261235277,0.594095954931297,0.337252731462707,0.563885644861045,0.320387544818741,0.858300602629228,0.488134354423097,1.38512962845072,0.781350416390903,2.13201339891324,1.19383226483139,7.3807221094506,4.06109592293688,35.4579209636227,19.4578969672019,1.1788616067068,0.368982516369598,1.04484972935603,0.329426640709526,1.48742761052201,0.454478760576481,2.30436962464366,0.668538526001809,3.36077625196064,0.948288076217026,11.0931052441344,2.7688838913675,51.412024222159,11.7694872596991,2.17007809258006,0.484782147281887,1.88306533753733,0.426966549606412,2.62309902756778,0.577433351056742,4.05811370388504,0.862164950973508,5.81590613351768,1.20341347442267,21.3500703656782,4.09756217202903,103.926278738295,18.9096018136963
5400,6.59999999999997,0.360705611625827,0.324735740000711,0.362694980871868,0.326758714582166,0.594482223508234,0.535216631606165,1.00057697741097,0.902547727651123,1.60833067406741,1.45153475012415,5.64675641715119,5.09930720804817,26.7009293440147,23.7111234058509,0.599768185779704,0.338680734357886,0.568972015395702,0.32142410892732,0.864762430717494,0.489000631139456,1.39447753617935,0.781470304821238,2.14469325083367,1.19432392766591,7.42226960044795,4.06090550943407,35.6287348386169,19.4821121736706,1.19496231012608,0.370678521889063,1.05908169561046,0.330811225156,1.50626659689134,0.45608454739743,2.33278709124752,0.670987134293431,3.400425648779,0.951193673364122,11.2468138803922,2.77844484128028,52.1967813098679,11.7939659621411,2.20994356454762,0.485912106053585,1.91487200699869,0.427643691612028,2.66626228199058,0.577506384958213,4.12576001902291,0.861824038888602,5.90923603074009,1.20260145011346,21.7193380509887,4.08391497927953,105.647880970146,18.8995165870604
5400,6.69999999999997,0.3610567040821,0.324214976498247,0.363035027253708,0.326084226194679,0.59490063508126,0.534306437273814,1.00114789759268,0.90066264796677,1.60911345202622,1.44820816876583,5.64940176276296,5.09025296944366,26.7194101160978,23.6828122795585,0.605440772485351,0.34008107263996,0.573634390136373,0.32229843247819,0.870968944962209,0.489539869260167,1.40390582278757,0.782104984218291,2.15757402341506,1.19470072251711,7.4661716075426,4.06266250246165,35.8502772963749,19.5090717023162,1.21103766026981,0.372315096011882,1.07311631425586,0.332099138790861,1.52492244493487,0.457699100660307,2.36112847723707,0.673537529672578,3.43997488373387,0.954066797374543,11.4006014308349,2.78611639727205,52.9939812702813,11.8177778163124,2.24985964539473,0.48722245811017,1.94692000653964,0.428405489290718,2.70967673783932,0.577597298233284,4.19354085742239,0.861579434470997,6.00278982951896,1.20174375934377,22.0909740871647,4.07111717116995,107.391687856064,18.8827777968966
5400,6.79999999999998,0.361428958643079,0.32344327436305,0.363391885030909,0.325667702001946,0.595342001931261,0.533562585495466,1.00175287219676,0.899643325594356,1.6099416665173,1.44629173465859,5.65218060283737,5.08048116710657,26.7382411735721,23.6625498228382,0.611081197329803,0.341419008754357,0.578186873923665,0.323219099381621,0.877114284227029,0.490402941628566,1.41330613106128,0.782541050017977,2.17043798135139,1.19493985299801,7.51042971848472,4.06298656605507,36.0805498930543,19.4844727694925,1.22711019628517,0.373903070719146,1.08728624271846,0.33345180511906,1.5436456518866,0.45924258471368,2.3894839837144,0.676161211915203,3.47959772913449,0.956663847155998,11.5560828871761,2.79190809639105,53.8324246447093,11.8346316789779,2.2898567766872,0.488603612863139,1.97944341160716,0.429169029214745,2.75338299874714,0.577667226039929,4.26151782836648,0.861324320257037,6.09668252481957,1.20072550864678,22.4663103341332,4.05848403243665,109.19626858182,18.8781093778153
5400,6.89999999999997,0.361821018106088,0.323178766472467,0.363764454076232,0.32525373354551,0.595804847236144,0.532906583962178,1.00238974883545,0.898272871689084,1.61081246069393,1.44468945710723,5.65508481222469,5.0708473378054,26.7574022612575,23.6331267736903,0.616673465955145,0.342822670957927,0.582511214360484,0.324026339055489,0.88308996123916,0.491086549910083,1.42264675548828,0.783003285019229,2.18322838753047,1.19486387621629,7.55460804170579,4.06426129555329,36.3094767392196,19.4325499798539,1.24314516379665,0.375443512420523,1.10124080103539,0.334695846866374,1.56226604321061,0.460811459112049,2.41775113657076,0.678885999204887,3.51909077998845,0.959049746970892,11.7112875283348,2.79716317605453,54.6700393784707,11.8669709754689,2.32996704917903,0.489979114269489,2.01191107757093,0.42998357522755,2.79706150105382,0.577863428294638,4.32974613876279,0.861060129708616,6.19100577831748,1.19945805783901,22.8461888877796,4.04732099535951,111.085985697127,18.8489040315787
5400,7.00000000000001,0.362231628858669,0.322876358548329,0.364151718454218,0.324945575095436,0.596287806543733,0.532526839051913,1.00305653781877,0.896777514190375,1.61172319268292,1.44258540086875,5.65810686135666,5.06162212478538,26.7768744100742,23.6104128058827,0.622304621138458,0.344111243206331,0.586533684131114,0.324518087839995,0.888974690225116,0.491357951970048,1.43222490521497,0.78319307346096,2.19654352035235,1.19470656824172,7.60427048356885,4.06419764037634,36.6543098590717,19.3840768076729,1.25918881705104,0.376889209382542,1.11532305773097,0.335918009875132,1.58092257339507,0.462279918894297,2.44606708085034,0.681277879356094,3.5587125540091,0.961008082478354,11.8685586317118,2.80108656989269,55.5529033492776,11.9113095133529,2.37017952429668,0.491437826012839,2.04452098666734,0.430852486905532,2.84088762105104,0.578223057348205,4.39816651679918,0.861068784548113,6.28563411498424,1.19823596496267,23.2288733824838,4.03688913973622,113.024135734774,18.8157773147135
5400,7.09999999999996,0.362659631010916,0.322321795595834,0.364552738414643,0.324462400832763,0.596789617108794,0.531851473652411,1.00375139676167,0.895412688606657,1.61267141531897,1.43971243779688,5.66123976128251,5.05303591624062,26.796639836701,23.5863660666167,0.627839278408355,0.345499716940486,0.590599284692,0.325063713782704,0.894824807129293,0.491871221545937,1.44157318110087,0.78361958181271,2.20944170083862,1.19506066444907,7.65066696170217,4.06656865155389,36.9314947972047,19.3322673449868,1.27527001743036,0.37830979348263,1.1292621974545,0.33708518629187,1.59953520337123,0.463846637381364,2.47451669278513,0.683623180028343,3.59861634414371,0.962668634984851,12.0292283065125,2.8053201368774,56.5053669517008,11.9587733696362,2.41054982032679,0.492678716477831,2.07757175825701,0.431764272600324,2.8851514311923,0.578671929740602,4.46695598568555,0.861224487810038,6.38090978017943,1.19679644443861,23.6186195501322,4.0282020615294,115.105150053954,18.7903085153936
5400,7.20000000000001,0.363103949666114,0.321715871917358,0.364966643306828,0.323946845800987,0.597309108455738,0.530967636720771,1.00447261695818,0.893347639694856,1.61365485819885,1.4367014286225,5.66447701489031,5.04362867198578,26.8166818527065,23.5638099387222,0.633350315070211,0.346695186212429,0.594519756140006,0.325358096740173,0.900601716554915,0.492089601246382,1.45093455979245,0.784072911471585,2.22241123271847,1.19487165337089,7.69832870424482,4.06800901359524,37.2372608667274,19.2923152617322,1.29133092999727,0.379624694610427,1.14316791656335,0.338095908217074,1.61810947294483,0.465332758564806,2.50291877632663,0.685661395479426,3.638443385584,0.963973115868358,12.1897816008626,2.80993068294602,57.4532988997575,12.0160930461969,2.4510724268204,0.493960741329475,2.11087372263586,0.432646471453193,2.92964741561088,0.579177734144729,4.53607884212689,0.861269633314077,6.4767559806543,1.19546163181278,24.0143809223281,4.02058630755118,117.308532269857,18.7390549313824
5400,7.29999999999994,0.363563587175675,0.321516257198245,0.365392625290618,0.323777407094184,0.597845194001673,0.530269611945337,1.00521861128446,0.891209174443269,1.61467141174351,1.43416904838638,5.66781257349238,5.034477368626,26.8369847821039,23.5395381630418,0.638803715256633,0.348024395631906,0.598463918779526,0.325843071241028,0.90632177032121,0.492445175929362,1.46016921914885,0.78463613402016,2.23516462086112,1.1953681058249,7.74449699270014,4.06930150804202,37.5144714823371,19.2435049812495,1.30741090356676,0.380953467593983,1.15702310909238,0.339167281139121,1.63673162559854,0.466782370267532,2.53138670895069,0.687422821515416,3.67840148419076,0.965018010264588,12.3520420577901,2.81508441234406,58.4309583722188,12.0732741815994,2.49175100099166,0.495076613626256,2.14445271005441,0.433500855340482,2.97446560473013,0.579625588783535,4.60555180113863,0.861395185327728,6.57320064421878,1.19402367096298,24.4164729371947,4.01360841609606,119.638180032345,18.6845416659631
5400,7.39999999999996,0.364037616248189,0.321175941083315,0.365829933739014,0.323395451622379,0.598396863600026,0.529342199542884,1.00598790342911,0.889830306299594,1.61571911300396,1.43174047942708,5.67124079807974,5.02531714243814,26.8575338864058,23.5100714253449,0.644204207473319,0.349304916516725,0.602594650363892,0.326585602618699,0.912186350463612,0.493067090786038,1.46928106152703,0.78547690632431,2.24770635751298,1.19594340187073,7.78916264810582,4.06929810422775,37.7633382781914,19.2601953372077,1.32345149196248,0.382445715830391,1.17107981048625,0.340528088707945,1.65546448179281,0.468345054102843,2.55977281628713,0.689235680444886,3.71821186898765,0.966093931389521,12.5134233057695,2.82150658120716,59.3807798230034,12.1373832333114,2.53255096814439,0.496081818790599,2.17834864189277,0.434418802985262,3.01965738541029,0.580158612708437,4.67528378120924,0.861375299473893,6.67005687019437,1.19233617359893,24.822375482832,4.00680598304416,122.024354414466,18.6324652971982
5400,7.49999999999997,0.364525173802084,0.320937618063859,0.366277870243233,0.322985000475719,0.598963176885952,0.528604324964057,1.00677911827983,0.888787309290565,1.61679613298671,1.42954503394848,5.67475642465314,5.01704863381197,26.8783152963739,23.4765822350791,0.649545582039789,0.350529374643901,0.606966578921591,0.327338517978947,0.918070703163575,0.493640745625014,1.47823415424809,0.786095238562411,2.25995956509672,1.19664146097703,7.83153731404626,4.06924065238502,37.9674261066402,19.2433711928076,1.33950616866922,0.383907532685337,1.18454303531109,0.341690976695684,1.67374672586216,0.469774342884769,2.58816871732637,0.690996539622593,3.75802752723932,0.967308986270025,12.6750294533756,2.82887512388966,60.3300783519231,12.1977270473078,2.57348954203751,0.497039995917451,2.21205810003027,0.435202994278721,3.06482691109501,0.580697058732561,4.74529525894878,0.861342880553293,6.76734907557771,1.190603347396,25.2320940645171,4.00015752645384,124.46925792103,18.5725220126455
5400,7.60000000000003,0.365025455467725,0.320720233306844,0.366735784144138,0.322748783725305,0.599543257322345,0.528203037958162,1.00759097332038,0.887600846507941,1.61790076530746,1.42775078455834,5.67835453312475,5.0098552335185,26.8993159497621,23.45183797328,0.654847121944708,0.351580481195538,0.611268221073937,0.327899453701353,0.923963183248835,0.493906752763515,1.48709105274572,0.786713255236707,2.27204733369244,1.19688805877626,7.87273276570716,4.06687485843107,38.1499453386833,19.2080657550504,1.35556898073592,0.385414587861148,1.19791485567118,0.342982464247753,1.6919786811387,0.471287662626585,2.61657287501018,0.692793358751318,3.79784145892621,0.968425967722962,12.8367218569853,2.836610121854,61.2701596249361,12.2433182734036,2.61451014532236,0.497951936558783,2.24608126606426,0.436051205866076,3.11030184653761,0.58115852400998,4.81543379134449,0.861267870962307,6.86478493724908,1.1888801840196,25.6419857141991,3.99434819004989,126.882043490619,18.5088852325364
5400,7.70000000000007,0.365537710658438,0.320652098145356,0.367203068524978,0.322574524021684,0.60013628685984,0.527706095584593,1.00842227091316,0.886457211916141,1.61903141600942,1.42536323741824,5.68203051935686,5.00195339572096,26.9205235344316,23.4240743544077,0.660096749553326,0.352577301919351,0.615605766747777,0.328528981693562,0.929815374289932,0.494021850531135,1.49580824364258,0.787287332150577,2.28388240918027,1.1974692094805,7.9119256759885,4.06509664478132,38.2938051053293,19.2072660163722,1.37161804546151,0.387081746047057,1.21125415922791,0.344450715959686,1.71018093355589,0.472935590680738,2.64491750473466,0.694751083780006,3.83752193937102,0.969919018914181,12.9971799033396,2.84516474454625,62.1723153650659,12.2891816854562,2.65564571252408,0.498922193838425,2.28036142383693,0.436908004138406,3.15614885427064,0.581662716139561,4.88580277540576,0.861195331626418,6.96256064904188,1.18709583467989,26.0544435225406,3.98889443926729,129.313913013264,18.4440654491198
5400,7.80000000000003,0.366061238141352,0.32043469427998,0.367679156609579,0.322277863544437,0.600741501136449,0.526951519667824,1.00927189136027,0.885241131213461,1.62018659440562,1.42305108586304,5.68578006996397,4.99564978331018,26.9419264362914,23.401258077725,0.665333813737079,0.353583542750597,0.62007588475735,0.329114981104532,0.935749764804776,0.494205176179719,1.50451966550952,0.787786873212104,2.29573381167655,1.19774866703911,7.95164013432099,4.06245343757085,38.4529644064267,19.1790565016659,1.38768466174249,0.388666543005375,1.22470902204949,0.345996112491504,1.7284781250797,0.474444210964567,2.67328886839727,0.696618653028499,3.8772330461033,0.971503924958044,13.1579568468532,2.85373931383882,63.0701412029895,12.33058968834,2.69685051320928,0.499833321315247,2.31447537031408,0.437755320216234,3.20182175738164,0.582132464137328,4.95626881308769,0.861089051813769,7.06041779292268,1.18541928803936,26.4661416845545,3.98309259732455,131.682865153687,18.3713255083756
5400,7.90000000000004,0.366595382048585,0.320189951331864,0.368163518517842,0.322092393467254,0.60135818515284,0.526045730825732,1.01013878665065,0.884338913420628,1.62136490482412,1.42065701005372,5.68959913955647,4.98797315158759,26.9635136915828,23.3780066422098,0.670546559237828,0.354536021193003,0.624774229674899,0.329801938081166,0.941820188519028,0.49452194491326,1.51318682209619,0.788403836224062,2.3075230539754,1.1980905539874,7.99112412702354,4.05753237990045,38.6106741779056,19.1776804498804,1.40376397943043,0.390291380064791,1.23787240534754,0.347524061740194,1.74654506212518,0.475793702066364,2.70164939186561,0.698479743075836,3.91689300454745,0.973037640309918,13.3180897605198,2.86240281342212,63.9436082331961,12.3711095435326,2.73812703176349,0.500781485527974,2.34871523466748,0.438659151268128,3.24766800306536,0.582493264341541,5.02683299342383,0.860971832730223,7.15835231498518,1.18377573024691,26.8768479417872,3.97750581983181,133.979681258404,18.2848810321608
5400,8.00000000000007,0.36713952827736,0.31998555108219,0.368655658336989,0.321666053210762,0.601985669367861,0.52518221045757,1.0110219748137,0.883327189334843,1.6225650391515,1.41823779544801,5.69348393014657,4.97889496825366,26.9852749430845,23.3518156658809,0.675723862695713,0.355525153378056,0.629402045264995,0.330660154635118,0.947779192264514,0.494873152171158,1.52177701315212,0.789043497178495,2.31918527203211,1.19840863621931,8.02977544675476,4.05413954725494,38.7536088064624,19.162807558951,1.41986779513556,0.39177502956323,1.25078011673616,0.34895276009815,1.76439976594668,0.476990889953407,2.73003597229406,0.700274356055871,3.95657066401153,0.974510484834819,13.4782072117473,2.87026995721787,64.8045923855011,12.3986633404847,2.77947456381773,0.501687545342348,2.38277989704172,0.439488856784101,3.29343263673293,0.582887806613549,5.09747900795036,0.860724791121681,7.25632849457218,1.18236474802536,27.2859615776573,3.97158744489991,136.191401310673,18.1913884223203
5400,8.10000000000006,0.367693101234565,0.319713405274506,0.369155111472511,0.321263135890142,0.602623326166427,0.524514408885252,1.01192053481017,0.882007297663105,1.62378577008364,1.41648994788865,5.69743087247413,4.97072073694926,27.0072003998536,23.3274966136084,0.680857099927656,0.356476648619685,0.633887975473566,0.331417944375595,0.953648330832333,0.495235156011395,1.5302584834993,0.789745352091627,2.33065595103881,1.19851407049816,8.06697254567614,4.05225190159035,38.8687703117655,19.1438016272628,1.43598096665744,0.393230691682575,1.26366415586252,0.350227426951761,1.78223112484983,0.477928955190992,2.75841226247331,0.701992888461862,3.996206071114,0.975844819277541,13.6378557926046,2.8783083693351,65.645911191775,12.41690347812,2.82093661882893,0.502631172109674,2.41687259892146,0.440305798292083,3.33930820993744,0.583315219951731,5.16831262014149,0.86054047196915,7.35453997300242,1.18119239637672,27.6957080163004,3.96612456970426,138.373064091299,18.093908094638
5400,8.20000000000006,0.368255560887054,0.319415880600054,0.369661442247478,0.32084353292875,0.603270566658019,0.523838526850466,1.01283360190019,0.880729332161639,1.62502594500513,1.41433797137366,5.70143660904141,4.96263395266487,27.0292808001733,23.2977385700513,0.686019576454576,0.357614467527604,0.638386275612176,0.332357710780551,0.959575736420682,0.495685623538864,1.53888372363252,0.790539696171298,2.342442402793,1.19899940495251,8.10751120619477,4.05049907127127,39.0575044012634,19.1152270359339,1.45211005798681,0.394662318893917,1.27659065303206,0.351462136693161,1.80013473765932,0.478728118349569,2.78679951194115,0.703538168314966,4.03584429595855,0.977138706675207,13.7975367244728,2.88537130322215,66.4801030102477,12.4268566030631,2.86248018195502,0.503680446360774,2.45079219692325,0.441199141910622,3.3850419103388,0.583751402994888,5.23924233547469,0.860481073821224,7.45281582638105,1.18001451199474,28.1039686467653,3.96149443581927,140.474470102319,17.9916743422301
5400,8.29999999999994,0.368826400084011,0.319318439424608,0.370174241722919,0.320925456394011,0.603926837769509,0.523578728764762,1.01376036343617,0.879864066756871,1.6262844804283,1.41325793238377,5.70549797867222,4.95584911381849,27.0515073773999,23.2828043186388,0.691156998351253,0.358642204459588,0.642895068542717,0.333292097025694,0.965488094609065,0.496271192687315,1.54746744003336,0.791496255136321,2.35417103387079,1.19931971093091,8.14784830583863,4.04999304770805,39.2441137604013,19.1054045308596,1.46825474854319,0.396049170022471,1.28961353440894,0.352678074993696,1.8180216630506,0.479427177533407,2.81521310348421,0.705037255732507,4.07552211654694,0.978338016971908,13.957726029347,2.89194483499306,67.3171308709677,12.4338669005886,2.90414071756763,0.504796285317443,2.48452428969684,0.442033622924348,3.43071578769251,0.584203783679514,5.31035846831931,0.860506396649703,7.55132408302177,1.17905969816853,28.5127523776547,3.95601909924094,142.545784049028,17.8942631894747
5400,8.39999999999999,0.369405142121906,0.319335827060929,0.370693125715408,0.321012839414018,0.604591619600539,0.52334640112711,1.01470005503472,0.879127182873953,1.62756035693179,1.41178947576564,5.70961200243398,4.95122187584595,27.073871828451,23.2623336087661,0.696219296393084,0.35967291816615,0.64735400184999,0.334197503179813,0.971334292517058,0.496734368473254,1.55583636320773,0.792536062840968,2.36549269162437,1.19954964467711,8.18465655788135,4.04871518179351,39.3581078873734,19.101639045961,1.48442310573209,0.397346073141916,1.30241940979284,0.353776443902135,1.83581978112334,0.480030870252402,2.84368119629036,0.706467824759513,4.11529850134239,0.97946588520519,14.1190959104916,2.89823304896062,68.1732559377527,12.4398390916429,2.94590555146439,0.506023867747567,2.51808047894877,0.442928708552687,3.47625540184286,0.584711601308889,5.38162100136862,0.860577400550725,7.64999164203933,1.17809753518448,28.9211746572222,3.95040522185489,144.569924899554,17.8034441031531
5400,8.50000000000001,0.369991338526267,0.319131394563449,0.371217732990908,0.320744941614358,0.605264423013597,0.522569607367975,1.01565195708744,0.878252988713295,1.62885261454583,1.40972861152253,5.71377587078078,4.94478094290739,27.0963662846873,23.2397483178498,0.70129801755112,0.360584531242203,0.651774219407546,0.335135318600158,0.977161319665123,0.49734973199596,1.56429462689774,0.793461957747481,2.37701493110751,1.19969001475125,8.22365039969586,4.04860504803696,39.520596772933,19.108867812598,1.50061016871819,0.398693636102614,1.31546748136444,0.354801909814447,1.85380061100895,0.480601022969954,2.87219244377014,0.707897059562499,4.15515282494674,0.980469387968335,14.2814641082827,2.90411358339926,69.0444236207107,12.4457349675176,2.98775217033331,0.507206684662259,2.55172315843532,0.443821100183962,3.52192108010554,0.585292949032394,5.45299481301357,0.860723458232286,7.74876912262724,1.17718846664037,29.328978595795,3.94530785070702,146.541371357609,17.7149012549278
5400,8.60000000000003,0.370584567027626,0.318955502003943,0.371747723616557,0.320583250592909,0.605944787434404,0.522067380544281,1.01661539157544,0.877042847481448,1.63016034853794,1.40833405572713,5.71798693179277,4.93895057065589,27.1189832849809,23.2158327773074,0.706341933025504,0.361579466928355,0.656197847563744,0.336111662374821,0.982986718258424,0.497866787222868,1.57267190232935,0.7945353933189,2.38839685693776,1.19945787363142,8.26161251179212,4.0479868919211,39.6632391680265,19.1159349595544,1.51682136628278,0.399939002328728,1.32875552991658,0.355821091462271,1.87198101191687,0.481188125002554,2.9007523959752,0.70930132585979,4.19509156499099,0.981384987703324,14.4448338847653,2.90929336956398,69.9314946143759,12.468101582247,3.02966043173957,0.508484690243289,2.58505628758273,0.444726830658288,3.56732870175974,0.585891640750418,5.52441030228987,0.861063672149574,7.84751690315308,1.17634952283819,29.7341707722255,3.93915294653782,148.411999380709,17.6315360954095
5400,8.69999999999991,0.371184429711682,0.31899381531483,0.372282777454156,0.320642530494954,0.606632278841028,0.521851555779512,1.01758971915636,0.876413147251166,1.63148270555827,1.40711832671154,5.72224268040156,4.93373592354439,27.1417157507718,23.1893956582678,0.711383786085507,0.362550926915237,0.660585958168662,0.336901750582009,0.988744120566086,0.498517238928191,1.5810770413136,0.795615657795509,2.39985598744383,1.19903876005961,8.30059579794434,4.0480757311435,39.8294357177149,19.1036683312747,1.5330227180303,0.401136994970836,1.34195542792946,0.356712932459877,1.89007736444663,0.481714634179838,2.92926136520378,0.710527489973522,4.23492518890758,0.982207652402804,14.6073018064233,2.9142851639113,70.7932961291205,12.4886394150649,3.07170004338243,0.509782797915757,2.61834578333091,0.445621433216616,3.61272280073681,0.586519529125129,5.59604573355195,0.861460329947973,7.94656366895104,1.17554252613369,30.1407050055039,3.93277741877194,150.278738621799,17.5537119152287
5400,8.80000000000001,0.371790551326122,0.318869846246174,0.372822592781147,0.320569793972456,0.607326487922776,0.521349537328563,1.01857433649678,0.875649756762084,1.63281888010838,1.40582127651821,5.72654074850432,4.92730824727254,27.1645569629473,23.16553582497,0.716413523920492,0.363504649178118,0.664894054703943,0.337681287506596,0.994447589742219,0.499147575118987,1.58946868775412,0.796536500420401,2.41130750453265,1.19857568174396,8.33977322801727,4.04789429165651,40.0022050367741,19.0923966950338,1.54925531967727,0.402275777459702,1.35506105447447,0.357396569738273,1.90813210700622,0.482071715621245,2.95783571036305,0.711697566003113,4.27488169089638,0.982814778031765,14.7712662554718,2.91860905754235,71.6869248280223,12.5156879665186,3.11389197689315,0.511048047155175,2.65173676436309,0.446486995759376,3.65827816445635,0.587112226608821,5.66798869955306,0.861691110456555,8.04608815734135,1.17460810545928,30.5511747755292,3.92533123402654,152.200830978539,17.4816145461066
5400,8.89999999999999,0.372402577728513,0.318722272349086,0.373366885026385,0.320166149141103,0.608027028392011,0.520997075291452,1.01956867382544,0.874522401516335,1.63416811130169,1.40423544843248,5.73087889588016,4.92209595835881,27.1875005403794,23.1427095690575,0.721423758320564,0.364427334449632,0.669226985704046,0.338312414793503,1.00018832625524,0.499861069121796,1.59782404772483,0.797395694429478,2.42270678091633,1.19822223964973,8.37873477310929,4.0473106985551,40.1729577437478,19.0874992399111,1.56549466945381,0.403416664663388,1.36838722132894,0.358144038560454,1.92634800255551,0.482587199908504,2.98642593271523,0.71296129026395,4.31486901400588,0.983368722561703,14.9358389589829,2.92237480037999,72.5883041603012,12.5514315463336,3.1561970582204,0.512326822898636,2.6853384181404,0.447369518491039,3.7040690269517,0.587758794458237,5.74012085817776,0.862016489384933,8.14586699460207,1.17382801102251,30.9627373385202,3.91808218067764,154.114566081543,17.4039238872882
5400,9,0.373020174461522,0.318749705408153,0.373915385609568,0.32018103859267,0.608733535434047,0.520822863485012,1.02057219268602,0.873748595694383,1.63552967988727,1.40312813119056,5.73525500183224,4.91881656973467,27.2105404199895,23.1165373401421,0.726410347357016,0.365268214463804,0.673531055011824,0.338925913047796,1.00581650535279,0.500397982221729,1.60612353069956,0.798115254409721,2.43401299314383,1.19778990099838,8.41707040944676,4.04645991546682,40.3333999965033,19.0801364739309,1.58174447194525,0.404442363811172,1.38170951395367,0.35874341613712,1.94455701483308,0.483107738145297,3.01502359956628,0.714122086228219,4.35486713058256,0.984053735475577,15.1007486109379,2.92569836358284,73.4948234623394,12.5895137070123,3.19863063395286,0.513539034953389,2.71877372581422,0.448188548355355,3.74975854470948,0.588345199077954,5.81249586564592,0.862290880194018,8.24600261589875,1.17287562836132,31.3767286320378,3.91018410178805,156.047616984696,17.3419233295883
5400,9.10000000000001,0.373643025443191,0.318698169756118,0.374467840874347,0.319829978115494,0.609445664281864,0.520254235314866,1.02158438387041,0.872782299937182,1.63690290551183,1.40145145026162,5.73966705748726,4.91254826980921,27.2336708382108,23.0904912868281,0.731404051665314,0.366101017775688,0.677817604371069,0.33938081699104,1.01145234535041,0.500922677455804,1.61446897100982,0.798664150699699,2.44542917768524,1.19743443632317,8.45670181791894,4.04622110753093,40.5239947170946,19.0425680048267,1.59799156598555,0.405471823660347,1.3948983761344,0.359226320259009,1.96265969409094,0.483724044029455,3.04360279654984,0.715336490838705,4.39482981157119,0.984595837113504,15.2655698292092,2.92917067830411,74.3954027983619,12.6246999317516,3.24121041354609,0.514707150714725,2.75204470483497,0.448982797851597,3.79545263009074,0.5889251954223,5.88514851925894,0.86255853302534,8.34656023239885,1.17189269564471,31.793982798522,3.90248785013941,158.026863134232,17.283143420908
5400,9.19999999999997,0.374270831761405,0.318744164078015,0.375024011106279,0.319775595299114,0.610163088903855,0.520093162069562,1.02260476551523,0.872141864708714,1.63828714419755,1.40000231058288,5.74411315869137,4.90922371781573,27.256886313726,23.0671182307707,0.736391490419905,0.366983071715603,0.682198854797138,0.340032219648701,1.01713528466757,0.501551369542369,1.62281435244033,0.799325692544448,2.45686315276726,1.19721902451734,8.49675416769872,4.04602307788906,40.7264945390998,19.04036944121,1.61422339114484,0.406468053118491,1.40809692215038,0.359738272138054,1.98077175454216,0.484428162318411,3.07212133376473,0.716428526438812,4.43467632708475,0.985054412728485,15.4294543330075,2.93232363257689,75.2726022541038,12.6639554555816,3.28389579653236,0.515891493280383,2.78569570593415,0.449810331822181,3.84137567686753,0.589513622975264,5.95794566681882,0.862925196544368,8.44727492969445,1.17090746088275,32.2107576997946,3.89455440910136,159.96142423559,17.2195026787067
5400,9.30000000000001,0.374903310562841,0.318723324184789,0.375583669627732,0.319737240228401,0.610885500794142,0.519878378155102,1.02363288134676,0.871643711438818,1.63968178601577,1.39847950902452,5.74859149944867,4.9052269650097,27.2801816313924,23.0403507238648,0.74139064291732,0.3678339901245,0.686616922554827,0.340660477517315,1.02293431168272,0.502213327004526,1.63122213126521,0.800101322992007,2.46844000299123,1.19693699871599,8.53842593611199,4.04531005807613,40.9659747811677,19.0342788154935,1.63044174834424,0.407294791760931,1.42126110250506,0.360101705884201,1.99881672692115,0.485083810162249,3.10056978032376,0.717522912411052,4.47438480623478,0.98535690795556,15.5920893809288,2.93526186985351,76.1214829456964,12.6999105558222,3.32672231211204,0.517037723907152,2.81919091238849,0.450586305260565,3.88723696761326,0.590021564721362,6.03099558927454,0.863232509783327,8.54835778131458,1.16995773258545,32.6299302772831,3.8872965474339,161.921320832079,17.1706389735115
5400,9.39999999999998,0.375540194027706,0.318443953177025,0.376146601962683,0.319478285458356,0.611612607856033,0.519395254275231,1.02466829906049,0.870778129962122,1.6410862529387,1.39642064649688,5.75310036585264,4.89869760982905,27.3035518272447,23.0080561980261,0.746362655137472,0.368560363274392,0.690948709057429,0.341193118434495,1.02859192694002,0.502693438453053,1.63956397446076,0.800659873917299,2.47990332326461,1.19667482487245,8.57927675857228,4.04406459156013,41.1907484714572,19.0211133092111,1.64666423996362,0.408137943533027,1.43424997398122,0.360502459249219,2.0167466493129,0.485850302033028,3.12899909591979,0.718588312391169,4.51405096515767,0.985742966116815,15.7544258101047,2.93832764573252,76.962659979362,12.7364503907539,3.36964251457496,0.518141940990917,2.85270751189592,0.451312931079148,3.93316522133543,0.590460195312764,6.10417946630381,0.863338067596374,8.64958609502186,1.168885676094,33.0486450466145,3.87890243592987,163.83311149802,17.128939171237
5400,9.49999999999999,0.376181228422549,0.318256785560314,0.376712605065118,0.319393582945518,0.612344133370259,0.518872772271836,1.02571060882333,0.869705435564839,1.64249999685317,1.39483898914943,5.75763813046795,4.8915502126439,27.3269921744999,22.9826840143218,0.751314552879685,0.36933060600857,0.695248946059633,0.341729806468623,1.03427597074032,0.503244082356751,1.64786441769237,0.801313689560619,2.49130154933334,1.19655203189184,8.6197584350751,4.043386808065,41.4099049614736,19.0162424478382,1.66286583784757,0.408930332811395,1.44720966449,0.360895704300477,2.03462253194189,0.486645777786933,3.15734634825531,0.719629762231289,4.55355376191838,0.986126239743044,15.9151683420968,2.94137166440712,77.7636004677367,12.7692058424847,3.41268623268056,0.519185523582152,2.88629534053935,0.451993382581379,3.97924180702883,0.590889709878656,6.17756717633033,0.863617197798746,8.7510928001894,1.16791403065941,33.4686405212423,3.87120985132508,165.746139447148,17.0911250658547
5400,9.59999999999997,0.376826173224152,0.318102573274814,0.377281486605355,0.319197990814463,0.613079815040439,0.518559487133242,1.0267594218875,0.869194927178566,1.64392249772208,1.39336669713073,5.76220324712277,4.88510126652292,27.3504981704838,22.9564776945073,0.756243322935521,0.3700242873023,0.699463761631634,0.342284617407051,1.03989545492271,0.503653303573452,1.65611898298695,0.802077836567624,2.50262706826992,1.19621732682859,8.65981422374744,4.04079947150291,41.6217755628514,19.0251114775956,1.67905366503368,0.409726235468976,1.46012303467535,0.361272420120202,2.05247396514431,0.487487136497501,3.1856294411169,0.720709929507784,4.59292752757567,0.986628692288542,16.07465651231,2.94447497108417,78.532913110977,12.8057367445041,3.45588604682296,0.520251465377955,2.91996677271896,0.452651798894043,4.02540397595459,0.591324392737398,6.25127465720118,0.863794515759794,8.85310405786371,1.16687474480771,33.8930506396097,3.86357371818337,167.728447370376,17.0583982666385
5400,9.70000000000001,0.377474800308295,0.318143501145597,0.377853064309225,0.319057415634828,0.613819404109021,0.518262493055257,1.02781436930645,0.868476337242319,1.64535326188076,1.39176193986607,5.76679424607645,4.87947904943675,27.3740655244047,22.9301414706858,0.761160473271157,0.37083283645858,0.703646717723999,0.342819629691619,1.04542155426745,0.50413699649726,1.66436494620456,0.802695423887595,2.51395357365407,1.19608151016536,8.70013895594794,4.03879473911426,41.8410027687614,19.0344088573894,1.69524329741764,0.410488101046942,1.47291778537353,0.361739533123389,2.07021421093266,0.48832648736982,3.21391251584044,0.721697830201214,4.63230337042242,0.987312632556476,16.2344076180477,2.94801518663784,79.3042432406416,12.8383633869909,3.49920465002468,0.521215979086056,2.95377598640756,0.453310413392781,4.07180002069746,0.591734427244815,6.32520046370373,0.863946122495928,8.95542187547963,1.16578893188679,34.3191384405115,3.85648786459602,169.707951901528,17.0249457856919
5400,9.8,0.378126893197742,0.318346485217408,0.37842716534554,0.319033567344593,0.614562664537609,0.518046206314515,1.0288751007439,0.868017255930101,1.6467918204565,1.39062942373934,5.77140972953088,4.87459445128993,27.3976901459178,22.9152456071223,0.76607813803759,0.371736294568076,0.707710480233427,0.343416184086898,1.05092414149195,0.504698655576283,1.67263841137939,0.803404762363125,2.52535135675227,1.19582677908499,8.74138490627896,4.03733987506954,42.0815741939055,19.0161312024562,1.71142059616072,0.411285432759695,1.48573182138345,0.362248321576008,2.0879378657189,0.489258689922125,3.24214500628278,0.722725799326725,4.67157826983475,0.987945938585728,16.3932131506911,2.95190110580801,80.0495313143657,12.8619111962794,3.54267343123996,0.52224306765505,2.98751031008319,0.453962883338295,4.11815778947594,0.592195321572022,6.39942017836677,0.8640668210846,9.05818962042114,1.16489473589489,34.7488063514725,3.84928526023139,171.736527917379,17.0046511568729
5400,9.90000000000002,0.378782246364431,0.318358002979214,0.379003625757725,0.318960087110652,0.615309372246209,0.518015654533149,1.02994128336819,0.867397511727478,1.64823772790094,1.38933590227434,5.77604836745686,4.86906230260721,27.4213681344132,22.8955150563118,0.770925319602709,0.372654091799569,0.711738117663012,0.344068688255436,1.05639187705378,0.505295346858371,1.68070485051489,0.804249567479679,2.53635359827587,1.1959381792178,8.77908842470365,4.03580665349518,42.2485665479,19.001181199826,1.72760452972305,0.412163420871586,1.49860968323944,0.362800363461043,2.10566608933377,0.490221847819122,3.27038347634568,0.723665161849113,4.71086311139494,0.988592321823754,16.552289183477,2.9558500637128,80.7975851140588,12.883992900815,3.58626255240871,0.523197840570501,3.02133509705238,0.454614963855854,4.16463912614626,0.59260679938176,6.47385224202899,0.864288850889377,9.16125463775611,1.16403223284133,35.1800852741214,3.8426026419507,173.767768480485,16.9878979657768
5400,9.99999999999999,0.379440664581278,0.318216943558457,0.379582289935899,0.318737245394606,0.61605931440642,0.517640344331771,1.03101260082474,0.866755120770971,1.64969056062584,1.38803325847413,5.78070889370946,4.86320039841937,27.4450957689781,22.8744714986505,0.77576411645906,0.373524611459199,0.715705465040863,0.344728413054652,1.06178528856121,0.505915944049216,1.6887718592881,0.8048877559441,2.54737419922083,1.19592852505002,8.81721091782624,4.03429416415119,42.4259986560345,19.0018285310483,1.74379790793218,0.413060696933283,1.51162918031575,0.363326960146225,2.1235561027689,0.491192403866354,3.29863478150653,0.72459161681219,4.75016893346394,0.989330200569579,16.7117153312406,2.95994443644723,81.5495086499126,12.9032676626198,3.62996701791667,0.52416244922072,3.05557001269078,0.455303850792885,4.21143295746538,0.593021411225522,6.54847379258249,0.864476801660061,9.26456726013451,1.16314074359326,35.612152403406,3.83591450504806,175.781234957325,16.9774753319061
5400,10.1,0.380101962319488,0.318149996503118,0.380163010126069,0.318700538705202,0.616812288784141,0.517283310035579,1.03208875228018,0.866081510590505,1.65114991573376,1.3866897955517,5.78539010240885,4.85632581872046,27.4688694989837,22.8508931609643,0.780604751104367,0.374564570995695,0.719686888104528,0.34538130422769,1.06720469839442,0.506579501170517,1.69687066450139,0.805569553933111,2.5584740764228,1.19621128934263,8.85632201417937,4.03315308099768,42.6259609812635,18.9955723684967,1.75998962089222,0.413937074520708,1.52440237040795,0.363885228665364,2.14130004336574,0.492059125125194,3.32688999899398,0.725487530923943,4.78948466956173,0.99006205501033,16.8714786039465,2.9645345384851,82.3013620351341,12.9192210049808,3.6738628814156,0.525085109819455,3.08965331090819,0.455883802232377,4.25820834241957,0.59328298496996,6.6235005115897,0.86457781872895,9.36854208217282,1.16219136017914,36.0506901104839,3.82884733121571,177.916090377741,16.9746594486708
5400,10.2,0.380765963187628,0.318166067180171,0.38074564597335,0.318484747535863,0.617568103127699,0.516876244158987,1.03316945153234,0.865534682612258,1.65261540983574,1.3848927639426,5.7900908445655,4.84989483196435,27.4926859352504,22.8273717891922,0.785429924788241,0.375475386847113,0.723613684309444,0.346012553204359,1.07253783612195,0.50708204601959,1.70494318802825,0.806142446897616,2.56953784562649,1.19617974583872,8.89532027366196,4.03202983083611,42.8253027410465,18.9673941071064,1.77621313657913,0.414861593788793,1.53705595309492,0.36441120583173,2.15890030153426,0.492960732432093,3.35522880826596,0.72638815719115,4.82896050339254,0.990817159621925,17.0331583527996,2.96908421441999,83.0931518871095,12.9359462222096,3.71792114199334,0.525999325324582,3.12371156802487,0.456461636700684,4.30511023486697,0.593645682273044,6.69884984530165,0.864746787078607,9.47301664223104,1.16134553321105,36.4934076884022,3.82217579202338,180.113216913207,16.9688795651163
5400,10.3,0.38143249940911,0.318181955569708,0.381330064096528,0.318491119758709,0.618326574597788,0.516598628243369,1.03425442618066,0.864814624736432,1.65408667794933,1.38407086269736,5.79481002493036,4.84455407253591,27.5165418417499,22.8008374735565,0.790232642810956,0.376452074161957,0.727614565878269,0.346720332099933,1.07788592601486,0.507689990112988,1.71296489272387,0.806621238191971,2.5805165171357,1.19631568269837,8.93373210760507,4.03016711316703,43.0141272039509,18.9586760090499,1.79243790271029,0.415756223359135,1.54977810819624,0.364932411710729,2.17656196294155,0.493808510803801,3.38356587098522,0.72718062911616,4.8684299367381,0.991606004233426,17.1949091247374,2.97411630194573,83.8801381286512,12.9480434989765,3.76213952871318,0.526852960359313,3.15774348875079,0.456936923464536,4.35204010889721,0.593928509334214,6.77449537528748,0.864818744705314,9.57793850358487,1.16060388382039,36.9395589670681,3.8155365704341,182.363444227413,16.9625607554832
5400,10.4,0.382101411334993,0.318360906614233,0.381916137691398,0.318530923219775,0.619087529235834,0.516467846868551,1.0353434168525,0.864592410960511,1.65556337247031,1.38334515205379,5.79954659905223,4.8401416688648,27.5404341278073,22.7818061179706,0.795038541290691,0.377437199241808,0.731541268659644,0.347255258078163,1.08319345889976,0.508225724376374,1.72102316561099,0.80706123799518,2.59158448680236,1.19657203417286,8.97324152623408,4.02941144179668,43.2280664941349,18.9592670810932,1.80867636129249,0.416616308436444,1.56254322399344,0.365509576561961,2.19430777314795,0.494551418573067,3.41193741385486,0.728005190511201,4.9079667374985,0.992346992153215,17.3576091865861,2.97886010147678,84.6849679325217,12.9429262461445,3.80643694381423,0.527803839945748,3.19175798462109,0.457448737829206,4.39884291156373,0.594237934262254,6.85022857333146,0.864924428847221,9.68291664310529,1.15985276828325,37.3839824518426,3.80934351037448,184.537635905778,16.9579332201644
5400,10.5,0.382772546989329,0.318576486999313,0.382503746160663,0.318684426276242,0.619850801467807,0.516324833571119,1.03643617648061,0.864228140283911,1.65704516221241,1.38221448514481,5.80429957052666,4.83521849388401,27.5643598407684,22.7606947935215,0.799816157665819,0.378305578560247,0.735566635783868,0.347845321631897,1.08853377481453,0.508746059150272,1.72901341883583,0.807293441170405,2.60253337479467,1.19651896608583,9.0118402913675,4.0287960674463,43.4243098073976,18.9471846941145,1.82490900994788,0.417433712191944,1.57511780101491,0.366011633159013,2.2118130172629,0.495278272078867,3.44028836225142,0.728699082830933,4.94746493329456,0.99323107075088,17.5200975154732,2.98388053926758,85.480521630752,12.9439523894612,3.85088068511465,0.528669749368308,3.22588159633634,0.457950436648525,4.4459319050447,0.594550151515621,6.92624462377957,0.864921774466135,9.78832068645956,1.15905841310765,37.8316425863267,3.80375574501973,186.750434378652,16.9506669747195
5400,10.6,0.383445761644519,0.318656002896486,0.383092774768285,0.318677683986081,0.620616233640706,0.516070074616797,1.03753246962808,0.863578908163299,1.65853173150992,1.38085868667946,5.80906798842181,4.83114113613526,27.5883161590973,22.7375796493796,0.804578103354693,0.379065028291063,0.739474984190683,0.348349678675109,1.09380439022663,0.509117577758317,1.73697587416939,0.807479858015394,2.61344290265708,1.19649221538199,9.0502904190211,4.02824752807024,43.6192422075184,18.9571943492045,1.8411582116621,0.418294185926908,1.58768353781819,0.366475972302015,2.22940821712924,0.495903923881521,3.46869755863013,0.729371718080321,4.98708184019083,0.994094246318639,17.6842071684389,2.9881641413951,86.307965101144,12.9446234589813,3.89548277873102,0.529516756778793,3.26009954473255,0.458454603741571,4.4930739498001,0.59489657665949,7.00256059689322,0.864952071296157,9.89417089310777,1.1583665017621,38.282517572631,3.79770667469979,188.999482514204,16.949329232587
5400,10.7,0.384120917424373,0.318616899014978,0.383683114316443,0.31863170513386,0.621383675589217,0.515727122173208,1.03863207185703,0.862747283055263,1.66002277937818,1.37923588028146,5.81385094486755,4.82645735739048,27.6123003858798,22.7152148849321,0.809333134339485,0.379826953104353,0.743280751567072,0.348819955306211,1.09897385415722,0.509350941728189,1.74493667758444,0.807823320610232,2.62436397107362,1.19658430082494,9.08906833608621,4.02650067019036,43.8231113577522,18.970004329282,1.85740699821943,0.419155303593974,1.60040404806381,0.366999637613928,2.24708135531741,0.4965116753591,3.4971148007337,0.730014936193994,5.02671777331809,0.99505382994743,17.8487897500192,2.99258897565556,87.139361103454,12.9398737321167,3.94022798378005,0.530398650989912,3.29437764057247,0.458935324355655,4.54037341889804,0.595280131271281,7.07911359208052,0.864929357673731,10.0003413051127,1.15772238114012,38.7347293860109,3.79195036489831,191.244840238043,16.9460795363481
5400,10.8,0.384797882932768,0.318608074679639,0.384274660843354,0.318626403650412,0.622152984230256,0.515403027262835,1.03973476913774,0.861872366634997,1.66151801872768,1.37765949936407,5.81864757279618,4.8217741543205,27.6363099426996,22.6927593658869,0.814040888964624,0.380595522252977,0.747039877561177,0.349331763856089,1.10407778131983,0.509659417181162,1.75276270251177,0.808265614804515,2.63503225124131,1.19664894045875,9.12562455752193,4.02542492192728,43.9815393658336,18.9781091656098,1.87366011058633,0.419963768836939,1.61305361541303,0.367431007351261,2.26465572600412,0.496984963966721,3.52553846543015,0.730612304917548,5.06636602154571,0.995950136388185,18.0137054458438,2.99680319582876,87.9744011321969,12.9357409661755,3.98516843444654,0.531289516202983,3.32887999913241,0.459393835592664,4.58793663276172,0.595619478346469,7.15606911351817,0.864899768136024,10.1071568220926,1.15700766799386,39.1929952781724,3.78611912963762,193.598882348389,16.9388597551313
5400,10.9,0.385476532905982,0.318600731150222,0.384867315340415,0.318574581083526,0.622924023183318,0.515065552501181,1.04084035729514,0.861146608819697,1.66301717562792,1.37625018774929,5.82345704382327,4.8171211207985,27.6603423638654,22.6708259970345,0.818747850649625,0.38134266006195,0.7509742017363,0.349719154527874,1.10928833629974,0.509907499468063,1.76061100448869,0.808494716659403,2.64576070794996,1.19647555528766,9.16299026976396,4.02419771506086,44.1589491058704,19.0000761274135,1.88990510417924,0.420766947403004,1.62562412922643,0.367848025395781,2.28221188286505,0.497451186948316,3.5539417516,0.731114204934178,5.1059806515508,0.996823539831645,18.1785444358321,3.00103434459416,88.8040543656515,12.9345976822041,4.03023062645188,0.532175676360997,3.36332747093914,0.459814103329997,4.63551868485134,0.59590514035818,7.2332169200735,0.864894674692146,10.2142185667215,1.15643478337432,39.6518757022146,3.7800180103336,195.933759099123,16.9253566253458
5400,11,0.386156747886943,0.318536324580702,0.385460983487203,0.318414257402171,0.623696662414693,0.514548703153658,1.04194864149004,0.860470595553693,1.66451998861702,1.37454134135977,5.82827856625882,4.8113160218313,27.6843952909678,22.6529089352554,0.823438046369813,0.382018314463088,0.75491827077118,0.350232405335957,1.11452332953875,0.510240316630492,1.76842914465816,0.808774442507878,2.65644505017137,1.19648263463143,9.20015743662977,4.02256852598222,44.333729315515,19.0008163697073,1.90615235456487,0.421547670453081,1.63829499566658,0.368324466945893,2.29986733238803,0.497908022502731,3.58236161441918,0.731665722333939,5.1456335886971,0.997785910735308,18.3441226284545,3.0049250546071,89.64548074292,12.9350039747108,4.07543863576557,0.5330586105395,3.39764305008721,0.460219741899069,4.68288545099402,0.59629131327245,7.31063976701046,0.864910029748811,10.3216858304817,1.15583445330697,40.1136088430326,3.77449679178323,198.296899906352,16.9126802032748
5400,11.1,0.386838413919802,0.318628694774868,0.386055575403058,0.318304443974786,0.624470777903851,0.514310158730145,1.04305943573247,0.859731316125825,1.66602620805417,1.37334231758546,5.83311138323884,4.8056115859637,27.7084664677371,22.6305637779952,0.828114107404439,0.382790309626157,0.758865753621448,0.350686943061689,1.11974130255275,0.510579529501387,1.77622658305142,0.809280452505961,2.66710413208271,1.19634594739883,9.23730909129101,4.02056547168697,44.5096732507039,19.0141873096695,1.92239462837425,0.42233880265134,1.65094020621348,0.368787746342087,2.31747513793022,0.498382208995661,3.61076547566372,0.732225260493003,5.1852600907334,0.99871829114161,18.5096778810523,3.00908576237842,90.483723161797,12.9321960990122,4.12079504752545,0.533952391599983,3.43209845957423,0.460603871270145,4.73052201272745,0.596624787992756,7.38834616475081,0.864854882385631,10.42957716679,1.15527041854521,40.5785196095035,3.76903740370748,200.697665005378,16.9012042962707
5400,11.1999999999999,0.387521422263333,0.318648445415078,0.386651005414013,0.318325219990576,0.625246251330346,0.514030799734663,1.04417256242482,0.859125691287953,1.66753559551147,1.37199386466367,5.83795477096953,4.80097471100313,27.7325537351912,22.6127775277149,0.832756641747362,0.383402552294536,0.762753863938957,0.351045418963937,1.12489275773598,0.510927762448224,1.78394135709019,0.809665737611357,2.67761541620303,1.19609499460393,9.27326420988485,4.01839625365485,44.6614129912524,19.0370381947572,1.93864592162787,0.423125533492859,1.66372100237166,0.369278085707113,2.33518301546757,0.498843979541481,3.6392032189487,0.732743047892542,5.22495778018731,0.999634568271395,18.676337351968,3.0131728327145,91.3428901809876,12.9300443091557,4.16632875624058,0.534840385873537,3.46648701341952,0.46104208622327,4.77826592012528,0.596921129829336,7.4664170946307,0.864801926400733,10.5380474726866,1.15478439119998,41.0487940229149,3.76344453824532,203.189959429427,16.8917384851112
5400,11.3,0.388205669121837,0.318628423708869,0.387247191834009,0.318249680163613,0.626022969779808,0.513790680839236,1.04528785193269,0.858462228839026,1.66904792320263,1.370643492218,5.8428080370756,4.79560527020835,27.7566550270501,22.591889584237,0.837386865946482,0.384040924077979,0.766628910201253,0.351524328776975,1.13001341055497,0.511284647601533,1.79164360446783,0.810272154480988,2.68811794241618,1.19599387469982,9.30936532460425,4.01738245631737,44.8174806587846,19.055282604681,1.95490222947087,0.423902234672142,1.67648375723174,0.369765343274721,2.35292328458493,0.499208058003339,3.66766658871914,0.733244641331205,5.26471306746733,1.00057687503578,18.8439977842607,3.01729780981057,92.2209968293394,12.9304209969174,4.21204506788373,0.535685356726397,3.50120112288734,0.461451846503353,4.82624140673086,0.597264378134864,7.54487526793887,0.864749371963491,10.6471405809729,1.15419278669174,41.525088703605,3.75707367964027,205.786372927264,16.873198309373
5400,11.4,0.388891055392287,0.318731311249646,0.387844056759334,0.318333902044879,0.62680082546764,0.51364793518835,1.04640514218144,0.857986103677212,1.67056297344577,1.36954646574871,5.84767051904567,4.79085428428976,27.7807683653972,22.5770758636373,0.841976801569336,0.38467490346697,0.770458312066844,0.351860841901668,1.13509448731942,0.511651314160094,1.79924411999969,0.81082460997948,2.69843506780418,1.19583980141576,9.34390385055637,4.01581877579244,44.9410867819642,19.0703326919307,1.97116707178244,0.424682358630916,1.6892219066578,0.37029228451788,2.37065197946106,0.49965988612602,3.69615007558051,0.733766740219944,5.30451107036016,1.00165688693038,19.0124158918702,3.02125191661061,93.1152346969328,12.9275340818673,4.25790129468948,0.536525941773256,3.53576824639241,0.461848101366047,4.87424094997146,0.597624460384676,7.62358544088192,0.864727451201562,10.7565945162442,1.15371614320582,42.0036494516621,3.75057721227486,208.400448978087,16.8643423682524
5400,11.5,0.38957748642659,0.318827625363706,0.38844152587541,0.318315183940532,0.627579715479223,0.51346909894956,1.04752427827676,0.857595008543094,1.67208053815806,1.3685974772785,5.8525415827684,4.78674849994742,27.8048918565813,22.5590686893381,0.84656786038791,0.385303085690018,0.77432424238476,0.352294360148654,1.1402109214241,0.511988584929141,1.8068781831744,0.811305580765722,2.70883446300359,1.19561826357865,9.37946495385925,4.01446770043749,45.0871859379272,19.0684834511462,1.9874192430792,0.425415518364392,1.70203793590686,0.370879616387809,2.3883612598168,0.500047743394718,3.72459553831988,0.734341079002513,5.34423832595989,1.00253480182264,19.1802726937367,3.02461764162873,93.9928225832389,12.9290746586438,4.30391343625987,0.537376302904061,3.57080807185099,0.462276191301189,4.92265176330792,0.598025917571316,7.70261674379797,0.864710195199771,10.8665502311476,1.15323436154883,42.4867033472325,3.74428465427419,211.081640070415,16.8505294075099
5400,11.6,0.390264871807915,0.318779278906006,0.389039528275031,0.318184398047474,0.628359541525438,0.513103645068396,1.04864511214746,0.856818684591636,1.67360041837989,1.36744514169978,5.85742062115257,4.78196089717428,27.8290236873327,22.5376033310719,0.851118428728807,0.385819633923144,0.778165786646854,0.352668389816257,1.14522606491062,0.512348918450857,1.81441124509221,0.811631767079042,2.7190495210198,1.19543191955773,9.41346484549668,4.01278315320674,45.2005071980739,19.0594922156841,2.00368923250194,0.4261368624553,1.71483221856105,0.371426379809044,2.40611219661993,0.500450964027772,3.75308302369378,0.734946341420547,5.3840467168489,1.00347124859852,19.3492534994977,3.02777152504956,94.8947065148561,12.9366595148147,4.35002915596694,0.538157485020281,3.60562165645407,0.462661429797233,4.97096520608458,0.598386579971942,7.78180655243709,0.864594459500242,10.9766895716871,1.15275516200036,42.9695608600025,3.73756543172561,213.716265416352,16.8395187941633
5400,11.7,0.390953125140111,0.318823452190468,0.389637996287283,0.318132582220797,0.629140209712504,0.512738247118724,1.04976750220907,0.856339806609532,1.67512242382671,1.36646337788507,5.86230705282622,4.77804686478394,27.8531621210897,22.5166578653972,0.855652785138959,0.386409816990792,0.782021832156384,0.353136933757491,1.15032807917339,0.512789236813229,1.82191879964326,0.812181962025101,2.72922878459394,1.19520297892189,9.44732755036826,4.01245931963709,45.3116902458157,19.0537903806028,2.0199719755182,0.426816820336527,1.72783105049816,0.372009491762174,2.42405517302855,0.500832478884434,3.78160121643229,0.735478867081584,5.4239172269512,1.00431970719832,19.5192000751601,3.03116161575107,95.8179951546543,12.9462486203508,4.39629601314497,0.538868233098734,3.64034362439464,0.462984702039155,5.01914706360676,0.598727254396785,7.86127026764857,0.864535531788255,11.087220761869,1.15239101320276,43.454841721428,3.73112489319877,216.367905070214,16.8280213372839
5400,11.8,0.391642163849348,0.318916081898551,0.39023686531643,0.318107698927843,0.629921630325127,0.512584729199484,1.05089131304682,0.855787580927445,1.67664637246652,1.36556162173812,5.86720032090901,4.77463882252929,27.8773054945172,22.5008357408371,0.860170455801303,0.386952833659226,0.785912687166959,0.353545956321026,1.15540262375405,0.513148729954559,1.82940004116575,0.812623092723955,2.73937077747112,1.19504564954547,9.4810401945033,4.0118850232185,45.4203811462559,19.048330157973,2.03625701437602,0.427592229861004,1.74061565113144,0.372628058523533,2.44181550485232,0.501256627492098,3.81010912514036,0.736186473707401,5.46376803011771,1.00524394855161,19.6891198200855,3.03464770561971,96.7415072799646,12.9579341164994,4.44271152852061,0.539602210608281,3.67516740748763,0.463308022142265,5.06755865748054,0.599072784329911,7.9410204583613,0.86445574433617,11.198177138531,1.15194153661238,43.9432696015192,3.72466103560283,219.051964793574,16.8092992108299
5400,11.9,0.392331908997141,0.318837081314595,0.390836073690067,0.317988490226123,0.630703717622084,0.512144536896961,1.05201641511666,0.854954058046953,1.67817209012147,1.36446628386169,5.87209989185326,4.7694312379433,27.9014522142063,22.4881988584897,0.864696009545649,0.387501452910341,0.789783192127332,0.354106391173157,1.16051611339804,0.513616152389719,1.83693658666629,0.813132082825896,2.7496374426941,1.19486910672756,9.51618082076219,4.01068148150778,45.5597954375255,19.0347516644269,2.05254781058366,0.428401388187609,1.75350466408471,0.373291121854309,2.45965133536933,0.50168182626766,3.83861332259573,0.736942044550465,5.50361028882104,1.00613570889459,19.8591083967397,3.03782201414349,97.6679093729936,12.9722286668901,4.4893081064996,0.540315242253705,3.710024079542,0.463602797425017,5.11607356719827,0.599416538990565,8.0211314597445,0.864358713780918,11.3096945695664,1.15155211841633,44.4366345535275,3.71783937864687,221.81710011406,16.807501172599
5400,12,0.393022285104007,0.318884543478749,0.39143556251596,0.317797097324885,0.631486389643425,0.511869076681795,1.05314268446316,0.854343986438302,1.67969941009178,1.36334574804867,5.87700525434926,4.76552713421743,27.925600753547,22.4735489202967,0.869228745292011,0.388004695632263,0.793690779677189,0.354617403031456,1.1656532968739,0.514104357540487,1.84452581062592,0.81359018705594,2.76002348273118,1.19487946792956,9.55270088033526,4.00972239825402,45.7288506880225,19.0367577189389,2.06883138324343,0.429160226764369,1.766282350741,0.373953134024953,2.47737118399536,0.502200516267162,3.86709275086067,0.737683998603224,5.5434072900339,1.00708948632918,20.0288109020021,3.04108680567015,98.585484211121,12.9796563076379,4.5360069965582,0.541035771486203,3.74527657276915,0.463965570174258,5.16494162472493,0.599711069256042,8.10138379562091,0.86428661273286,11.4213527527504,1.15125896605324,44.9288987499595,3.71133720545096,224.510957255109,16.8015157075917
5400,12.1,0.393713219983057,0.319119379604455,0.392035275546971,0.317922597923875,0.632269568028506,0.511783221533589,1.05427000245329,0.853911994349753,1.68122817280074,1.36233523905759,5.8819159182905,4.76191953076928,27.9497496497601,22.4638942123215,0.873712926732699,0.388467811798061,0.797624816750116,0.355189425241865,1.17077868965283,0.514626780134646,1.85198598427432,0.81400033161974,2.77016874698595,1.19489460285349,9.58709317151513,4.00928975173285,45.8532572605975,19.025930245946,2.08512826274337,0.429940890576166,1.77924086821525,0.374657959764807,2.49523276341902,0.502703491555443,3.89558697030868,0.738393332520009,5.58322790895462,1.00800991105481,20.1988796996648,3.04423307033005,99.5121648925064,12.9929072768028,4.58288498543104,0.54172680935375,3.7804984913967,0.464280398245393,5.21385259925868,0.600050009709041,8.1819907770815,0.864218762677912,11.5335651812177,1.15086286235362,45.4261462997485,3.70491281606154,227.292438932615,16.7935547964192
5400,12.2,0.394404644582878,0.319116169319287,0.392635159053544,0.318009761920648,0.633053177844169,0.511483123937571,1.05539825552479,0.853421005021836,1.68275822545923,1.36130416656419,5.88683141379518,4.75775781724684,27.9738975010807,22.4501561228205,0.878181618192723,0.388952063782361,0.801581135148858,0.355752291104626,1.17585361920377,0.515049983312156,1.85942414628611,0.814304387741661,2.7802853275073,1.19469522974558,9.62142104585848,4.00830787087695,45.9768872884759,19.0084092501954,2.10143231792781,0.430710495027994,1.79205587726027,0.375294987885581,2.51301863012458,0.503207955638136,3.92409142396835,0.739229554973797,5.62306992777357,1.00885070484489,20.3694164040422,3.04715624160357,100.450046607519,13.0099804839749,4.62988502949009,0.542413748356144,3.81579202093519,0.464589326317733,5.26280042378942,0.600358932698485,8.26282672128634,0.864155971526754,11.6461025969161,1.15049441267593,45.9253822040202,3.69858714262095,230.076707227558,16.780329278962
5400,12.3,0.395096492839093,0.319207742133718,0.393235161703297,0.318089578321852,0.633837147422406,0.511390958193295,1.05652733494848,0.853102355946528,1.68428942174869,1.36054618728803,5.89175129028044,4.75442911955229,27.9980429640849,22.4344475906176,0.882672274440393,0.389478054550959,0.805536101677484,0.356361918016311,1.18103767347211,0.515613872904825,1.86695948842905,0.814725675592783,2.79060781173829,1.19452873666499,9.65795338141324,4.00757554238533,46.1475297874525,19.0065490529808,2.11770874113842,0.431470702948061,1.80490250302021,0.375964405909661,2.53073307227991,0.503681003951358,3.95250423513964,0.740037059033898,5.66273629714008,1.00963330461659,20.5380977882348,3.04958449139559,101.343866926081,13.0271443725291,4.67702006781637,0.543041894138002,3.85154324935363,0.464903376473882,5.31229152980873,0.600668679045047,8.3439161703046,0.864026701724148,11.7590027876855,1.1500792514126,46.426907015482,3.69233803513077,232.86941836929,16.7647747118409
5400,12.4,0.395788701534064,0.319294853458513,0.393835234447205,0.318161197040192,0.634621408206914,0.511313410288375,1.05765713660344,0.852784911973654,1.68582162152116,1.35974457670807,5.89667511558587,4.75196192344545,28.0221847511488,22.4253515283253,0.88715309937167,0.389932844362797,0.809378947356248,0.356800008999967,1.18611107397332,0.516082324846456,1.87448746942836,0.815033987261139,2.80092901134291,1.19431479591574,9.69467101874566,4.00609011306187,46.3226550793513,18.9859061009054,2.13399620735852,0.432204468323049,1.81777957840551,0.376604392112935,2.54849390408976,0.504163806734952,3.98092399612933,0.740839941106333,5.70241353382117,1.01043157889998,20.7070273143502,3.05199085131862,102.246384875946,13.0424123411332,4.72430279963525,0.543680543520632,3.88752156812284,0.465202127212866,5.36190178582281,0.600976100853152,8.42528970610147,0.863932316493741,11.8723193258493,1.1496475235929,46.9313679399062,3.68619672655433,235.685104594349,16.7531471009976
5400,12.5,0.396481210164204,0.319370356453969,0.394435330412025,0.318140399764492,0.635405894607959,0.511009785253133,1.05878756076434,0.852343654170386,1.68735469051561,1.35909261435324,5.90160247514343,4.74902571159808,28.0463216280363,22.4125976211954,0.89164339383619,0.390353905999122,0.813286404188805,0.357231787620392,1.19122385159359,0.516450849155097,1.88206882018414,0.815265798548928,2.81136865350785,1.19408439650661,9.73273847144627,4.00496942958022,46.527068483871,18.9777950965731,2.15027619392877,0.432962679079604,1.83056416193584,0.377245499098932,2.56612808487819,0.504623742498224,4.00930781041101,0.741669033745045,5.74202154321844,1.01118839709937,20.8753100188361,3.0538461451626,103.134106062234,13.0550969772963,4.77173426890451,0.544269607328745,3.92347544183138,0.465525561130652,5.41161705406797,0.601262544406923,8.50694305603778,0.863863629668569,11.9860462640276,1.14927519134114,47.4387442840588,3.68045804737662,238.529781648855,16.7402977507744
5400,12.6,0.397173960814436,0.319388373985553,0.39503540479851,0.317957157387478,0.636190543865051,0.510739070759091,1.05991851190009,0.851778043947668,1.68888850008921,1.35816617093898,5.90653297119088,4.7452609087184,28.0704524116036,22.3949441931541,0.896100021321396,0.390868052579067,0.817161050056195,0.357711417988195,1.19632076010445,0.516904716782075,1.88956235209843,0.815469052294852,2.82164718335467,1.19381540190822,9.76942320359607,4.00476687049485,46.7031700030654,18.9660108075973,2.16654618953284,0.433725980494422,1.84354438690942,0.377952619035001,2.58401485132919,0.505131958683528,4.03764357637643,0.742546788166426,5.78153541029868,1.01195634504997,21.042610502791,3.05610236566112,103.99981598543,13.0692755810989,4.819314385341,0.544824554494519,3.95960560080347,0.465859275893419,5.46157460264358,0.601557699844327,8.58888254359959,0.863808898453499,12.1001994104896,1.14880709874448,47.949374263423,3.67462339187243,241.411742034415,16.7284662838514
5400,12.7,0.397866898039341,0.319403994152135,0.395635414785093,0.318013515876204,0.636975295916931,0.510699089435579,1.06104989848319,0.851269232441079,1.69042292696287,1.3572410638823,5.91146622202594,4.74223215034155,28.0945759676185,22.3786098037218,0.900570555149862,0.391324643815722,0.820960824346681,0.358038393080923,1.20138421654729,0.517319431321346,1.89712123936318,0.81569181986524,2.83206740187425,1.19337426138774,9.80768240228424,4.00415932081586,46.913643708534,18.9548915610249,2.18281040606621,0.434413365603447,1.85648286897535,0.378567833649188,2.60172309588011,0.505548598071778,4.06594310831658,0.743353468251794,5.82097837934992,1.01267898286474,21.2092021945802,3.05808737895335,104.850597037369,13.0838901846497,4.86704171464985,0.545395334829837,3.99579637010976,0.466133840818731,5.51156354547672,0.601781414285263,8.67111315410264,0.863716277387163,12.2147969111889,1.14838941089979,48.4637685155623,3.66852757366427,244.347109017176,16.7140529977976
5400,12.8,0.398559968750604,0.319404290584836,0.396235319436688,0.3180076407244,0.637760093278433,0.510444175277493,1.06218163280911,0.850892694337811,1.69195785298015,1.35631773608582,5.91640186129905,4.73896443445761,28.1186912086833,22.3594281380741,0.905006629360585,0.391820540756277,0.824711961257562,0.358438468931483,1.20635710374726,0.517672663373163,1.90458989604118,0.815933506081949,2.84232181250833,1.19306999001319,9.84451119647855,4.00340654563445,47.0947588051513,18.9651811937406,2.19907780706275,0.435167229416034,1.86932487272635,0.379192731014915,2.61942410815065,0.505953595616291,4.09423976569119,0.744167511088175,5.86041291675671,1.01332608231777,21.3757824108838,3.059858653629,105.699159786112,13.0924912772377,4.91486743802511,0.545912853542972,4.03190428960259,0.466438585960136,5.56159897227552,0.602031084970714,8.75348090636801,0.863624090779595,12.3295303746541,1.1480689921368,48.9770204874022,3.66255671858406,247.207240465709,16.7018807244999
5400,12.9,0.399253122110351,0.319540987272079,0.396835079618295,0.317979871541473,0.638544880923783,0.510350648345309,1.06331363082497,0.85047483569563,1.69349316487856,1.35552183655571,5.92133953734196,4.73629707890186,28.1427970922603,22.3405969068056,0.909437270550737,0.392315635158026,0.828434478434125,0.358834973923399,1.21136873061553,0.518141053669535,1.91205878465899,0.816030805341131,2.85258824555922,1.19278288024605,9.88163427398437,4.00263556379161,47.2832716837218,18.9641322370067,2.21534026178579,0.435972117838089,1.88230774286606,0.379861157071583,2.63724902585844,0.506468248823418,4.12250270836744,0.745065496619141,5.89977878637779,1.01390734575472,21.541613616231,3.06147005617934,106.530166324611,13.1030777824183,4.96284393811698,0.546458817056419,4.06819453523694,0.466747771004608,5.6117510700143,0.602256079275829,8.83612693236432,0.863536788059781,12.4446654058552,1.14763038929646,49.4929024773261,3.65679018125914,250.087632535443,16.690575053524
5400,13,0.399946309430037,0.319491130655068,0.397434657913127,0.317943942511144,0.639329606175983,0.510254813391419,1.06444581196722,0.849765893561484,1.69502875407274,1.35474172017324,5.92627891253066,4.73289467581208,28.1668926187908,22.325992249734,0.913879492727485,0.392800503255373,0.832254811087688,0.359263025619203,1.21639329372398,0.518539822008948,1.91958355499468,0.816155532144823,2.86297709235759,1.19242235169378,9.92014216511719,4.0022207798682,47.502412635946,18.9716104408848,2.23159618014229,0.436723262633336,1.89532224133598,0.380517866504496,2.65506109223058,0.50696301766205,4.15072178000133,0.745939802811115,5.93905758816652,1.01453644364383,21.7064904772149,3.06289282307938,107.34175144282,13.1170219674276,5.01098539122947,0.546942339135976,4.10492414477902,0.467047263028168,5.66244045093262,0.602500299141528,8.91909944732454,0.863422798382371,12.5602983766109,1.14724257004975,50.0129582759025,3.65119679425514,253.026852230726,16.6740383266667
5400,13.1,0.400639484074545,0.319727400833912,0.398034018544967,0.318110704759416,0.640114218601866,0.510217078855322,1.06557809900745,0.849478841654197,1.69656451644863,1.35393190263472,5.93121966267994,4.72946732406007,28.1909768299029,22.315469723075,0.918309172503979,0.393276522270397,0.83614798489115,0.359709213555925,1.22150723301845,0.518922207426751,1.92708490595787,0.816203372572565,2.87333096966871,1.19219020457096,9.9584842000711,4.00112054838729,47.7193088454863,18.9656359867383,2.24786335674588,0.437483172336205,1.9084067724455,0.381193124289998,2.67288607121249,0.507438799025336,4.1789555394685,0.746821234822365,5.97836139181608,1.01518047909894,21.8717301496436,3.06456757942544,108.162349008581,13.1246390781476,5.05925374696502,0.54747535543706,4.14145215707146,0.467308638518789,5.71296119351009,0.602666741582369,9.00228779811601,0.863316136497231,12.6762151742872,1.14682162906175,50.5339576486913,3.6457002825876,255.941789301961,16.6550016636595
5400,13.2,0.401332601371193,0.319983417170315,0.398633127304538,0.318308449248405,0.640898669912538,0.510234582545644,1.06671041790619,0.849323335862081,1.69810035216809,1.35320268022495,5.93616147646832,4.72656701176682,28.2150488067047,22.3054045869342,0.922725185908643,0.393729293539992,0.840032105879811,0.360093992624149,1.22660296361031,0.519315117437867,1.93455957615675,0.81636011958842,2.88364365308285,1.1919264294938,9.99660169628999,3.99929134845126,47.9327255216849,18.9642882995491,2.26412099208455,0.438223258586345,1.92145897824577,0.381856081477697,2.69064519936461,0.507942280676254,4.20714176706,0.747760275019699,6.01757107307825,1.01569940662722,22.0359172145384,3.06613872358809,108.959453044212,13.1341933960135,5.10767389941073,0.547927254195384,4.17822580393995,0.467542172172014,5.76374891447922,0.602844582408564,9.08575618893627,0.863228277977967,12.7925359316508,1.14638019068618,51.0576028146426,3.63978469785352,258.877033948419,16.6319488788727
5400,13.3,0.40202561852336,0.320113149114938,0.399231951479619,0.318460847030731,0.641682913868855,0.510249686819493,1.06784269767398,0.849110319700588,1.69963616548334,1.3524991351425,5.94110405489125,4.72360638904079,28.2391076681588,22.2944775702,0.927114655638438,0.394207653123422,0.843809719165977,0.36056920457264,1.23158626230282,0.519682009977698,1.94196588513225,0.816395181491914,2.89383278180521,1.19168716813128,10.0336824464466,3.9986699291487,48.1253355350112,18.9634449921747,2.28037034453196,0.43897681542886,1.93468524731866,0.382478648947639,2.70862520337262,0.508489563190508,4.2352903365239,0.748613053578181,6.05670599131709,1.01618297247199,22.1992811489031,3.06780473242092,109.736466979187,13.1418337326239,5.1562526323674,0.548391665124029,4.2154311868406,0.46783541869244,5.8150511204896,0.603003652996264,9.16953332832861,0.863102559739685,12.9093172610186,1.14599948287794,51.5847886928533,3.63455109717957,261.851248173181,16.614472199093
5400,13.4,0.402718494528448,0.32021955614732,0.399830459788694,0.318442559745192,0.642466906191652,0.510183217617859,1.06897487023936,0.848796118956075,1.70117186456061,1.35143500084985,5.94604711074123,4.71980709856482,28.2631525695292,22.2858885216337,0.931497453556371,0.394662397955219,0.847559931345771,0.360915151132932,1.23652566574741,0.51998905946534,1.94936710331269,0.816373129689512,2.90402303178866,1.19142440394639,10.0709475682398,3.99793645241742,48.3231867610273,18.9723454456552,2.29661779963444,0.439759585520191,1.94758760581068,0.383075814199057,2.72628787545259,0.508973772488675,4.26340950327654,0.749466490022844,6.09577885558681,1.01666500551264,22.3619015828917,3.0697043724055,110.497201861915,13.1463720688195,5.20493370965411,0.548825933421588,4.25253895892855,0.468098668457228,5.8661672725563,0.603158694025514,9.25344572682263,0.863000782756597,13.026224872522,1.14558008915904,52.1104556272284,3.62924499638245,264.74079622518,16.591921239631
5400,13.5,0.403411190099954,0.320169866528972,0.400428622317943,0.318321266034904,0.643250604476462,0.509885741414955,1.07010687032352,0.848363284153909,1.70270736131253,1.35026212925758,5.95099036811308,4.71585979292579,28.2871827009028,22.2696463972953,0.935877483453628,0.395138842436888,0.851345818158479,0.361301606054742,1.24151735681787,0.520422112106404,1.95677396126518,0.816356644227454,2.91423500642859,1.1913004446173,10.1085927549921,3.99777540495516,48.5306014140356,18.9848586881801,2.31287704049528,0.440508056272758,1.96051677653538,0.383650082197757,2.74401458882942,0.50948894614967,4.29153073899332,0.750301737636174,6.13484530380549,1.01711435307018,22.5243413195238,3.07136931518336,111.254979407369,13.1518506928511,5.25377980829561,0.549309995162892,4.28964893648005,0.468338751150104,5.91753671522054,0.603344526478143,9.33768329959389,0.86294803516742,13.1436284700484,1.14518656690689,52.6402999224943,3.62420327516517,267.690783566128,16.5730423591041
5400,13.6,0.404103667593387,0.320302763456719,0.401026410461371,0.318336403591761,0.644033968112438,0.509736397228466,1.07123863532094,0.848018603008682,1.7042425712387,1.34970463111064,5.95593356193303,4.71241264267873,28.3111972857789,22.2547294597215,0.940240190302414,0.395657251008288,0.855111884690114,0.361643402920379,1.24647741260268,0.520819705330263,1.96413978466588,0.816302609506797,2.92437640146671,1.19099823982187,10.1457056947259,3.99702032228482,48.7279838805471,18.9959718741559,2.32914109385016,0.441304290779054,1.97341982713083,0.384262353375044,2.76169687473462,0.510020498276772,4.31964046785719,0.751158344004943,6.17388335777802,1.01762512119001,22.6864160254706,3.07321485227577,112.005836359595,13.1539865502478,5.30278005759889,0.54974227965365,4.32687922938848,0.468553685324404,5.96894248870177,0.603487672092107,9.42220425674154,0.862810104827245,13.26144377886,1.14477268914632,53.1729468322475,3.61933473408168,270.668520790317,16.5552405876685
5400,13.7,0.404795890935849,0.320462892878809,0.4016237968639,0.318394323121586,0.64481695820529,0.509610738137326,1.07237010518604,0.847700002328169,1.70577741327407,1.34898164904384,5.96087643751055,4.70981573034853,28.3351955797197,22.2449090721824,0.944602831227142,0.396140646052474,0.858837719357452,0.361977309699106,1.25142002802628,0.521091999716365,1.97151876716647,0.816225047469538,2.93455382691087,1.19079489883556,10.1833331680747,3.99689078595413,48.9378482413679,19.004429918344,2.34542041014107,0.442102825815111,1.9863025336855,0.384871164291215,2.77931909383242,0.510580874758064,4.34778123687096,0.751949125909862,6.21297717969345,1.01819081003873,22.8491888142482,3.0750272828773,112.771962332208,13.1540326685523,5.35190907330733,0.550155539681171,4.36423566548524,0.468768670503123,6.02046018042511,0.60360044058993,9.50692564552229,0.862734379208091,13.3795072780591,1.14432660451725,53.7057975948192,3.61449983797735,273.608904724328,16.5374832544309
5400,13.8,0.40548782555903,0.320622723104838,0.40222075536725,0.318314628493004,0.645599537503945,0.509444716649582,1.07350122232514,0.847427058370627,1.7073118096446,1.34816196106233,5.96581875011125,4.70604001021887,28.359176869067,22.2334693222282,0.948929870972299,0.396596797213069,0.86255344972054,0.362326108945923,1.25630167666919,0.521422885331725,1.97879817742072,0.816188613753192,2.94454532815611,1.19072844677066,10.2192885981705,3.99650507872851,49.1132560086444,19.0185076273402,2.36171343214404,0.442886777530532,1.99925513608637,0.385444577187314,2.7970659963783,0.511147523535519,4.37594371534585,0.752712633321779,6.2521058713117,1.01869752272728,23.0123472902078,3.07658642129202,113.545799210748,13.1507458504628,5.4011715268092,0.550589516402242,4.40173717476846,0.469034319577954,6.07221345075977,0.603729258660589,9.59188628977729,0.862633316867565,13.4979006843638,1.14396789549266,54.2402831641123,3.6097089538953,276.539817055084,16.5204238020799
5400,13.9,0.40617943833546,0.320695019695642,0.402817260958468,0.318351709248551,0.646381670330781,0.50925371996677,1.0746319314938,0.847206237338771,1.70884568572983,1.34723560079447,5.97076026455001,4.70219909299062,28.3831404697114,22.2230050110974,0.953227769979237,0.397153204322461,0.866147889924243,0.362640421328686,1.2611005299905,0.521728509018165,1.98599821768584,0.816199587056717,2.95439039080232,1.19066117362204,10.2539521066559,3.99604354493965,49.2622599516213,19.0287773798439,2.37801113705788,0.443678444160027,2.01230338849471,0.386016070732236,2.81486893205319,0.511683032801564,4.40409608835263,0.753580833039023,6.29120906970113,1.01911019204802,23.1751743238335,3.07873224256576,114.313230772272,13.14729987315,5.45056565571484,0.551001774814559,4.4394722039612,0.469289107064262,6.12419127210543,0.603875264315292,9.67705503234545,0.862517531337553,13.6165564283177,1.14361283014057,54.7751478386131,3.6049349533644,279.437339618698,16.4967168204098
5400,14,0.406870697517824,0.32079995109648,0.403413289720939,0.318355540317995,0.647163322515208,0.509274838212333,1.07576217969883,0.846801732026996,1.71037896993203,1.34632925317403,5.97570075480306,4.6988415438049,28.4070857259209,22.212595987849,0.957536302123987,0.397626802557291,0.869870493303293,0.362975021371582,1.26599275720931,0.521963263345427,1.99324484569864,0.816075800323723,2.96433688492843,1.19038111630488,10.2897667930232,3.9949478958379,49.4373231994695,19.0278537153355,2.39431709466633,0.444446268044287,2.02515531429152,0.386525492882106,2.83250547387362,0.512172725186675,4.43224895072193,0.754397881279788,6.33030685949965,1.01957012819056,23.3379043787964,3.08108304698921,115.079632037764,13.1409875737383,5.50011843059926,0.551396313213817,4.4772716024528,0.469534249760194,6.17634122841029,0.604020697449854,9.76251535121206,0.862443865943791,13.7356351026747,1.14321912833412,55.3128427561067,3.60070253172518,282.361318885178,16.4799001464878
5400,14.1,0.407561572681168,0.320842983417747,0.404008818787755,0.318469442482551,0.64794446133041,0.509207647198198,1.07689191610519,0.846566157655174,1.71191159355146,1.34569235730839,5.9806400036382,4.69616762513678,28.4310120092183,22.1998505725128,0.961839940616772,0.398148669323473,0.873512365318459,0.363313353007994,1.27084186140291,0.522292283333976,2.00048694614673,0.816022924510059,2.97428360628957,1.19021756552805,10.3257272986194,3.99428554531403,49.6170059906404,19.0264966262491,2.41064214846547,0.445209610407083,2.03800116764752,0.387030306681624,2.85008245558499,0.512673832826128,4.46044358429263,0.755145539881294,6.36947858345357,1.0199621720545,23.5015034303637,3.08314205683991,115.864028748203,13.1336793601324,5.54982075747693,0.551803061277287,4.51516205697915,0.469749946004272,6.22867195780574,0.604135570085253,9.84824748493107,0.86231827588312,13.8551009278245,1.14283940559008,55.8528852002764,3.5965522308196,285.297373762975,16.4553621472515
5400,14.2,0.408252034667849,0.321053480822418,0.404603826297309,0.318551546068786,0.648725055433091,0.509252491457802,1.07802109194705,0.846229349195532,1.71344349066755,1.34516776853311,5.985577802262,4.69298337989078,28.4549187173108,22.1885379802421,0.966130054134457,0.398681267237827,0.877182017582957,0.363639262742433,1.27571167880432,0.522623008207093,2.00769842933807,0.815974975007278,2.98417944941411,1.19008102237887,10.3613319831053,3.99340460594916,49.7903810100769,19.0228056618593,2.42695568227714,0.445972816854088,2.05073663292949,0.38753362762262,2.86764633149472,0.513195515916434,4.48860236558261,0.755849057401904,6.40857873769387,1.02018265301687,23.6642720554328,3.08520894506082,116.624307198703,13.1250459457614,5.59963823498122,0.552170259760743,4.55307088719415,0.469963286467984,6.28099671282825,0.604275822492655,9.93415724372723,0.86220535671306,13.9747796280026,1.14240628013893,56.3927859923622,3.59249207279734,288.184768363845,16.4351437901907
5400,14.3,0.40894205553507,0.321012788449933,0.405198291350993,0.318511238424456,0.649505074806054,0.509182966238728,1.07914966044314,0.845826424872873,1.71497459802554,1.34427351769489,5.99051394998305,4.68988855174628,28.4788052730641,22.1742425149753,0.970403669328484,0.399212767212046,0.880763406052243,0.363955308688217,1.28048359126587,0.522926454043966,2.01486909094415,0.815913927746779,2.9940041648531,1.19002915547301,10.3963768221174,3.99278485060894,49.9531494119356,19.0327064235402,2.44329243211307,0.446740746065352,2.06350421852702,0.388015236834326,2.88517255576543,0.513689312415185,4.51681256086452,0.756498804727362,6.44777219371255,1.02042613522235,23.8281646367706,3.08744557744719,117.410248386311,13.11340896053,5.64960358510245,0.55252878268643,4.59125217483183,0.470211560518346,6.3336229492319,0.604385615108944,10.0203468368403,0.862109482274703,14.0948637093998,1.14195033149175,56.9353864307085,3.5884971229471,291.087699654178,16.4199501262748
5400,14.4,0.409631608504869,0.321070484958367,0.405792193972883,0.318483057342034,0.650284490703453,0.509036919679416,1.08027757671594,0.845378499688827,1.7165048549284,1.34320362906429,5.99544825389071,4.68667654397333,28.5026711235229,22.1616484550654,0.974690097862995,0.399700490312167,0.884307725324839,0.364287426378607,1.28524375955802,0.523209276808024,2.02209279327831,0.815847328246113,3.00394251547728,1.19011506688903,10.4326926123686,3.99196972442176,50.1444982864076,19.0306660401528,2.45962770849494,0.44750749818393,2.07616365069966,0.388511172179626,2.90264342267748,0.514192683155606,4.54499927331546,0.757154622441022,6.48691403841615,1.02074884288236,23.9913851817262,3.08948818134215,118.179996013827,13.0938445857771,5.69970437000402,0.55286260085701,4.62962757267238,0.470437556469712,6.38639753786229,0.604470790655746,10.1067657902115,0.861963959712915,14.2152540337135,1.14151045210184,57.4790949303663,3.58500813327313,293.972089820847,16.4006186179648
5400,14.5,0.410320667916424,0.321223137621592,0.406385515071314,0.31845033213619,0.651063275598602,0.508960765104135,1.08140479771467,0.845026902833517,1.71803420313372,1.34231284442953,6.0003805285482,4.68373497181633,28.5265157389735,22.1447747000144,0.978955004332842,0.400172453607394,0.88785957869115,0.364637950561397,1.2899590516382,0.523487364849706,2.02925895003051,0.81582747459654,3.01377646804456,1.19004982101184,10.4681136019143,3.99039746231851,50.3180574062468,19.0306312079916,2.47597721151476,0.448255912715661,2.08896877555638,0.388953866126621,2.92026142471044,0.514697179589118,4.57321566108577,0.757696758827343,6.52610725677711,1.02091679826478,24.1552129352202,3.09162511223891,118.961404157199,13.0747004152869,5.749970781243,0.553212776893902,4.6679559125115,0.470645827114941,6.43925355315349,0.604606792729988,10.1935040193946,0.861938294381684,14.3361218507953,1.14106503145428,58.0265135573309,3.58145727435317,296.902030448694,16.381100345992
5400,14.6,0.411009209180558,0.321334127053674,0.406978236402235,0.318385260477137,0.651841403134161,0.508872775327706,1.08253128214171,0.844668235647954,1.71956258675524,1.3415302944205,6.00531059569946,4.68049340743269,28.5503386120459,22.1313031583778,0.983182147255558,0.400685807721841,0.891392500907065,0.364927815582811,1.29468451356261,0.523815874284197,2.03631460946779,0.815806306881134,3.02340120674632,1.19010241868006,10.5015869754226,3.98912985109921,50.4511942810349,19.0249595242522,2.49234982817922,0.449008605487076,2.10196006995542,0.389460860577869,2.93808122683648,0.515257524534578,4.6014809021183,0.758304446411839,6.56538694998847,1.02103883028604,24.3200456123724,3.09342934583819,119.765362924345,13.0603604110815,5.80040320598117,0.553568571267201,4.70648329848563,0.470870669916664,6.49242703405111,0.604704266008078,10.2805501368844,0.861835470197125,14.4574427460814,1.1406776940009,58.5771996526185,3.57807240340772,299.871692541903,16.3642178060115
5400,14.7,0.411697208736324,0.321346454229695,0.407570340534252,0.318314993036677,0.652618848074632,0.508712488262673,1.08365699038241,0.844332206270714,1.72108995216889,1.34057952489854,6.01023828398915,4.67676573706149,28.5741392568553,22.1175871835299,0.987422983327582,0.401210968865932,0.894944388805054,0.365243165331974,1.29941229649103,0.524165539838098,2.04342448956087,0.815803861637186,3.03314103852346,1.19027331033385,10.5363341310734,3.988125746403,50.6129511326484,19.0265541657659,2.5087216612324,0.44969703695814,2.11472124820261,0.389884201001417,2.95561367753872,0.515739808246832,4.62973880801957,0.758827703185153,6.60465166153998,1.02113966716597,24.4847721322601,3.09525535070275,120.564992675124,13.0430919678595,5.85095852705982,0.553930050167736,4.74508960064495,0.471126763665133,6.54555128557966,0.60481632839607,10.3677847040218,0.861781311686513,14.5789891592491,1.14029742370414,59.1276737098918,3.57488321354643,302.789168731226,16.3451994199025
5400,14.8,0.412384644009562,0.32140428444648,0.408161810815277,0.318361835270392,0.653395586260987,0.508649755199399,1.08478188443807,0.843987820361691,1.72261624792302,1.33972493790452,6.01516342869491,4.67344728964483,28.5979172081804,22.1005358263596,0.991656226256882,0.401737687963951,0.898506019256893,0.365561110540611,1.30415996087397,0.524527771737364,2.05052052720885,0.815841108508489,3.0428620033721,1.19045420598365,10.5710252862128,3.98671488052426,50.7748426339889,19.0152991079245,2.52511502172706,0.450383100144194,2.12749184939104,0.390279721347057,2.97324308938611,0.516259526014014,4.65804213337705,0.759363972569739,6.6439981006264,1.0212128603943,24.6504885266684,3.09692824509232,121.387818168257,13.0304595685789,5.90169004393383,0.554273298865707,4.78362879547035,0.471349691551067,6.59890628730332,0.604946380049995,10.4553779070227,0.861723876003608,14.7010929252562,1.13984464752876,59.6832376503242,3.57148067118206,305.786912400327,16.3237065729808
5400,14.9,0.413071493373328,0.321448218896747,0.408752631340691,0.31830896887479,0.654171594567363,0.508532000549726,1.08590592786191,0.843717060182545,1.72414142465267,1.33904674900241,6.02008587147145,4.67047638382533,28.621672020674,22.0840347433377,0.995859527946857,0.402314349089043,0.902026534674897,0.365904805665852,1.30882894537148,0.524853889609183,2.0575320260414,0.815779797607711,3.0524250092057,1.19057711187671,10.6042753200235,3.98532555165246,50.9070713221883,19.0110294424884,2.5415242890962,0.451052438798882,2.14025153064668,0.39065224029542,2.99081984060828,0.516733149757201,4.68638570316411,0.759811401414618,6.68342029002174,1.02124595073957,24.8172100362394,3.09865880300683,122.232586051135,13.0168349323498,5.95253036578224,0.554609835288584,4.82239142510371,0.471554928689798,6.65242870611906,0.605043608052821,10.5431509134647,0.861628627339468,14.8234159185051,1.13938501325683,60.2387842204825,3.56838907085434,308.726995108828,16.3031883398832
5400,15,0.413757736110103,0.321501141538764,0.409342786922954,0.318152502752276,0.65494685085969,0.50839215211682,1.08702908569786,0.843459232366041,1.72566543499762,1.33828635530466,6.02500546010578,4.66723564000327,28.645403268111,22.0664927286041,1.00007296619054,0.402844478906327,0.905588561638265,0.366239436883204,1.31355144908841,0.525161657328695,2.06458582919118,0.81582420414068,3.06207954057495,1.19084636395717,10.6385657666761,3.98384359875059,51.0629880175593,19.0021208014295,2.55793579637661,0.451745632939565,2.15313620971162,0.391060573939826,3.00851955235543,0.51724070463175,4.71472624897912,0.760274873492032,6.72283228232411,1.02135308229966,24.983811510352,3.10023138042082,123.072133325208,13.008026209884,6.00352694867916,0.55497254582502,4.86104298785098,0.471745088694296,6.70588487765997,0.605147218289019,10.6312114472374,0.861560293793002,14.9461533805613,1.13891270241621,60.797013741147,3.5657560551316,311.686652304014,16.2857333380395
5400,15.1,0.414443352375675,0.321737380212295,0.409932263062569,0.318155841283961,0.655721333956169,0.508365955032875,1.08815132442211,0.843198046876827,1.72718823352405,1.33761147697105,6.02992204828307,4.66380892589193,28.6691105426633,22.0515804682677,1.00427996399183,0.403404790484152,0.90913440012872,0.366529166102454,1.31827528238647,0.525574313108896,2.07162780788213,0.815919578764822,3.07171841076353,1.19100394776402,10.6728201588661,3.98242000391923,51.2194839677791,18.9828725864051,2.57436079911164,0.452439341689715,2.1658399754401,0.391417478996961,3.02604872144692,0.517699984707516,4.74310193798836,0.760668029267761,6.76231138047963,1.02136167123677,25.151339660411,3.10159617583106,123.931953766575,12.9950584044927,6.05467000381011,0.555319831031802,4.89988485916993,0.471966807421286,6.75954555223187,0.605272594515506,10.7195304560607,0.861494836869737,15.0692539953341,1.13851360184651,61.3572557654096,3.5629313727445,314.653991210103,16.2692803801841
5400,15.2,0.415128323164627,0.321886894546531,0.410521045920352,0.318167077961774,0.65649502358949,0.508306811107328,1.08927261188716,0.842891404329434,1.72870977664961,1.33678056896606,6.03483549536252,4.66058609563942,28.6927934542089,22.0391805987219,1.00848996446601,0.403894324332248,0.91269023628619,0.366856181252009,1.32299866258378,0.525939384898299,2.07868921818692,0.815997820304998,3.08140333141778,1.19108950391118,10.7076578095979,3.98083409281249,51.3896888850067,18.9687600292398,2.5907781359939,0.453110217449082,2.17858412729117,0.391838705405892,3.04358033479412,0.518210585869712,4.77145249160374,0.761086617951765,6.80174418214889,1.02142572153294,25.3184340767046,3.10327922257558,124.781184067163,12.9838079475223,6.10596004494527,0.555678589141855,4.93883681204746,0.4721979848703,6.81337568713213,0.60537291774463,10.808103472617,0.861458822059973,15.1927017688673,1.13801063411114,61.9190381709515,3.56023046152902,317.612381815751,16.2512560917572
5400,15.3,0.415812630277345,0.321887369635849,0.41110912229093,0.318192343299689,0.657267900370728,0.508190023579133,1.09039291726839,0.84242096031506,1.73023002257182,1.33605612376767,6.03974566616284,4.65749074370365,28.7164516296653,22.0248553848638,1.01269065417932,0.404427086145219,0.916270262320966,0.367174189127506,1.32773171542808,0.526280195170633,2.08573102244924,0.816056866899304,3.09105766958336,1.1911369171537,10.7423170760141,3.97933829997469,51.5573249790314,18.9551993276492,2.60719533414367,0.4537865903815,2.19130625541257,0.392238895504525,3.06112862511072,0.518714155288349,4.7998131557191,0.761466119358126,6.84120039933522,1.0214379008506,25.4860064408282,3.10494741230152,125.637304110453,12.9773979521873,6.15740453228504,0.55603455975615,4.97794641852397,0.472434683807724,6.86734646280309,0.605465610313256,10.8969906793072,0.861387492438521,15.316630889567,1.13752735288081,62.4850228379178,3.55745943370274,320.625629458717,16.229705949821
5400,15.3999999999999,0.416496256288463,0.32198036724279,0.411696479577408,0.318303057845239,0.658039945754806,0.508267194951891,1.09151221101289,0.842136794132175,1.73174893119948,1.33542684075172,6.04465243075698,4.65507461491953,28.7400847123555,22.0118032481655,1.01687526026407,0.405009359793795,0.91975138722732,0.367531051046788,1.33238206530865,0.526637196832834,2.09273181603616,0.816186418770217,3.10063916986515,1.19127429065047,10.7763726920685,3.97721497452135,51.713170488879,18.9444276953757,2.62361911066139,0.454425338573977,2.20404500344768,0.392598270674757,3.07873911877911,0.519191046730381,4.82818845751592,0.761892469593377,6.88068288306318,1.02147381483894,25.6539667518821,3.10656781848754,126.500157641161,12.9650713142431,6.20896519381835,0.556382002385086,5.01725944817724,0.472673038983146,6.9217304023138,0.605595604445646,10.9860660349067,0.861343443911249,15.440794767133,1.13706462202228,63.0511937844986,3.55481040790444,323.594350984162,16.2100590068026
5400,15.5,0.417179184516686,0.322033091723789,0.412283105767154,0.318236525950861,0.658811142007465,0.508190400333563,1.0926304647905,0.841805539604943,1.7332664640871,1.33474419941599,6.0495556642753,4.65214635334797,28.7636923613944,21.9990212084152,1.02105990800693,0.405587992707359,0.923185534998521,0.367808711228754,1.33701238352634,0.527029175167372,2.09974192322516,0.816302296260561,3.11024631454092,1.19139168702719,10.8108013340102,3.97570494582106,51.8781560849655,18.9371095127516,2.64004968469018,0.455055625196613,2.21686006676827,0.39295935085391,3.09636696424513,0.519667412938628,4.85657412358108,0.762219944507827,6.92018177516454,1.02147804488517,25.8221557556102,3.10798990284198,127.366859072694,12.9582847185527,6.26070712337707,0.556729062385768,5.0566322717009,0.47289482401686,6.97619077798089,0.605738699744824,11.0755237070678,0.861286231179367,15.5655657410659,1.13672622701923,63.6234154600495,3.55211457552173,326.666883926544,16.1896750812904
5400,15.6,0.417861398995908,0.322053564219125,0.412868989408623,0.318171307454207,0.659581472173663,0.508014209258053,1.09374765144697,0.841348002591375,1.73478258437207,1.33391764067679,6.05445524671722,4.64966620800573,28.7872742511043,21.9858194947604,1.02523903632687,0.406145897198894,0.926605434363498,0.368130055685604,1.34158681181376,0.527344840674534,2.10674366824286,0.816355758939423,3.11984442992022,1.19152220332924,10.8452581024733,3.97478797937774,52.0449307212776,18.9146890816119,2.65646426778313,0.455693446159233,2.22953226569023,0.393300484471786,3.1138670958424,0.520109962486513,4.88491090792359,0.76252483840272,6.95958607575129,1.02156789866749,25.9892366006727,3.10926741593016,128.204850578149,12.947847164542,6.31256740170141,0.557074042089116,5.09608827136367,0.473124615430399,7.03063517133202,0.60585445543192,11.165182357103,0.861258890089832,15.6905941731631,1.13625329445642,64.19612533269,3.54953244208788,329.695773138445,16.1695942836823
5400,15.7,0.418542884447574,0.322205459368741,0.413454119589198,0.318163152765148,0.660350920047318,0.507907891085758,1.0948637449591,0.84110846383662,1.7362972567145,1.33339996339757,6.05935106277056,4.64720593860921,28.810830070452,21.9734705915861,1.02940361376529,0.406656407823052,0.930040039896546,0.368443413509123,1.34620075975263,0.527677286693532,2.11370694811179,0.816453201817087,3.12937365905867,1.19178628335853,10.8791333510227,3.97275102159459,52.2004106642919,18.9009190599496,2.67291228593035,0.456336710183779,2.2422759124796,0.393696582190737,3.13142655626458,0.520609356172438,4.91333671696502,0.762900331477673,6.99915842827299,1.02154448488203,26.1584654957316,3.11044771197872,129.092225792254,12.9446662828845,6.36458834429695,0.557363005180973,5.13559824954783,0.473313307465408,7.08532042471566,0.60596113680757,11.255152805526,0.861246490255884,15.8160873011897,1.13582471406219,64.7724392962026,3.5474121265373,332.764063428113,16.1488704342619
5400,15.8,0.419223626254226,0.322403104709913,0.414038485913991,0.318224115346366,0.661119470142368,0.507965954457646,1.09597872039176,0.840927322597592,1.73781044723968,1.33282388250095,6.06424300163846,4.64481962856871,28.8343595225095,21.9598527642507,1.03355681726733,0.407243621087955,0.933525133691345,0.368800017355233,1.35083346093165,0.528078376082059,2.12064397457562,0.816624834816418,3.13885874289594,1.19193674524793,10.9126845628783,3.97148296872306,52.3500041828536,18.8897674533708,2.68935537839943,0.456966533461091,2.25508665439788,0.39409656217375,3.14912654364828,0.521094657629147,4.94173585114256,0.76327402329854,7.03867533785242,1.02158806076792,26.3270003164336,3.1117076966065,129.962413242332,12.9395287130199,6.41674843345297,0.557716219577778,5.17506454588891,0.473504404085918,7.13996945450927,0.606054017288332,11.3453655687487,0.86126167416846,15.9419131903457,1.13546569654896,65.3503095128782,3.54529126329517,335.82501970667,16.1241518118883
5400,15.9,0.419903610434165,0.322537163704638,0.414622078485537,0.318261055073578,0.661887107665033,0.508013102318707,1.09709255385676,0.840914492095207,1.73932212348285,1.33237141031004,6.06913095687347,4.64258913142565,28.8578623239348,21.9499982016636,1.03771748911554,0.40779454574447,0.936941965186988,0.369084133963156,1.35541612761106,0.528368533099016,2.12761493845321,0.816743869630251,3.14841799285088,1.19204993517467,10.947098155248,3.97060027800804,52.5190889250498,18.8712924900036,2.70582498372932,0.457543124377106,2.26769271068501,0.394418171203035,3.16658595321763,0.521556681479972,4.97021681262486,0.76360849980912,7.07835162187574,1.0216391601062,26.4976982390457,3.11318262541021,130.880909540992,12.9383647819732,6.46905120278142,0.558024376555706,5.21455828093641,0.473678616261134,7.19472811623267,0.606132450208123,11.4358378639894,0.861254716223116,16.0681039443112,1.13505437437682,65.9302152338163,3.54322595966819,338.885018891345,16.0999760669556
5400,16,0.420582823617178,0.322624789281831,0.415204887884365,0.318236868365139,0.662653818487269,0.507897030531828,1.09820522247342,0.840572068779556,1.74083225433631,1.33155229291774,6.07401482621831,4.64026259458874,28.8813382044763,21.933917671299,1.04185737676088,0.40830693983128,0.940377138870966,0.369390956584967,1.35999384707711,0.528691160645687,2.13452954346204,0.816851717092498,3.15787373615353,1.19232382102659,10.9805892314022,3.96947081705035,52.6694158685414,18.8677981756531,2.72227488742091,0.458114566228705,2.28033159079919,0.39480591604522,3.18407797243745,0.522060278351191,4.99863109330051,0.763919659410984,7.11789977810752,1.02178391001476,26.6668710114253,3.11426785289834,131.764447745077,12.9357849162989,6.52154791880747,0.558318792994027,5.25433520223536,0.473859075551731,7.24981797160119,0.60621538802867,11.5267177639364,0.861204995088976,16.1949432404088,1.13462726703728,66.5166729620789,3.54112853660048,342.061724067936,16.0764362688131
5400,16.1,0.421261253021298,0.322583565249971,0.415786905150384,0.318134407980013,0.663419589121319,0.507646237190645,1.09931670433074,0.840214244441788,1.74234080999875,1.33073391674977,6.07889451145323,4.63774037655185,28.9047869064921,21.9194241420185,1.04600191310717,0.408862035971065,0.943779261634908,0.369687237786166,1.36453440449892,0.529025085446292,2.1414674840055,0.817018939065949,3.16738226347022,1.19245589684572,11.0147211957578,3.96742293326338,52.8345999072032,18.8587976244609,2.73872236114421,0.458763820798409,2.29309361128722,0.39518718020746,3.20167063334642,0.522605103907498,5.02703938269075,0.764272118894446,7.15743641872411,1.02190864904402,26.8359921250552,3.11539479514303,132.643557190844,12.9375288125617,6.57421613917801,0.558669181918982,5.2942244567867,0.474068057569425,7.30505523945461,0.606325050118148,11.6179436924877,0.861201240404949,16.3223142909589,1.13420875749669,67.1078824568713,3.53886191598099,345.307399155191,16.0552742494427
5400,16.2,0.421938886430513,0.322723721595315,0.416368121765063,0.318196498610323,0.66418440669534,0.507489004386373,1.10042697845122,0.839943170395814,1.74384776192661,1.33017912790562,6.08376991824957,4.63549997957155,28.9282081844947,21.9095723736279,1.05013005622596,0.409347613962644,0.947200639183751,0.369957422521091,1.36911023808236,0.529338153361634,2.14836277173024,0.817239681934814,3.17681398702006,1.19263756917824,11.0481937505063,3.96530073963753,52.9866161289209,18.8417100060794,2.75517953645724,0.459402916217473,2.30563106415979,0.395555821156863,3.21908867737169,0.523122437844292,5.05548955830225,0.764624296870644,7.19705875462694,1.022060730183,27.006415804821,3.11694906019844,133.549092238092,12.9368462166348,6.62701597370411,0.559022154470461,5.3340823193437,0.474256774183347,7.36028675799521,0.606409385421106,11.7093885393273,0.861226455946356,16.4499684414604,1.13378213380838,67.6997258009755,3.536640717883,348.517029703207,16.0334834751077
5400,16.3,0.42261571217342,0.322921534612861,0.416948529634349,0.318248675278613,0.664948258930034,0.507427190984345,1.10153602475608,0.839680666899603,1.7453530827875,1.32967606519356,6.08864095602903,4.63330594541677,28.9516018047062,21.9002757374782,1.05425891244981,0.409869175141387,0.950608117461687,0.370193339773268,1.37364699225726,0.529606013090396,2.15527032540204,0.817341275553943,3.18627696135513,1.19269511368182,11.0820948996768,3.96354024280662,53.1487374054061,18.8277930829476,2.77165333399912,0.460034660234758,2.31823945176978,0.395870982308825,3.23660740852976,0.52362633671486,5.08398024561705,0.764927957799278,7.23675680992018,1.0222054637369,27.1778574112923,3.11835515975936,134.478111850447,12.9337816907191,6.67997573448686,0.559327047946629,5.37451936483413,0.474437970068302,7.41615540407821,0.606532634227163,11.8011338397644,0.861240367805577,16.5780641850651,1.13334122781367,68.2948027285523,3.5344206639818,351.761339806455,16.0138839939311
5400,16.4,0.42329171910274,0.323030281366046,0.417528121072298,0.318296840271832,0.665711134116246,0.507424618873891,1.10264382403195,0.839404550414618,1.74685674641549,1.3292168530992,6.09350753782885,4.63134481431845,28.9749675446373,21.88895183177,1.05837799837167,0.410388914708061,0.953933429694823,0.370445755056373,1.37814345825952,0.52993412235603,2.1621560007954,0.817523899528855,3.19570381746156,1.19292994464638,11.1157430203443,3.96120418016408,53.3064047095637,18.8187466223437,2.78811074952807,0.460678077491919,2.33087252962749,0.396242030265491,3.25406443070164,0.524083644659679,5.11241254676176,0.765261298114847,7.27634169929278,1.02243779063861,27.3479278253045,3.11972688036806,135.375733551635,12.9307591113813,6.7330759841141,0.559640248998345,5.41493327513086,0.474658633354341,7.47204088975136,0.606652899438755,11.8931349268979,0.861268651655756,16.7065209624622,1.13288452346821,68.8919789183071,3.5322185923306,355.008266384456,15.9922983750925
5400,16.5,0.423966896575684,0.323121666712436,0.418106888785393,0.31834626006946,0.666473021093479,0.507290191240418,1.10375035789888,0.839089438102664,1.74835872776816,1.32860585764831,6.09836958017215,4.62904246997205,28.9983051926786,21.8758486088025,1.06248214802073,0.410895834275172,0.957315664594264,0.370750075411878,1.38264189688052,0.530145726235746,2.16900376998872,0.817615092980923,3.20506311914547,1.19306038783619,11.1488214414848,3.95967834427896,53.4527705638889,18.8099815351427,2.80458288744042,0.461308897900384,2.34356227792342,0.396583184410918,3.27165368988055,0.524570240253954,5.14089761895654,0.765557234961856,7.31603145007344,1.02262894611455,27.5195148998787,3.12123591327837,136.305373862319,12.9297793478058,6.78635996629862,0.559982659167111,5.45536427846954,0.474867004048023,7.52797095224971,0.60676251451396,11.985517525076,0.861323591958792,16.8355789868851,1.13246693916332,69.4951007715473,3.53009365296097,358.35716924416,15.9705765284552
5400,16.6,0.424641234435122,0.32316789661413,0.418684825857497,0.318388975249548,0.667233909229292,0.507342552438641,1.10485560877973,0.83890733346447,1.74985900288547,1.32812282712955,6.10322700294346,4.62714405711052,29.0216145477097,21.8629647421223,1.06659396112314,0.411397533660556,0.960661545607575,0.371035964130011,1.38716818319929,0.530482425279825,2.17588415521708,0.817749461111906,3.21449288179315,1.19322196553619,11.18271304701,3.95768039973898,53.6175180237978,18.8023944862034,2.82109012272622,0.461923117872237,2.35622213127694,0.396912743438658,3.28922921469149,0.525039666945739,5.16948331896332,0.765810168069709,7.35591360112918,1.02277584850654,27.6936528238708,3.12257405365323,137.293612932192,12.9308353213137,6.8397700471657,0.560326293895522,5.49588121338749,0.475043528920267,7.58404694078922,0.606837043456416,12.0781106615898,0.861339656398301,16.9649112925847,1.13203275422002,70.0989346674308,3.5276522550173,361.674938612439,15.9427369247068
5400,16.7,0.425314722991509,0.323249017922936,0.419261925735436,0.31847836174859,0.66799378839953,0.507272868379063,1.10595955987064,0.838706387122043,1.75135754885022,1.32781164358197,6.10807972926922,4.62516295105217,29.0448954187217,21.8520945646715,1.07068116542717,0.411856304119485,0.963969153959826,0.371234637615183,1.39162362386771,0.530741693419948,2.1826963245546,0.817828365440029,3.22379550352214,1.19335917220232,11.2154323156309,3.95586262088684,53.7579367220986,18.7956269542411,2.83757230737231,0.462535529427768,2.36891967634847,0.397264213444181,3.30682649488775,0.525481073824159,5.19800041773364,0.766088555643614,7.39566381194345,1.02292472694178,27.8661946163699,3.12354546197787,138.239081574956,12.9306707131128,6.89335414025968,0.560701689743324,5.53639689340632,0.475246075183201,7.64019447732279,0.60692658180588,12.1710459219929,0.861390392514254,17.0947682396774,1.13161166323696,70.7074651498557,3.5255810439171,365.0690722922,15.9178535887453
5400,16.8,0.425987353005536,0.323266886745207,0.419838182215153,0.31845125825398,0.66875264896935,0.507155480273023,1.10706219511282,0.838431096115871,1.7528543437501,1.32732245384542,6.11292768540282,4.62301552044982,29.0681476244565,21.8373884451464,1.0747627708792,0.412358022102397,0.967311861615472,0.371422631456362,1.39609189205737,0.530925861611842,2.18949947604762,0.817945233585342,3.23308693855959,1.19339600934601,11.2481428541727,3.9541445861922,53.8990826954527,18.7832936324869,2.85406777657404,0.463151919702232,2.38166593264716,0.397651326081011,3.32440130740332,0.525967124499359,5.22655525338171,0.766402362617701,7.43548820500261,1.02312495405255,28.0398311869506,3.12488495091632,139.210178196259,12.9282877718415,6.94708590034424,0.561034306918919,5.57704990173755,0.475422663474336,7.69651876171074,0.60700676002935,12.2642643070053,0.861457701158331,17.2250422125382,1.13110600874434,71.3191319874533,3.52369132677679,368.492576268361,15.8913612464486
5400,16.9,0.426659115671494,0.323386191551899,0.420413589428446,0.318473208259944,0.669510481775019,0.507080379685839,1.10816349916542,0.838133997968996,1.75434936664124,1.32649456547306,6.11777080061431,4.62059530755837,29.0913709930565,21.8255000577252,1.07884782274624,0.412859614552364,0.970677481847178,0.371732340307506,1.40057696734429,0.531235506471857,2.19632132567886,0.818130988971517,3.24242130799013,1.19361251914609,11.2813869720535,3.95218698595298,54.0526493814562,18.7784629636041,2.87057305231799,0.463784274569398,2.3943868530407,0.398024445943816,3.34203992073755,0.526458076279515,5.255135530202,0.766702152243821,7.47536179561424,1.02331047143313,28.214213566363,3.12607926258352,140.198541862212,12.9295470186151,7.00096914761865,0.561349560045151,5.61780094593952,0.475626234645114,7.75305561527308,0.607146153662568,12.3577576763499,0.861529547177997,17.3557080743979,1.13070477645596,71.9332357590122,3.52177475080771,371.929703388375,15.8649369334792
5400,17,0.427330002601291,0.323444080200796,0.420988141830229,0.318527356589254,0.670267278106438,0.506864787811567,1.10926345737941,0.837729281909686,1.75584259751324,1.32573761202051,6.12260900708421,4.61769863280647,29.1145653617312,21.8132055332449,1.08293328867376,0.413359525942624,0.974066765478648,0.372022537207826,1.40509861179556,0.531489497141299,2.20315301669628,0.818343662598359,3.25178126103604,1.19376260096726,11.3149911656238,3.95071830706946,54.2147737687665,18.7768726262563,2.88706993162977,0.464445340055042,2.40719334898147,0.398425799061571,3.35974291463162,0.526969142395495,5.28370035188105,0.767052939698205,7.51520716040692,1.02348657071641,28.3883671510381,3.12735538179412,141.176125405739,12.9257443201672,7.05500052110415,0.561670862209868,5.65862468333327,0.475788593885603,7.80957432781054,0.607253299945766,12.4515381228841,0.861588422037387,17.4867971250398,1.13026051515123,72.5505402441911,3.51990527309479,375.394137745261,15.8448267882095
5400,17.1,0.4280000058091,0.323533843090102,0.421561834186303,0.318486828155185,0.671023029690348,0.50684794722544,1.11036205577258,0.837479351605642,1.75733401725548,1.3251746484926,6.12744223980147,4.61520333698448,29.1377305764345,21.8003020817605,1.08701773863059,0.413826367363132,0.977452115367394,0.372232955309398,1.40962082241969,0.531748016025008,2.20998968874081,0.818583298784889,3.26115712979334,1.19376896206285,11.3488566715885,3.94834949909458,54.3833618354257,18.7727767457461,2.90356942961405,0.4650997619953,2.41981749883761,0.398819532090731,3.37727682897321,0.527481228452977,5.31226698361665,0.767390230764214,7.55505409198898,1.02372958410381,28.5625988492792,3.12879982632343,142.154366600745,12.9250649724771,7.10919147622164,0.561999725918814,5.69961285705451,0.475965693637483,7.8664005675194,0.607375435718684,12.5456217780377,0.861660012819809,17.6183346940337,1.12979875931759,73.171290097442,3.51768333992117,378.898264390683,15.8204085730051
5400,17.2,0.428669117696627,0.323573648558658,0.422134661561626,0.318472326694895,0.671777728674221,0.506723625198335,1.11145928100548,0.837274259211004,1.75882360762486,1.32458328299849,6.13227043646542,4.6122286439622,29.1608664915535,21.7880263249883,1.09109309285728,0.414310039346545,0.980788460939547,0.372497829663839,1.41410561408653,0.532007327263597,2.21680648206582,0.818882058672842,3.27050037060203,1.1937947014954,11.3824965380394,3.94688949776484,54.5479361676442,18.761563917712,2.92008436022965,0.465762569406096,2.43255705701901,0.399185987092459,3.39488707759393,0.527998155025316,5.34086927446643,0.767685319497216,7.59496718317091,1.02396238275149,28.7377381207451,3.13000424157815,143.154642820369,12.921110431699,7.16352801708558,0.562353867228548,5.74067190783319,0.476151913383724,7.9233608646616,0.607498956357292,12.639964786653,0.861813211172443,17.7502373369677,1.12935953809909,73.7941465222817,3.51575290446559,382.410037966979,15.7960993785258
5400,17.3,0.429337331038943,0.323606131202355,0.422706619309044,0.31848194262178,0.672531367610773,0.506646151842131,1.11255512035829,0.836986890589769,1.76031135121469,1.32396732285572,6.13709353739134,4.6100955775408,29.1839729696096,21.7767822223094,1.09515397848419,0.414783324085113,0.984107811701279,0.372746279566898,1.41858705430041,0.532247829982753,2.22358612003377,0.818995779708014,3.27977689209631,1.19388938821347,11.4155620713864,3.94525870192336,54.7009868440316,18.7568106766042,2.93660933262246,0.466397596305616,2.44518482149692,0.399532064393688,3.41250380171557,0.528460180172125,5.36950230808461,0.768033675723762,7.63493977197201,1.02415762318615,28.9137657780771,3.13109476910514,144.173903955627,12.9158692930333,7.21804031710803,0.562689218367438,5.78179200797708,0.476349093797662,7.98027894016858,0.60763469175642,12.7346679425195,0.861965658172589,17.8827057838428,1.12894954229491,74.4226364154479,3.51401079914433,386.022035255795,15.7697269343802
5400,17.4,0.430004638970887,0.323743317055468,0.423277703058469,0.318520961425988,0.673283939443085,0.506618570027198,1.11364956170857,0.836816308778061,1.76179723142486,1.32335864248826,6.14191148541971,4.60817507864207,29.2070498809724,21.7688361825069,1.09921306838139,0.415229389599768,0.987396423391754,0.373017187454064,1.42302326741126,0.532446439749041,2.23036846701315,0.81921346721233,3.28906485191867,1.19387732050257,11.4488431197942,3.94357082996466,54.8594756895739,18.7520488414608,2.95313322663062,0.467021658632939,2.45795637477509,0.399878254601253,3.43013302451234,0.528876370640749,5.3981214626579,0.768291927835689,7.67488343144305,1.02438495562255,29.089467818263,3.13196029981921,145.18625249813,12.9142415548266,7.27267688342762,0.563034782031495,5.82289566661643,0.476542732931438,8.03741224296556,0.607754162391561,12.8295872321524,0.862082399465901,18.015462919205,1.12854237034397,75.0521939145554,3.5119697783128,389.608166403027,15.7436449297293
5400,17.5,0.430671034973986,0.323668655519985,0.423847908706488,0.318485849384752,0.674035437490311,0.506461267527283,1.11474259350994,0.836408851121298,1.76328123243311,1.32266162930845,6.14672422582881,4.60551356671799,29.2300971035815,21.758468059821,1.1032698932732,0.415675670388625,0.990750473559042,0.373290481560579,1.42751207605323,0.532675561946511,2.23715237088462,0.819337827557276,3.29836207809703,1.19394018639335,11.4823195648779,3.94269057959952,55.0229448865826,18.7402552690591,2.96965366647699,0.467643948390192,2.47063329750557,0.40024874374801,3.44769289197954,0.529324750507968,5.42673156122848,0.768614578791319,7.71481137048724,1.02461906515884,29.265104529152,3.13296261151733,146.19576633466,12.9097213272729,7.32745440529054,0.563390190158959,5.8644398781689,0.476761618446328,8.0950278157809,0.607890961442809,12.9247641964119,0.862207266778034,18.1485866528509,1.12812922995888,75.6840398884742,3.5100221970392,393.203693268477,15.7200760797439
5400,17.6,0.431336512863884,0.323694164841509,0.424417232406378,0.318430944349831,0.674785855433934,0.506380547777549,1.1158342047715,0.836139364370182,1.76476333916741,1.32215560196814,6.15153170625069,4.60286342813182,29.2531145226795,21.7472674124984,1.10732376862346,0.416170872683343,0.994066415588498,0.373565563630294,1.43195367533694,0.532873361771285,2.2439361067166,0.819616429337861,3.30766545213158,1.19402767964542,11.515964315076,3.94152497863238,55.1908486030343,18.738625858324,2.98617358978093,0.468251796522554,2.4832642367473,0.40057556941756,3.46524474883736,0.529734041298207,5.45534493683165,0.768856402645759,7.75474779612836,1.0248349693504,29.4410035100713,3.13395569904383,147.209079486126,12.9061355651205,7.38241575063986,0.563742643141493,5.90594122708685,0.476968671931368,8.15257675636282,0.608030653739515,13.0203320676324,0.862370583611032,18.2823352141455,1.12770717427291,76.3225266092849,3.5084730148749,396.921013307515,15.6990178508846
5400,17.7,0.432001066778265,0.323780395804163,0.424985670558508,0.318391585721156,0.67553518730456,0.506252524862843,1.11692438503807,0.835926388723943,1.76624353727942,1.32158762832469,6.15633387659022,4.60073496258708,29.2761020305563,21.7344841255988,1.11136355656058,0.416625568589192,0.99736753722419,0.373834894789248,1.43639809615002,0.533079422896924,2.25068487927674,0.819874629118595,3.31690667232073,1.19411432629657,11.5490833958971,3.93979086799685,55.348177590935,18.738399694349,3.00268763682774,0.468867432149256,2.49591995753335,0.400923660676119,3.48283739984708,0.530175262608223,5.48394589384203,0.769191786766291,7.7946614407544,1.0250901130078,29.6167279508224,3.13478860871848,148.214637718324,12.9000187024631,7.43751646317122,0.564095957924501,5.94747095007716,0.477162308049493,8.21007587898335,0.608169944954444,13.1161465105387,0.862539613575253,18.4164258258282,1.12729438368829,76.9628104963032,3.50678376566696,400.635744575502,15.6760496807574
5400,17.8,0.43266469116523,0.323886439336933,0.425553219801123,0.318393652612715,0.676283427469217,0.506228817841529,1.11801312437121,0.835696764689559,1.76772181311889,1.32108263657977,6.16113068894717,4.59829272644622,29.2990595263003,21.7243175556984,1.11539898785227,0.417110573500412,1.00061441412617,0.374058480304116,1.44078585061354,0.533239183340883,2.25742862087256,0.820082291119042,3.32614409298869,1.19396666582758,11.5822632318246,3.93841429088009,55.50753325767,18.7371228355078,3.01921574639822,0.469463464163059,2.50861462315179,0.401253293378482,3.50045267579387,0.53059996180849,5.51258435796056,0.7694713678203,7.83464666955654,1.02527650973714,29.793482266498,3.13533458531578,149.244510006398,12.8933071077181,7.49277586600743,0.564430464954041,5.989293769004,0.47741226406714,8.26801077385993,0.608328098611521,13.212268357006,0.86273018839321,18.5509788288749,1.1269227411177,77.6070020208319,3.50512046542138,404.405150108504,15.65362442305
5400,17.9,0.433327380772118,0.32394387763117,0.426119877001471,0.318396666409364,0.677030570619132,0.506153490296844,1.11910041333088,0.835419207351581,1.76919815370914,1.32073199122001,6.16592209754115,4.59603914146373,29.3219869155608,21.7121082732804,1.11943452486763,0.417576767182195,1.00389508340234,0.37431966623886,1.44521481091421,0.533482766216533,2.26418004536327,0.820279891926918,3.33540227719518,1.1939947708269,11.6157481609019,3.93709160841045,55.6743030199854,18.727526481126,3.03574052912983,0.470068711255425,2.52116716916551,0.401583901673856,3.51789072651381,0.530992103504193,5.54120646025856,0.769768393343743,7.87459803104082,1.02551091706637,29.9698334383118,3.13627810739485,150.263567370363,12.8853570947328,7.54817008110215,0.564775527378233,6.03113299377789,0.477647711911193,8.32601251113719,0.608476878095638,13.3086278601757,0.862867110269507,18.685858423947,1.12651875901167,78.2527879207499,3.50339821730311,408.165193495439,15.6318541343411
5400,18,0.433989130634764,0.324053215637494,0.426685639247295,0.318443973378886,0.677776611757993,0.506222990629333,1.12018624295787,0.835215729572298,1.7706725467233,1.32025774758469,6.1707080586394,4.59382874376591,29.3448841103181,21.70059679733,1.12345924929941,0.418057632463637,1.00717905493605,0.374627174993837,1.4496170313349,0.533752611315955,2.27090545838202,0.820514643756754,3.34461544750151,1.19399433247824,11.6488740913629,3.93614894439819,55.8341921066676,18.7209439628809,3.05227199140028,0.470685341129141,2.53385063260186,0.401937235419411,3.53551333782033,0.531407088160168,5.56984238712293,0.770106556103549,7.91457523368352,1.0257943965829,30.1466071773148,3.13706508945344,151.293038320361,12.8782182036567,7.60373581389923,0.56513353481421,6.07279548954233,0.477864162567155,8.38388737734838,0.608602094487203,13.4053213839157,0.863056579490826,18.8212461819424,1.12614671409007,78.9030854113447,3.50173043345543,411.997835621252,15.6133767242008
5400,18.1,0.434649936067146,0.324167586215359,0.427250503838628,0.318543268528209,0.678521546190645,0.50619600099864,1.12127060475687,0.835002778186306,1.77214498046162,1.31985414346462,6.17548853048713,4.59183701193219,29.3677510286613,21.6880397590845,1.12748833966456,0.418517489088162,1.01045693278955,0.374944393299998,1.45405263074594,0.534040235605192,2.27765209874517,0.820732686049927,3.3538758606882,1.19392901369683,11.6825740592527,3.93475167049729,56.0072295601459,18.717652224918,3.06878983294156,0.471316139786776,2.54653012697282,0.402281809619601,3.55307940296137,0.531838397198716,5.59844088455838,0.770448010500538,7.9544818571704,1.02606357068745,30.322574911029,3.13811356068157,152.300643514349,12.8719597382428,7.65946032320025,0.565490965023714,6.1147173713206,0.478086919406673,8.44200438766571,0.608761043651285,13.5023292621043,0.863241972885834,18.9571147780007,1.1257257581331,79.5577862686004,3.50015854156255,415.900233349982,15.5923786720416
5400,18.2,0.435309792651441,0.324251459593243,0.427814468279914,0.318518404262539,0.679265369512202,0.506107372934898,1.12235349068011,0.83472488702464,1.77361544382947,1.31926043212835,6.18026347324048,4.5895866146955,29.3905875945756,21.6748085096471,1.13149814147008,0.418983601208049,1.01374492902291,0.375243283475246,1.45848444898007,0.534304553757021,2.28434695852126,0.820906669593571,3.36304100089663,1.19381984631361,11.7154067239871,3.93309222989946,56.1623636659203,18.7161095339353,3.08531926805359,0.471909001653565,2.55923622531973,0.402635604021988,3.57069569153428,0.532249849178241,5.62707138867748,0.77074578799587,7.99444965514912,1.02629064315028,30.4994409021918,3.13886513144453,153.328899981156,12.8655860247083,7.71533917364848,0.565876065523948,6.15688239316709,0.478299499229734,8.50053986101961,0.608917664831788,13.599645144319,0.863412421507842,19.0934492156572,1.12538688440945,80.2165623277375,3.49849250161205,419.854937424094,15.5725003930474
5400,18.3,0.435968696228443,0.324364064477884,0.428377530272435,0.318526567595896,0.680008077597603,0.505991353459357,1.12343489311173,0.83451620918565,1.77508392631622,1.31870506080121,6.18503284890185,4.58710090192154,29.4133937377352,21.6631547898021,1.13550287167084,0.419455320898807,1.01698007228943,0.375546672136042,1.4628560961537,0.534612108767167,2.29103395001739,0.821175766869846,3.37219662256398,1.19382700241302,11.7482394111592,3.93213948935036,56.3182905058596,18.7157555176906,3.10183563928299,0.472494057033082,2.57194463840761,0.402934752657357,3.58824999198028,0.532630248775629,5.65565783717725,0.771025558488688,8.03433253165863,1.02650758207488,30.675266564059,3.13969570767374,154.332104941234,12.8609094331779,7.77131926368231,0.566238455451226,6.19899156011599,0.478514419345685,8.55904017445058,0.609076322275506,13.6971099971663,0.863580077593432,19.2299448410662,1.12501931031851,80.8743251262813,3.49671379751809,423.728996433079,15.5532642047097
5400,18.4,0.436626642888337,0.324403931151924,0.428939687707007,0.318526129976685,0.680749666591514,0.505906882875786,1.1245148048526,0.834206948069768,1.77655041797495,1.31808009824148,6.18979662125765,4.58468466938962,29.4361693933069,21.6508235892544,1.13949227192156,0.419941832524124,1.0201953056366,0.375842846294606,1.4671779723753,0.534796738193214,2.29768129787745,0.821389296948146,3.38128054484485,1.19370427302268,11.7804393513111,3.93095708830796,56.461323929407,18.7133314878656,3.11837133517621,0.47309913263937,2.58472378528553,0.403265757915404,3.60595729925176,0.533028649272192,5.68430616744981,0.771348160131289,8.07433805939131,1.02670361991765,30.8529061107762,3.14023144975379,155.378643605748,12.8575679130403,7.82745331941989,0.566615469791416,6.2412079642907,0.478756557359809,8.61760531807935,0.609226383520387,13.794873027269,0.863771370275574,19.3668874409417,1.1246369586504,81.5358457245906,3.49487777802383,427.653518462661,15.5316699683844
5400,18.5,0.43728362896183,0.324498341770992,0.429500938656978,0.31852144619927,0.681490132898651,0.505846343846941,1.12559321910576,0.833990984658671,1.7780149094028,1.3174603974089,6.19455475581822,4.58220564451733,29.4589145017564,21.6397528708998,1.14347440709064,0.420323295794217,1.02340663109046,0.376078029087371,1.47158540382347,0.535091759032141,2.30431299692162,0.821612613881824,3.39033925698994,1.19357557981306,11.812471480908,3.9294086262388,56.6015309093712,18.7081823675557,3.1348937501136,0.473657181982443,2.59736245810322,0.403571758028316,3.62348453404972,0.533376631803819,5.71291872884543,0.771637886121236,8.11427655832017,1.02690944317689,31.0297871846455,3.14089725167589,156.404434890726,12.854248566363,7.88372910259218,0.567007342072202,6.28324889034835,0.478964856845245,8.67616326445835,0.609397619981225,13.8928929835776,0.863958840302934,19.5041923248143,1.12424125524626,82.1995248763258,3.49328280185748,431.582545616898,15.5134640916522
5400,18.6,0.437939651011593,0.324528594930086,0.430061281371458,0.31851639115367,0.682229473174426,0.505748558195335,1.12667012946245,0.833746569383654,1.7794773917221,1.31688095307816,6.19930721975995,4.58001871135904,29.4816290086654,21.6274889655169,1.14746111195422,0.420769460246351,1.026644320181,0.376335875862466,1.4759439761502,0.53533149812524,2.31096707332331,0.821784565210012,3.39944768249139,1.19336843836433,11.8451068867738,3.92824453529901,56.755515408754,18.7005962659958,3.15139524892913,0.474242442078747,2.60997666561982,0.403883327533099,3.64098224310679,0.533759737685698,5.74147005796881,0.771918425834912,8.15409811946251,1.02714253480938,31.2052132350576,3.14127312079131,157.392804057059,12.8526459207367,7.94016008613356,0.567356743097629,6.32562442397047,0.479170393524953,8.73505554703966,0.609579651726108,13.991207057612,0.864130027868331,19.641934719891,1.12387086171974,82.8667584822755,3.49199090795648,435.560676941866,15.4941008509409
5400,18.7,0.438594705824034,0.324671755388546,0.430620714268833,0.318523353061503,0.682967684315965,0.505712715464879,1.1277455298885,0.833496510000114,1.78093785656218,1.31626625271742,6.2040539818694,4.57786349154528,29.5043128645517,21.6163860431965,1.15145355211157,0.421252973200025,1.02993731322018,0.376634787084456,1.48032533291175,0.535613021835823,2.31764699681489,0.822035545649786,3.40861249946857,1.19325426095086,11.8784133783022,3.92750819955951,56.9247322600221,18.6944965527139,3.16788785735132,0.474788741322792,2.62265230552154,0.404198380302858,3.65849045698545,0.534112749281479,5.76999651130102,0.772224321696401,8.19387337836056,1.02739150362827,31.3801402381096,3.14178437375642,158.367427689146,12.8500367025876,7.99672277979596,0.567746440455963,6.36800712843309,0.479401388331888,8.79395261235761,0.609776341191478,14.0897475286591,0.864342510425403,19.7799832416745,1.12351212724141,83.535281842311,3.49061530893469,439.524021332876,15.475436083623
5400,18.8,0.439248790401365,0.324891112537467,0.431179235930504,0.318615955606123,0.683704763453444,0.50574567826328,1.12881941471138,0.833408072781923,1.78239629604187,1.3158381634425,6.20879501248956,4.576191135355,29.5269660246991,21.6076606428334,1.15543696865643,0.421746581090513,1.03322622158447,0.376969508371617,1.48473110977858,0.535905150647839,2.32430736694195,0.82238071640907,3.41774499231388,1.19324236473276,11.9114889707072,3.92697750646581,57.08966395712,18.688846622082,3.18440194601744,0.475356413048479,2.63524035338313,0.404529387571299,3.67601734268075,0.534530512766023,5.79858751687357,0.772619145800622,8.23377301968677,1.02764781157002,31.5568283536179,3.14266981744069,159.38312964769,12.849342132894,8.05346031479401,0.568121315623907,6.41053584631845,0.479622321654208,8.85310607106205,0.609926848928845,14.1886520340398,0.864523023373809,19.9186060080909,1.12308973158811,84.2097704673078,3.48905828804272,443.595261251733,15.4591902875197
5400,18.9,0.439901901953962,0.325065967076689,0.431736845094861,0.318698432440656,0.684440707941751,0.505741455214002,1.12989177860762,0.833298587715418,1.78385270275254,1.31529902487901,6.21353028346784,4.57449628078092,29.549588448991,21.5991569851144,1.15940738692642,0.422170324100876,1.03648434223595,0.377262335339778,1.48913145302005,0.536149626981009,2.33093549129731,0.822618944421939,3.42682027189577,1.19310654986578,11.9440780904961,3.9257495038159,57.2448366897062,18.6817061061623,3.20090168354631,0.475930733277848,2.6478374076207,0.404844237426458,3.69356358326259,0.534891550029192,5.82713991605893,0.772977615046446,8.27359952984155,1.02785297314612,31.7326462240626,3.14329654585266,160.374383376848,12.8480465908162,8.11031182529734,0.568507672296036,6.45302583062186,0.479870175666516,8.91218206893594,0.610105414120816,14.287733195571,0.864690091574882,20.0574405140415,1.12268406311829,84.8839843318812,3.48743812885031,447.608873777925,15.4454379388307
5400,19,0.440554037893002,0.325153804202879,0.432293540651487,0.318758445725472,0.68517551535244,0.505732308953638,1.13096261659069,0.833137308329302,1.78530706974186,1.31470615912118,6.21825976810597,4.57258280943703,29.5721801017498,21.5902568848522,1.16337011617171,0.422616963332647,1.03975504466259,0.377592720239011,1.49354913706116,0.536437607125311,2.33754744135256,0.822850788081395,3.43586971352021,1.19279246589936,11.9764992719699,3.92529180517939,57.3971965868195,18.6741254612815,3.21740730272455,0.47645776114355,2.66048070349859,0.405156112936262,3.71100997456464,0.535257132377204,5.85570286993609,0.773308543251946,8.31344525362197,1.02808887908373,31.9087813735266,3.14379693645411,161.373882917393,12.8487035102466,8.16735168699123,0.568878809538068,6.49569047838865,0.480082965139077,8.97156467712488,0.610254557879011,14.3872096012454,0.864861071292324,20.1969047943262,1.1222321537109,85.5649858311154,3.48609433333081,451.754094904719,15.4300831367987
5400,19.1,0.441205195823375,0.325199187891181,0.432849321635567,0.318811979441547,0.685909183465995,0.505750209195586,1.13203192399937,0.833012422402893,1.78675939049806,1.31430764018214,6.22298344111167,4.57039347683214,29.5947409515832,21.5780849635743,1.16733811814803,0.423095938242601,1.0430622865821,0.377945350776308,1.4979442428394,0.53671602228733,2.34418422569655,0.823120322092361,3.44497375789377,1.19264712528934,12.0095781361984,3.92406572847055,57.5645208079356,18.6716785068247,3.23391471110999,0.476999326585037,2.67298693726268,0.405455290712478,3.7284114531488,0.535619446554835,5.88426743405994,0.773592448962258,8.35329379621549,1.02831748632851,32.0850319648394,3.14459424465758,162.375826728328,12.8463520425909,8.22452379619027,0.569236922660278,6.53851020446498,0.480285498009707,9.03114939328094,0.610419877701811,14.4869144772907,0.865008841200522,20.3366795407613,1.12180289047785,86.2473719881737,3.48430075244296,455.887213221316,15.415208197945
5400,19.2,0.441855373536835,0.325286171534096,0.433404187222514,0.318794327702047,0.686641710264361,0.505680639695102,1.13309969648648,0.832842156381826,1.78820965893479,1.3139275653989,6.22770127855199,4.5679221085265,29.6172709712347,21.5691026904875,1.17129427218406,0.423567913594886,1.04637606409749,0.378300560044591,1.50235079426152,0.536958696166112,2.3507921775798,0.823280792964418,3.45402728083601,1.19244941567956,12.0422382412453,3.92313888266426,57.7235953404078,18.6601279455133,3.25041303478052,0.47753522677732,2.68559688682812,0.405768195742906,3.74595864489727,0.535972228974742,5.91280675305901,0.773906888706695,8.39309234541852,1.02852928819659,32.2606542215236,3.14539842185771,163.35804263316,12.8437519362578,8.28184423738453,0.569602489155367,6.58144910823423,0.480484973119972,9.09069423141545,0.610569268683122,14.5869009830561,0.865197569979697,20.4768704654186,1.12140942352207,86.9330688770974,3.48284532579637,460.060747381815,15.4021118629624
5400,19.3,0.442504569005415,0.325381594045448,0.433958136722776,0.318770488646739,0.687373093923754,0.505669861696315,1.13416593000801,0.832596493013508,1.78965786937653,1.31342126945458,6.23241325780828,4.56582759195373,29.6397701374401,21.5590188987311,1.17524393680552,0.424035483668608,1.04968868111507,0.378682693172846,1.50676753873731,0.537307708711606,2.35738793389651,0.823580721787171,3.46306277447767,1.19239578745056,12.0748106108196,3.92270774879699,57.881550703819,18.6532226853158,3.26691083854935,0.478022386653411,2.69817237179644,0.406044569566641,3.76341047911669,0.536334468771871,5.94134396980402,0.774209310846634,8.4328872978623,1.02874275093794,32.4363185599764,3.1459444355114,164.339944860974,12.8452852956711,8.33927615343746,0.569946946666673,6.62459774434781,0.480710401265188,9.15077856821313,0.610784923706156,14.6870688678905,0.865362558570077,20.6172828197181,1.12103795926285,87.6186625552252,3.48170951637729,464.171377742271,15.3914709543556
5400,19.4,0.443152780375077,0.325437198903023,0.434511169576854,0.318742087722596,0.688103332807725,0.505541651941692,1.13523062081273,0.832249074284483,1.79110401654444,1.31275280600289,6.23711935753273,4.56398337747296,29.6622384307876,21.5496801805897,1.17918621076182,0.424483252372989,1.05289702716775,0.379013000244661,1.5110748131399,0.537584750911013,2.36396869965797,0.823821953446747,3.47207475312849,1.19228884002399,12.1072385796046,3.92184627256388,58.0371522161644,18.6433916714356,3.28339320594911,0.47851809913569,2.71057908986314,0.406290162925192,3.78071330936949,0.536634699289249,5.96983534509138,0.774463315672371,8.47259540838519,1.02896079372869,32.6109142082616,3.14659742259384,165.294503006298,12.8449625361355,8.39684758133307,0.57029057754456,6.66751819177362,0.480898627614119,9.21053391961753,0.610963951715654,14.7874840341806,0.865550491476261,20.7580401148744,1.12067564263171,88.3061623496105,3.4804309278877,468.283351159515,15.3788595535879
5400,19.5,0.443800005959576,0.325572411058823,0.435063285350477,0.318797320763401,0.688832425460472,0.505518928122593,1.13629376543201,0.83210327780855,1.79254809554284,1.31238552361486,6.24181955760636,4.56240272941949,29.6846758355849,21.5426770388765,1.18313420040649,0.424878472005488,1.05615703388513,0.37930023960192,1.5154585921942,0.537858138034232,2.37057455298726,0.824043966199671,3.48114121907536,1.19209911215595,12.1403157359364,3.9208607683162,58.2075322370715,18.6345636662859,3.29988957578848,0.479045601457267,2.72299605160501,0.406528959007519,3.79796439297103,0.536958941139854,5.9983683425797,0.774759860213107,8.51238506934198,1.02922803482665,32.7867308250499,3.14709494349381,166.278667375245,12.84477328878,8.45456919686204,0.570625972029284,6.71086931653624,0.481103567848258,9.27077994594073,0.611154806676212,14.8882018886531,0.865707291710223,20.8992602354878,1.120270225582,88.997982528951,3.47881592432309,472.458640341565,15.3668929713362
5400,19.6,0.444446244234556,0.325619409911725,0.435614483729977,0.318878765269429,0.689560370600399,0.505491697423127,1.13735536067015,0.831863545366378,1.79399010184602,1.31184336805186,6.24651383909857,4.56008043480701,29.7070823397291,21.5332579428709,1.18707013800602,0.425278077887534,1.05938081374254,0.379591838486524,1.51981597749162,0.538095717292042,2.37715116232918,0.824281603605552,3.49015635718027,1.19191390083608,12.1729646983885,3.92003803948788,58.3694049782148,18.623262951269,3.3163703675976,0.479543013161412,2.73540390370239,0.406814167516237,3.81528748729202,0.537276907302629,6.0268569472155,0.775106951944112,8.55209084011061,1.02947445691364,32.9615178985599,3.14797259801332,167.235648044419,12.8449275900128,8.5124407452194,0.570977843524996,6.75437746471198,0.481333530348136,9.33124186048852,0.611334104806264,14.9892079187821,0.86587453969149,21.0409080872446,1.11988327914621,89.6932869684915,3.47725339852017,476.675965695068,15.355325343991
5400,19.7,0.445091493831846,0.325676241399358,0.436164764517812,0.318860490371409,0.690287167113897,0.505310175893789,1.13841540359493,0.83156921292126,1.79543003128564,1.31128968612371,6.25120218422796,4.55818420300234,29.7294579345811,21.5220651411464,1.19100064490023,0.42566975287592,1.06257343471865,0.37988619382497,1.52414163783745,0.538304232696046,2.38371915972535,0.824508198981319,3.49916050291695,1.191636439625,12.205598494177,3.91923959384783,58.5316827016973,18.6132874733004,3.33285357294577,0.480028795340723,2.7479495434453,0.40709311742764,3.83269760112108,0.537626693851652,6.05535302049512,0.775464715162684,8.59181016184905,1.0297339723854,33.1365437970372,3.14850119005792,168.195630012278,12.8458373504991,8.57040397461686,0.571328632106018,6.79754253794537,0.481546129036389,9.39142099688221,0.611498572132582,15.0903332987835,0.866014121206021,21.1826597947427,1.11945141437055,90.3864836616402,3.47573701912107,480.779461701342,15.3453327864911
5400,19.8,0.445735753533971,0.325710065203409,0.436714127628259,0.318848907236666,0.691012814049342,0.505267735271923,1.13947389152861,0.831330426499248,1.79686788003846,1.31076973573455,6.2558845763245,4.55630589146097,29.7518026148452,21.5157195646011,1.19492404778036,0.426068065124,1.0657591168839,0.380183843948687,1.52847211371994,0.538554825193473,2.39027292611017,0.82477407712338,3.50814238510819,1.19131429016667,12.2380969013181,3.9185186622171,58.6917252585247,18.6063075278887,3.34934105684886,0.48050010921753,2.76038894014053,0.407347779746355,3.85006408397949,0.537952071648927,6.08386602449641,0.775783707770714,8.63156494932481,1.02998047066089,33.3121989934565,3.14889080378625,169.169767911993,12.8472672948447,8.62851661724011,0.571708152144915,6.84102126651145,0.481792167011972,9.45187956270256,0.611706803756739,15.1917390083805,0.866153812255278,21.3248224685776,1.11904980565208,91.0828074781522,3.47439563635935,484.917736984758,15.3342698283487
5400,19.9,0.446379022268839,0.32570138610714,0.437262573083261,0.318860478610126,0.691737310611321,0.505105981788589,1.14053082203911,0.83098198091763,1.79830364461457,1.3102246199765,6.26056099979308,4.5538077632423,29.7741163784528,21.5084865887199,1.19883379700274,0.426477655859714,1.06899258593813,0.380527624084829,1.53281139936742,0.538793378673751,2.39679272986413,0.825036867150551,3.51706374830185,1.19111591266829,12.2700714417772,3.91772126462157,58.8411334548142,18.5960973211259,3.3658319783697,0.4810179945697,2.77293253528397,0.40764493460064,3.8674970031113,0.538312325937327,6.11239210344546,0.776163145668063,8.67134633182534,1.03023921848108,33.4883285428115,3.14937517908416,170.153607070493,12.8497972228924,8.68679922942626,0.57205411977839,6.88468204424772,0.482029568202027,9.51255188646903,0.611897521777771,15.2934840858044,0.866298740718389,21.4675063179601,1.11869132626089,91.7840726912097,3.47290783182314,489.137769154244,15.324568919947
5400,20,0.447021299104629,0.325803055142841,0.437810101008425,0.318914188057963,0.692460656155046,0.505119528283809,1.14158619293163,0.830817426721211,1.79973732184601,1.30980367718955,6.26523144007822,4.55167446522377,29.796399226448,21.5009855176064,1.20273034673902,0.426877866102958,1.07217690401738,0.380848954915745,1.53705267529944,0.539057216631614,2.40327966848938,0.825265930277289,3.5259266889707,1.19087902942038,12.3015418460293,3.9169526594483,58.9803838524393,18.5800430449745,3.38231120090472,0.481524603070997,2.78554398946971,0.40795261273116,3.88496645511502,0.538649278062529,6.14088474151342,0.776501640917003,8.71106301729349,1.03042668413266,33.6636363697956,3.14995252435709,171.113942240157,12.8509919584528,8.745220172908,0.572420466159644,6.92814022350526,0.482260376167061,9.57311957832591,0.612081001745891,15.3954723738144,0.86643570440871,21.6105282378203,1.11836124882322,92.4871564514388,3.47141723587933,493.358221456011,15.3157377278803
5400,20.0999999999999,0.44766258324485,0.325896268925231,0.438356711629154,0.318917654058375,0.693182850180973,0.505042402556642,1.14264000224042,0.830631457274742,1.80116890887576,1.30927266132252,6.26989588362993,4.54974555808239,29.8186511628806,21.4933549915766,1.20664076836862,0.427280757843093,1.07534890169265,0.381093474809858,1.54139177060023,0.539249009567348,2.40981627144123,0.825438276635016,3.53489172772282,1.1907527648791,12.3341463414702,3.9162791093282,59.1449062735927,18.5645384394038,3.39880071851167,0.482011456323109,2.79808750599054,0.408235155272917,3.90235851831407,0.538985354853507,6.16941149180125,0.776768665710414,8.75084670671668,1.03066293654383,33.8399710122444,3.15053828186769,172.097390291257,12.8513746930599,8.80376195228107,0.572790987400132,6.97164863521383,0.482481485457576,9.63382369044095,0.612257180554553,15.4976562126467,0.866576932996873,21.7537975931256,1.11797281325706,93.1905030416808,3.47002712807325,497.533732336141,15.3050079738581
5400,20.2,0.448302874023575,0.325901336263523,0.438902405266926,0.318939541632144,0.693903892329603,0.504893070031988,1.143692248221,0.830392813994324,1.80259840314714,1.30863056084867,6.27455431787088,4.54801901958597,29.8408721946988,21.4837318787328,1.21054235723559,0.427673513028411,1.07854347639076,0.381376547827057,1.54570382523062,0.539475749297304,2.41633370683557,0.825639109051675,3.54382501529766,1.19052493233265,12.366519989152,3.91564080496548,59.3051105550191,18.5490902797924,3.41527768585245,0.482477389127144,2.81070305972631,0.408543444342226,3.91980939967515,0.539318486858187,6.19790027450149,0.777128188217541,8.79055755441385,1.03092262572489,34.0153816528286,3.15116016085061,173.056311438301,12.8520195023906,8.86244044287433,0.573138404310828,7.01537268582055,0.48268342935,9.69464894052869,0.612422642126902,15.6000807138142,0.866715911549597,21.8973991247302,1.11761755223387,93.8955181641195,3.46856185193305,501.701726014934,15.2945311827106
5400,20.3,0.448942170900844,0.325979657508231,0.439447182335705,0.318910637296779,0.694623782376474,0.504809490650609,1.14474292934245,0.830216566693633,1.80402580239353,1.30808410645445,6.27920673116444,4.54596158548509,29.8630623316491,21.4750189623108,1.21441795291788,0.42806919093054,1.08171562014798,0.381671956187399,1.54993632751253,0.539691861077813,2.4227794606273,0.825880847832847,3.55262434455628,1.19023109871117,12.3976160182423,3.91535317130244,59.4383569610295,18.5352128291592,3.4317693873004,0.482929662257735,2.82319713914539,0.408826020454142,3.93717216538119,0.539662643004289,6.22642874860516,0.777426596140302,8.83034466394757,1.03117070132933,34.19191209379,3.15170127704824,174.043343308483,12.8491098717033,8.92125969447364,0.57349298129481,7.05915234238732,0.482895234895299,9.75563901109789,0.612615162582547,15.7027678087693,0.866872022642637,22.0413796520916,1.11719652271814,94.6031787621959,3.4669689674195,505.887277589456,15.2864927934191
5400,20.4,0.449580473458216,0.326060193935252,0.439991043338468,0.318960693634683,0.695342520227313,0.50474881374982,1.14579204428018,0.830048633987302,1.80545110462849,1.30766157998004,6.28385311278398,4.54441244191992,29.8852215861765,21.4660535627291,1.21829582785143,0.428450299337638,1.0849274219549,0.381994746922911,1.55420661274934,0.539944793000786,2.42924038966588,0.826118287331575,3.56145887407802,1.18998971529156,12.4291664386478,3.91489682969163,59.5820693848535,18.5160360346569,3.44824692388497,0.483355500861535,2.83567881538067,0.409108339619882,3.95452969099641,0.539986819902994,6.25491544081614,0.777707849046284,8.87005156038333,1.03143810741355,34.3674116049665,3.15219052446736,175.002620257892,12.8521184584723,8.98020481384861,0.57383558549301,7.10314708072709,0.483085745977278,9.81695933087818,0.612798426893346,15.8056628263276,0.867041772720267,22.1856297510369,1.11684965319346,95.3114134031023,3.4654772938039,510.035694996943,15.2813896920071
5400,20.5,0.45021778139449,0.326099998915656,0.440533988863873,0.318983416043044,0.696060105913378,0.504623978972658,1.14683959190874,0.829850952858036,1.80687430813621,1.30703764340506,6.28849345288313,4.54232674811179,29.9073499733303,21.4574466326937,1.22216688277947,0.428854349597551,1.08818863425919,0.382329136317138,1.55853641388605,0.540200961236369,2.43568901774239,0.826350440386098,3.57027515457524,1.18982787859067,12.4606247500232,3.91482318156398,59.7243560532934,18.504735950667,3.46472335364478,0.483830534980337,2.84837282224859,0.409396994082988,3.97211416075417,0.540318737182997,6.28340532617676,0.778059116593037,8.90976689919003,1.03169615984425,34.5431537836177,3.15269949392036,175.964779791863,12.8560634005531,9.03932162563252,0.574171185339551,7.14732883702038,0.483306482716089,9.87839220471996,0.612972313218791,15.9089018753584,0.867147510829334,22.3304142601928,1.11649646126912,96.024989979415,3.46401351981594,514.283883587056,15.2739308618911
5400,20.6,0.450854094521559,0.326171949261221,0.441076019583023,0.319062923075211,0.696776539586937,0.504560296456556,1.14788557129505,0.829624845256581,1.80829541146222,1.30647165281126,6.29312774246698,4.54073853587909,29.929447510672,21.448393952152,1.22604701736842,0.429219907523954,1.09144037318755,0.382600431988293,1.56285680077892,0.540410685428298,2.44217414508905,0.826569439306555,3.57916837495373,1.18956447610718,12.4929704958864,3.91459418992222,59.8864653984849,18.4896977227325,3.48120093654156,0.48431150527536,2.86088706166094,0.409642732065334,3.98946431123996,0.540618184664448,6.3119034908717,0.778407164470951,8.94950073546497,1.03197032558347,34.7192849346101,3.15310263588695,176.934621786251,12.858576839302,9.09856419030613,0.574498987528683,7.19139824030821,0.483533719112476,9.93983811960129,0.613183509424439,16.0123703046367,0.867268329438014,22.4755170777578,1.11617257762173,96.7402562982071,3.46244837408463,518.517629529607,15.2669712257957
5400,20.7,0.451489412760416,0.326329574687895,0.441617136246363,0.319110738107405,0.69749182151692,0.50458133224224,1.14892998169172,0.829489218097332,1.80971441340449,1.30612271087851,6.29775597336432,4.5390185620047,29.9515142181859,21.4399830006699,1.22990286215757,0.429569935375886,1.09465798254708,0.382862252396704,1.56713431789509,0.540638774690835,2.44859259323255,0.826745923175839,3.5879372481558,1.18933698182898,12.5241319832974,3.91394529751886,60.0236298467767,18.4662017690639,3.49767591585712,0.484777019992659,2.8733607886751,0.409887122220002,4.00679232645492,0.5409377537337,6.34039900995529,0.778756923030116,8.98923007316352,1.0322324785747,34.8954376993658,3.15362147213711,177.900934765862,12.8600039703092,9.15797542098644,0.574848510334499,7.23565251126651,0.483766681185975,10.0014776412688,0.613398478080781,16.1161872819495,0.867377860630139,22.6211699199927,1.11589356587587,97.4614001853888,3.46111291080357,522.864726979604,15.2601901675421
5400,20.7999999999999,0.45212373613729,0.326536233531423,0.442157339680672,0.319204190071135,0.698205952084707,0.504551955110701,1.14997282253068,0.829327165826484,1.81113131300482,1.30571889236675,6.30237813820069,4.53724334572189,29.9735501181937,21.4315388457651,1.2337656829842,0.429880522932839,1.09789614199038,0.383115728124357,1.57145325030117,0.540805569625595,2.45504027341245,0.826896659493764,3.59676861354238,1.18905385556642,12.556028592557,3.91329035574233,60.1773810814124,18.4416540878465,3.51414594394271,0.48523571076958,2.88590026398093,0.410165867494071,4.02418160994602,0.541230626157433,6.36887397025023,0.779076914672878,9.02891740919945,1.03249233479521,35.071014270989,3.15399050495341,178.851615123398,12.8632058572259,9.21750074854478,0.575202387326008,7.28009556025588,0.484006236428958,10.0634415345269,0.613599861298326,16.2201897695405,0.867490862715466,22.7670537847947,1.11561382596278,98.1825933016022,3.45950431358363,527.15541701887,15.2553025455899
5400,20.9,0.452757064779918,0.326633286868118,0.442696630786166,0.319191010291937,0.698918931780083,0.504490759765631,1.15101409341702,0.829152022235353,1.81254610954046,1.30514095015162,6.30699423037238,4.5350919451149,29.9955552352707,21.4252297349514,1.23763581233249,0.430281888281975,1.10111178751823,0.383442996173927,1.57576121857813,0.541038585546675,2.46151852894968,0.827202153777782,3.60566517196821,1.1888664983409,12.588691026906,3.91326472161509,60.3483596557882,18.421412143465,3.53062431541371,0.485697127788354,2.89842054538627,0.410469996434933,4.04156147131862,0.541605684007809,6.3973684984005,0.77943262277938,9.06864145687116,1.03277640037579,35.2471445499966,3.15407031994328,179.816197705707,12.8661284422415,9.27717180503683,0.575550382382987,7.324594460383,0.484251949914407,10.1254499259742,0.613770350277433,16.3244568832276,0.86761913398685,22.9133151180918,1.11534988333347,98.9062288417617,3.45809896062614,531.461058189347,15.2464758051337
5400,21,0.453389398913943,0.326703445446463,0.443235010533699,0.319255027052751,0.699630761197296,0.504553785483511,1.152053794123,0.829028413878001,1.81395880251606,1.3047400019529,6.3116042440213,4.53293881013808,30.0175295961662,21.4174181111226,1.24148637764812,0.430640274724634,1.10428757862213,0.383746213277812,1.58001845070825,0.541205761951388,2.46794416293184,0.827388989578606,3.6144646318273,1.18862010872659,12.6204457887003,3.91259744318806,60.5004146898097,18.4081540751386,3.547109247595,0.486151999343835,2.91091389459837,0.410756543972314,4.05896245486574,0.541943415525491,6.42588164359806,0.779739681001879,9.10840048397145,1.03300783089394,35.4238083781011,3.1544143938989,180.79199104076,12.8692522420771,9.33699641092785,0.575873444783509,7.36923203005226,0.484475424949984,10.1876843004433,0.613972980309412,16.4290207492181,0.867736969693669,23.0600211656146,1.11504530201758,99.6336942305477,3.4565936631587,535.820714178947,15.2411342008967
5400,21.1,0.454020738859435,0.326833292208174,0.443772479962068,0.319276215041776,0.700341441031289,0.504564183195789,1.15309192458226,0.828883746323723,1.81536939165591,1.30441232381676,6.31620817401061,4.5309321618066,30.0394732297251,21.408733648538,1.245331412494,0.431010561091498,1.10749886096111,0.384016781002934,1.58429997687037,0.541427759222455,2.47436037384951,0.827632039983779,3.62325115051237,1.18828324448981,12.6521585426323,3.91208844247338,60.6522520089253,18.3949555304411,3.5636110917521,0.486596499145146,2.92350748923053,0.411026519412965,4.07639223850949,0.542229986478062,6.45444747175642,0.780062461853368,9.14826149155759,1.03319948744336,35.6019793706026,3.15453639344784,181.803203843632,12.8724708151865,9.3969149002347,0.576182956355591,7.41358276298846,0.484641300381917,10.2496368695392,0.614119833118557,16.5337241292179,0.867815616519819,23.2068746898248,1.11475024885176,100.35987265453,3.45519369361863,540.080516739059,15.2350960943058
5400,21.2,0.454651085027526,0.326972709610518,0.444309040175398,0.31934154654939,0.701050972074028,0.504536260662023,1.15412848488428,0.828668211442132,1.81677787689637,1.30393540223688,6.3208060159012,4.52888974915327,30.0613861668134,21.4006495835598,1.24917225427124,0.431324827716783,1.11069477620106,0.384235549804759,1.58856397468848,0.541605829153797,2.48077178656653,0.827766685129673,3.63203384264836,1.18801686911648,12.6839249201853,3.91181661782089,60.8058694421328,18.3836643443544,3.58009362191245,0.487045526323135,2.9358956684456,0.411262029109141,4.09373758654685,0.542534059340331,6.48295795677845,0.780366493331206,9.18801528002523,1.03341366595886,35.7787037376054,3.15474135881264,182.774281846374,12.8781992281675,9.45698612134477,0.576488612497453,7.45810147929558,0.48482530700144,10.3118477395931,0.614271163350139,16.6387312333992,0.86791219612459,23.3541894403565,1.11447992045089,101.090282100003,3.45355561768325,544.401500972795,15.2293415872032
5400,21.3,0.455280437917166,0.327160962087278,0.444844692340636,0.319421561951573,0.701759355210975,0.504489713133229,1.15516347526898,0.828529714035979,1.8181842583786,1.3035388453055,6.32539776592887,4.526744470712,30.0832684402446,21.3945386652179,1.25299759306185,0.431603542977169,1.11389054320601,0.384476722088797,1.592858628107,0.541789737279453,2.48714314970882,0.827891483001249,3.64074374281232,1.18772331780774,12.715028580113,3.91146863436372,60.9457355430075,18.3637141881393,3.59657456925703,0.48747215826924,2.94843009335036,0.41154106655732,4.1110223071086,0.542861271135972,6.51146655603472,0.780663529478165,9.22776679009171,1.03362997584581,35.9554963800174,3.15491424254647,183.744990094807,12.8813530236175,9.51716838788314,0.576826825010129,7.50292342770565,0.485022102496452,10.3741007521945,0.614447328227769,16.7439095948319,0.868012676215534,23.5017053634845,1.11416106680054,101.820090393861,3.45204808198248,548.64763395821,15.2234451215725
5400,21.3999999999999,0.455908798111973,0.327212352658744,0.445379437685112,0.31951830220269,0.702466591417666,0.504345344982968,1.15619689612146,0.828320567170102,1.81958853644154,1.30302663114143,6.32998342098228,4.52462501264397,30.1051200847099,21.3865475098732,1.25682091924313,0.431904604743892,1.11709688365996,0.384763311834025,1.59713514298859,0.541970424282151,2.49351635893811,0.828120076909399,3.64946284370118,1.18743239504826,12.7463210785191,3.91107284236347,61.0903655689505,18.3436980202518,3.61305094538188,0.487895241499292,2.961002472603,0.411806617121465,4.12842300767708,0.543180558363235,6.53996550806268,0.780975782016364,9.26750048801209,1.03383577753997,36.1321237660119,3.15489797933238,184.708239444143,12.8845248256459,9.57749276054986,0.57713541299788,7.54779462528822,0.48521115729357,10.4366395684972,0.614606551184959,16.8493608115114,0.868108399966458,23.6496249198527,1.11382994074217,102.553161778691,3.45054385628305,552.929645173716,15.2140297324551
5400,21.5,0.456536166277212,0.327282572496139,0.445913277494197,0.31965964095773,0.703172681756418,0.504309897414152,1.15722874796702,0.828177449949921,1.82099071161505,1.30262121453026,6.33456297858166,4.52278668704313,30.1269411367101,21.3784017597375,1.26065066017741,0.432241971066158,1.12026310776054,0.385028303856395,1.60134990116325,0.542180864516963,2.49991703575534,0.828296241408062,3.65824098547408,1.18713563503407,12.7783167677711,3.91071872435966,61.2509299468086,18.3247602748171,3.62953987299489,0.488310627174179,2.973635037945,0.412119117612734,4.14593859332483,0.543493768980212,6.56849612230348,0.781334001518441,9.30729489656505,1.03409068607752,36.3096631440364,3.15501222912991,185.695570000529,12.8888176281912,9.63795055085722,0.577434147918076,7.59259216703846,0.485402882573663,10.4991205563772,0.614752636571536,16.9550576981947,0.86816717076214,23.7978952461738,1.11357824070316,103.288531017484,3.44908195351171,557.220712891401,15.2069290743358
5400,21.6000000000001,0.457162543156852,0.327338651779519,0.446446213109036,0.319671618423309,0.703877627373134,0.50428412039765,1.15825903146626,0.827958846099734,1.8223907846134,1.30214183218977,6.33913643685808,4.52077339030849,30.148731634489,21.3697097503814,1.26446091919857,0.432584084511086,1.12336314351216,0.385237923138712,1.60557171371179,0.542374311710742,2.50626561346125,0.828469656365518,3.66692299309726,1.18692177898267,12.8094095240473,3.91084498727527,61.3925647044814,18.30344597434,3.64602689367264,0.488723886941282,2.98619618477395,0.412412003693136,4.16330210120633,0.543803048663363,6.59702133305582,0.781677689309443,9.34707858624212,1.03433418762394,36.4871099441372,3.15510232081285,186.678288756043,12.8907079414878,9.69854127668742,0.577742242406914,7.63731611199867,0.485577328223036,10.5616368277226,0.614914120385359,17.0610037216988,0.868260952141785,23.9465223820777,1.11327352344045,104.026284934847,3.44754704469012,561.517687077173,15.1996645902017
5400,21.7,0.457787929570734,0.327311462184993,0.446978245924359,0.319670385942445,0.704581429494222,0.504216262492166,1.15928774741036,0.827667082657897,1.8237887563288,1.30158779796765,6.3437037945335,4.5185273466852,30.1704916179707,21.3606423153336,1.26827219827918,0.432919017060239,1.12639355522589,0.385510345942228,1.60971451060304,0.542545774739381,2.51262551202084,0.828670857953093,3.67563257199961,1.18672005191463,12.8408803143915,3.909789931095,61.5429846303596,18.2796019236949,3.66252324479883,0.48914102345538,2.99879454035086,0.412698161803535,4.18076764451771,0.544137881070623,6.62556705571404,0.782029326644595,9.38689980063779,1.03458385279153,36.6651015037442,3.15511378539015,187.675078725991,12.8935061500823,9.75928588054806,0.578057743000097,7.68237381981814,0.485773110964517,10.624548868926,0.615093132620765,17.1672348497999,0.868341095419019,24.0955672075703,1.11307556069276,104.767230075984,3.44600760847634,565.854855412437,15.1936253279863
5400,21.8,0.458412326411835,0.327397183192191,0.447509377386374,0.319745663362959,0.705284089423626,0.504232699561666,1.16031489671653,0.827491681826729,1.82518462782534,1.30114359927487,6.34826505090146,4.51673475700262,30.1922211286981,21.3533009543717,1.27207797401722,0.433258018182391,1.12946173457059,0.385782382107156,1.61387307945865,0.542745533419945,2.51897649591409,0.828847313913026,3.6843301955307,1.18653496729881,12.8723189075753,3.90938483536934,61.6933011429659,18.2579873760976,3.67901599911671,0.489537840587243,3.01135828590279,0.412975253268684,4.19814655998435,0.544457261246013,6.65410267767546,0.782349529961553,9.42670140303957,1.03479664939196,36.842877957988,3.15527232899693,188.664149347875,12.898461792279,9.82015107275738,0.5783570416404,7.72780032753948,0.48596745432067,10.6878262203677,0.615269688517106,17.2736634820432,0.868415408443437,24.2448645053357,1.11283428303097,105.508500005028,3.44428311855277,570.145729030707,15.1864039810974
5400,21.9,0.459035734643611,0.327493822776914,0.448039608990715,0.319743965297725,0.70598560853993,0.50419285251589,1.16134048042358,0.827309975256639,1.82657840033297,1.30063947487833,6.3528202058082,4.51517633331744,30.213920209771,21.3454524092007,1.2758807646434,0.433549800899521,1.13254216073158,0.386038985067711,1.618019020334,0.542912565915824,2.52532651675486,0.828986338354768,3.69303147897278,1.18621423616347,12.9038890822966,3.90861367490438,61.8470742370354,18.252729753298,3.69551605020306,0.489925333025815,3.02391264352664,0.413254272632165,4.21553380409022,0.544737200938555,6.68265910803168,0.782667187969222,9.46654236441989,1.03503586461768,37.0212580090408,3.15529463574362,189.666593694936,12.9049747864011,9.88118945375452,0.578677365158743,7.77318808844949,0.486171923052822,10.751064665162,0.615431745411249,17.3804568127066,0.868534036741209,24.3947412438438,1.11265573172253,106.256195476264,3.44283498123844,574.561022445932,15.1760761945773
5400,22,0.459658155297435,0.327562440148292,0.448568942280477,0.319825394793764,0.706685988293585,0.504116260756892,1.16236449968768,0.827142086961568,1.82797007524174,1.30002699703003,6.35736925963468,4.51337295424458,30.2355889057913,21.3361964091196,1.27969179569531,0.433824881077366,1.13566358016141,0.386280750746416,1.62219845531375,0.54308186330188,2.53170983250002,0.829107385336956,3.70180301691905,1.18598726015187,12.9362794369966,3.90774572704385,62.0192233824784,18.2423344956621,3.71200608976417,0.490356068926089,3.03654735871734,0.413555556014262,4.23300582506062,0.545069027819057,6.71118612051942,0.783024787340924,9.50632509525241,1.03525563588718,37.198838289135,3.15527308106686,190.645178840975,12.9093169797406,9.94234870392179,0.578964546346361,7.81850453083594,0.486364159393597,10.8142967614014,0.615599358057084,17.4874563897683,0.868643442694844,24.5448889943186,1.11246845629388,107.00461368351,3.44130871112971,578.936427505449,15.1667305236445
5400,22.1000000000001,0.460279589470131,0.327711484110427,0.449097378844313,0.319920444621956,0.707385230204223,0.504064767867273,1.16338695577824,0.826998185470876,1.82935965409623,1.29959361541855,6.36191221327891,4.51160466766073,30.257227262805,21.3283583438898,1.28349413965957,0.434112916891285,1.13879272589583,0.386511025177553,1.62638162934035,0.54325295423654,2.53807442840252,0.829269103505291,3.71054346891028,1.18573701497908,12.9684399253526,3.9070470664447,62.1869934297404,18.2280409506071,3.72851433479628,0.490791461625336,3.04920675235697,0.413847179327174,4.25052182305643,0.545399897897861,6.73976617643585,0.783370804424427,9.54620930510135,1.03548812550484,37.3779043358456,3.15511934632098,191.65979345422,12.9143928319782,10.0036373426144,0.579287877751706,7.86371001066282,0.486537931002734,10.877469290267,0.615747811964424,17.5946767789406,0.86873225076054,24.6953304514204,1.1122391307826,107.753969283044,3.43977418309437,583.279589064843,15.1595161076196
5400,22.1999999999999,0.460900038321564,0.327930871205545,0.449624920314584,0.319966780706448,0.708083335858039,0.504083561686701,1.16440785007387,0.82687232767262,1.83074713859017,1.29926799783837,6.36644906813892,4.50975104881344,30.2788353282489,21.3199131791921,1.28728434407694,0.434428388655945,1.14184117960433,0.386751977101883,1.63052793259291,0.543404202506997,2.54440902212013,0.829426779396399,3.71923061423819,1.18556493466013,13.0001354543208,3.90616395719076,62.3453198039603,18.2126655760134,3.74500507285431,0.491200945720334,3.0619320760007,0.414144424344384,4.26800398247069,0.545723299735066,6.76829487105075,0.783767800566057,9.58599397579831,1.03565510064033,37.5556057119006,3.15498084476664,192.636873757743,12.9194602643832,10.0650466607313,0.579590771847993,7.90899902344553,0.486722392854811,10.9409197860236,0.615904556730013,17.7021049825912,0.868796443339511,24.8460473572457,1.11201184298669,108.504162799964,3.43820229177181,587.585902718271,15.151715965077
5400,22.3,0.461519503072331,0.328123727225932,0.450151568365591,0.32002514295339,0.708780306905295,0.504122092628316,1.16542718405855,0.826751189743013,1.83213253056115,1.29895350006352,6.37097982609633,4.5080614304617,30.3004131508981,21.3115336984908,1.29106333746376,0.434700845645083,1.14489777394551,0.386980665786214,1.63467035694954,0.543571639556123,2.55071747504344,0.829583388332796,3.72787225451799,1.18540731380181,13.0314506516241,3.90556882857194,62.4959204658902,18.2075915622773,3.76150848188456,0.491617769851255,3.07454276438094,0.414426793799624,4.28548215864344,0.546029578994824,6.79685708092078,0.784132958788044,9.62584192613083,1.03582768774786,37.7342368889766,3.15458699642037,193.637003052364,12.9249654248552,10.1266239449344,0.579876899009244,7.95452143946218,0.486917989463882,11.004464941778,0.616061627081469,17.8098842456899,0.868864021024088,24.9973209509103,1.11185443251241,109.260519297517,3.43648304572527,592.012997964623,15.1413130247367
5400,22.4,0.462137985001523,0.328255199188466,0.450677324711858,0.320074919139687,0.709476145057877,0.504159097710212,1.16644495931791,0.826587006772797,1.83351583198567,1.29856671656026,6.37550448950041,4.50635904661336,30.3219607808152,21.3047390990969,1.29484398118056,0.434969886605947,1.14796349247018,0.387211930154637,1.63881036996348,0.543724389700138,2.55703900591934,0.829670065387602,3.73654467870375,1.18511142475826,13.0631762796692,3.90484772201876,62.6559811998503,18.1883770807845,3.77802060739819,0.492038990819989,3.08710708229824,0.414731720443982,4.30287586789871,0.546341926328512,6.82544931130453,0.784512141111005,9.66574888557037,1.03602875574624,37.9138032669059,3.15436150787465,194.658196770952,12.929221528319,10.1883154948158,0.580143580805122,8.00014436162852,0.48709211167806,11.068292890834,0.616205105437411,17.9178573215939,0.868952249968654,25.1488433871913,1.11163027131514,110.01724285658,3.43475739522407,596.385394653183,15.1353060323361
5400,22.5,0.462755485444546,0.328394356867179,0.451202191106457,0.320094605641643,0.710170852086939,0.504132434051855,1.16746117753557,0.826529082377775,1.83489704497411,1.29815044193855,6.38002306115251,4.50458493800886,30.3434782693012,21.296654810784,1.29862605788989,0.43526640942845,1.15102285899618,0.387466863415665,1.64297146146412,0.543894288736937,2.56337267458287,0.829779771749443,3.74524599457437,1.1848471750135,13.0952925524662,3.90411650671889,62.8251223845346,18.1775835337615,3.79451660325988,0.492434420615146,3.09965594469855,0.415035422465305,4.32026904876221,0.546617899663147,6.85398996057917,0.784857228510238,9.70555450450033,1.03622289052015,38.0919369386222,3.1542043398151,195.641107651603,12.9315341042458,10.2501431789154,0.580421628097782,8.04583852351108,0.487253920765602,11.1319450543701,0.616330119090401,18.0260914084883,0.869023262029908,25.3007485554225,1.11139974451098,110.776939819716,3.433207744332,600.782298863405,15.1248893611992
5400,22.6,0.463372005791038,0.32850354917136,0.451726169339422,0.320133089551025,0.710864429820641,0.504156470552085,1.16847584048965,0.8264860824407,1.83627617176613,1.2977807512516,6.38453554429119,4.50263941324936,30.3649656688484,21.2882284024068,1.30240386709734,0.435612354144603,1.15409509885966,0.387764197656299,1.6471575807796,0.544144409471657,2.56970130436404,0.829943833491213,3.75394284586107,1.18468665935335,13.127454675461,3.90363349601052,62.9958318772784,18.1706606186427,3.81100705204183,0.492814316541056,3.11226311802586,0.415332788929479,4.33765803389773,0.546907590763508,6.88250903463116,0.785247613318411,9.74531496352175,1.03641107103705,38.2693927132943,3.15378441247171,196.604197650438,12.9340850573909,10.3121244219056,0.580694478267915,8.09169523928738,0.487409106810905,11.1960139740305,0.616453016666603,18.1346372145507,0.86909769341923,25.4531329128158,1.11118735340485,111.541343172681,3.4316611757598,605.25236569396,15.1146917517163
5400,22.7,0.463987547482834,0.328677532629774,0.452249261236189,0.320244523490961,0.71155688014194,0.504177774937989,1.16948895004941,0.826413215719288,1.83765321472599,1.29738528399281,6.38904194257763,4.50061986896351,30.3864230330935,21.2811992710877,1.30616098186918,0.435908254281776,1.15713757094702,0.388025403830377,1.65125719873011,0.544361150474391,2.57597448613514,0.830093420237441,3.76253709042219,1.18456331071195,13.1586410220524,3.90305213567375,63.1458988352563,18.1641515422856,3.8275236158907,0.49318729282943,3.12499564328152,0.415616629669599,4.35517055424809,0.547212932957025,6.91109722812077,0.785610893554722,9.78520514476002,1.03657891235449,38.4486756087925,3.15343578952773,197.613780022381,12.9394603417166,10.3742368939797,0.580978528406848,8.13753356942527,0.487594116333788,11.2600139740445,0.616589877905569,18.2434212668364,0.869152584021053,25.6058520851236,1.11103907933602,112.307704607517,3.42999016999117,609.719252844669,15.1045662685402
5400,22.8,0.464602112011999,0.328821104122254,0.452771468656096,0.320335026122778,0.712248204986462,0.504190424283024,1.17050050817193,0.826368120772099,1.83902817633814,1.29697806500827,6.39354226008159,4.49913005970418,30.4078504167735,21.2730357870323,1.30992423646112,0.436212397970808,1.16015845432581,0.388244407619722,1.65532840833786,0.544496229848927,2.58227396840498,0.830172529450917,3.77118766095387,1.18440044956047,13.1905017566484,3.90242862136875,63.3112258593797,18.1593695271459,3.84403065953254,0.49358111740002,3.1376840944518,0.415900694189735,4.37271910651105,0.54750747590421,6.9396528356933,0.785945706356007,9.8250307595058,1.03670496360871,38.6270485131359,3.15323644395965,198.598987527066,12.9436351425086,10.4364804614816,0.581269359516689,8.18330064421108,0.487771005170285,11.3240116230493,0.616695980527195,18.3524189465976,0.869172272040688,25.7588500894063,1.11082415802348,113.074680884712,3.42842150863857,614.15414328799,15.0940512797226
5400,22.9,0.46521570091894,0.328914062215578,0.453292793490941,0.320324304022091,0.712938406340448,0.504169710372134,1.17151051689895,0.826240156399991,1.84040105920293,1.29661644695634,6.39803650126781,4.4972436305809,30.4292478756833,21.2641531972181,1.31368932119093,0.436482220309357,1.16316117530227,0.388403796216218,1.65941829620338,0.544629535797025,2.58858622289791,0.830207929797584,3.77986805756501,1.18414662335617,13.22275944008,3.90147568024845,63.4857935901758,18.1543410480642,3.86053750075196,0.493938992171154,3.1504605743792,0.416160809201066,4.39033113239077,0.547786434717048,6.96821803158934,0.786288667919205,9.86487614786809,1.03684091535313,38.8057981610781,3.15292837303898,199.58766059754,12.9460516711062,10.4988579892405,0.581563911147146,8.22947260094413,0.48796638606863,11.3886852561894,0.616837388915141,18.4616661722772,0.869233799211385,25.9122075368665,1.11067444697356,113.844165352164,3.42678017971189,618.602950325233,15.0841863021249
5400,23,0.465828315790565,0.329001473852458,0.453813237663583,0.320304368272895,0.713627486238765,0.504120821660117,1.17251897835381,0.826112101982881,1.84177186603244,1.29611648573006,6.40252467098273,4.49559433805524,30.4506154666324,21.2565540402949,1.31744498030513,0.436778802277088,1.16617233426374,0.388647727987535,1.66352004018163,0.544802178655845,2.59487666370677,0.830339173673197,3.78851103000453,1.18396055077079,13.2547147233664,3.90031039133134,63.6544445610342,18.1474490131777,3.87704037344864,0.494312297412324,3.16313056995427,0.41645522676476,4.40780735358643,0.548077805460154,6.9967746140872,0.786600400175269,9.90470372420779,1.03697015483309,38.984319509886,3.15256178039062,200.565705793801,12.9507989854529,10.5613734036444,0.581830493686631,8.27576101334594,0.488175400667184,11.4533229861367,0.61697171625117,18.5711736875898,0.869266693003974,26.065941950729,1.11048297316772,114.616368622331,3.42517493219199,623.067448684699,15.0734634597008
5400,23.1,0.466439958258497,0.329066833539727,0.454332803126579,0.320355109393205,0.714315446762969,0.504046332921539,1.17352589473846,0.8258970205211,1.84314059964644,1.29570274227613,6.40700677444179,4.49391153337895,30.4719532474056,21.2471863023958,1.32120937440466,0.437091288118207,1.1691973683407,0.388894669198613,1.66761240144814,0.544965155008153,2.60120115939492,0.830484112244374,3.79722525045806,1.183758913303,13.2874999761008,3.8992463631351,63.8417668123969,18.1372829745636,3.89355938186503,0.494660043508959,3.17583932115329,0.416732240062424,4.42534438586322,0.548351014217742,7.02537107811684,0.7869498782026,9.9446052830888,1.03703554673545,39.1638902263942,3.15225082760363,201.570788985806,12.9567133689737,10.6240119355075,0.582102264592584,8.32226380316004,0.488379955513643,11.518208938325,0.617094343977092,18.6808847054282,0.869313650979395,26.2199412977585,1.11029647642476,115.389119892783,3.4236138012682,627.49354373083,15.0611436903973
5400,23.1999999999999,0.467050629997368,0.329208177130716,0.454851491860888,0.320385849481349,0.715002290039455,0.504077431790281,1.17453126833055,0.825728308444064,1.84450726296853,1.29531450736568,6.41148281721693,4.49228369301423,30.4932612767232,21.2399488469869,1.32495352167318,0.437403030033641,1.17222102771816,0.389138047131145,1.67171325055116,0.545140060634049,2.60747084798866,0.830606683312211,3.80583779523301,1.18348584621448,13.3193116360643,3.89852410692501,64.0084773562215,18.1249022261782,3.9100706968584,0.49499821011229,3.18858575343087,0.417007148165836,4.44288384318413,0.548620515904619,7.05393747498908,0.787270009564697,9.98444570489191,1.03717411226782,39.3425560209758,3.15195616640913,202.55181129776,12.9597302438371,10.6867993749711,0.582366645997909,8.3684661512791,0.488549019424432,11.5828333983561,0.617213731245591,18.7908923412398,0.8693436364159,26.374392367452,1.11012510528648,116.166148865868,3.42203815425439,631.984238411971,15.0512343920703
5400,23.3,0.467660332723146,0.329319022400026,0.455369305874606,0.320495358532966,0.715688018237648,0.504104251925213,1.17553510148072,0.825521079230498,1.8458718590223,1.2949318449936,6.41595280522461,4.4906119768255,30.5145396142037,21.2320495733786,1.32868272570514,0.437688273883941,1.1752201422557,0.389364571707319,1.67582052435241,0.545326859697237,2.61370222971633,0.830740405679885,3.81438077607904,1.18327073605817,13.3504832199865,3.89729645127802,64.1617549716094,18.1239821333043,3.92659228178479,0.495379168806651,3.20135405276475,0.417304967503494,4.4605139726905,0.548942920333148,7.0825296740243,0.787599510587582,10.0243331952009,1.0372797258502,39.5218896304817,3.15179467448504,203.548402745622,12.9633725992238,10.7497333060141,0.582634559330342,8.41494209622796,0.488707579754513,11.6478818083071,0.617357300610758,18.9011839948126,0.869384076011641,26.5292673636819,1.10994742003509,116.94682015716,3.42035484690652,636.520915351904,15.0404158356754
5400,23.4,0.468269068191522,0.329396167989,0.455886247201732,0.32061815383524,0.716372633568255,0.504120352221747,1.17653739660979,0.825407740973393,1.8472343909277,1.29451751748201,6.42041674471418,4.48863095144353,30.535788320326,21.2217473132155,1.33242134144387,0.437947297486667,1.17821060222693,0.389549917921195,1.67994007628475,0.545477498078435,2.61997005722365,0.830843343232817,3.82299970518617,1.18301543060232,13.3825354180855,3.89601353432384,64.3347719479297,18.1291876386791,3.94311779912779,0.495728160616539,3.21410871058952,0.417596836865294,4.47805500514731,0.549199708760025,7.11113089763873,0.787925593072592,10.0642363763001,1.03738154834245,39.7014639804664,3.15159270178469,204.549370569024,12.9657980586537,10.8127791744821,0.582884276745427,8.46158082333124,0.488886174699068,11.71318498151,0.617496047986147,19.0116779240557,0.869410753719061,26.6844165362461,1.10980577268772,117.728632327658,3.4186101436639,641.023307480255,15.0295846805297
5400,23.5000000000001,0.468876838196357,0.329537807420734,0.456402317901001,0.320671875368646,0.717056138281586,0.504120895493341,1.17753815620624,0.825257715310603,1.84859486189752,1.29410943621997,6.4248746422565,4.48670102679189,30.5570074563952,21.2131480481574,1.33614371516924,0.438229889068885,1.18118416003043,0.389752650832007,1.683987638764,0.545654670356348,2.62619601753473,0.830987927308966,3.83154233624626,1.18284284452834,13.4138797677692,3.8950617905606,64.4928635479335,18.1270915494918,3.959641148985,0.496116323907973,3.22691599638796,0.417894672506833,4.49568797233855,0.549488184634079,7.13972492001336,0.788281649111595,10.1041237890106,1.03750377950395,39.8808186246064,3.15122366341107,205.541539290128,12.9715722322772,10.8759665300437,0.583136842547758,8.50842362980739,0.489085182417255,11.7783592250325,0.617646852318456,19.1224625041842,0.869448057234204,26.8400094069125,1.10966026882904,118.514717406125,3.41694434356089,645.579767640803,15.0185838505915
5400,23.6,0.469483644568169,0.329691452502388,0.456917520054735,0.320771934653931,0.717738534665913,0.504048312952829,1.17853738282362,0.825085473088096,1.84995327523391,1.29385081969407,6.42932650473303,4.48475261797122,30.5781970845066,21.2054023729719,1.33987468120832,0.438520511775148,1.18421552601297,0.389999869015164,1.68805124691873,0.545868093101526,2.63245531532316,0.831141292289704,3.84015465235547,1.18270933619018,13.4460371834083,3.89430087515662,64.6692892493152,18.1272929293426,3.97617765241293,0.496470453335485,3.23965328505668,0.418191037179739,4.51323204435452,0.549756348522895,7.16835572794855,0.788595183381631,10.144081823989,1.03764014907786,40.0612474232353,3.15079460558084,206.560903063931,12.9744804083552,10.9392979612644,0.583389182963916,8.55504364820253,0.489247386501785,11.8436789534251,0.617768705045018,19.233523495892,0.869494587945798,26.9960103930848,1.10947126960962,119.304121224098,3.41530617864766,650.171227507048,15.0044846336802
5400,23.7,0.470089489172673,0.329834150719276,0.457431855767741,0.320853471423129,0.718419825045896,0.504075763959003,1.1795350790781,0.824975078715265,1.85130963432508,1.29352634259384,6.43377233932526,4.48307265346652,30.5993572675134,21.1964175456187,1.34360514188313,0.438796644244795,1.18725368519308,0.390234717287729,1.69210409187248,0.546038673309047,2.63872029111552,0.831305960521333,3.84878293751056,1.18255437281961,13.4784484477448,3.89295432510286,64.8518572588702,18.1276187565656,3.99269631122766,0.496798807413077,3.25232683512568,0.418453801584945,4.53075579271848,0.54998413875053,7.19692988496896,0.788907060374419,10.1839282000191,1.03774076243147,40.2400485229587,3.15035652576488,207.53614513828,12.9784353238862,11.0027780918059,0.583635502311873,8.60190327209119,0.489402493818006,11.9092005548221,0.61786749238982,19.3448713299236,0.86947557284304,27.1524400901972,1.10929338574151,120.097252898883,3.41354806663776,654.813651705517,14.9926623258311
5400,23.7999999999999,0.470694373909365,0.32999470642293,0.457945327166241,0.3208936266166,0.71910001178105,0.504093370516791,1.18053124764613,0.824929804011183,1.85266394264208,1.29331532739593,6.43821215350432,4.48178654166141,30.6204880689939,21.1887343946338,1.34731149955733,0.439045560853553,1.19023199951005,0.390413223881064,1.69611958968622,0.546198657527401,2.64491900153941,0.83140235158349,3.8572872421847,1.18233051724692,13.5096477544716,3.8920502280044,65.0084207095391,18.1258870376651,4.00921168943924,0.497132632792326,3.26505923082536,0.418755670730344,4.54829090788739,0.55025269106348,7.22549482070221,0.789253627817023,10.2237546734651,1.03784726933851,40.4185583799642,3.14998500232865,208.499700628625,12.9810391459376,11.0663383619167,0.583937969921542,8.64868288986363,0.489580465615305,11.9746553388361,0.618008700981925,19.4563150705358,0.869532938516631,27.3089328587288,1.10914175563029,120.887341725579,3.41198635447561,659.302020716336,14.9846204619193
5400,23.9,0.471298300710157,0.330100793724288,0.458457936396846,0.320915551198248,0.719779097264267,0.504039621215122,1.18152589126209,0.824849648129486,1.85401620373566,1.29290759211156,6.44264595502101,4.48031414856837,30.6415895532203,21.1784759934708,1.35101395260244,0.439326713637822,1.1932103072666,0.390621260443683,1.70015282336297,0.546341021218709,2.65111308248458,0.831527333047884,3.86578740546966,1.18214762570867,13.540888179216,3.89112199079988,65.1663963392513,18.1229012230123,4.02573883223647,0.497479066912625,3.2777476257313,0.419037531649928,4.56579901703904,0.550523533015211,7.25409547472775,0.789604271806611,10.2636499825501,1.03797419515987,40.5981233228714,3.14962737173769,209.48847655335,12.98337769516,11.130065699146,0.584195902888509,8.69541742675135,0.489739787736301,12.040149371539,0.61812237620861,19.5681037752185,0.869563185570199,27.4659687952034,1.10901791293404,121.683392525913,3.41023015709267,663.906305549765,14.9734982856643
5400,24,0.471901271538046,0.330240267058035,0.458969685625547,0.320980985326357,0.720457083920379,0.504048464311901,1.18251901271608,0.824799066012767,1.85536642123328,1.29246836425532,6.44707375189617,4.47878694662762,30.6626617851281,21.1713217125719,1.35471817525589,0.439628716297091,1.19619225773001,0.390809551313335,1.70417700581572,0.546517492599133,2.65732002707971,0.83165740775454,3.87431751227774,1.18194228709429,13.5725283387283,3.89042193013602,65.3336391838731,18.1237703726113,4.04226003580039,0.497823319486212,3.29053886538701,0.419336539766261,4.58339341557453,0.550800815030383,7.28268040798179,0.789910510356125,10.3035148592568,1.03807018470839,40.7772960286794,3.1493619862772,210.46419439165,12.9855312498577,11.1939445549116,0.584427008866878,8.74245048887134,0.489912523072676,12.1059451818532,0.618227227037492,19.6801992824491,0.869558111402825,27.6234763461793,1.10886797100437,122.484149505605,3.4087583641008,668.585439787083,14.9596379220465
5400,24.1,0.472503288385837,0.33035089996069,0.459480577036764,0.321023991477916,0.721133974204781,0.504055209385038,1.18351061485177,0.824696661257178,1.85671459883613,1.29192078361795,6.4514955524112,4.47727382375629,30.6837048302868,21.1630850112666,1.35842183838824,0.43987483183757,1.19915844404516,0.390974380028269,1.70823466147654,0.546666014640735,2.6635319920239,0.831762632697002,3.88286201475335,1.18167529205932,13.60440109993,3.88955026816162,65.5065357640225,18.1324560679155,4.05880355172114,0.498205298911557,3.30334942112698,0.41963402438764,4.60106522039816,0.551107434401843,7.31133077120194,0.790242435913349,10.343505748158,1.03815119201806,40.9583592581286,3.14904716694367,211.487728448284,12.9874787350863,11.257944285417,0.584664559449038,8.78941771724149,0.490082123073246,12.1717086550671,0.618331972392299,19.7925029803219,0.869571357680144,27.7812584502961,1.10870199007438,123.285647221711,3.40708996517731,673.220406351432,14.950077727461
5400,24.2,0.473104353274895,0.330553406239848,0.459990612832405,0.321109211674248,0.721809770602081,0.50408988471817,1.1845007005643,0.824607930374486,1.85806074031635,1.29157212912773,6.45591136509908,4.47556867802189,30.7047187548719,21.1556090120794,1.36213163005379,0.440163108950058,1.20211974784265,0.391144240836089,1.71226632889502,0.546837258880835,2.6697700510796,0.831819193621404,3.89146207891241,1.1815207243601,13.6369422924834,3.88877718143361,65.6945971819015,18.1332294277613,4.07533445462105,0.498552922036921,3.31610501929286,0.41989917166071,4.61863913277326,0.551365812890401,7.33994794241297,0.790539403376371,10.3834320573739,1.03829103680569,41.1385200399873,3.14867579771027,212.483102614824,12.9893578097991,11.3220775625071,0.584906205990649,8.83649855777849,0.490247750075485,12.2376570081252,0.618445205992246,19.9050462109833,0.869594877035451,27.939377946514,1.10857243200633,124.089155640063,3.40558800263799,677.858388519867,14.9404143720059
5400,24.3,0.473704468253945,0.330668818705431,0.460499795230964,0.321132086322977,0.722484475624804,0.504049303723656,1.18548927279822,0.824379273405849,1.85940484951423,1.29109412007668,6.46032119873536,4.47409405977716,30.725703625636,21.1454607729935,1.36583146488459,0.44045813816084,1.20510884406068,0.391350285104981,1.71630458184979,0.547062702546693,2.67598505843964,0.831910801446179,3.90002222214766,1.18141820860446,13.6691514452536,3.88754854196834,65.8759297758938,18.1390966819994,4.09187792530379,0.49889602993095,3.32870071429226,0.420178092646575,4.63607822379065,0.551604538487865,7.36859548699967,0.790874651421303,10.4234125653353,1.03838437703433,41.3194135981537,3.14834302288912,213.495531430306,12.9929779995423,11.3863694011473,0.58518089701514,8.8836366689822,0.490421101147362,12.3039058901531,0.618573539989723,20.0179140631938,0.869617504780703,28.0980004850942,1.10845065222191,124.897870221029,3.40409437547649,682.583977207615,14.9296164490532
5400,24.4,0.474303635397909,0.33081517155913,0.46100812646665,0.321177391031024,0.723158091812135,0.503989670377053,1.1864763345456,0.824270993877815,1.86074693033556,1.29071398727045,6.46472506232974,4.47263043421542,30.7466595098838,21.1374955670047,1.3695326285381,0.440743678043706,1.20810463748514,0.39156007291889,1.72036429935603,0.547273169058398,2.68221123048637,0.831984743696244,3.9086087902573,1.18127512842926,13.7017224295715,3.8863423507741,66.0657450020112,18.1489710339225,4.10840715655529,0.4992391528803,3.34133436854152,0.4204367817576,4.65361771627686,0.551850866174443,7.39720069945568,0.79120823878036,10.4633088341651,1.0384883149232,41.4990581320508,3.14797163112016,214.471169574585,12.9928059285904,11.4507801574515,0.585408767107468,8.93074423247227,0.490590378549981,12.3699506594156,0.618674151373,20.130994019336,0.869664760252566,28.2569093700178,1.10835077455916,125.707703069672,3.40233656538979,687.273194985573,14.9179931025653
5400,24.5,0.474901856806775,0.330939398241522,0.461515608788547,0.321201127737267,0.72383062172871,0.503920134236145,1.18746188884404,0.824123772606347,1.86208698674908,1.29035257116591,6.4691229651177,4.47145854364329,30.7675864754448,21.1278250049007,1.37321741276626,0.441015641271528,1.21108806138713,0.391762590463099,1.72438022313058,0.547469672882887,2.68839484082176,0.832083417848019,3.91711746418226,1.18114255943644,13.7335608001508,3.88535424119528,66.239955787885,18.1487977775034,4.12496176798002,0.499569883373238,3.35417541399488,0.420682524220765,4.6712859907209,0.552098665081152,7.42587754945519,0.791506145947506,10.5033411894635,1.03853420867635,41.6806987261698,3.14757045424876,215.497281233781,12.9951054474224,11.5153434978433,0.585655495864885,8.97794897875559,0.490742881249797,12.4361041945555,0.618796266028941,20.2443742439468,0.869691451334023,28.4162743208105,1.10821520872153,126.521863567196,3.40069634591983,692.031138813666,14.9086955067945
5400,24.6,0.475499134604508,0.331015398917936,0.462022244459794,0.321253507686395,0.724502067963422,0.50384958618422,1.18844593877488,0.823923505893135,1.86342502278391,1.28995218136109,6.4735149165524,4.47014809126279,30.7884845906486,21.1191880442213,1.37688895211115,0.441262624624707,1.21403878948652,0.391926497376855,1.72837452985471,0.547658292692737,2.69454518198234,0.832170875026885,3.92556618799768,1.18089349228589,13.7648519468846,3.88436905142348,66.4026183022385,18.1518296424026,4.14151991671669,0.499887051711452,3.366901350687,0.42095521951233,4.68885502397843,0.552341233231786,7.45455910206533,0.791830974918665,10.5433795949313,1.03861346409005,41.8624043714315,3.14739862049805,216.52387392196,12.9978056079181,11.5800291842324,0.585881542213052,9.02539566691738,0.49090906362959,12.5026945526366,0.618904252448203,20.3579836308055,0.869716694228367,28.5759637629073,1.10808730762599,127.338064016462,3.39909220274651,696.781120162697,14.8972500075716
5400,24.7,0.476095470937987,0.331120393700988,0.462528035756799,0.321341316938729,0.725172433128293,0.503797261674783,1.18942848746141,0.823842443183756,1.86476104252719,1.2896283061762,6.47790092629687,4.46842119410428,30.8093539243007,21.1115351420179,1.38057747424166,0.441543687847278,1.21699248424952,0.392119189586492,1.73236997149385,0.547837604464893,2.70075382638163,0.83231576044493,3.93413274815288,1.18072634979486,13.7974636072879,3.88330206763497,66.5949375950388,18.1507424074352,4.15806607194219,0.500186976941809,3.37961683253011,0.421208422008513,4.7063885482943,0.552560848793613,7.48320412441991,0.792088897270051,10.5833452648479,1.03870451662444,42.0430339095319,3.14700544219864,217.518993735448,12.9989776536609,11.6448562758043,0.586105978383556,9.07286627085376,0.491077707172233,12.5691798296743,0.618997975731226,20.4718715928677,0.869717989205648,28.7360704478173,1.10795615044837,128.157977051677,3.39750031859139,701.575017240955,14.8883145846538
5400,24.8,0.476690867975992,0.331270262551174,0.463032984968476,0.321455505637034,0.725841719857374,0.503753522230275,1.19040953806711,0.823783402514959,1.8660950501217,1.28935971886035,6.48228100421652,4.46698271402955,30.8301945456594,21.1036123474254,1.38425875178977,0.441786958119338,1.21992267101575,0.392320739094481,1.7363667555867,0.548015565503756,2.7069474313908,0.832431679003797,3.94267470049246,1.18062340932324,13.829899375561,3.88236165775677,66.7838878662147,18.1498501587051,4.17462146557281,0.500506886812997,3.39231797985899,0.421495167113835,4.72395369533159,0.552799846158264,7.51187762800916,0.792379371746183,10.6233634125196,1.03879401246235,42.2244244383605,3.14677776144868,218.529197503271,13.0022539403903,11.7098074715435,0.58632241459059,9.12023025351188,0.491249427745785,12.6358499409221,0.619101073144049,20.5859758975218,0.869732436222185,28.8964695541856,1.10781304245472,128.979044316855,3.39590145219064,706.341132029187,14.878650329432
5400,24.9000000000001,0.4772853279082,0.331392413341436,0.463537094395509,0.321534696048538,0.726509930805666,0.503687424342695,1.19138909379402,0.823688373433647,1.86742704976358,1.28900502058855,6.48665516037162,4.46537585912447,30.8510065244116,21.0932300592174,1.38792016218956,0.442048639185696,1.22279783440555,0.392462442813623,1.74029890853084,0.548168957205981,2.71308795614421,0.832514454139176,3.95111822454134,1.18044140504147,13.8613823440158,3.88148908569766,66.9522371018693,18.1499742048728,4.19118417414676,0.500806528474492,3.40509873106448,0.421775580159327,4.74156508882834,0.553036357478768,7.54057631608719,0.792671087180963,10.6634294056552,1.03881433277456,42.406555927661,3.14649149783228,219.554343876611,13.0054303749087,11.7748969768334,0.586575509254035,9.1676114645686,0.491410645852931,12.7026481914948,0.619225394514514,20.7003361241295,0.869792157871624,29.0572344016666,1.10769086245789,129.802549632931,3.3943752273203,711.114490931876,14.8697052552773
5400,25,0.477878852944233,0.331444265994222,0.464040366349636,0.321594320058822,0.727177068648088,0.50362794930331,1.19236715788103,0.823564812609556,1.8687570457001,1.28865217690364,6.49102340501022,4.46363023101385,30.871789930652,21.0833546145543,1.39158246954868,0.442357286218313,1.22567075393734,0.392665876309841,1.74423238821659,0.548343735514726,2.71923816001033,0.832568708653943,3.95958512427145,1.18028471820234,13.8931929785402,3.88065893851333,67.128298690632,18.1518255106575,4.20773946313471,0.501111185211319,3.41772322782354,0.422001402709066,4.7590818530476,0.553260636790794,7.56925173141401,0.792953002231984,10.7034475356555,1.03882452706134,42.587955242874,3.14631498460144,220.556393962201,13.0083268677294,11.8401208468686,0.586814565175281,9.21514548835596,0.491560101133023,12.769425747877,0.619319541709138,20.8149539738935,0.869824454796738,29.2183726647621,1.10758114062317,130.628806302193,3.39275187965564,715.89761937967,14.8593948338224
5400,25.1,0.478471445312723,0.331574295850015,0.464542803152964,0.321673627318562,0.727843136078486,0.503663110031436,1.19334373360241,0.82349670917106,1.87008504222759,1.28841000648263,6.49538574856129,4.46215633161138,30.8925448348616,21.0742281925757,1.39522612228856,0.442640347200923,1.22859971993255,0.39284155400953,1.74819057553049,0.548513365554031,2.72533843123651,0.832622681854118,3.96795957064208,1.18012524469342,13.9241094548561,3.87933370913224,67.2850795420487,18.1513746623784,4.22430233346393,0.501429529947344,3.43035415139042,0.422264890889316,4.77651498764069,0.553482449391401,7.59794241471172,0.793255371512438,10.7434904715812,1.03886000904034,42.7696498374388,3.14619272476849,221.564095289909,13.0087955643055,11.9054975420528,0.587049681347379,9.26295704736067,0.491718787331652,12.8365175264061,0.619426259660511,20.9298781241363,0.869821102605608,29.3799829914582,1.10750523962544,131.45989055816,3.39131348849855,720.765891145216,14.8467432861163
5400,25.1999999999999,0.479063107260419,0.331690831552611,0.465044407137301,0.32170627124904,0.728508135808653,0.503671323941842,1.19431882426621,0.823391551584189,1.8714110436893,1.28818242365543,6.49974220162787,4.46061776037096,30.9132713078856,21.0656754343977,1.39887465516361,0.442904730403802,1.23152614168132,0.39299728928796,1.75215741495665,0.548677252248113,2.73146026317481,0.832692997320604,3.9763803975031,1.17998310639092,13.9555949402457,3.87843151430406,67.4549332885438,18.1533509830517,4.24088576053154,0.501701467242735,3.44313692549056,0.422544676846684,4.79414390788775,0.553699016858957,7.62668888708595,0.793556438165861,10.783637155441,1.03886266708473,42.9528311660918,3.14599465286022,222.608303968191,13.009158329573,11.9710132612731,0.587247583582592,9.31084634814491,0.491852099142614,12.9037248644583,0.619511062775906,21.0450740223804,0.869771347608172,29.5419998719176,1.10732114290142,132.294597796933,3.38985761270794,725.679251110588,14.8363632659129
5400,25.3,0.479653841051305,0.331778608473691,0.465545180643512,0.321762088712603,0.729172070567397,0.503688200441409,1.1952924332128,0.823352961866085,1.87273505447339,1.28792798288542,6.50409277498062,4.45926671135821,30.933969420915,21.0570897149559,1.40251174820881,0.443159580747873,1.23445689103496,0.393182768660694,1.7560987684991,0.548799135326366,2.73755433879049,0.832746219980397,3.98475198265544,1.17986255886872,13.9866434103292,3.87757614547024,67.6156128956137,18.1526714659447,4.25746298027988,0.501986149597067,3.45586577870473,0.422793379601057,4.81173096609347,0.55390377928083,7.65541152470066,0.79382954181721,10.8237344998964,1.03889634809712,43.1352454897881,3.14579420699854,223.630628179758,13.0098553614329,12.0366521818231,0.587464179634145,9.3589469599088,0.492009021687284,12.9710652077064,0.619617804448427,21.1604919199337,0.869774426813834,29.7043256838404,1.10722160285199,133.130990672705,3.38853623197888,730.580858887059,14.8240808812133
5400,25.4,0.480243648965761,0.331933149810728,0.466045126020893,0.32184788482281,0.729834943099626,0.503696838044625,1.19626456381343,0.823378022118313,1.87405707901104,1.28776670365894,6.50843747955143,4.45790793957043,30.9546392454657,21.0490999598795,1.40615049031218,0.44338432583294,1.23740429187298,0.393335016130232,1.76007643342925,0.548927169708018,2.74366034115469,0.832822656793667,3.99315124278678,1.17973875541417,14.0180642760086,3.8768635990151,67.7849817547012,18.1538962775868,4.27404463264771,0.502267204731104,3.46853633124264,0.423036754013108,4.82927825640887,0.554116293724943,7.68414820351172,0.794108918592213,10.8638565975252,1.0389616071914,43.3180181038814,3.14564394363867,224.657799278622,13.0087301340413,12.1024101360534,0.587702765394121,9.40672646898479,0.49218329006004,13.0383188902634,0.619729564342037,21.2761106969986,0.869801353508435,29.8669167346952,1.10712256010172,133.968110726554,3.38704620648121,735.446608961949,14.812623096948
5400,25.4999999999999,0.480832533299745,0.332036067009466,0.466544245626571,0.32184757282728,0.73049675616548,0.503661477880845,1.19723521946886,0.823232737505905,1.87537712177449,1.28740340938775,6.51277632642736,4.45608637285377,30.9752808533609,21.0395113515445,1.40979147914464,0.443665288995895,1.24033585201811,0.393484168064744,1.76401625856248,0.549088115904338,2.74978023794177,0.832847475331728,4.00158203116699,1.17958029793909,14.0498995760113,3.87596086113799,67.9639660135377,18.1579181610596,4.29064700590249,0.502548690063902,3.48131055983806,0.42327804483678,4.84693219478494,0.554332563150062,7.71294517448075,0.794374574207549,10.9040923923278,1.03898407744798,43.5024656162341,3.14547253617412,225.725424153001,13.0084165944638,12.1683060889647,0.587897931955999,9.45488167458302,0.492346347560286,13.1058243651127,0.619820825650441,21.3920001730872,0.869799559292,30.0299103552481,1.10700054096708,134.808705717332,3.38548262386833,740.347406094478,14.8015332800032
5400,25.6,0.481420496364002,0.332120287519361,0.467042541824928,0.321823758397852,0.731157512539474,0.503584609334806,1.19820440360801,0.823070613043957,1.87669518727524,1.28696811155886,6.51710932684456,4.45438746930976,30.9958943167115,21.0318698088095,1.41343521019698,0.443947962891354,1.24325657224623,0.393665081458039,1.76795172469875,0.54925535251013,2.75591552057945,0.832928809744728,4.01004723646558,1.17945674542702,14.0821806360033,3.87478432753817,68.1532860746649,18.1565489040111,4.30723109605053,0.502858549938233,3.49408486681335,0.423531589621506,4.86451515313026,0.554591102277725,7.74168335665918,0.794646958839014,10.9442112063484,1.03906070738934,43.6851307206011,3.14535010916712,226.743668182022,13.0103633995083,12.2343420534124,0.588091347468654,9.50304797634703,0.492481484966341,13.17365457707,0.619910115486026,21.5081565767714,0.86978096525918,30.1932949777865,1.10686962127739,135.652393260954,3.38406271632733,745.274909697722,14.7916079289986
5400,25.7,0.482007540483291,0.332237242480469,0.467540016987024,0.321883418459174,0.731817215009667,0.503549249176833,1.1991721196866,0.822994342478059,1.8780112800623,1.28655412205756,6.52143649218256,4.45285370208569,31.0164797078994,21.0234677658499,1.41705426523073,0.444226625995596,1.24612972962172,0.393827016993394,1.77186367535104,0.549425119914456,2.76198207663535,0.832992763219226,4.01838327490457,1.17938766036776,14.1131724560337,3.87425767616182,68.314512400259,18.1545188694232,4.32382766989894,0.503163458068556,3.50672737110455,0.423759431516623,4.88208772478994,0.554820536016069,7.77045781765985,0.794936300096096,10.9843972113871,1.03914645839065,43.8687744820033,3.14526434377093,227.78362038809,13.0101339981047,12.3005432353409,0.588318840867726,9.55145790062686,0.492649989102406,13.2416781108112,0.620006197544986,21.6246574149112,0.869787038171591,30.357225270673,1.10672662619297,136.502373284986,3.38278510602529,750.32952122769,14.7807657240065
5400,25.8,0.482593667995646,0.332356022395236,0.468036673490066,0.321886212020475,0.732475866376879,0.503534078478977,1.20013837118598,0.822827120889082,1.87932540472042,1.28622773439386,6.52575783395864,4.45118183580478,31.0370370995599,21.0158860319583,1.42066396686198,0.444512725933437,1.24898235668831,0.393961379613603,1.77576232317659,0.549619469642429,2.76802655466592,0.833083052711427,4.02668070730145,1.17926229022722,14.1438314713189,3.87374382313184,68.468810570317,18.1566064185661,4.3404177017992,0.503433679614835,3.51946063674251,0.42400924144272,4.89971013334689,0.555029901135697,7.79921389381377,0.795157578291213,11.0245462191795,1.03917902210988,44.0518780776089,3.14501036510909,228.805550800692,13.0088364852983,12.3668159032955,0.58854011430514,9.59983805334336,0.492812044525354,13.3095654283016,0.620079025472621,21.7412334661555,0.869787845926355,30.521179563023,1.10660185803097,137.348444134902,3.38150359941063,755.196665135121,14.7693323310488
5400,25.8999999999999,0.483178881251656,0.332441631789946,0.468532513716872,0.3219485971351,0.733133469453906,0.503488985189075,1.20110316161182,0.82272640549656,1.88063756586845,1.28586193868829,6.53007336382234,4.4493318778014,31.057566564565,21.0081537728022,1.42427511895005,0.444773277673916,1.25181500192868,0.394108176912604,1.77964949284492,0.549809577561324,2.77408222525253,0.833185496705367,4.03500427912986,1.17920005809067,14.1748456530806,3.87283117818977,68.6314175508753,18.1567980007969,4.35701275997774,0.503707590344889,3.53215032877424,0.424241219785445,4.91728385726421,0.555261791954068,7.82798612364744,0.79542103843473,11.064724714976,1.0392147654069,44.2354291441514,3.14494300505602,229.835172082576,13.0087395671009,12.4332381418001,0.588754919626644,9.64832093110455,0.492975285062859,13.3777429798912,0.620187122336718,21.8581061093156,0.86981763363178,30.6855841742791,1.10648823550786,138.198840713874,3.38013572217589,760.128900968027,14.7584582261365
5400,26,0.483763182613768,0.332549410289332,0.469027540055373,0.322040923297114,0.733790027064783,0.503502887092225,1.20206649449296,0.822664150820687,1.88194776815771,1.28556393741907,6.5343830935502,4.44771243521325,31.0780681760072,21.0007247001052,1.42788284778682,0.445065590639819,1.2547077863925,0.394256626077416,1.78355883116237,0.549981351225903,2.78013418059421,0.833285886896746,4.04332504010218,1.17910341823789,14.2059086240502,3.87176161233089,68.7955589916776,18.1528050210416,4.37360879395712,0.504008475241452,3.54480942521151,0.424492232588082,4.93484706372347,0.555477810806042,7.85675986630905,0.795671271653493,11.1049033449445,1.03929888434844,44.4189589385036,3.14503243471968,230.860564827477,13.0074074575191,12.4997866318168,0.588951828698049,9.69686163132712,0.493131383005371,13.4459226499711,0.620275419996799,21.9752102518758,0.869837657334991,30.850312699405,1.10640021327039,139.051077632302,3.37875261825021,765.046901059508,14.7480375208688
