"size","kurtx","mean_BM_drm","mean_BM_dqm","mean_sqm_drm","mean_sqm_dqm","mean_wm1_drm","mean_wm1_dqm","mean_wm2_drm","mean_wm2_dqm","mean_tm1_drm","mean_tm1_dqm","mean_tm2_drm","mean_tm2_dqm","mean_tm3_drm","mean_tm3_dqm","var_BM_drm","var_BM_dqm","var_sqm_drm","var_sqm_dqm","var_wm1_drm","var_wm1_dqm","var_wm2_drm","var_wm2_dqm","var_tm1_drm","var_tm1_dqm","var_tm2_drm","var_tm2_dqm","var_tm3_drm","var_tm3_dqm","tm_BM_drm","tm_BM_dqm","tm_sqm_drm","tm_sqm_dqm","tm_wm1_drm","tm_wm1_dqm","tm_wm2_drm","tm_wm2_dqm","tm_tm1_drm","tm_tm1_dqm","tm_tm2_drm","tm_tm2_dqm","tm_tm3_drm","tm_tm3_dqm","fm_BM_drm","fm_BM_dqm","fm_sqm_drm","fm_sqm_dqm","fm_wm1_drm","fm_wm1_dqm","fm_wm2_drm","fm_wm2_dqm","fm_tm1_drm","fm_tm1_dqm","fm_tm2_drm","fm_tm2_dqm","fm_tm3_drm","fm_tm3_dqm"
5400,2.80000000000008,0.0163506137284079,0.0169048853953763,0.0151022100332578,0.0163049952483153,0.0220785541382475,0.0200208838926288,0.0387606369392288,0.0284772369912726,0.0706461232456983,0.0405293581634714,0.534370879472075,0.174906354613415,8.15274262427403,1.43365273156541,0.00125696865862086,0.000759930412693809,0.00126029034370834,0.00077134842264901,0.0016290217361049,0.000855962515784865,0.00241377083441433,0.00103802302309618,0.00390246941724896,0.00129415636879125,0.0232800178437166,0.00324281968950582,0.379293056746268,0.0226995358873023,0.00431815443944748,0.00146350301219009,0.00396327363346918,0.00142129240454599,0.00482123287299885,0.00154725977825042,0.00629182359831294,0.00185827210657169,0.00818434082269812,0.00218510444191565,0.0202958010753337,0.00368634143920361,0.0731098551705753,0.00529765649327699,0.00201932340772183,0.000855466150526055,0.00195108515755482,0.000857015762977172,0.00247965177608101,0.000952376790076915,0.00360888840517932,0.00113911176746075,0.0055402963860886,0.00135936076187166,0.0316404794010983,0.00351417252865996,0.539574900920069,0.0259768995353981
5400,2.89999999999998,0.0104616403236161,0.0112384293412848,0.00985594437864924,0.0109488978718952,0.0142409194262612,0.0133304383474031,0.0247198444493228,0.0187264565119151,0.0451832321583478,0.0266662057587092,0.345053156422907,0.116168237155822,5.73065467286073,1.06225896886573,0.00127911119303924,0.00076361340454839,0.00127388809052705,0.000775154450322641,0.00165076050856242,0.000880619519360558,0.0024436337087694,0.00104614602520061,0.00393567272844957,0.00131424861774677,0.0232491798841737,0.00324282481289229,0.363806304229489,0.0219347523788305,0.00342747805586314,0.00116840640150826,0.00298861856266096,0.00102837700291937,0.00371327709130907,0.00121228241067556,0.00494456734456141,0.00138076547714368,0.00643804120116202,0.00156345519542657,0.0161832379544002,0.00228777384668802,0.0674421341562236,0.00448009810435978,0.00218099573394999,0.000852564513308198,0.00214996796699042,0.00087314370143246,0.00269792323305706,0.00101195122213903,0.00389891615562605,0.00114786309396869,0.00597875586576701,0.00143512558047652,0.034952714140323,0.00383070993707377,0.684303816114692,0.0256107872619672
5400,2.99999999999998,0.00818797802620289,0.0089351233780687,0.00778178240368356,0.00875903332374841,0.0111775880021528,0.0106347477393918,0.019294027758813,0.0148555979795016,0.035296107196485,0.0210940284009529,0.270405648998339,0.0922923650179396,4.65558950929823,0.895346659135907,0.00130148443256992,0.000751093310968263,0.00130575343789241,0.000759861383858094,0.00168188836850096,0.000847829790281965,0.00247346868858799,0.00101541812382175,0.00397154394205053,0.00127772597804827,0.0233594561671398,0.00319501983937029,0.357722131152196,0.0221712563058948,0.00306231280686596,0.00104828512393605,0.00292868709024354,0.00104908013690593,0.00347439570543212,0.00110013489106198,0.00440462376937778,0.00122396098168949,0.0057553273075492,0.00140717445093628,0.0148272292039977,0.00229149177199002,0.0699898631916393,0.00482564171035589,0.00233441046340382,0.00089580494216201,0.00223450197429529,0.000899172971388139,0.00283753509184934,0.00101605834618075,0.00413799969131661,0.00120564292411242,0.0063029307032509,0.00152749515123964,0.0362801943676854,0.00380807647971353,0.708691503686491,0.0260515029486157
5400,3.09999999999999,0.00691886795883165,0.00761448766998523,0.00661085166493664,0.00747815206359693,0.00945681801751645,0.009081990038836,0.0162612749321796,0.0126476734098231,0.0297545406195947,0.0178621061978534,0.228250044893251,0.0783857238428659,4.01318370699603,0.779699977082821,0.00132228117532455,0.000761488824192143,0.00132400286482511,0.000770410300173051,0.00170303704892324,0.000854487851185835,0.00250531725760788,0.00102920241329342,0.0040137247312958,0.00130230953430288,0.023651979364331,0.00326965041043601,0.368355028647938,0.0212570774383077,0.00289697944991214,0.00100436824142084,0.00274343751185672,0.000977050224987122,0.0032667495658269,0.0010388474063254,0.00415397186908165,0.00115345631046809,0.00543943300350655,0.00124847306739097,0.0142981140520048,0.00216227493718578,0.0750021477721591,0.00476096574319236,0.00248692543885469,0.000932016950045089,0.00236307053830661,0.000927803973644107,0.00299884517301876,0.00103693629384871,0.00435320504348288,0.00126642788249335,0.00658103339806266,0.00161985296924971,0.037136668678501,0.00360207502434219,0.675808769423199,0.0222125196933454
5400,3.19999999999996,0.00608952393989931,0.00673675986659455,0.0058401818877909,0.0066412988484509,0.00832734688706539,0.00803370659354478,0.0142761917907725,0.0111856446217271,0.0261199055572841,0.0158117550644479,0.200465668746198,0.069192033141237,3.57464268296301,0.69951602093416,0.0013454164502658,0.00077955987636652,0.00135029014544212,0.000791056049611004,0.00173348203766554,0.000890224432875875,0.00254090333036063,0.00105545465020725,0.00406177546141346,0.00136557284535262,0.0239984678875038,0.00335282810418833,0.384033090677326,0.0230251281746108,0.00279096840099955,0.000907091458664276,0.00265669304346734,0.000875097367827228,0.00315438511454561,0.00102834355656492,0.00400334853264758,0.00105556248141908,0.0052542634039817,0.00122251380893934,0.0140546907248575,0.00194101552657857,0.0791594639477513,0.00498614962274585,0.00262373463410982,0.00090568820223731,0.00251999175925157,0.000904716849200791,0.0031718614533665,0.00103889712122578,0.00455557828069726,0.00124951556356737,0.00684334733953618,0.00159463993220143,0.0381571294094335,0.00355123051473895,0.657245754437786,0.0215716493044372
5400,3.30000000000001,0.00549713449304078,0.00614036152803124,0.00528688320485308,0.00603991262682869,0.00751775841705959,0.00727514626446235,0.0128557506782295,0.0100908472032605,0.0235146844308492,0.0143366877164358,0.180479431324943,0.0623776094638511,3.25133023382225,0.639881604153113,0.00136683562589429,0.000801779651457948,0.00137200387590123,0.000808382081404458,0.00175781483654502,0.000916862707245038,0.00257476949225136,0.00109685772757575,0.00410892215726115,0.00141538163508365,0.0243077999841243,0.00340514761612669,0.393829557833976,0.0226655130832147,0.00272937202318494,0.000842664637502918,0.00263922602511872,0.000842517056331165,0.00310166777576801,0.000942700449725556,0.00390782076003212,0.00104805414626323,0.00513549861259025,0.0011856654016015,0.0139169885660827,0.00180963968489002,0.0837790609789215,0.0051071302978393,0.002751166986218,0.000905427381338218,0.00267800707550141,0.000910645610980077,0.00334273134956522,0.00104393003691885,0.00475712745211296,0.00125803412833489,0.00711511211725839,0.00154830708472457,0.0395140876105202,0.00361295248841728,0.665273570679692,0.0228157653256088
5400,3.39999999999997,0.00504899500943698,0.00564300652820126,0.00486666586122242,0.0055617988134883,0.00690348876374174,0.00670388844635014,0.0117791728251844,0.00928518740701177,0.0215371601381932,0.0131701051478717,0.165266127234207,0.0572395620492453,3.00064269009015,0.594893725409945,0.00138810754795727,0.000801394607557647,0.00140365295508905,0.000808868547125237,0.00178920538554565,0.000933776872207289,0.00260910189069925,0.00110761170633368,0.00415979143628825,0.00144224117831927,0.0246860669716511,0.0034294994716993,0.406784805884252,0.0227752573791644,0.00268353148108503,0.000799294064895831,0.00251016514844832,0.000788692387913101,0.00299069445098799,0.000832093055945982,0.00384447100468563,0.00102546485701629,0.00505899997066691,0.00109320588720541,0.0138949185091322,0.00174115090024439,0.0881533288716035,0.00510573555967632,0.00287935478517571,0.00090790923885425,0.00282128137792827,0.000934286469591351,0.00350901983651144,0.00106561710451911,0.00496550874903544,0.00128219327528362,0.00740697306879318,0.00155099852358718,0.0413088303215913,0.00361401387895655,0.713897280433147,0.0224297784393409
5400,3.50000000000003,0.00469607615654619,0.00526325928177058,0.00453468170699651,0.00517522780863816,0.00641846201005177,0.00626069420317626,0.0109296882700126,0.00860673538274094,0.0199746105254069,0.012210086316548,0.153217481341289,0.0531076449725391,2.79920066986866,0.558934703545501,0.00141040232274261,0.000805770733341708,0.00140918826132073,0.000813537235177068,0.00180671805187341,0.000945032160945482,0.00264110055570226,0.00111365186783636,0.00420330645012726,0.00146159889829136,0.0249516722227475,0.00349317731962601,0.414151524587124,0.0233509183544571,0.00264335950475803,0.000779089284273894,0.00243813724245093,0.000759714480886384,0.00293270764119393,0.00079669486664941,0.00380377157134111,0.000952277427205436,0.00501603178197777,0.00107422823561412,0.0139964990206669,0.00176512490116723,0.0926167699089983,0.00535345023060465,0.00300846480795706,0.000917820616584861,0.00289546641592883,0.000938651704708806,0.00362564801477735,0.00106208849272251,0.00516815587405227,0.00129474377128926,0.00768786525323407,0.00158171746462071,0.04300185245418,0.00359835347571255,0.762933761759572,0.0242229754347317
5400,3.59999999999997,0.00440975546096394,0.0049479749350646,0.00426462634016289,0.0048692003942874,0.00602401283680398,0.00588787606963512,0.0102391207622974,0.00807107435588586,0.0187027171251644,0.011412056629915,0.143390682132489,0.0497543664296568,2.63295707530624,0.524707120313332,0.00143106326948844,0.000799674018926953,0.00141017565227969,0.000806663012292692,0.00181792187659939,0.000927132410999109,0.00266996101271906,0.00111063454932099,0.00424066015538053,0.00143194851031303,0.0251467446386074,0.00349371018711795,0.416296662855746,0.02372325577027,0.00261707963101109,0.000781692302755109,0.00242617881832882,0.000762284724295042,0.00291948662917181,0.000812138514362008,0.00378143516021775,0.000913265970030491,0.00499566501146058,0.00111236876609428,0.0141197576879184,0.00184798308119167,0.096737283537579,0.00585189953119724,0.00313733059120878,0.000908747994990843,0.00302758163375129,0.000926134123192029,0.00377620872485491,0.00105949635472629,0.00537018159882384,0.00131898867824279,0.0079700237668972,0.00154622555093665,0.0447973516198405,0.00353238842077615,0.82079364422036,0.0263267928407805
5400,3.69999999999999,0.00417208215683697,0.00468009058618369,0.0040399401693267,0.00459820948616329,0.00569584451148472,0.00555522433576081,0.00966470569489053,0.00761610331322549,0.0176434353080139,0.0107961546985438,0.13519236043092,0.0469656151627898,2.49289392168301,0.49574606665852,0.00144984094763148,0.000797808555656222,0.00143498670221335,0.000807664472642686,0.00183969953387597,0.000917445382123652,0.00269473263031152,0.00112177261434574,0.00426920762045883,0.00140972811501818,0.0252285945723092,0.0035375408015094,0.414133008344951,0.0235173014622028,0.0026043972936442,0.000782179308733004,0.00245868215688356,0.000781849111319765,0.00294113398365238,0.000831379607454314,0.00377274319666446,0.000910014500918712,0.0049907569640088,0.00113004045853045,0.0142532614283152,0.00188515749787109,0.100950656370062,0.00630668820823939,0.00326500293844382,0.000882313370862413,0.00316309373852163,0.000905297112991581,0.00392559238312548,0.00104120558939051,0.00556731476791361,0.00132587983423229,0.00824145931573828,0.00148738723800151,0.0464209501327761,0.00340157560476581,0.868623586767074,0.0281510063213626
5400,3.8,0.00397116761550853,0.00446038091394973,0.00384962124570246,0.00438467721495284,0.00541783857110471,0.00529032931871259,0.00917811421536548,0.00725693826421189,0.0167450285022106,0.0102887315190754,0.128228335757938,0.0444000676442644,2.37292097427897,0.472485409921709,0.00146731623777806,0.00079653841795442,0.00146438845461857,0.000812418593865131,0.00186284740905126,0.000922683661611099,0.00271740848532735,0.0011439740726464,0.00429381328949839,0.00141234995220219,0.0252447676711191,0.003623697584302,0.407226547156845,0.0226693582337871,0.00260267185639472,0.000781977732044544,0.00249067457022332,0.000801564373812845,0.0029643080305562,0.000823059460829856,0.00377710677198017,0.000909324656478053,0.00500209129147615,0.00110977554612637,0.0144280662848712,0.00185839710634773,0.105868409987173,0.00636162342302441,0.00338832751621708,0.00089131039169083,0.00326699397081782,0.000916040715296673,0.00405563693339342,0.00103347226683472,0.00575183012337873,0.00133040563071927,0.00848680657578326,0.00152485673853458,0.0476249845051039,0.00341891415247735,0.881948670083106,0.0312132377770668
5400,3.89999999999996,0.00379879285536938,0.00425813444240935,0.00368604308737859,0.00419109772878021,0.00517883546581943,0.00505206203922869,0.00875975662056537,0.00693724389250378,0.0159716975471853,0.00977723817485592,0.122225362022024,0.0422847222303844,2.26875712104256,0.45212857712453,0.00148466125962538,0.000804550213399273,0.00146876637250459,0.000818558660332016,0.00187442779226518,0.000924349212643886,0.00274060931611967,0.00115844398106576,0.00432110666009527,0.0014104991626915,0.0253073955024323,0.00367912594553162,0.402022298383465,0.0221068918661431,0.00261098894244452,0.000779534419313852,0.00247993983703477,0.00079785194622534,0.00296171944943102,0.000806517765346622,0.00379449366232157,0.000902186021286735,0.00503319285862364,0.00107198987875492,0.0147174598947195,0.00177869945514726,0.113578179091191,0.00616925272403855,0.00350383558026036,0.00091049852131627,0.00334762735161169,0.00094074390825857,0.00417127246858664,0.00104103136954,0.00592974053585883,0.00134816446474656,0.00872374818256793,0.00158309581794517,0.0487564262366673,0.00348985282794879,0.877260855698239,0.0335220473567086
5400,4.00000000000001,0.00364907525097217,0.00409172123702813,0.00354373439367563,0.00401553901174173,0.00497083743165335,0.0048490420563987,0.00839560773900262,0.0066619161680717,0.0152977973800644,0.00934373840102849,0.116987389098416,0.0404922701439207,2.17729354146666,0.435342865302702,0.00150244791214446,0.00081973763769677,0.00147287088058613,0.000832653798582533,0.00188996469886915,0.000927804415943286,0.00276893281353761,0.00116517052739272,0.00436216075380909,0.00141736197551814,0.0256101303534215,0.00366387421265742,0.41048043643036,0.0218944238160371,0.00262561994366252,0.000774460876046729,0.00246216247081648,0.000788569556730161,0.00295594729895098,0.000801420223638814,0.00381960181223643,0.000892766480231057,0.00507472106081609,0.00103859184971993,0.0150319781699266,0.0017194764539507,0.121659470939839,0.00623412157181434,0.00361107863211618,0.000928515671392808,0.0034231017524557,0.000961165304588009,0.0042776196650878,0.00104169326328793,0.0060983120559162,0.0013434240086239,0.00894599628671883,0.00161275867278742,0.0497047648251392,0.00348611694081031,0.857902717875388,0.0334798698808232
5400,4.10000000000002,0.00351768205038121,0.00394751488729625,0.00341865708955908,0.00386713764862732,0.00478794684350199,0.00466374033385077,0.00807533423312686,0.0064085219745245,0.0147044234336225,0.00901919954271478,0.112369695746195,0.0389252795423715,2.0962111016127,0.419940991006536,0.00151976405192307,0.000824442068760069,0.00149442094250789,0.00084081127442638,0.0019104408878505,0.000924684435175351,0.00279584971232345,0.00115732362412349,0.00439959439863056,0.00141977658072856,0.025887779150311,0.00359539372618786,0.422871071948861,0.0217405182586459,0.00264413282849262,0.000773960813580335,0.00250212989223743,0.000794649208368803,0.00299012792682871,0.000804499711980797,0.00384898958927735,0.00088401973069225,0.00511964622271864,0.00101081097483834,0.0153026727255924,0.00170296500129004,0.128137782924368,0.00659098711938486,0.00371406111439344,0.000934733909045551,0.0035124802930746,0.000964888408297458,0.00438962162170359,0.00102336164004744,0.00626254341962743,0.00131314525163739,0.00916357195610547,0.00161764611909519,0.0506294780945716,0.0034370691823159,0.836246187762215,0.0326836077169991
5400,4.20000000000003,0.00340134433384603,0.00380846682653728,0.00330775900951921,0.00373729258686792,0.00462570927499491,0.00450133371669443,0.00779113722573688,0.00617988788566772,0.0141773008176808,0.00868907245964307,0.108262867195319,0.037548169972126,2.02374009206736,0.405672085752488,0.00153667751669502,0.000828331675326467,0.00151556788587412,0.00084605065528953,0.00193046041900505,0.000925935624775781,0.00282187222648224,0.00113859468974796,0.00443530946457448,0.00141774261468996,0.0261373633029028,0.00361056417796545,0.434044672164659,0.0214318232115384,0.00266495939918185,0.000772475900322768,0.0025849443440921,0.000803930446668688,0.00305050729252087,0.000813498280832766,0.00388201705905359,0.000881683071141479,0.00516809218916319,0.00100445200493257,0.0155544722634646,0.0016983111239562,0.133339353604669,0.00680593670871674,0.00381803307348237,0.000920943455373451,0.00361436163848474,0.000946710437371624,0.004515719229645,0.000989689551522652,0.00643430358291168,0.00126475674319207,0.0093994208950063,0.00160066506727708,0.0519042902515713,0.00337969660057619,0.834099734707095,0.0331018254732896
5400,4.3,0.00329754473827776,0.00369053969418637,0.00320868584735884,0.0036209309225707,0.00448069093445071,0.00435357336264492,0.00753700864985951,0.00596579557060666,0.0137054273934742,0.00837382251651689,0.104582479629752,0.0362200269288054,1.95850366304336,0.392190372539278,0.00155334518712143,0.000826961231082344,0.00153321273370514,0.000840619768590422,0.0019516577811624,0.000926212788867415,0.00285059358898355,0.00111915031778311,0.0044788620733851,0.0014196157767156,0.0265004702750158,0.00357103327435895,0.448687351396429,0.0219171651192898,0.00268524742982364,0.000771704056445346,0.00265216691135975,0.000808413749140062,0.00310033921835353,0.000830191641404777,0.00391765015964791,0.00089096186258112,0.00522101297479229,0.00103213262562536,0.0158365073156714,0.00174520046327521,0.138218694832895,0.00678398701656999,0.00392429338968642,0.000913756519472883,0.00372019196576188,0.000933481486965008,0.0046489233569419,0.000982487691810035,0.00661706542185211,0.00123066727735638,0.00965773484821997,0.00157705885251654,0.0535754756677598,0.00342207976003602,0.860545853827157,0.0337819301280012
5400,4.39999999999999,0.00320431010029821,0.00359209606504437,0.00311958949630188,0.00352352219298039,0.00435019778079889,0.00423345232855873,0.00730823740775858,0.00578138998874797,0.0132801722717549,0.00812153408878351,0.101262237556593,0.0349207716691819,1.89941253994606,0.379309844440201,0.00157014184993267,0.000823357754252581,0.00155307843099262,0.000835065649004832,0.00197431595814738,0.000939981365890114,0.00287871708340487,0.00111454325713988,0.004520218563606,0.00143032595756289,0.0268431222715285,0.00355040036184231,0.466342937964715,0.0220226637731906,0.00270364638903285,0.000763867042967627,0.00267537742721193,0.000795219427712998,0.00312263033219833,0.000841012444473332,0.00395491561128913,0.000895906952450419,0.00527792360568018,0.00105045326222674,0.0161679683724233,0.00179774618307144,0.143499541662627,0.00675293540876685,0.0040320556778188,0.000906304292345825,0.00381635586551622,0.000919880809739729,0.00477553479355948,0.000987093535788493,0.00680455178004872,0.00120450934324196,0.00992407374552803,0.00154442352464434,0.0553845704568575,0.00352402056222213,0.904758385288764,0.0334023337602924
5400,4.49999999999999,0.00312006981168192,0.00349095282646359,0.00303899688733073,0.00341495562595506,0.00423208346976586,0.00411030334918952,0.0071010719958959,0.00561388520175587,0.012894659686451,0.00787582158489255,0.0982492778317702,0.0338051344158533,1.8455922801343,0.368072719122433,0.00158652777208873,0.000828337794716398,0.00157433424842193,0.000838422684553574,0.00199783760204626,0.000964212594130605,0.00290609733960462,0.00112412133364735,0.0045604906940059,0.00145556006205191,0.027160022687734,0.00351879770905533,0.481063933014319,0.0229664905829864,0.00272185449311759,0.000752590587967515,0.00267532720366392,0.000776101822747991,0.00313511995989966,0.000844513706456747,0.00399367513054723,0.000895142505526499,0.00533802320555311,0.00105954358909842,0.0165430324004231,0.00182408137808102,0.149765710818497,0.00679889788875388,0.00414132137751772,0.000899560155928403,0.00390606480660925,0.000908108625649857,0.00489507907011211,0.000996001442667348,0.00699125520440617,0.001188562374819,0.0101871054585929,0.00152757943209746,0.0571386686879821,0.00366745487667499,0.953255471114073,0.0320066853881575
5400,4.6,0.0030435566521478,0.00340131307870759,0.00296571800869121,0.00332389138766783,0.00412461477624151,0.00400487926901595,0.00691248427675678,0.0054677861349194,0.0125433374224524,0.00767400430292896,0.0955008766477871,0.0327897744041942,1.7963318148463,0.357539384683426,0.00160373193157729,0.00083725826956435,0.00159222298061006,0.000847782522409089,0.00201799089570068,0.000985350956483604,0.00293482781930527,0.00113439169076853,0.00460393611053146,0.00146569593907981,0.0275235231682882,0.00351615686001411,0.498411473836059,0.0234370003858051,0.00274282835751024,0.000740810885681865,0.00266562928947924,0.000760364217411581,0.00314546649915716,0.000841987318294085,0.00403581645168555,0.000894278746415797,0.00540306082369152,0.00106631248511603,0.0169571384214419,0.00182675939591508,0.15763035188889,0.00686253942002105,0.00425093157220358,0.000898126252184741,0.00397828347488681,0.00089843059656249,0.00499999047256477,0.00101101252556503,0.0071737918205385,0.00118658477209301,0.010441647291213,0.00153364873051558,0.0587625637690191,0.00376561668554512,0.998244832520048,0.0297732613258657
5400,4.69999999999996,0.00297373584627981,0.0033120614974576,0.00289878000431988,0.00323906175254392,0.00402637524043698,0.00390349564897255,0.00674000046211952,0.00532246248581601,0.012221667924102,0.00747753889009031,0.0929820902023403,0.0317612084947433,1.75104628691497,0.347499091283861,0.00162116287978717,0.000841848751913374,0.00160572841383632,0.000853576928876279,0.00203511387432081,0.00099002080211337,0.00296284244291324,0.00113312257201308,0.00464586224531464,0.00145027602378564,0.0278653946969,0.00355706787127015,0.514384281746231,0.023937147648209,0.00276650569192575,0.000731262307236704,0.00266743003106608,0.000751651839085272,0.0031646117127224,0.000834045756569261,0.00408043966964323,0.000896165566149222,0.00547020444958351,0.00106418129000604,0.0173593617650042,0.0018256208339521,0.165553432171719,0.00693226641934941,0.00435922313914324,0.0009021529955169,0.00404636508542133,0.000898037919195957,0.00510275824598669,0.00102324787284002,0.00735157626506884,0.00119678872799991,0.0106879555584111,0.00153837741813353,0.0602754264969013,0.00383078415471959,1.0379653237169,0.0271449401128127
5400,4.79999999999998,0.0029097533335444,0.00323186927610057,0.00283737905307429,0.00316243080029796,0.0039361948554519,0.00381656961032318,0.00658157785278668,0.00520027335192307,0.011925902951744,0.00731936944564548,0.0906640318941151,0.030933426374176,1.70924971628884,0.338592389122024,0.00163755087123203,0.000844417746647635,0.00161444730567432,0.00085667991406229,0.00204909954285811,0.000983900578261023,0.00298579937840928,0.00113040133482316,0.00467539582126726,0.00143028659066924,0.0280187221022716,0.00360946555036748,0.520774040883759,0.0247833787710011,0.00279172429621248,0.000713332762079471,0.00268429723140058,0.000735275032507863,0.0031942026642377,0.000808295817059214,0.00412592432732902,0.0008856954157964,0.00553597571891287,0.00104044955582719,0.0177001546439842,0.00180462678055757,0.171671548964364,0.00702670707419666,0.00446569298556226,0.000908084186711339,0.00411896867188448,0.000905412235961002,0.005210169367337,0.00102985043685543,0.00752749635920321,0.00121406557533238,0.0109331304714584,0.00153108481616032,0.0618157559652969,0.00392202207710864,1.07771489699151,0.0243786630853615
5400,4.9,0.00285089740107266,0.00316013905384003,0.0027808446325074,0.00309482557334341,0.00385309788045399,0.00372781946698908,0.0064355134047597,0.00506594830008783,0.011652916370049,0.0071457686941178,0.0885225928379486,0.0301297289911053,1.67053456296903,0.330088328575674,0.0016533924558796,0.000847245569186463,0.00162148330819961,0.000858742154679125,0.00206199577630381,0.000972268650157679,0.00300746464944682,0.0011321489145656,0.00470227614158852,0.00141679335878187,0.0281291220298251,0.00361735328897414,0.523346008898078,0.0253128463977333,0.00281785937815043,0.000696260735999152,0.00270323023795038,0.000717968139175873,0.00322345991806708,0.000781987631728171,0.00417107146687002,0.000875606310895772,0.00559874153244445,0.00101903680024407,0.0179799832928152,0.00180757765997314,0.17558445152174,0.00738746800563712,0.00457019808264189,0.000917723466537326,0.00420301993221176,0.000917140616794332,0.00532486373441193,0.00103349785905397,0.00769965132197052,0.00123736695589989,0.0111709791865884,0.00152865205479407,0.0632197859248551,0.00397728641976366,1.11110183456491,0.0219350903134538
5400,5,0.00279656979013477,0.00308532933137414,0.00272861257458366,0.00302051113411215,0.00377626351334724,0.0036362307405133,0.00630037486126548,0.00494640867246668,0.011400078166099,0.00696548355251027,0.0865374770860972,0.0294751118681581,1.63455622105022,0.322244371937219,0.00166872523473295,0.000852816726930565,0.00162955915801431,0.000860963993927254,0.00207506377282299,0.000964575040245395,0.00302796314680319,0.00114447750481201,0.00472677639317304,0.00142126682750815,0.0282001561186884,0.00365106127909292,0.522262386315236,0.0244454521004612,0.00284609130829456,0.000687303364810461,0.00272466712056052,0.000707009660847024,0.00325469794190728,0.000766690055160099,0.00421733979459797,0.000876137273445373,0.0056619885078744,0.00100808766949628,0.0182520047283253,0.00183100605867506,0.179248734669572,0.00800969801867523,0.00467315574193395,0.000925826439543948,0.00429923808975273,0.000927910723058477,0.00544438473487052,0.00103223846778174,0.00786776323467147,0.00125535186685449,0.0114006387724531,0.00153204498526338,0.0644618824676987,0.00398374975883839,1.13400405275837,0.0203146836959293
5400,5.1,0.00274626363577473,0.00302715222870609,0.00268020447071282,0.00296532374233539,0.00370499584488601,0.00356534899900548,0.00617494816268651,0.00484733636054542,0.0111651582172722,0.00682624230957513,0.0846914641196464,0.0287832492467115,1.60102109721383,0.315197549207301,0.00168332891253453,0.000855991218556654,0.00163687076551037,0.000863206211661027,0.0020884548225846,0.000959639662949244,0.00304662468279153,0.00115750273018065,0.00474758442916497,0.00143428726888198,0.0282079579089961,0.00367043035555129,0.51536921228798,0.0239064063029011,0.00287697943792554,0.00068740171707714,0.00274806620577685,0.000707160347822199,0.00328715945159503,0.0007647383797271,0.00426570952901408,0.000887760149691721,0.00572807942617456,0.00101061021337354,0.0185449882017445,0.0018627505020262,0.183702422159109,0.00844194010422565,0.00477602769005314,0.000928143448977699,0.00440908583024975,0.000931334005828703,0.00557254348224446,0.00102642424336024,0.00803517202327367,0.00125754963173187,0.011629354044668,0.00152455263373951,0.0656830969154898,0.00393671873130089,1.15166547247347,0.0198606336390788
5400,5.2,0.00269954641234079,0.00297341645774414,0.00263521173361351,0.00291169621749878,0.00363870061655421,0.00349579223216738,0.00605819678281106,0.00474755772949455,0.010946251861936,0.00669262368925194,0.0829698380302952,0.0281384721487606,1.56967733425444,0.3085624946751,0.00169727006594886,0.000857429790416047,0.0016458679233421,0.000862514938807273,0.00210073604722589,0.00095756972740622,0.0030643081100359,0.00117026092913103,0.00476661659452326,0.00145425115713313,0.0281921840811722,0.00366621340004292,0.507108276654532,0.0227275668272573,0.00290930182605874,0.000696701043670211,0.00277573491668275,0.000718119028260126,0.00332074901523957,0.000769921240707834,0.00431536433019118,0.000906524951564439,0.00579583572105417,0.00102335952117719,0.0188411324199631,0.00188271478724756,0.188227414703209,0.0085877581557267,0.00487922012270798,0.000924540665935237,0.00452227173823815,0.00092566375400852,0.00570397118200119,0.00101715981118862,0.00820243692813238,0.00124741142662902,0.0118573750102934,0.00151007014431137,0.0668740539635505,0.00386480441067878,1.16648862697563,0.020262887766643
5400,5.3,0.00265604659846587,0.00292242576745155,0.00259328312301572,0.00285818850536961,0.00357686703675644,0.00343476871533359,0.005949229927547,0.00465881902834797,0.0107417216761237,0.00655251276068033,0.0813599406936183,0.027616360850641,1.54030751327975,0.302183162051485,0.00171134897781578,0.000858656463125174,0.00165821523798315,0.000864459492292836,0.00211401998990637,0.000961619399580383,0.00308368697427398,0.00117374013854984,0.00479035808650197,0.00147603763934492,0.0282526310385966,0.00365809688881101,0.50242643198239,0.0226600055810818,0.00294294183382731,0.000711058455132552,0.00280331886303217,0.000734198316340131,0.00335513004188401,0.000780664951314376,0.00436570039609597,0.000925156388467828,0.00586401687502692,0.00104814700650807,0.0191276501476431,0.00188137902573089,0.19226274498225,0.00864812176970245,0.00498330691540323,0.000919627732620077,0.00463908514553553,0.00092014448332153,0.00583891996721001,0.00101310399978044,0.00837190692627346,0.0012288998430556,0.0120896766582152,0.00149289689370127,0.0681294440960331,0.00383915943035752,1.18504982313283,0.0205507172341259
5400,5.39999999999996,0.00261544314150298,0.00286782638387961,0.00255411488108263,0.00280720069567795,0.0035190534063267,0.00337016636823847,0.0058472774048258,0.00457232935728166,0.010550151452304,0.00642397118086415,0.0798508183645163,0.0271067638485921,1.51272285468039,0.296304627270745,0.0017253789036821,0.000860851220603287,0.00167338225239514,0.000866796567678004,0.00212904383456096,0.000966135049704813,0.00310339150731847,0.00117424813169358,0.00481505074487368,0.00149202399215355,0.0283348982249075,0.00368803950351686,0.500034214660517,0.0215168043004937,0.00297725125555016,0.000727996955059648,0.00283581750580246,0.00074960100331178,0.00339117680283999,0.000793148879904659,0.00441680348864903,0.000941604920800873,0.00593356774353747,0.00107485524000641,0.0194264076669667,0.00187547099101752,0.196450018638145,0.0088085513968289,0.00508734355645841,0.00091356378743611,0.00473653240428861,0.000914113277419872,0.00595789045447242,0.00101158551182176,0.00854234593269291,0.00120716325040454,0.0123239758336761,0.0014782211147496,0.0694108422939337,0.00382099156531914,1.20631537135392,0.0210026619429823
5400,5.50000000000004,0.00257745705400222,0.00282079261539964,0.00251744285727447,0.00276120470034248,0.00346487564675655,0.00331335962800805,0.0057516695758962,0.00449404992726062,0.0103703094746499,0.00628994222933175,0.0784329394951488,0.0266125984571813,1.48675856741746,0.290410979591871,0.00173916463330713,0.000866291243693836,0.00168431307411588,0.000869996260129232,0.00214238769226389,0.000970741984315433,0.00312288702586197,0.00117563428648755,0.00483948822213505,0.00151010721778428,0.0284198152385921,0.0037308737950076,0.498590526442197,0.021176998765692,0.00301079560482346,0.000737822541358236,0.00286004100911025,0.000758278830237318,0.00342295889046929,0.000800816108368039,0.00446886508405273,0.000950366991795793,0.00600577482711295,0.00108944283162752,0.0197695392468486,0.00186759239119082,0.201499199100026,0.00923331377512445,0.00519038048964253,0.000906230394813128,0.00482911521738036,0.000906509359137988,0.00607309997436377,0.00100880441990083,0.00871116119343513,0.0011842903346627,0.0125551625650858,0.00147066387003288,0.0706228126680166,0.0038551763530506,1.22387787428189,0.0213706158702649
5400,5.60000000000003,0.00254184465165395,0.00277800266498879,0.00248303616627322,0.00271716660828741,0.00341399806439953,0.00326202159559868,0.00566182121933566,0.00441884571301202,0.0102011189543779,0.00617102040187754,0.0770979674413936,0.0261698166741631,1.46227008742343,0.28555595028895,0.0017532215389139,0.000871385449358324,0.00169448027358523,0.000872555289562826,0.00215541867447262,0.000973877148896816,0.00314373386153933,0.00117682055803792,0.00486736235664415,0.0015245598254049,0.028564576763874,0.00379058944629835,0.500947197275565,0.0216206788829995,0.00304374021924897,0.000742852914355263,0.0028801757800011,0.000760592261829746,0.00345118901419084,0.000803984290944982,0.00452234073700594,0.000956836263377814,0.00608149287311446,0.00109315508146629,0.0201640351221508,0.00185566424379689,0.207941135142683,0.00972439183413364,0.00529264178951798,0.000900246165831096,0.00492911737040412,0.000898337380625632,0.00619354995101687,0.00100413210222067,0.00887921255549187,0.00116497448370024,0.0127851658625736,0.0014667707892268,0.0718055978975695,0.00388946049910751,1.23947922320896,0.0219200750637562
5400,5.69999999999998,0.00250839206772101,0.00273997206243406,0.002450692039113,0.00266946031585831,0.0033661258543548,0.00320696265877799,0.0055772184382304,0.00434843394901049,0.0100416340351929,0.00606166630075568,0.0758385758941244,0.0257053954023501,1.43913001114055,0.280446743449569,0.00176754820757474,0.000874520456697756,0.00170314944980934,0.000873548480475343,0.00216889327112511,0.000974508561103541,0.00316530461709319,0.00117904741547804,0.00489701621177278,0.00153211074523992,0.0287436163658575,0.00382812908687405,0.505897709646941,0.0219718397263516,0.00307603934846544,0.000741645042682311,0.0028992296677918,0.000757049877421662,0.00347815297301445,0.000802818991725048,0.00457744907236223,0.000955943253132011,0.00616098607200599,0.00108318145886506,0.0206058388795355,0.00183315042196443,0.215824207766914,0.00999847030142679,0.00539426973764529,0.000895111110424082,0.00504057149837973,0.000894800081150762,0.00632168872874651,0.00100453181765156,0.00904545459727385,0.00115238831368537,0.0130111483991365,0.00146548742811352,0.0728885673854532,0.00391475036534149,1.24852572508551,0.0229072679036285
5400,5.80000000000001,0.00247691076937797,0.00269920954381744,0.00242023161160716,0.00262937859075602,0.00332099897047017,0.00315386658681581,0.00549740795627381,0.00428342011403856,0.00989102017228291,0.00597726371707669,0.0746482978757975,0.0252926911073954,1.41722557745024,0.275493602478071,0.00178194022123847,0.000875146402008484,0.00171784577941837,0.000873956484571484,0.00218591726682897,0.000975155928484626,0.00318662008707628,0.00118520367739417,0.00492608960870562,0.00153043064256852,0.028918615806455,0.00385175490266901,0.511148841626433,0.0221133115565038,0.00310771550963251,0.000737774393457856,0.00291763787949903,0.000751071980255985,0.00350608329570827,0.000797452124401021,0.00463362996194218,0.000952208301108711,0.00624241500469185,0.00106837551030008,0.0210590308369233,0.00181174660815384,0.223968130948831,0.0100786660703476,0.00549621447573764,0.000891217488275129,0.00515704618337332,0.000893221070991285,0.00645314374042852,0.00100775461302453,0.00921173128086821,0.00115296677775449,0.0132364745356658,0.00146301374997998,0.0739260518430781,0.00392132396993303,1.25357610707046,0.0232280648381008
5400,5.89999999999996,0.0024472338672339,0.0026550306964204,0.00239149645537972,0.00258843582544167,0.00327838707736815,0.00310814626463895,0.00542198830540131,0.0042175669044358,0.00974853797501244,0.00589636765849093,0.0735214013335602,0.0248277878867051,1.39645658585337,0.271029913413375,0.0017963327164566,0.000876521595150577,0.00173011434694718,0.000875013714070259,0.00220146870454029,0.000978626663208405,0.00320765412946913,0.00119185030476677,0.00495453310276563,0.00153042224666362,0.0290876695282942,0.00385691937132816,0.516358262754602,0.0220413624479411,0.00313894453969307,0.00073295723447745,0.00293863598978783,0.00074526303661168,0.00353666477965325,0.000791750141097034,0.00468977917127097,0.00094441804840595,0.00632307555169553,0.00105272428030063,0.0214792390334459,0.00179641008596383,0.230746215622711,0.00984889515365143,0.00559871859166641,0.000888820307234439,0.00526409007812694,0.000892011084773407,0.0065782922925479,0.00101106397748406,0.00937868435357042,0.0011591952884627,0.0134625871225542,0.00146196329783198,0.0749570746803765,0.00392893056378023,1.25669485987491,0.0237601226210893
5400,6.00000000000001,0.00241921305784437,0.0026193815562201,0.00236434570195635,0.00255479599975115,0.00323808536635465,0.00306634490294384,0.00535060252318283,0.00415916886973055,0.00961352981479034,0.00580757180328565,0.0724527859758091,0.0244325026071395,1.37673366440303,0.266784715745589,0.0018104780757594,0.000877208593578534,0.00174220067558441,0.000877094766480165,0.00221594600949461,0.000983670072623121,0.0032282182587035,0.00120046016491943,0.0049820963998393,0.00152786215053181,0.029245073585734,0.00384901565385908,0.520534118370201,0.0219922907314096,0.00316886150342752,0.000728449917960191,0.00296896918589471,0.000741472525652209,0.00357338627101616,0.000788761130619698,0.00474541553662448,0.000934149390219849,0.00640283957307695,0.00103942511336034,0.0218809945379444,0.00178234175183956,0.236527249528164,0.009406585434413,0.0057024535054951,0.000885200262099414,0.00536659096025557,0.000888636620028788,0.006702952210624,0.00101256810333172,0.00954860552034285,0.00116629281461739,0.0136945527661074,0.00145315209547447,0.0760941230490966,0.00391384262398785,1.2642094847875,0.0236320810875549
5400,6.09999999999999,0.00239271607516102,0.00258172590352535,0.00233865364402185,0.00251631492916553,0.00319991106621149,0.00302011527643059,0.00528293206429436,0.00409165286271448,0.00948540865701689,0.00571359866210573,0.071437897203386,0.0240776051364592,1.35797682008546,0.262692833439485,0.00182419279892008,0.00087744099613648,0.00175306852277463,0.000877634773980025,0.00223033311423119,0.000986525152940082,0.00324805137331519,0.00120579090182571,0.00500817574231149,0.00151991582967385,0.02938388384194,0.00384043854558071,0.523854959530312,0.0217860060369764,0.00319761492004095,0.000726311511187068,0.0029981442039761,0.00074144833004425,0.00361043024905656,0.000789321236353076,0.00480070764233403,0.000928383589296521,0.00648226075179359,0.00103305909026224,0.0222832352315654,0.00178494811643024,0.241944337690108,0.00930703620010884,0.0058072652287507,0.000879080187909708,0.00545965331320647,0.000880325057841154,0.0068216121307731,0.0010095371393825,0.0097206377450845,0.00116867867446886,0.0139299120299131,0.0014454334105086,0.0772753826731179,0.00392057378508215,1.27531175009791,0.0228976263357987
5400,6.19999999999997,0.00236762455404551,0.00254958479954091,0.00231430772327668,0.00248422677604627,0.00316370051684447,0.00298179820646072,0.00521869169514431,0.00403490939742871,0.00936364869443209,0.00563412593750824,0.0704726538930102,0.0236964296833874,1.3401142188513,0.258780667514344,0.00183729500685337,0.000875463480123677,0.00176468102165295,0.000877601710950362,0.00224378979666229,0.000985755713596233,0.00326652789113748,0.00120951581242835,0.00503141725374143,0.00151105291891038,0.0294791190077934,0.00380751724075088,0.524202542581113,0.0211465147399425,0.00322596200451123,0.000727644343438397,0.00302758998608172,0.000745693166718811,0.00364754221332409,0.000792963324391764,0.00485528996033181,0.000925719487751332,0.00655998533860962,0.00103121111445808,0.0226602095362107,0.00181233863968883,0.246222829165554,0.00921682476101371,0.00591309965488746,0.000873024093415177,0.0055484792984638,0.000870417092760646,0.00693956923111359,0.00100473722013247,0.0098945066299291,0.00116676875062419,0.0141681049403406,0.0014356610894151,0.0784924179404725,0.00394047731544353,1.289607754196,0.0227487479183357
5400,6.3,0.00234383222960709,0.00251613793423546,0.00229120683356508,0.0024501172421332,0.00312930670183628,0.00293791463655347,0.00515762518988992,0.00397724376960597,0.00924777744910777,0.0055604030459297,0.0695533874790716,0.0233414325011767,1.32308115356251,0.254875238140841,0.00185000223648068,0.000874040939511726,0.00177492829745572,0.000876029474424001,0.00225626673815391,0.000983585632675321,0.00328478123531017,0.00121065885799274,0.0050545716528903,0.00149581524347161,0.0295741097948391,0.00377246519832416,0.523870989148961,0.0206861112761345,0.0032548029475324,0.000729542649487672,0.00306742768431292,0.000749882448889623,0.00369302361014173,0.000795963127025295,0.00491004698872011,0.000920169125023146,0.00663751343238677,0.0010340931311942,0.0230339097405574,0.00184210099582285,0.250296903241016,0.00927860809850512,0.00601965997697347,0.000865524233450663,0.00563219535229831,0.000860921489067051,0.00705362059496781,0.000999848685552683,0.0100690659398281,0.00116247077019076,0.0144069162650946,0.00142725485994399,0.0797057104103719,0.00396110894888406,1.30427337922963,0.0223237184534925
5400,6.39999999999998,0.00232124341191663,0.00249022642647012,0.0022692598826856,0.00242229553731408,0.00309659715745428,0.00290175501567839,0.00509950168371498,0.00392319197089362,0.00913736907917672,0.00549311321767687,0.0686767903074538,0.022994155992815,1.30681916662718,0.251148189306145,0.00186252006857044,0.000872633188573289,0.00178564778950946,0.000877026563395891,0.00226896159177808,0.000983188689702348,0.00330337661944838,0.00120879662812264,0.00507898086488354,0.00148198284826257,0.0296900375665531,0.00372470138220942,0.523978396631526,0.0206522837895766,0.00328442193067521,0.000727276672546084,0.00310384033874267,0.000750268538161072,0.00373520346549625,0.000794111290837022,0.00496575548784682,0.000910397188736216,0.00671642851695174,0.00103343304582638,0.0234242164339126,0.00186439002890629,0.255077944454896,0.00919075708026224,0.00612674628064813,0.000856341585161007,0.00571595250688864,0.000852812630170565,0.00716792682659982,0.000995800260530684,0.0102438141761579,0.00115766578974528,0.0146453408284214,0.00141915358233417,0.0808923550909248,0.00397080666695326,1.31699379334149,0.022347025585175
5400,6.49999999999994,0.00229977168784122,0.00246228511998708,0.00224838456767921,0.00239195990599522,0.00306545219226688,0.00286683279067477,0.00504411256829221,0.0038731929858722,0.00903203867955161,0.0054161365803699,0.067839871642499,0.0226266145452447,1.29127530069041,0.247846206118269,0.00187469339454816,0.00087157955851037,0.00179857272936754,0.000878389910735477,0.0022825481581249,0.000984646741608753,0.00332074965434022,0.00120688103821967,0.00510042682334655,0.00147529618880369,0.0297643158407286,0.00370489302057497,0.522923079952908,0.0209935310835528,0.0033145861321877,0.000723829462002804,0.00314318034448114,0.000747987427468375,0.0037808496274171,0.000790483469999085,0.00502119289474876,0.000896842084277679,0.00679424525764803,0.00103343832899004,0.0237936047616141,0.00188818364560572,0.259162508511523,0.00898768737555719,0.00623465915106351,0.000846566342123544,0.00579689676222797,0.000845797604433262,0.0072811651051475,0.000993031032067224,0.0104200635534102,0.0011531977396159,0.0148861798556402,0.00141522694105422,0.0821101900614669,0.00398272034117213,1.33103407479064,0.0228821310039425
5400,6.59999999999997,0.00227933881122439,0.00243609872225349,0.0022285063272499,0.00236434794101438,0.0030357633644395,0.00283257478669755,0.00499126883695216,0.00382313768923907,0.0089314374072425,0.00534088504246109,0.0670399200253761,0.0223132116470328,1.27640145589937,0.24464020308957,0.00188704424524279,0.000870185258344732,0.00181393677236181,0.000879886034056405,0.00229783779672874,0.000987917903668915,0.00333920789643679,0.00120425357487197,0.00512465212361537,0.00147143883949892,0.0298841282779472,0.0036843379492716,0.524068154857115,0.0212104766798212,0.00334564614908911,0.000720958525116747,0.00317794534000464,0.00074558989560815,0.00382208647426559,0.000786921725150104,0.00507691110627195,0.000883368993311347,0.00687201687789409,0.0010349614219237,0.024158721769193,0.0019169647513797,0.263264431299867,0.00878790359731729,0.00634307572774694,0.000838630852888457,0.00587861494101128,0.00084014813173118,0.00739400372699082,0.000989921728954261,0.0105977437487986,0.00114803903148507,0.0151298163718372,0.00141629737908819,0.083384443994593,0.00396977993536766,1.3469414530821,0.023048875289296
5400,6.69999999999997,0.00225987375006331,0.00240874046882847,0.00220955744191591,0.00233743056037676,0.00300743217390232,0.00280153590105522,0.00494079880478076,0.00378096800172037,0.00883524829427967,0.00526028106126886,0.0662744709306646,0.0220317420537913,1.26215383630945,0.241774561822617,0.00189952528223462,0.000871952957956048,0.00182913337075865,0.000885453963804901,0.00231248531976335,0.000992903924204049,0.00335830599062886,0.00120784465660447,0.00515049998128799,0.00147231768773534,0.0300330244445954,0.00368520367175991,0.526969371546995,0.0217753623563172,0.00337784398025298,0.000718932749222694,0.0032091510701568,0.000744874189509782,0.00386183110063684,0.000784035457531919,0.00513347916752532,0.00087199395440337,0.00695078393439071,0.00103859578140274,0.0245309147740713,0.00195807379960204,0.267872936293155,0.00864509769921669,0.00645174762270917,0.00083375628022682,0.00596078360962446,0.000838073734492561,0.00750827310164006,0.000988167909023942,0.0107759829853567,0.00114692668829386,0.0153738175143381,0.00142350495862199,0.084644111466686,0.00395333308405194,1.36239737825921,0.0229659711024338
5400,6.79999999999998,0.00224131186519152,0.00238131006823491,0.00219147625797002,0.00231383311450766,0.00298036893456785,0.00277312950015093,0.00489254614283027,0.00374347404120279,0.00874318263681087,0.00519642505374178,0.0655412788641473,0.0217815310155812,1.24849247120776,0.238847869964776,0.00191203336184685,0.000869455038714523,0.00184729927795641,0.000888553625501737,0.00232899652193013,0.000994985485203737,0.00337741625943427,0.00120671005419278,0.00517646405551685,0.00146926658821036,0.03018620730243,0.00367262784892939,0.530178603201794,0.0222882682357252,0.00341098544442188,0.000717089949666047,0.00324073215282716,0.000742508318775451,0.00390095664925778,0.000782285447455521,0.00519084677256354,0.000866317301637122,0.00703079772160824,0.00104508897835545,0.0249193625302435,0.00199033389810339,0.273371939171377,0.00840765378487941,0.00656095138444459,0.000831400643508855,0.00604749678681646,0.000837655305790132,0.00762496535808987,0.000985462068569815,0.0109560089540281,0.00114628008969221,0.0156211887386661,0.00143137844450129,0.0859619129528481,0.00392902304841365,1.3803239555755,0.023179540582409
5400,6.89999999999997,0.0022235941996242,0.00235100843487497,0.0021742065156788,0.00228596810560518,0.00295449179811673,0.00274337160889064,0.00484636817671225,0.00369431528558796,0.00865497686923401,0.00514732736705845,0.064838293200613,0.0215440844764836,1.23538079968061,0.235892068774822,0.00192456237290147,0.000869983072206285,0.0018653395204137,0.00089339313560091,0.00234569006403346,0.000999939885593904,0.00339669634065085,0.0012069052735013,0.00520297261945144,0.00146883009360816,0.0303492399489134,0.00369080384188603,0.533614938228092,0.022979579900795,0.00344472843733446,0.000717862222964709,0.00327254957298395,0.00074178759156575,0.00394079149053081,0.000781592199466978,0.00524832002968382,0.000865439073549348,0.0071107964246417,0.00105599362589793,0.0253076024139892,0.0020146949454699,0.278982280231898,0.00824502598614795,0.00667084560901422,0.000830643195054974,0.00613578537397226,0.000835464377066923,0.00774485492071142,0.00097975696448151,0.0111376210433272,0.00114411939117711,0.0158710062120461,0.00143826625912371,0.0873033626207087,0.00389635559637561,1.40002415166441,0.0228851545681667
5400,7.00000000000001,0.0022066668614352,0.00233148069517876,0.00215769676562776,0.00226573313737279,0.00292972590593413,0.00271571258907696,0.00480213440869107,0.00366034302961495,0.00857038984843492,0.00508910668846872,0.064163637184966,0.0212617064463655,1.22278530880216,0.233133323432752,0.00193732398905868,0.000870729860764056,0.00187998868663462,0.000894160099770915,0.00236080278515597,0.00100292580654899,0.00341672300099603,0.00120475807158283,0.00523106162799455,0.00146509427246675,0.0305449584739658,0.00368102745113188,0.540199614175904,0.0234502096721322,0.00347902568443156,0.000718458305930752,0.00330306376098436,0.000740094058054682,0.00398017843453138,0.00078162960232141,0.00530623256593573,0.000866984022325187,0.00719140767387893,0.00106832926860459,0.0256983165856169,0.00202118476712438,0.28481956820013,0.00815837066344878,0.00678119856901778,0.000831355180222906,0.00622013085560756,0.000832390821612314,0.0078593479922214,0.000972958588572349,0.0113202789976573,0.00113998973371243,0.0161223894501424,0.00144389671508808,0.0886565228812322,0.00385434711828842,1.42055668357208,0.0225028935231445
5400,7.09999999999996,0.00219048048601649,0.00230933200014165,0.00214189985991345,0.00224230050022517,0.00290600264984883,0.00268962179933362,0.00475972522950699,0.00362107746553553,0.00848920048622116,0.00503052017713716,0.0635155896199922,0.021042661615366,1.21067521746836,0.230663777637556,0.00194963531853871,0.00087147591014635,0.00189034862489351,0.000896151173464503,0.00237417863951823,0.00100428053012831,0.00343537853510417,0.00120233745275809,0.00525602441455989,0.00146390096993889,0.0306926967458592,0.00368549955591015,0.544232433890068,0.0233927482349505,0.00351374727736829,0.000719442535949728,0.0033340246278187,0.000739535981834205,0.00401966824758828,0.000783066042137273,0.00536505153119024,0.000872164717840176,0.00727396139720831,0.0010831303784318,0.0261205638898784,0.00201550243283242,0.292032810931174,0.00815502795780146,0.00689242117629059,0.000830655256299372,0.0063045805233003,0.000828889121267,0.00797542491077168,0.000965682876550421,0.0115051102171949,0.00113602659582946,0.0163779850561574,0.00144490197948368,0.090083391466548,0.00381918904603742,1.44538365453961,0.0221419389698685
5400,7.20000000000001,0.00217498976597791,0.00228630492107855,0.00212677250714078,0.00221596092868747,0.00288325902561335,0.00265818453983841,0.00471903079189912,0.00357747848356979,0.00841120567856039,0.00496867801271884,0.0628925688449784,0.0207953486418497,1.19902219923796,0.228213701151853,0.00196186734857359,0.000873217600964476,0.00190065659802967,0.00089751968804122,0.00238831261000577,0.00100730291367376,0.00345427335151682,0.00119933491122338,0.00528169282085576,0.00146476813885789,0.0308543946768047,0.00370028459970874,0.549206272563773,0.0228935483383724,0.00354877243201565,0.000720617321108979,0.00336350079462615,0.000738708813175097,0.00405735872628631,0.000785226184321567,0.00542392112030878,0.000878329461347539,0.00735646042798589,0.00109824516074135,0.0265368644593291,0.00200500194152565,0.299067492739819,0.0082219526168235,0.00700457038136778,0.000827666110346456,0.00638680163511043,0.000822900106431489,0.00808884011269075,0.000956659558676321,0.0116922136137567,0.00112997359460281,0.0166380850777754,0.00144294359781652,0.0915933020480358,0.00377227404615666,1.4744448652656,0.0217862613471658
5400,7.29999999999994,0.00216015303890019,0.00227085846635483,0.00211227488201778,0.00219818878636574,0.00286143706573302,0.00263789213007001,0.00467995002246098,0.00354606061406371,0.00833621848877411,0.00491772658915568,0.0622931186750542,0.0205592088432858,1.18780013863088,0.226074056313169,0.00197377283405632,0.000877229337416314,0.00190462450518981,0.000897589477110807,0.00239714801130961,0.00101004570247225,0.00347263692297383,0.00119780940416478,0.00530635698077044,0.00146338382960624,0.0310014769809959,0.00371579001979728,0.553262081932064,0.0226867781975765,0.00358414524712421,0.000722880096710346,0.00339824648079887,0.000740339899473972,0.00409881407638197,0.000790241305987693,0.00548315195222881,0.000885736086282264,0.0074393896302126,0.00111085520036552,0.0269488412972867,0.00199579078515199,0.305998110265133,0.00837974599522764,0.00711753129549264,0.000824885405071728,0.00647939758748753,0.000818192183594622,0.00820989459124187,0.000949374672446691,0.0118807623509421,0.0011249925387787,0.0169004667757854,0.00144446891163058,0.0931264484308002,0.00373013749473027,1.50594306810603,0.0211848096163816
5400,7.39999999999996,0.00214593192474735,0.00225044337375566,0.00209837028183542,0.00217588346237633,0.0028404833404291,0.00261311405908794,0.00464238975226287,0.00351338988120523,0.00826406654880245,0.00486991713611484,0.0617158960247136,0.0202966817632504,1.1769849162239,0.223834350483447,0.00198538344653448,0.000876941339020084,0.00190852073377679,0.000894297373898659,0.00240528689926596,0.00100778911402443,0.00349071664659815,0.00119347630861332,0.00533069967051892,0.00145572850709275,0.0311444920250639,0.00374601141782339,0.556668583384953,0.0223343701688399,0.00361947880498447,0.000726707146441982,0.00343434933678822,0.000743121426576193,0.00414138349328031,0.000797085810430254,0.00554219195328385,0.000894759581458827,0.00752205378798712,0.00112365936682526,0.0273572312038988,0.00199536468195595,0.312604610452105,0.00851437206829641,0.00723093905700813,0.000822615552002838,0.00657117786423584,0.000815095675397907,0.0083309578978981,0.000943765978593404,0.0120696356732344,0.00111892356377475,0.0171629006857305,0.0014437132777824,0.0946380390578875,0.00369143347984173,1.53728607938222,0.0208955019814455
5400,7.49999999999997,0.00213229100605266,0.00223176786832377,0.00208502482334868,0.002158846615493,0.00282034851730759,0.00258533341625889,0.0046062639497957,0.00347939361393709,0.00819459064837411,0.0048277102156153,0.0611596599829583,0.020067141537393,1.16655421861649,0.22136718486437,0.00199676667640818,0.000876177642039347,0.00191735942170651,0.00088962766420001,0.00241756344866072,0.00100517942905512,0.00350842701840507,0.00118788585721482,0.00535445610311196,0.00144880317167711,0.0312778150370997,0.00374442933720816,0.55896233311478,0.0222798985564791,0.00365500673734691,0.00073100401778082,0.00347048361261072,0.000746143042804145,0.00418406594118131,0.000804996765217007,0.00560144836134692,0.000903485580857043,0.00760500838609816,0.00113702341044612,0.0277635533998314,0.00199683318160648,0.319076422190477,0.00865152600068519,0.00734511921173755,0.000821090574167088,0.00666759527367312,0.000812263097041272,0.00845427728495063,0.000939134515629422,0.0122597452272021,0.00111678026921526,0.0174272184150761,0.00144627749404796,0.096163913121827,0.0036487451096131,1.56958483443284,0.0207575584360302
5400,7.60000000000003,0.00211919754506701,0.00221515673552812,0.00207220717458393,0.00214212035762831,0.00280098697177515,0.0025611834823822,0.0045714930423548,0.00344559211606784,0.00812764348661557,0.00478883139529453,0.0606232621436891,0.0198321570812293,1.15648736994384,0.219358501690418,0.00200806118502928,0.000874210931846313,0.00192416905585087,0.000883298083837439,0.00242838775195804,0.00100085594910674,0.00352598469658706,0.00117926152738432,0.0053780113913524,0.00144348117612476,0.0314078580976794,0.00376250889884487,0.560783468400503,0.0222736716479738,0.00369045226974387,0.000734713229425727,0.00350732470953065,0.00074900226859763,0.00422694266380099,0.000814185521922868,0.00566081946522344,0.000911947312048811,0.00768824081816393,0.00114551413134394,0.0281729150663727,0.00200828202543588,0.325515142275397,0.00889505720689583,0.00745970441766642,0.000820821850416513,0.00676271815582428,0.000809700198496069,0.00857699662415538,0.000935995769881593,0.0124500314077916,0.00111587908991549,0.0176911375179111,0.0014460406312386,0.0976515517630102,0.00362277314902749,1.59975749453844,0.0207188900139124
5400,7.70000000000007,0.00210662123294893,0.00219876561816275,0.00205988831693547,0.00212698586310461,0.00278235644146038,0.00254046165982424,0.00453800331410782,0.00341686719830965,0.00806308856452919,0.00475233891829744,0.0601056380249579,0.0196250065688252,1.14676518211565,0.217187677284768,0.00201919397256551,0.000870239187569201,0.00193315096680728,0.000878594687366219,0.00244002197695801,0.000994785264788772,0.00354322913715026,0.00117121036018313,0.00540103710587123,0.00143840690549601,0.0315289937771331,0.00377493332516319,0.561633387831233,0.0225525246116984,0.00372591352384104,0.000736607735186534,0.00354508695725258,0.000751284531393382,0.00427096715892436,0.000822089333736589,0.00572002604529539,0.000918179631911384,0.00777085491615404,0.00114986403075632,0.0285639083787202,0.00201685652344919,0.331012778459402,0.00918827395285385,0.00757465793228358,0.000821064843260382,0.00686166088981537,0.00081042870114704,0.00870356290537578,0.000935323987080362,0.0126412362525838,0.00111594255477519,0.0179566232362198,0.00144333442332981,0.0991562209973445,0.00360235960963822,1.63024376337603,0.0209252879095758
5400,7.80000000000003,0.00209453396681378,0.00218058408610118,0.00204804133360756,0.00211006694479742,0.00276441771890881,0.00252021179993786,0.00450572637085229,0.00338085349413174,0.00800079919999971,0.00469935048276825,0.059605799435569,0.0194490549340007,1.13736982137588,0.215210557171,0.00203031730062074,0.000872773342874509,0.00194291568955904,0.000879420815573384,0.00245208750524591,0.000992909776835328,0.0035601428017107,0.00116934023622511,0.00542315705925087,0.00144048842199513,0.0316379095070778,0.00379730712603667,0.562516856239827,0.0223532526874612,0.00376162169694714,0.000734531355892082,0.00357824866023106,0.000750622568595093,0.00431202541981891,0.000827320916503373,0.00577963430332162,0.000919918667343576,0.00785413251797993,0.00114835346659097,0.0289636294225646,0.00202156621253094,0.336764942307329,0.00951143794625496,0.00768980204563767,0.000821265121063745,0.00696425573041651,0.000811721924764166,0.00883110480765192,0.000936172491967025,0.0128327220284223,0.00111683354720639,0.0182221422686849,0.00143808431308725,0.10063818736626,0.00357432901816342,1.65850733747361,0.021269829871199
5400,7.90000000000004,0.00208290965107529,0.00216297482799496,0.00203664122103766,0.00209478908451796,0.00274713437766208,0.00250101679459718,0.00447459866293852,0.00335308489776008,0.00794065764968394,0.0046624172297408,0.0591228276682803,0.0192704099248172,1.12828468912835,0.21317449375069,0.0020415137164404,0.000877075786956012,0.00195413373521026,0.000880058993534877,0.00246502308733566,0.000992871214761291,0.00357744455939311,0.00117096749634111,0.00544633870888876,0.00144525014169155,0.0317633823972635,0.00379438490881591,0.563827242967532,0.0222951205288296,0.00379760057793231,0.000729819995577962,0.00361221954381611,0.000746735023296102,0.00435371053958952,0.000829407323464215,0.00583957633335761,0.000918083172500426,0.00793800189599626,0.00114129142653676,0.0293759943646767,0.00201461824552642,0.342930509561203,0.0097729577547165,0.00780529981344,0.000821137968015037,0.00706774925457659,0.000814792170931848,0.00896080235749049,0.000937121011858189,0.0130247954439776,0.00111908682334118,0.0184883979707635,0.0014363264762622,0.102119300124914,0.00355524879747599,1.6852606800562,0.0210511043602328
5400,8.00000000000007,0.00207172402002788,0.00214693870588313,0.0020256647204216,0.00207414833495048,0.00273047252753697,0.00247826364462568,0.00444456105906344,0.00332263392798026,0.00788255432439427,0.00462280087508868,0.0586558674162431,0.0190572125052648,1.11949431526526,0.211262029579507,0.0020526951840107,0.000881979678995138,0.00196112778647189,0.000882696113407335,0.0024748067381303,0.000993008919337282,0.00359470011067466,0.0011738549221818,0.0054695382887687,0.00145476065238979,0.0318894374927603,0.00380085523869256,0.564890464769188,0.0224710458244331,0.00383407326136967,0.00072461855858627,0.003642457598937,0.000741640519772099,0.0043930563561525,0.000830372712436149,0.00589989880467793,0.000914229855162603,0.00802205486016488,0.00113264457742264,0.0297797305371442,0.00200215392397841,0.348671200408045,0.0100576078721328,0.00792100354044042,0.000821265970763829,0.00717581100238474,0.000819355013736357,0.00909300757004564,0.000939995982765083,0.0132167519214911,0.00112089084214411,0.0187535792436786,0.00143394582548649,0.103547687823987,0.00355001241737301,1.70848929348767,0.0211041204782714
5400,8.10000000000006,0.00206095447905075,0.00213049746454874,0.00201509016686835,0.00205641101024672,0.00271440059551185,0.00245410064164038,0.00441555846467348,0.00329615396743104,0.00782638708647957,0.0045906670355124,0.0582041213239005,0.0188626929321089,1.1109842624815,0.209360554025813,0.00206375380966817,0.000885817343153419,0.00197039747418025,0.000884010587552928,0.00248635331005432,0.000993204899294335,0.00361123114545669,0.00117488613500919,0.00549098779099728,0.0014648250033986,0.0319878481245505,0.00381810703126083,0.564734392493094,0.022671498124545,0.00387089138626106,0.000718563363732069,0.00367350784843041,0.000736682653735689,0.00443293214205945,0.000829974800037559,0.00596065021689493,0.000907893005953361,0.00810673014507803,0.00112218151904103,0.0301936131632643,0.0019909278628495,0.354741223134506,0.0102470130973013,0.00803714144589987,0.000821999531032453,0.00728615167854786,0.000824739934671199,0.00922766905209453,0.00094291722047347,0.0134096108978878,0.00112278339097447,0.0190200468436914,0.00143224855947505,0.1049866377515,0.00353851206465866,1.73118344625659,0.0210566577887271
5400,8.20000000000006,0.00205057996217907,0.00211567891407247,0.00200489735405546,0.00204361541316048,0.00269888912912721,0.00243767964135307,0.00438753947958533,0.00326869401198949,0.00777206061930535,0.00455683649556883,0.0577668450958948,0.0187062108665775,1.10274104026663,0.207497396464995,0.00207508928560663,0.000889637570798001,0.00197976389751352,0.000884823280815532,0.00249846871215944,0.000991305813827662,0.0036287664507972,0.00117088040389369,0.0055148053307254,0.00147449189390442,0.0321268046830004,0.00381977553578942,0.567087669687367,0.0222219290005774,0.00390791101217659,0.000712863161220388,0.00370071756584885,0.000731367909778866,0.00446987235510053,0.000827993984325682,0.00602163764174589,0.000902137110671692,0.00819163924345474,0.0011134912162011,0.0306084899282125,0.00198607791840122,0.36074397321426,0.0101951736272843,0.00815354489494493,0.000821681649168816,0.00739810004143593,0.000830456632379751,0.00936289036290984,0.000946505854083153,0.0136025787635118,0.00112656892476891,0.0192858335901852,0.00143226632302908,0.106380240433699,0.00353815024670813,1.75056681438451,0.020921339008937
5400,8.29999999999994,0.00204058080409602,0.00210525538656273,0.00199506741254665,0.00202939937166349,0.00268391061972931,0.0024192786707851,0.00436045609016968,0.00324687994455421,0.00771948586028458,0.00452202364523674,0.057343343097939,0.0185631707811763,1.09475202744183,0.205750027137163,0.0020862125689052,0.000891294410659257,0.00199014669154326,0.000884505333679382,0.00251036433183369,0.00098965965908711,0.00364533380629607,0.00116735742865457,0.00553622644281051,0.00148612741409391,0.0322304519762315,0.00382706337655096,0.56851380289704,0.0222000789432794,0.00394511519059398,0.000707572868493139,0.00372844298665619,0.000727079176800101,0.00450758841390592,0.000825159690542226,0.0060828865934312,0.000897553486458638,0.00827669939612603,0.0011062277018836,0.031017827030212,0.00198651384519333,0.366416628269428,0.0102472778663608,0.00827061836703908,0.000823103257569004,0.00751254062486349,0.000836823753893545,0.00950046722155747,0.000951405329198973,0.0137965371494322,0.00113050529690361,0.0195526928806458,0.001434594489722,0.107767572406424,0.00355472172794695,1.76884391187777,0.0208509563254674
5400,8.39999999999999,0.00203093862486069,0.00208970244116461,0.00198558270017916,0.00201785992595571,0.00266943934324352,0.00240141109919638,0.00433426339206664,0.00322319059660456,0.00766857949005556,0.00449171549239685,0.0569329643924398,0.0184381894074568,1.08700540225971,0.204185291711312,0.00209715764369615,0.000892220667957188,0.00199937054628824,0.000881603824298734,0.00252101699908536,0.000985310330038468,0.0036615632055452,0.00116334752555877,0.00555720145166103,0.00149605126842831,0.0323245417951911,0.00383128055401973,0.568299748690944,0.0217295924820585,0.00398245332901257,0.000701860326355929,0.00375431580207665,0.000724562552118966,0.00454354457784712,0.000821374334546697,0.00614458088032066,0.000891579377885573,0.00836254601687836,0.0010978470960142,0.031438812897804,0.00198349370322617,0.372517040073589,0.010284522406717,0.00838828919126652,0.00082577146528213,0.00762581587466369,0.000844532944315439,0.00963863395867116,0.000957002709294518,0.0139914688461512,0.00113339449130524,0.0198210299501588,0.00143777471392624,0.109171976023864,0.00357639659371409,1.78675386203522,0.0207886038429299
5400,8.50000000000001,0.00202163622590918,0.00207345886454831,0.00197642670313861,0.00200357339834221,0.0026554512164693,0.00238455174207509,0.00430891933993431,0.00319759689507962,0.00761926347138045,0.00445350805596889,0.0565350991591955,0.0182993091300305,1.07949007921232,0.202439563519408,0.00210830406730351,0.00089201515188958,0.00200977323440863,0.000881103197125279,0.00253357993265735,0.000980315472923778,0.00367860623407071,0.00115971383819665,0.00558013739694445,0.00150701036974927,0.0324512887265653,0.00382402887226472,0.569889893419091,0.0215220967914509,0.00401996885722801,0.000697581855229041,0.00378470175973521,0.000723129683728579,0.00458329965741624,0.000816979212655268,0.00620664125718381,0.000886701089595633,0.00844892011178582,0.0010909355844651,0.0318652138256749,0.00198027795305299,0.378791549740899,0.0101299723197223,0.00850628524272894,0.000827950313034743,0.0077314126553662,0.000850345837813438,0.00977017092425216,0.000960608810905109,0.0141866802786175,0.00113539562692566,0.0200892572019827,0.001440359389918,0.110552717229054,0.00360924885986327,1.80280671880335,0.0207726087590322
5400,8.60000000000003,0.00201265749605625,0.00206165963422001,0.00196758394651744,0.00199023415379519,0.00264192366714829,0.002368628144103,0.00428438452118343,0.00317110017499974,0.0075714646321667,0.00441444098346773,0.0561491754578986,0.0181598870039512,1.07219565180197,0.200915278680964,0.00211928244067529,0.000890011867472883,0.00201979966725386,0.000881799615514981,0.00254610612609736,0.000975621691473897,0.00369501168914699,0.00115672776599752,0.00560154473271714,0.00151537166617566,0.0325539720612977,0.00383649003430653,0.570497206104268,0.0214037057833202,0.00405764170029132,0.000693126555716749,0.00381365711425964,0.000722928622753746,0.00462201486273534,0.000811526777151378,0.00626903812270968,0.000881640728020087,0.00853570483106221,0.00108359132895536,0.0322918560319584,0.00197637501570815,0.385052502090276,0.0100485429164711,0.00862455959871706,0.000829286938193052,0.0078387605381359,0.000854988582007817,0.00990397037535541,0.000962392063007692,0.0143818662298461,0.00113684262786611,0.0203564389826576,0.00144302972309334,0.111875167492128,0.00363470966833218,1.81499515750402,0.02059679833467
5400,8.69999999999991,0.0020039873263868,0.00205134696848922,0.00195903991330684,0.00197811983577774,0.00262883551628003,0.00235445657773978,0.00426062195104121,0.00315363453659393,0.00752511428772987,0.00438603439179441,0.0557746562946861,0.0180237446796047,1.06511234062336,0.199111702712253,0.00213018077087428,0.000888025008321934,0.00202877389859358,0.000882190042181538,0.00255795225821255,0.000969985254410307,0.00371117661996115,0.00115317406082774,0.0056223440541048,0.00151879060711144,0.0326495241502152,0.00383628085343369,0.571397953191164,0.0215987395344518,0.00409517669904964,0.000690526267564536,0.00384565575882389,0.000723710866964709,0.00466348159161855,0.000805852354310577,0.00633124209966083,0.000878249177277079,0.00862215135894483,0.00107898733265065,0.0327147484943184,0.00196562496929842,0.390981028189092,0.00986286545527458,0.00874369900728834,0.000829716223460044,0.00795464481238189,0.000858433693177344,0.0100448418898493,0.000963841610879823,0.0145786751048187,0.0011376865251302,0.0206264354023376,0.001445379875334,0.113246331818597,0.00365708596945393,1.82861999626914,0.0204830129526671
5400,8.80000000000001,0.00199561153306662,0.002039221572793,0.00195078097090334,0.00196496021662725,0.00261616687135082,0.00233883486165073,0.00423759688661903,0.00313076914527593,0.00748014789802472,0.00435829299838576,0.0554110369596913,0.0178817323643636,1.05823094618642,0.197655192719449,0.00214103154938106,0.000885552315508759,0.00203701931083731,0.000881833790765741,0.0025689493395631,0.000966244342437044,0.00372745205629086,0.00115147939761275,0.00564351254162439,0.00151658456117232,0.0327517666336534,0.0038369067354226,0.572610384538189,0.0218513420824901,0.0041327571464351,0.000688424919797236,0.00387404998521663,0.000723820886146323,0.0047032304785036,0.000799174113633243,0.00639385797905998,0.00087337565633699,0.00870950420432582,0.00107532922072882,0.0331547000718656,0.00196511971203282,0.397631157546729,0.00960341254967531,0.00886347356586203,0.000829507959882562,0.00805868637015748,0.00086084711243002,0.0101771513309738,0.000964324178917613,0.0147766073560286,0.00113781462644053,0.0208978921782688,0.00144759312087869,0.114618064830572,0.00367067567188478,1.84269649577528,0.0203779183796614
5400,8.89999999999999,0.00198751678722083,0.00202670852695849,0.00194279430432437,0.00195271816262891,0.00260389902930575,0.0023190639419579,0.00421527665794653,0.00310486198370552,0.00743650475610029,0.0043282152718182,0.0550578426066273,0.0177439845866053,1.05154280597789,0.196087000982762,0.00215187594965419,0.000883861917292449,0.00204211403052577,0.000883806176521127,0.00257805546972809,0.000963438159583084,0.00374414138030868,0.00115003702064354,0.00566588465916062,0.00151316637336067,0.0328732192898045,0.00383157528281937,0.574283609722575,0.0220085874955503,0.00417027822552081,0.000687533293418804,0.00390062698281177,0.000723237113175225,0.00474022038331816,0.000790654067953824,0.00645646226203449,0.000871480974698583,0.00879670895996945,0.00106950591485967,0.0335856025404265,0.00196188818619898,0.403815846103731,0.00933679978957406,0.00898381095585683,0.00082871496912161,0.00816572217841318,0.000862668851212962,0.0103115953900281,0.000964882583402949,0.0149755509457839,0.00113751287072259,0.0211707157116284,0.00144701912318013,0.115995547989329,0.00367904439922706,1.85651643643965,0.0203847433186004
5400,9,0.00197969055113258,0.00201569723509296,0.00193506785542489,0.00193932011609341,0.00259201438823558,0.00230787652981601,0.00419363051418051,0.00308067771333351,0.00739412770448558,0.00429201971385393,0.0547146260489217,0.0176084155534181,1.04503975532086,0.194541273471953,0.00216267877863185,0.000885358884945879,0.00205108574881333,0.000887637895926314,0.00259001604828915,0.000965152573930855,0.00376087973171786,0.00115137528705885,0.00568852314341615,0.00151479322977297,0.0329990394574583,0.00384434307767926,0.575887303251068,0.0217621419668674,0.00420786325115052,0.000687160181591246,0.0039296283590684,0.000722260565999989,0.00477918490186202,0.000783601105639206,0.00651932442315142,0.000868669684830532,0.0088843868719663,0.00106392920095523,0.0340236541786359,0.00195864860357723,0.410227484013831,0.00919325535860205,0.00910505201562437,0.000828062606966752,0.00827124987226876,0.000863595165145253,0.0104459322267824,0.000965085475531492,0.0151757721514246,0.00113775137703839,0.0214452666782497,0.00144627296509222,0.117383697928399,0.00368306992291359,1.87073536548973,0.0203930993068587
5400,9.10000000000001,0.00197212102010373,0.00200177753497701,0.00192759026749184,0.00192573966733954,0.00258049636687358,0.00229083962576064,0.00417262948341283,0.00305324870115614,0.00735296287660954,0.00426458964371264,0.0543809657499793,0.0174461414941509,1.03871409164306,0.19313010089057,0.00217347586777909,0.000886237402824141,0.0020612922122845,0.000890237539746454,0.00260159760517153,0.000965725085805697,0.00377754562142118,0.00115240935597161,0.00571091201647396,0.00152017128730434,0.0331228910099723,0.00384575697955773,0.578039880370527,0.0213638167672883,0.00424522569736588,0.000688793806442816,0.00396764021759588,0.000723436501109173,0.00482406370800169,0.000777851535104268,0.00658204939246288,0.000866493359971548,0.00897186552748466,0.00105873914297365,0.0344579568848034,0.00195840309172139,0.416338395508716,0.00922288950155206,0.00922686481662314,0.000826892629165026,0.0083782089012465,0.00086331229373407,0.0105820737396962,0.000964248188897086,0.0153768775267636,0.00113622877809509,0.0217208773895447,0.00144630038003124,0.118765745006931,0.00368378932382499,1.88511373208732,0.0200246818880724
5400,9.19999999999997,0.00196479706939679,0.00199043094995606,0.00192035083466607,0.00191628106584706,0.00256932933110291,0.00227957009879044,0.0041522462446852,0.00303887814182212,0.00731295946069548,0.0042314137380754,0.0540564639877622,0.0173156360261059,1.032558541809,0.191586121572366,0.00218424463000734,0.000886935162012663,0.00207267693399565,0.00089316986909143,0.00261432056898689,0.000966476005851594,0.00379411586570426,0.00115167056911845,0.00573308310843499,0.00152574958124626,0.0332445220137131,0.00386082891227743,0.580387277846874,0.0215802956706462,0.00428230560838717,0.000690762759820367,0.0040008700171191,0.000724393768834903,0.00486632071285547,0.000773463911938387,0.00664434563200255,0.000866778408923122,0.00905858240064702,0.00105717227531562,0.0348792920738377,0.00196400998767166,0.421708384485549,0.00914347191204216,0.00934892821592154,0.000825157552552273,0.00848784523489098,0.000862121540488098,0.0107210168570038,0.000963118218531124,0.015578400464726,0.00113321135856006,0.0219967636125057,0.00144570580276246,0.120130956216163,0.00368177717277906,1.89793359321987,0.0197576719588581
5400,9.30000000000001,0.00195770820574491,0.00198058901963108,0.00191333945570555,0.00190623265858739,0.00255849852676875,0.00226755320264949,0.00413245501098122,0.00302213591384675,0.00727406948386909,0.00420248072967438,0.0537407451761845,0.0171985340755261,1.02656623221269,0.190188042758739,0.0021950910786738,0.000888806741429995,0.0020845356424586,0.000895968251174013,0.002628066997121,0.000969379700709001,0.00381108263671688,0.00115021499354761,0.00575625242918901,0.00152904964621615,0.0333845542737537,0.00389402044608628,0.583932199902583,0.0212885750062169,0.00431918662841256,0.000693331071915309,0.00403661206513799,0.000725616008030744,0.00490975388493362,0.000769899722881809,0.00670634628444526,0.000867526588274046,0.00914477771015343,0.00105448553283757,0.0352935320650757,0.00197126215756085,0.426647145240297,0.00902432256371539,0.00947183536027148,0.000822602465152599,0.00859435442438133,0.000860249122295455,0.0108568874127324,0.000962130266973303,0.0157812392361809,0.00113021427511568,0.0222745428571083,0.00144475497597422,0.12150993775934,0.00367386350638948,1.91145248287024,0.0193555990173537
5400,9.39999999999998,0.00195084452297522,0.00197002599225321,0.00190654659165877,0.00189258945873353,0.00254799001816895,0.00225258167154665,0.00411323142210564,0.00300166859003377,0.00723624761447565,0.00417208887788584,0.0534334543277864,0.0170810436051555,1.02073066135942,0.188699325315311,0.00220583313666176,0.000891553350619151,0.00209301467436365,0.000897876545322085,0.00263861479542039,0.000972617543195798,0.00382792821701919,0.00115362637486452,0.00577932604527396,0.00154070485234033,0.0335240504932823,0.00392260031164892,0.587190847924512,0.0211094426192507,0.00435602566561588,0.00069593837718316,0.00407019751041389,0.000726934938324636,0.00495203029625883,0.000768418384915636,0.00676827159123526,0.00086868893922573,0.0092307799124111,0.00105268034514628,0.0357012117998214,0.00197862907723054,0.431176786123387,0.00906641475394605,0.00959536318067351,0.000820659411858798,0.00870488685519366,0.000859502985738256,0.0109955558351181,0.000961088587539694,0.0159847348970899,0.00112779285839519,0.0225529593905885,0.00144339422009536,0.122876027519357,0.00366042926211899,1.92372110154701,0.0191093327825469
5400,9.49999999999999,0.0019441966613421,0.00195863941857051,0.00189996322706586,0.00187889381676012,0.00253779063166799,0.00223779576748154,0.00409455244648376,0.00298435149348941,0.00719945098082726,0.00413978642476773,0.0531342556439241,0.0169391875798963,1.0150456746968,0.187373692356206,0.00221647498622508,0.000893979516564613,0.00210281165613128,0.000900577369614896,0.00265102356051327,0.000977408224132843,0.003844310588104,0.00116036929616836,0.00580130965644646,0.00154768504357893,0.0336473072950587,0.00395613136766979,0.58994178736549,0.0211924164533719,0.0043928074435491,0.000699797827495473,0.00410730120191958,0.000730600918909707,0.00499640847355305,0.000768438554185829,0.00683010297428405,0.000873349443635991,0.00931666767837607,0.00105319269787372,0.0361113370855657,0.00199291094218508,0.435630361075039,0.00906902393650601,0.00971954911383746,0.000818457948394017,0.00880805119564127,0.00085752503009692,0.0111313841395382,0.000959804005221849,0.0161893978647909,0.00112454919587327,0.0228332321709432,0.00144273220395423,0.124263725257918,0.00364421235482039,1.93657942057207,0.0187474711560164
5400,9.59999999999997,0.00193775577021185,0.00194422041894136,0.00189358083434725,0.00186419187208384,0.00252788790394035,0.00222311606697389,0.00407639629102087,0.00296065727345776,0.00716363900479874,0.00410595783049207,0.0528428312202116,0.0167989047405238,1.00950544148137,0.185985005731156,0.0022270453475032,0.000895670521775568,0.00211365365271501,0.000902455291334466,0.00266248043250156,0.000981056058639194,0.00386038485011989,0.00116513584045061,0.00582260426219093,0.00155373554545381,0.0337604439621676,0.00398876541380879,0.592302907753581,0.0214286898045484,0.00442952376976284,0.000702041731731381,0.00413609132855795,0.000731637983813113,0.00503397029982897,0.000768666487172535,0.00689176404530591,0.000876535624985076,0.00940236962800737,0.00105132837990597,0.0365229993996358,0.00199208661290733,0.440017660497904,0.00909269837187648,0.00984434445243853,0.000816676168175812,0.00891276625358453,0.000855362740709914,0.0112649946862281,0.000959667993490965,0.0163955064913326,0.00112133554690271,0.0231159237721553,0.00144014891351933,0.12568229237414,0.00363533657390399,1.95110541347005,0.0185994278881078
5400,9.70000000000001,0.00193151347377925,0.00193222484379169,0.00188739134107706,0.00185198263802289,0.00251827003440317,0.00221141417900831,0.00405874231825579,0.0029431076725748,0.00712877324886227,0.00407391020733672,0.0525588798562924,0.0166714706138275,1.00410443348901,0.184678977100998,0.00223762917113849,0.000899150454988636,0.00212559968509465,0.000904837906375738,0.00267566917022345,0.000985833261810377,0.00387674355152641,0.00117119707536271,0.0058447237621757,0.00156040112467534,0.0338880396549697,0.00401900117107199,0.595178204865135,0.0216453300471577,0.00446628009043277,0.000705831170276134,0.00417446692515253,0.000734759044129936,0.00508078532062841,0.000770837367818133,0.00695350400763239,0.000882107328945312,0.00948823222858855,0.00105032813168081,0.036936682089337,0.00199910486491082,0.444472224911255,0.00928691443827852,0.00996938620934808,0.00081480417247533,0.00902277072450275,0.000853303916374434,0.0114055063313043,0.000958142463974892,0.0166022103022616,0.00111874709678042,0.0233993158719514,0.00143539413811498,0.12709094101648,0.00362421553485831,1.96477317693553,0.0184463507840802
5400,9.8,0.0019254618395312,0.00192455002936417,0.0018813870998705,0.00184143802136626,0.00250892584144582,0.00219879293167389,0.00404157097012472,0.00292700306005882,0.00709481727530331,0.00404649429578268,0.0522821159602,0.0165713242842706,0.998837405399643,0.183599194687691,0.00224820841646679,0.000899326085277166,0.00213693047783325,0.000904816282829867,0.00268864965422123,0.000990115613363484,0.00389296227049872,0.00117815637288124,0.00586644200872071,0.00155888099917146,0.0340108039561683,0.00402835461415949,0.598350810506972,0.0218011551927556,0.00450309748548652,0.000708980426068872,0.00420908131760916,0.000736950018156583,0.00512380604148714,0.000773651457693584,0.00701533090659932,0.000887636174852613,0.00957422355073778,0.00105049557988329,0.0373542081819038,0.00200621895610446,0.448977687115138,0.00943719670731522,0.0100950878731867,0.00081340498280844,0.00913344098505904,0.000852603634065758,0.0115463268423644,0.000956681642113253,0.0168101333550379,0.00111787956158454,0.023684490592059,0.00143269764628127,0.128513452084597,0.00362441576974959,1.97925329560676,0.0183492033417477
5400,9.90000000000002,0.0019195933492028,0.00191387710940663,0.00187556086064403,0.00182797192185179,0.00249984472210536,0.00218998333197742,0.00402486369772471,0.0029100758220375,0.00706173651649368,0.0040248640216852,0.0520122685385886,0.0164549387625042,0.993699376702762,0.182490216282643,0.00225852267299484,0.000900681893879617,0.00214965904952516,0.000905998807172493,0.00270250968651624,0.000993158528137466,0.003908537713841,0.00118541878912609,0.00588692603088695,0.00155334095850725,0.0341121525069536,0.00403529981666627,0.59956827231565,0.0220501884589157,0.0045400026042915,0.000711883269751002,0.00424531752041227,0.000739968668953876,0.00516774625822118,0.000778866113084263,0.00707724182417689,0.000893547790700211,0.00966029418109499,0.00105141978782797,0.0377697950985756,0.00201363535067696,0.45334038994902,0.00963515485120838,0.0102215893824954,0.00081202822566198,0.00924296089562689,0.000852647489003017,0.0116871723532352,0.000955587720128914,0.0170196715545906,0.00111738780923651,0.0239724768899998,0.00142953901667487,0.129986024772935,0.00361109859332986,1.9954796871045,0.0182735787694298
5400,9.99999999999999,0.00191390087199791,0.00190152990126088,0.00186990574503152,0.00181659806611548,0.00249101661487371,0.00217695630197396,0.0040086028965296,0.0028958467943609,0.00702949815521503,0.00400438400178279,0.0517490802650312,0.0163444222046616,0.988685614987187,0.181331882675772,0.00226887192464902,0.000899859454947423,0.00215780083128037,0.00090530686260009,0.00271328053163752,0.000994956863514633,0.00392456713489943,0.00119299620617601,0.0059086456379568,0.00154827697825112,0.0342342600769572,0.00401495028701762,0.60152614085896,0.0222421515299472,0.00457695873303974,0.000713838620912428,0.00428276250433581,0.000742236845633949,0.00521336315750877,0.000783671170231955,0.00713946058582261,0.000899454592308809,0.00974715047630581,0.0010506792910263,0.0382049074709943,0.00202174900107092,0.458475647361554,0.00983365544850373,0.0103483434468663,0.000810446746541536,0.00934892344402369,0.000851164458760264,0.0118253236689232,0.000953936742881988,0.017229187772281,0.00111691202117336,0.0242594088568181,0.00142502665040776,0.131389537131341,0.00359856492743179,2.0086957785484,0.0182400158718291
5400,10.1,0.00190837763987014,0.00189309189849887,0.00186441522276276,0.00180965784882928,0.00248243196535493,0.00217039216457213,0.00399277184656813,0.00288338669049524,0.00699807101413002,0.00398706827193702,0.0514923066193853,0.0162371673494786,0.983791620492251,0.18011704403346,0.00227913645448029,0.000898428047289791,0.00216742420752485,0.000904052193780916,0.00272483011601326,0.000994640825703652,0.00394026065842536,0.00119723635073953,0.00592947767821416,0.00154553749573709,0.0343441316448529,0.0039835108379595,0.603603299375141,0.0220553808870692,0.00461391477036842,0.000714734256677987,0.00432165710293213,0.00074440837371804,0.00525978348253966,0.000787845303512429,0.00720174684987163,0.000903700273336285,0.00983416548139565,0.00104794832275567,0.0386423443365988,0.00202575815981474,0.463657493956051,0.00995588153024785,0.0104758232129851,0.000809127931125351,0.00945928619250989,0.000851010165065106,0.0119665915077795,0.00095421631768917,0.0174405063924664,0.00111745251728451,0.0245495007966081,0.00142086828250903,0.132840544509065,0.00359564191864122,2.02470003460301,0.0181339840673559
5400,10.2,0.00190301722468066,0.0018837493815261,0.00185908308982983,0.00179870251566796,0.00247408169451969,0.00215938163264495,0.00397735465712377,0.00286789119751557,0.00696742545359072,0.0039660952633875,0.0512417150919404,0.0161375890352373,0.979013111809823,0.178899000053052,0.00228940835436151,0.000898108783848688,0.00217711755487461,0.000904085093352551,0.00273692466136921,0.000995116802516892,0.00395628086495515,0.00120097387251778,0.00595124243590078,0.00154024936052226,0.0344694218479582,0.00394892290772229,0.606071142863139,0.0220211828628601,0.00465116584347492,0.000716105100387083,0.00435553551261927,0.000746960090492914,0.00530289606053306,0.000793471842720335,0.00726450303135241,0.000906775875004224,0.0099218897181819,0.00104463648638024,0.0390844787615524,0.00202864002243663,0.469169447994894,0.010069420477851,0.0106040719213553,0.000807990439095511,0.00957290516655609,0.00085172149764997,0.0121103472723239,0.000953669945630143,0.0176533203402136,0.001117455510728,0.0248419707563702,0.00141598051680027,0.134321643104395,0.00359398111476848,2.0423703101365,0.0181605680116062
5400,10.3,0.00189781351706792,0.00187471211594879,0.00185390344828486,0.00178950485257914,0.00246595716932924,0.00214863917977414,0.00396233621556022,0.00285259516604389,0.00693753327705484,0.00394784002642238,0.0509970844466895,0.0160147672174133,0.974346012637501,0.177752777513921,0.00229960055006685,0.000894121715675369,0.00218676164639055,0.000900215581659419,0.00274848307666252,0.000992105156726087,0.00397211639817494,0.00120045590519277,0.00597263793102721,0.00153313625346437,0.0345890514074615,0.0039338335516486,0.608205933898112,0.0218504207269302,0.00468848384971546,0.000716788213953645,0.00438655026965091,0.000748002815241508,0.00534423244401656,0.000797394932957382,0.00732740237013414,0.000908836684390892,0.0100097877427044,0.00104106480622494,0.0395276894214205,0.00203517592676674,0.474642778499432,0.0101305869360609,0.0107329560147857,0.000806692089459883,0.00968073399155945,0.000851816624276201,0.0122502331543245,0.000952726597711446,0.0178673166229194,0.00111829320260617,0.0251362577930729,0.00141412353210046,0.135818579216221,0.00358254639876846,2.06105945780107,0.0180927579522702
5400,10.4,0.0018927607068811,0.00186716719132899,0.00184887068752791,0.00178302868297679,0.00245805017552415,0.00214009493616416,0.00394770213991583,0.00283936511495183,0.00690836764345312,0.00392847938150791,0.0507582040386297,0.0159275932922243,0.96978643949357,0.176679675118204,0.00230979250269668,0.000890864324935858,0.00219584401692725,0.000898363956782875,0.00275934545162901,0.000989710097736265,0.00398805768915798,0.00120042267395883,0.0059942735006703,0.00152857137053124,0.0347142139921274,0.00392859099980469,0.610970608079996,0.021882967001219,0.00472598224913692,0.000716195195808674,0.00442069036736856,0.000747436330537369,0.00538778476777019,0.000800486755792202,0.00739064505407226,0.000909767161061389,0.0100982648748762,0.00103556388985851,0.0399784092328833,0.00203526341742294,0.480474561737361,0.0102202049896974,0.0108621256291159,0.000806088455837132,0.00979762425986124,0.000852075092657504,0.0123987321693568,0.000953048210085166,0.0180814352256909,0.00111943127817298,0.0254303647446228,0.00141278274238433,0.137297938923648,0.0035768572588244,2.07802601357356,0.0180139888593023
5400,10.5,0.00188785326504289,0.00186223320251945,0.00184397946695775,0.0017773651361944,0.00245035289239294,0.00213285053517874,0.00393343873494525,0.0028246932845941,0.00687990298591501,0.00391079585623304,0.0505248731804929,0.0158218074634922,0.965330690312393,0.175522935764691,0.00231990168896258,0.000886431067556034,0.00220406762483081,0.000895519709490031,0.00277046576231311,0.000986182610942749,0.00400383615872249,0.00119710378094916,0.00601562681131864,0.00152401471641501,0.0348348879509951,0.00391023282921433,0.613296092047694,0.0218426436882322,0.00476348538104477,0.000713601472611549,0.0044532236809649,0.000745990545136029,0.00543076691359905,0.00080221019742331,0.00745391892212698,0.000908579337092914,0.0101867802524396,0.00102865092873219,0.0404287098425348,0.00203388783027627,0.486189885106253,0.0101582148843277,0.0109920854543943,0.000804491188182992,0.00991806578665708,0.000852859759861662,0.0125492403454147,0.00095185504878031,0.0182972534211605,0.00111998212435711,0.0257275865941124,0.00141162491593801,0.138837680781684,0.00357058818550949,2.09742107987863,0.0179830699624176
5400,10.6,0.00188308592672126,0.00185523054299258,0.0018392246998706,0.00177089336941638,0.00244285786935366,0.00212304521455515,0.00391953295131768,0.0028092647398648,0.00685211493631828,0.00388776218907979,0.0502969005547589,0.0157268751872921,0.960975233847033,0.174412862213054,0.00233000275000922,0.000882483256314433,0.00221211003714901,0.000893436581170196,0.00278227879431446,0.000984351153024341,0.00401968363966445,0.00119101678809096,0.00603721830354452,0.00151901168369406,0.0349598827704089,0.00390456640825294,0.615722837397762,0.0217496995234358,0.00480112794026249,0.000711830019438514,0.0044822568282954,0.000744395930022353,0.00547094244665196,0.00080383128655027,0.00751754357202461,0.000908747359221993,0.0102758899938095,0.00102228060825753,0.0408852608678686,0.00203612779710705,0.492207101858726,0.0102140990685619,0.0111224537469936,0.000803625199511575,0.0100342509685718,0.000853890546880341,0.012696434555498,0.000951109972085623,0.0185140983369494,0.00112242192720785,0.0260263118401496,0.00141143487746941,0.140382282819939,0.0035747191438752,2.11689079088877,0.0179673653083038
5400,10.7,0.00187845367570044,0.0018480223263686,0.0018346015385028,0.00176262871322604,0.0024355580041975,0.00211182768585409,0.00390597234770892,0.00279449686928486,0.00682498025517746,0.00386615190743765,0.0500741036671859,0.0156377561423376,0.956716699812932,0.173390770886974,0.00234011285270113,0.000880219207873645,0.0022206848075333,0.000891613449899165,0.00279262863623073,0.000981251451985621,0.00403567502881811,0.00118573467942747,0.00605920561639858,0.00151500774945274,0.0350921774483377,0.00388368905846137,0.618519764101276,0.0214997665504129,0.00483884876710869,0.000709844294589626,0.00451431475260981,0.000742218643319677,0.0055130651132586,0.000804827816349975,0.00758138830579829,0.000908272465346849,0.0103653889582334,0.00101578757600928,0.0413480819790562,0.00203974714873962,0.498420743047115,0.0101649853509098,0.0112535967388503,0.000804269469019127,0.0101485123207525,0.000855359317624396,0.0128446566302676,0.000951397716343127,0.0187319528322177,0.00112588511485007,0.0263262093079947,0.00141241436672051,0.141921725391798,0.00357586051958373,2.13592340103626,0.0179712719564859
5400,10.8,0.00187395172985248,0.00183959924337917,0.00183010536012342,0.00175348861585014,0.00242844652285773,0.00210342699932217,0.00389274505554935,0.00278044239183337,0.00679847676643366,0.00384551605964729,0.0498563083384615,0.0155558030488517,0.952551869712119,0.172434961352244,0.00235001674879246,0.00087802543381309,0.00222980527541887,0.000889593528015855,0.00280331093681921,0.000977942877964115,0.0040510534829732,0.00118031300216665,0.00607988138100757,0.00151291510026757,0.0352026984646166,0.00389632101172242,0.619897414690403,0.0215202176366851,0.00487661672298603,0.000708463000666904,0.00454672977265651,0.00074020175649452,0.00555663128096391,0.000805795358828448,0.00764537184989924,0.000908143193185357,0.0104550922154138,0.00101092514600502,0.0418133849882074,0.00204303543166174,0.504740722981691,0.0100700400917577,0.0113857276813832,0.000804403566363559,0.0102608708778251,0.000856130704804883,0.012990260465184,0.000950882320998261,0.018951959304015,0.00112653535886396,0.0266298308633523,0.00141238954176093,0.143520120642637,0.00358861639753749,2.15803688411051,0.0180100426077358
5400,10.9,0.00186957552761952,0.0018321482528736,0.00182573175409125,0.00174508559523908,0.00242151696058004,0.00209376166052093,0.00387983974621199,0.0027689700261279,0.00677258329674767,0.00382659994948293,0.0496433482308849,0.0154688321904458,0.948477668283631,0.171402228030705,0.00235994994785021,0.000876689899046022,0.00223803628963608,0.000887881912602687,0.00281363137024575,0.000975494315255267,0.0040665454250369,0.00117737035989209,0.0061008395589225,0.00151237980417495,0.0353193666321363,0.00388065942914516,0.621803614585662,0.0213992881690208,0.00491442133818362,0.000706783042632391,0.00458261486336729,0.000737890923676251,0.00560174578653056,0.000806463746884377,0.00770936471644152,0.000905922785084525,0.0105446375755489,0.00100609336153655,0.0422706333311139,0.00204897014992302,0.510690796047525,0.010057258645386,0.0115184386472128,0.000805043845492778,0.0103743296389485,0.000856711917286358,0.0131368209892465,0.000950300812094047,0.0191725156063097,0.00112721839367193,0.0269336430021342,0.00141162331037687,0.145085949797653,0.00359796351156941,2.17847720085509,0.0178918753350796
5400,11,0.00186532071542537,0.00182297252155701,0.00182147650979882,0.00173593042318674,0.00241476314438161,0.00208271398038594,0.00386724560044476,0.00275238109534556,0.00674727961893572,0.00380812371350695,0.0494350644072798,0.0153860728356543,0.944491155530575,0.170534086890096,0.00236980952727934,0.000877128851383865,0.00224969438832007,0.000887959215430953,0.00282644739575618,0.000974247293785028,0.0040815162459938,0.00117449862494802,0.0061204791643362,0.00150955484192577,0.0354153380391715,0.003882033746782,0.623137034393466,0.0213442817742235,0.00495216601688474,0.000707073107916781,0.00461425853266836,0.000736338104022586,0.00564357872685788,0.000807170132869022,0.00777353998178641,0.000905451354397642,0.0106345550586885,0.0010017435821117,0.0427334903665824,0.00205352950562844,0.516811662283683,0.010073672828297,0.0116518353393149,0.000805279327397806,0.0104930454739425,0.000857309553093934,0.0132878590304161,0.000949291905388874,0.0193942180464558,0.00112858510786227,0.0272391615560461,0.00140977439989402,0.146663234237606,0.0036132441490574,2.19936034265405,0.017973283958298
5400,11.1,0.00186118313594252,0.00181712296809807,0.00181733560543309,0.00172843298179444,0.00240817917669705,0.00207439695869149,0.00385495227986905,0.00274021550143724,0.00672254639921972,0.00379279904783886,0.0492313049195873,0.0152880937620309,0.940589519278239,0.169677332992813,0.00237968452811478,0.000877359682091221,0.00226003753629784,0.000887792355463107,0.00283764138773067,0.00097176501386036,0.00409656020916459,0.00117166719253184,0.00614035445220342,0.00150612998516882,0.0355157923539099,0.00386951033522231,0.62462488829143,0.0212591094951516,0.00498987870766668,0.000707576713941988,0.0046478776371347,0.000735467672616107,0.00568608706353836,0.000808984355481157,0.00783779900641485,0.000906382617972145,0.0107246550001929,0.000999564584432786,0.043201315231846,0.00206136303065978,0.523087849185118,0.00999799237146485,0.0117859320487817,0.000805733479556794,0.0106118133439268,0.00085739710943241,0.0134404816394761,0.000948086144839593,0.0196173980718729,0.00113001462079477,0.0275471729398852,0.00140750000208978,0.148280348869314,0.00362646216277558,2.22175997749235,0.018082053414325
5400,11.1999999999999,0.00185715881714719,0.00180883105706805,0.00181330519748854,0.00172045688876447,0.00240175942011756,0.0020644901071216,0.00384294990038244,0.00272992095356059,0.00669836514799355,0.00377650505037275,0.0490319244248223,0.0151994728342746,0.936770068222699,0.168720833378371,0.00238951708520312,0.000876752541773555,0.00226819608805631,0.000886240141185198,0.00284785851212869,0.000970676066064779,0.0041115192168945,0.00116871401693243,0.00616016799394079,0.00150291714344142,0.035615169300745,0.00387581173055809,0.625638893126523,0.0210976335367883,0.00502761931558055,0.000708083345997269,0.00467517712343586,0.000734348997271306,0.00572449371163396,0.000810060627201579,0.0079022676683146,0.000906729887250201,0.0108150893008935,0.000998173415189409,0.0436719268449741,0.00207317846109601,0.529472551095727,0.00975529066728061,0.0119206549956285,0.000805596941982444,0.0107313625252243,0.000857367398816516,0.0135922269801881,0.000946841739638197,0.0198418614387402,0.00113020611413985,0.0278571716763446,0.00140499490400684,0.149915498808864,0.00364496923213447,2.24548385418479,0.0182681537114453
5400,11.3,0.00185324396210114,0.00180012241626698,0.00180938161097441,0.00171344611235081,0.00239549848313914,0.0020535410443293,0.00383122900731817,0.00271653024564714,0.00667471817383313,0.00375749765104959,0.04883678382628,0.0151230622089166,0.933030225431958,0.167781236936979,0.00239940869403325,0.000876068094787959,0.00227505692293539,0.000883644026062158,0.00285737768039196,0.00096858509792085,0.00412675714947418,0.0011650579019338,0.00618072306819614,0.00149846556752455,0.0357272598352492,0.00386340429895004,0.627076150302942,0.0214077191613866,0.00506540099247531,0.00070915416845591,0.00470944801656536,0.000732657155711595,0.00576864689991766,0.000810818084306993,0.007967081269164,0.000906082109840659,0.0109060965930525,0.000997314406151876,0.0441501980121343,0.0020860586193314,0.536164314767017,0.00970676900402758,0.0120562918426926,0.000805939305887839,0.0108460296577936,0.000857574732049337,0.0137438060580508,0.00094593770811297,0.0200681492719016,0.00113031553832439,0.0281700948005442,0.001403267628386,0.151581019513662,0.00367019175818848,2.27112270981835,0.0183889499747305
5400,11.4,0.00184943493940439,0.00179125890884426,0.00180556133026292,0.00170490664922089,0.00238939120684213,0.00204368296299128,0.00381978055222662,0.00270486044562234,0.00665158854050246,0.0037357321606401,0.0486457499380614,0.0150332248788729,0.929367522265447,0.166930291894573,0.00240912318912408,0.000877223258389043,0.00228274730862033,0.000880408004326149,0.00286762733943553,0.000964853762071424,0.00414119025920893,0.00116268974974989,0.00619934736804545,0.00149637088945416,0.0358074604592819,0.00385796946691792,0.62708194954947,0.0217613109318287,0.00510317217068735,0.000710544023046834,0.00473608359521713,0.00073196949254699,0.0058070431109296,0.000811471056996936,0.008032108676114,0.00090524089036221,0.0109975281105937,0.000997738300750667,0.0446358376098103,0.00210383786662598,0.543168995366116,0.00952508968638407,0.0121926034994223,0.000805075509862899,0.0109603410314761,0.0008565154331086,0.0138921451247842,0.000944672800678103,0.0202958525028605,0.00112901525359831,0.0284853197801766,0.00139864534656466,0.153280015524222,0.00368617280056768,2.29786162803647,0.0184169097993185
5400,11.5,0.00184572827426779,0.00178582627569828,0.00180184099052967,0.00169892429466423,0.0023834326524316,0.00203551049272408,0.00380859587115604,0.00269284209183735,0.00662896002672889,0.00372188327992073,0.0484586951711636,0.0149658666830656,0.925779592680849,0.166150659662449,0.00241894555291433,0.000878711471753625,0.00229144406969527,0.000878593739279184,0.00287801201624231,0.000962125640641764,0.00415611233907363,0.00116418851358603,0.00621917667296328,0.00149455616895177,0.0359084569897244,0.00385825952787877,0.628050834242506,0.0222952355321323,0.00514089743666183,0.000711815251917092,0.00476921978385837,0.000731551773844197,0.00585042393335891,0.000812987381198659,0.00809706686568412,0.000905077831518107,0.0110887492487833,0.00100085535763241,0.0451164243243207,0.00211834285056779,0.549892705146707,0.00932680046749569,0.012329719069438,0.000804537368173901,0.0110724200451517,0.000855042605090285,0.014038664478997,0.000941973401743395,0.0205247390105036,0.00112836720044827,0.0288020692709415,0.00139499616929335,0.154975364055685,0.00369966024152034,2.32492484197567,0.0184682319692313
5400,11.6,0.00184212064015892,0.00178080820276829,0.00179821736974202,0.00169294492573264,0.0023776180895742,0.00202870206244533,0.00379766666432013,0.00268410699485392,0.00660681708854055,0.00370610404519742,0.0482754972395167,0.0148947883810219,0.922264167899186,0.165305961199754,0.00242867178821415,0.000879083256307937,0.00229770351666086,0.000876201402241276,0.0028865103608363,0.000958180062049818,0.00417080823045245,0.00116432953250185,0.00623862094178657,0.00149201496643929,0.0360029063274057,0.00384309037159729,0.62824383431477,0.0223319819194292,0.00517877881601754,0.000713172625103074,0.00479639967572744,0.000730522988783941,0.00588788654998728,0.000814095407425691,0.00816224973850544,0.0009046659673228,0.0111803119320178,0.00100321002113219,0.0455995635857431,0.00213464906409505,0.556811482305511,0.00926183754285851,0.0124672573962162,0.0008040128088532,0.011185959111027,0.000854333458866832,0.0141886786280147,0.000940008535305125,0.0207542906232062,0.00112739762156365,0.0291196525971182,0.00139154540302081,0.156668732914198,0.00371278119509245,2.351004903047,0.0184140604227984
5400,11.7,0.00183860885097852,0.00177152026895108,0.00179468738115458,0.00168502587313287,0.00237194298547224,0.00201956381735106,0.0037869849770498,0.00267140331022111,0.00658514482397648,0.00368768722877501,0.0480960388845037,0.0148288465774592,0.918819071402294,0.164464532327814,0.00243837163865455,0.00087924257529054,0.00230456563594908,0.000873222219098755,0.00289622774590267,0.000955873079144508,0.00418541298146839,0.00116454241309993,0.00625787585913613,0.00148837009836551,0.0360947625006918,0.00383110959256643,0.628339710644226,0.0229865419088534,0.00521663614935409,0.000714954784855107,0.00482836063633986,0.000730275135317378,0.00593130063968926,0.000814492992011171,0.00822758940212418,0.000904361134120521,0.0112721392581161,0.00100647608925576,0.0460833058240966,0.00215587992975793,0.563707652489485,0.0091356806167841,0.0126054887131721,0.000803017660226105,0.0112996721751806,0.00085318963535207,0.0143381463002679,0.000937927695500419,0.0209850294752356,0.00112564743387014,0.0294388954417964,0.00138732313407081,0.158367941496787,0.00371509267513427,2.37711624216934,0.0184086461028046
5400,11.8,0.00183518985372858,0.00176553326864235,0.00179124806627486,0.00167803492893731,0.00236640299462113,0.00201232534003573,0.00377654318193495,0.00265817157603357,0.00656392893999593,0.00367415594202235,0.047920207616607,0.0147708189305935,0.915442214238451,0.163706582422225,0.00244800237101416,0.000876991959337379,0.00231234522983006,0.000869658968245405,0.00290568966859248,0.00095176267760098,0.00419973391172845,0.00116228881713014,0.00627644433252663,0.00148122833540147,0.0361759359727916,0.00381918844258174,0.628121213608765,0.0231514565932716,0.00525457560369252,0.000716166622392558,0.00486283873798871,0.00073036447757046,0.00597465309493399,0.000815995787010127,0.00829315494271405,0.000902967013949096,0.0113643388527239,0.00100901702009541,0.0465743027620753,0.00217706477746033,0.570914022385611,0.00903460141921527,0.0127446040635602,0.000801677328696536,0.0114094379818899,0.000851487899621257,0.0144870118462062,0.000935568482488595,0.021217110261922,0.00112263047662472,0.0297599429463558,0.0013826125354766,0.160071156860865,0.00371573394290531,2.40339918707639,0.0183384462787981
5400,11.9,0.00183186072163625,0.00176032007417627,0.00178789658826468,0.00167109719248737,0.00236099394920048,0.00200623584283061,0.00376633396206999,0.0026492519559547,0.00654315572142747,0.00365849668108104,0.0477478954729464,0.0146957420913454,0.912131590614034,0.162990679891883,0.00245777550058082,0.000876146180723001,0.00232048891905338,0.000867140015397734,0.00291586862212611,0.000948129558942565,0.00421471130481694,0.00116186618874827,0.0062966146105018,0.00147571143106289,0.0362846153808151,0.00380544482069512,0.629190419367864,0.0233424293507862,0.00529266159015786,0.000716113159915838,0.00489534054095696,0.000729441343573221,0.00601898889770758,0.000815679134827295,0.00835882621497254,0.000900278052215561,0.0114565274328603,0.00101040281842592,0.0470571314835333,0.00219712833392304,0.577787909966149,0.008972935710327,0.0128844784010528,0.000799986980562384,0.0115220450946021,0.000849124885730501,0.0146360950137827,0.000933291770532479,0.0214508602549165,0.00111908640644261,0.0300838374971495,0.00137953928851291,0.16182010946158,0.00371754645227478,2.43197487272747,0.0183354384297181
5400,12,0.00182861864770068,0.00175404431532172,0.0017846302257463,0.00166687424443995,0.00235571185005348,0.00199904521865509,0.00375635029532402,0.0026413851215502,0.00652281200181235,0.00364274356703746,0.0475789987895754,0.0146464078247693,0.908885273751174,0.162196825375301,0.00246759802331949,0.000874756245239049,0.00232780802398864,0.000863957332750261,0.00292525690478749,0.000944548682754128,0.00422983324144019,0.00116328566600276,0.00631707129899625,0.00147249483841583,0.0363995461846462,0.00379033888419079,0.630972532867052,0.0232872643790199,0.00533065297188072,0.000716764699895691,0.00492562941093048,0.000728064439450426,0.00605978532970147,0.000816041605639071,0.0084244202528777,0.000897442319750896,0.0115485483240437,0.00101316822710428,0.0475355155538218,0.00222099768829171,0.584398963217597,0.00889521223977861,0.0130246714159504,0.000798881615811197,0.0116309814952121,0.000847076363287444,0.0147844861690861,0.000930755699388017,0.0216848025796895,0.00111563817881338,0.0304075061866059,0.00137540935176483,0.163535893121431,0.00372240261277951,2.45812445342192,0.0183065427769031
5400,12.1,0.00182546093863272,0.0017491242658909,0.00178144636698425,0.00166328326140744,0.00235055285821275,0.00199437403451644,0.00374658543956277,0.00263256453164872,0.00650288513600718,0.00363118323785744,0.0474134179874866,0.0146014120263475,0.905701411992517,0.161410211575244,0.00247726568475941,0.000872605131388424,0.00233568179806906,0.000861723029988054,0.0029354092870143,0.000941709559419269,0.00424459019673554,0.00116327012391397,0.00633684343579793,0.00146818874446194,0.0365027324019777,0.00378310142069406,0.631631999812695,0.023423900400225,0.00536869366576491,0.000717584409736118,0.00495729988987343,0.000726831510264179,0.00610301557305309,0.000815576447939473,0.0084900614091114,0.000894791509383465,0.0116405356751879,0.00101704999387982,0.0480072247881267,0.00224266915256452,0.590752709493241,0.00888981173796417,0.0131657398168078,0.00079689433839261,0.0117425185848489,0.000845029207728571,0.0149350176645855,0.000928887443329748,0.0219202342043679,0.00111195639119232,0.0307332737027025,0.00137192220053545,0.165261445843814,0.00370665808529344,2.48525485121537,0.0183447081168517
5400,12.2,0.00182238500915983,0.00174424661506252,0.0017783425044167,0.00165714329742197,0.00234551328693422,0.00198870658144906,0.00373703291875573,0.00261876954323905,0.00648336297442341,0.00362000146509794,0.0472510573713733,0.0145533707298655,0.902578225136044,0.160704189119351,0.00248693294054702,0.000869608086472631,0.00234348984726725,0.000858339514291661,0.0029461948565812,0.000938636166250733,0.00425946334265522,0.00116439847424248,0.00635695786241263,0.00146570155917756,0.0366120434164823,0.00377736664180534,0.63244155980309,0.0235124857462676,0.00540682621617029,0.000716837665659676,0.00498423763355944,0.000725718453234069,0.00614139479889007,0.000813923003617429,0.00855588383015826,0.000891584370576377,0.011732812653598,0.00102039081434581,0.0484820969754556,0.00226061940258461,0.597307578031301,0.00876040197890524,0.0133073559707438,0.000795362965627059,0.0118524157213898,0.000842215515909344,0.0150829151857779,0.000926449856756612,0.0221568391861357,0.00110871315268207,0.0310609947017937,0.00136948589603684,0.167017301240281,0.00369697054297171,2.51325197655747,0.0183114260848642
5400,12.3,0.00181938837667053,0.00173993549047069,0.00177531622951181,0.00165345939961527,0.00234058959420381,0.0019839511452802,0.00372768650990663,0.00260848916749786,0.00646423383878942,0.00360449080477292,0.0470918249402589,0.0145113939532056,0.899514000984215,0.159898248239314,0.0024966808887811,0.000866057103806089,0.00235074155437857,0.00085643546575802,0.00295496624631454,0.000935506173049127,0.00427462746860538,0.00116391836498219,0.00637766715417463,0.00146364495337696,0.0367332543383295,0.00377140514172245,0.634423592234561,0.0234760090462294,0.00544482290696582,0.000716811448759532,0.00501351869438545,0.000725024994787375,0.00618279116997829,0.000812539022691757,0.0086214608887702,0.000888398681487914,0.01182458271895,0.00102299419156824,0.048947797614798,0.0022779751046844,0.603225539635467,0.0088134209785203,0.0134494730937694,0.000793731936157951,0.0119682880376541,0.000839596964234307,0.0152370104673538,0.000924054168237491,0.0223942981129544,0.00110628878837688,0.031389911401678,0.00136625858591544,0.168780782369054,0.00368431119861498,2.54120454705665,0.0182916457521686
5400,12.4,0.00181646865617512,0.00173480519853041,0.00177236522792677,0.00164677481317276,0.00233577837568425,0.00197729621895907,0.00371854023075083,0.00259796310322394,0.00644548649933094,0.0035884002092124,0.0469356322091826,0.0144483782999532,0.896507092092681,0.159182128048668,0.00250633954994756,0.000863588295916045,0.00235823779919805,0.00085548656113349,0.00296484658781945,0.000934333839357025,0.00428939516409744,0.00116631072338798,0.00639736811970867,0.00146125332503736,0.036838626572322,0.00375292702659067,0.636081589537401,0.0234930966115463,0.00548289072653681,0.000715427545823344,0.00504414347824088,0.000723326429046306,0.00622485587645432,0.000810527649008777,0.00868718045622861,0.000884357565131494,0.0119165522771719,0.00102548441710871,0.0494134918501875,0.00229578511164705,0.609166251127045,0.00877344670082334,0.0135920958393057,0.000792436637856477,0.0120803720855646,0.000837521344630247,0.0153884667553905,0.000922185286543232,0.0226328977603692,0.00110333426220884,0.031720663607843,0.00136235175316794,0.170568942931102,0.0036725939879083,2.56990275694069,0.0181329257452637
5400,12.5,0.00181362355556091,0.00172936311721235,0.00176948727494893,0.00164137961797369,0.00233107635807214,0.00197047672298576,0.00370958832816737,0.00258662522381835,0.00642711015327345,0.00357298731670783,0.0467823940411911,0.0143883704692576,0.893555912705417,0.158456850448377,0.00251603009991807,0.00086120824790061,0.00236805634674226,0.000854191106401815,0.00297553857113327,0.000933191656689674,0.00430433760664551,0.00116760899043986,0.00641744928580567,0.00146105205832012,0.0369517457386617,0.00374874832285991,0.638478271337294,0.0233845021411343,0.00552083631528844,0.000714473329552815,0.00507426703633729,0.000722993805015442,0.00626674108020808,0.000809401878042097,0.00875278818543484,0.000881579433748379,0.0120083172579898,0.00102821864704152,0.0498753855324938,0.00231080916680838,0.614848698730283,0.00881466517601472,0.0137354151826773,0.00079093018963002,0.0121964489115203,0.000834827249360216,0.0155416752375838,0.00092008592364597,0.0228728885319102,0.00109984696101249,0.0320536741646628,0.00136052043606521,0.172387610533213,0.00366511928299284,2.59964633409383,0.0180482954097268
5400,12.6,0.00181085087112207,0.00172497014229633,0.00176668023119984,0.00163618579850757,0.00232648039283747,0.0019620163283555,0.00370082526725733,0.00257472704763207,0.00640909440457727,0.00356150660319436,0.0466320284889442,0.0143332075246859,0.890658935863511,0.15763482179728,0.00252563480246444,0.000858421210959622,0.00237650523689779,0.000852884463982525,0.00298616024546396,0.000930988209236412,0.00431924796387217,0.0011687052419769,0.00643764195601718,0.00145959287932815,0.0370665298764867,0.00374373543092937,0.640406051364211,0.0232164670995176,0.00555876220509396,0.000713229753216026,0.00510222692538983,0.000722698236677384,0.00630599361891771,0.000808281817282568,0.0088183016071897,0.000878616623282251,0.0120998624633593,0.00103097532877203,0.0503321281577417,0.00232232970451771,0.620230953368396,0.00886527261489417,0.0138793727534027,0.000789014784892157,0.0123104683088094,0.000831202439038675,0.0156955468845539,0.000918061975144688,0.0231139971493178,0.00109554607017029,0.0323880919961833,0.00135597010934862,0.174199020285893,0.00365869103441594,2.62903804711676,0.0180249563801811
5400,12.7,0.00180814848334568,0.001720840106327,0.00176394203858472,0.00163211783134628,0.00232198745032016,0.00195507661090034,0.00369224572104427,0.00256498008765126,0.00639142924482363,0.00354908713020815,0.0464844566452936,0.0142760462858672,0.887814690676508,0.156903134618732,0.00253532925292961,0.000856527219291576,0.00238546962061041,0.000852617153235294,0.00299735612196678,0.000930096612642573,0.00433455112321612,0.0011710794576992,0.00645874608579067,0.00145945191534772,0.0371978605679197,0.00375380203096006,0.643401377024471,0.0226996557812742,0.00559670747747509,0.000711658591412743,0.00513062608215429,0.000722232851804088,0.00634585578403985,0.000806889921393717,0.00888375352679239,0.000876196826127333,0.0121911996817899,0.00103365326353358,0.0507818327462866,0.0023314686372405,0.625273880464186,0.00892912360053569,0.014023782812822,0.000788005443270252,0.0124289189815521,0.000828220802140489,0.0158526442830498,0.000917318987902116,0.0233561632421395,0.00109265685313941,0.0327240897689967,0.00135390326286408,0.176020861959664,0.00364194731170265,2.65888671304587,0.017938203297909
5400,12.8,0.00180551435293694,0.00171493591798261,0.00176127071647109,0.00162654431704478,0.00231759461415988,0.00194470336137186,0.0036838445607554,0.00255207888274579,0.00637410503517539,0.00353227759471029,0.0463396025022456,0.0142247020677363,0.885021759745356,0.156194170307876,0.00254487677812135,0.000855394365863165,0.00239556115810017,0.000853276850129218,0.00300882144713298,0.000930669497351983,0.00434940105816542,0.0011738260414699,0.00647884899255441,0.00145774693994072,0.0373123357850337,0.00374875674084507,0.645429841771269,0.0220635977541828,0.00563479737753367,0.000710151452544805,0.00515955175843203,0.000721512334116425,0.00638592648940938,0.000804655951533892,0.00894938085000178,0.000873037487186084,0.0122827625390335,0.00103680934559878,0.0512317230501138,0.00233598212633548,0.630325360049274,0.00894922902341694,0.0141685248853527,0.000786041126599281,0.0125434543604613,0.000825103505851441,0.0160055352287144,0.000915215063373557,0.0235987726833531,0.00108909692750879,0.0330604158757007,0.00135192303467275,0.177829473270998,0.00362978459781299,2.68703762469895,0.0179711147592372
5400,12.9,0.00180294651706786,0.00170999636692257,0.00175866435808141,0.00162132581863567,0.00231329907603746,0.00193765563431849,0.0036756168466455,0.00254328495179498,0.00635711248934244,0.00351616267006921,0.0461973928177586,0.0141585212382783,0.882278776727437,0.155443539669619,0.0025544434777881,0.000854580005575508,0.00240365854239329,0.000855759953151333,0.00301807943700293,0.000932169787600515,0.0043644699989681,0.00117696863584308,0.00649952465410735,0.00145825739295118,0.0374368797316987,0.003754306999741,0.647861815903465,0.0216071891796622,0.00567299415877697,0.000708618187388436,0.0051917659981281,0.000722057247948746,0.0064298856269121,0.000803230733975163,0.00901511942961299,0.000870161473446369,0.0123745142463027,0.00103907659067914,0.0516861462020388,0.00233993000872851,0.635522527458126,0.00910864823535619,0.0143139578947,0.000784977897450973,0.0126588425053896,0.000821891231119123,0.0161635607747086,0.000913352752098453,0.0238425325115109,0.00108492595859016,0.0333982389482792,0.00135049077997788,0.179638049946651,0.00361842778466598,2.71495090850325,0.0178995559533737
5400,13,0.00180044308583478,0.00170683512402396,0.0017561211270861,0.00161913891953204,0.0023090981307075,0.001934437637622,0.00366755781932857,0.00253533451498661,0.00634044265748672,0.00350400766081779,0.046057756989873,0.0140994944083758,0.879584424034421,0.154763951588969,0.00256408854589841,0.000853323482175232,0.00241331886764613,0.000856819201183489,0.00302977839330947,0.000932635686550109,0.00437984598502251,0.00118071783167588,0.00652087261791183,0.00145700312582748,0.0375735514133665,0.00375431115376471,0.651174545625529,0.0215170368691967,0.00571113187437907,0.000706718205647391,0.00522324504705701,0.000721877624616769,0.00647114808245136,0.000801794002694257,0.00908074730030626,0.000868791413387886,0.0124661056538461,0.00104067736322095,0.052138299058859,0.00233585985567017,0.640518088207313,0.00918522521304782,0.0144600482612141,0.000783555978966552,0.0127750707453466,0.000818913911180826,0.0163173142798016,0.000911650544831384,0.0240876259805312,0.00108181956861703,0.0337381306274419,0.00134804708669789,0.181469297623856,0.00360525673651007,2.74397033336884,0.0179326919879534
5400,13.1,0.00179800223891142,0.00170255693968085,0.00175363925438368,0.00161417373315205,0.00230498917130361,0.00192728249790315,0.0036596628915843,0.00252657307257388,0.0063240869110064,0.00349050370720242,0.0459206269376996,0.0140196905488263,0.87693743065445,0.15415380373794,0.00257362499550246,0.000851939864515872,0.00242205254876035,0.000857608536367758,0.0030399514908659,0.000932896174014195,0.00439477992322164,0.00118202452136498,0.00654112473726919,0.00145549750976272,0.0376924010312421,0.00376057741731017,0.65398965465986,0.0213155986325211,0.00574939109910809,0.000705252296623749,0.0052552808469668,0.000722686171564298,0.00651325912458467,0.000800110260481788,0.0091465421974986,0.000867465457427783,0.0125579458234415,0.00104487405088265,0.0525905587186614,0.00233336729336632,0.645577816755411,0.00934377344085376,0.0146066347410199,0.00078200812036719,0.0128872418474696,0.000815751468902413,0.0164702355268196,0.000910110167027428,0.0243335728797565,0.00107862385197155,0.034079216811728,0.00134524326310242,0.183309875660252,0.00359416868741631,2.77273171176876,0.0179771574945792
5400,13.2,0.00179562222238467,0.00169774073135975,0.00175121703505644,0.00160960884325624,0.00230096968489884,0.00192010707961835,0.00365192764060948,0.00251789088482781,0.00630803692814382,0.00348105558103546,0.0457859369888358,0.0139521138867131,0.874336570091022,0.153545393555939,0.00258316142857195,0.00085086350163692,0.00243120191060371,0.000857838990762804,0.00305147152159005,0.000932637249162114,0.00440988123301682,0.00118598051783767,0.00656185911936944,0.00145522970936453,0.0378194348011012,0.00376691156777351,0.656962846876999,0.020999869868352,0.00578759472827534,0.000703631109518264,0.00528604273715649,0.000723523585818835,0.00655493966261049,0.000799392664981672,0.00921216778161662,0.000867056567096519,0.0126494119346689,0.00104719762248564,0.0530342103274144,0.00232522420364727,0.650190990072335,0.00951649770084524,0.0147538916976438,0.000780390894877061,0.0129977149907988,0.000812866699388982,0.0166211143810081,0.000908224874527346,0.0245805791796284,0.0010747418769011,0.0344215997925719,0.00134229935451863,0.185143369362575,0.00357201993359005,2.80097384796104,0.0179311903103095
5400,13.3,0.00179330134576191,0.00169208467939923,0.00174885282549037,0.00160335822089363,0.00229703724830525,0.00191001273906629,0.00364434780068597,0.00250605164277384,0.00629228468036499,0.00346342852694752,0.0456536237728035,0.01389678461061,0.871780658411227,0.152846350721178,0.0025925425590232,0.000851426519680989,0.00244146099423958,0.000859649127481439,0.00306315558009545,0.000934806552302973,0.00442441611688748,0.0011900408341054,0.00658126233722098,0.00145664313529068,0.03792422210881,0.00376727125138121,0.658982255336549,0.0209345095345898,0.0058258522128758,0.000701202873006485,0.00531858427134156,0.000724237926768034,0.00659684712081965,0.000797933970426146,0.00927781243194999,0.000866464893778956,0.012740869464289,0.00105009044477981,0.0534784155675439,0.00231929784392846,0.654794676243656,0.00972174275817517,0.0149017346399915,0.000779743245376021,0.0131087940350019,0.000810737054326179,0.0167725619948878,0.000906564175612146,0.024828609582473,0.00107135877772784,0.0347654021144372,0.00134224597901261,0.186978429676027,0.00355818378927062,2.8292560036287,0.018039308823733
5400,13.4,0.00179103797913878,0.00168628715884418,0.00174654504064901,0.001599381970524,0.00229318952409755,0.00190077693743944,0.00363691925623952,0.00249501409079314,0.00627682241946275,0.00344543992043193,0.0455236261201365,0.0138359366658211,0.869268552396451,0.152249322302929,0.00260193322239204,0.000852473147449067,0.00245018701804546,0.000861738895403527,0.00307418633491077,0.000938623337955873,0.00443903347410909,0.00119504522366598,0.00660088441019944,0.00145805207197266,0.0380330178847912,0.00378468870294351,0.661213956051127,0.0208764266580041,0.00586417780573984,0.00069972840264614,0.00535109765754954,0.000725858324768981,0.0066392623592211,0.000797393772701913,0.0093434131913864,0.000867237304781725,0.0128322506431717,0.00105336428017027,0.0539226970447725,0.00232402378574515,0.659319866263928,0.00995316519878008,0.0150499351615089,0.000778098921768578,0.0132315651325758,0.000808537710125183,0.0169323068817445,0.000905097151204111,0.0250770509405169,0.00106646860974709,0.0351095830902598,0.00134047562509299,0.188807804701595,0.003536880749551,2.85610983396363,0.0180082319773679
5400,13.5,0.00178883055051761,0.00168254698251089,0.00174429215149192,0.00159670917201058,0.00228942425684718,0.00189517607873279,0.003629638035265,0.00248831020206888,0.00626164266533886,0.00343639278491309,0.0453958849667656,0.0137837062523708,0.866799147789475,0.151575769550021,0.00261128313767168,0.000852697103341388,0.00245802399462549,0.000862850116270519,0.00308378803297584,0.00094016780294713,0.00445349713700137,0.00119770491196367,0.00662011238000541,0.00145763360734701,0.0381359343172519,0.00381589208560092,0.663473388705219,0.0208780805369383,0.00590241008131184,0.000698670256315633,0.00538406193594841,0.000727661763059783,0.00668362655605146,0.000797160905796123,0.0094089410113884,0.000868162796735774,0.0129234933211698,0.00105686135238391,0.0543633413332306,0.00232151703197981,0.663597471741556,0.0102272495892239,0.0151986527443026,0.000776640381870228,0.0133432681751541,0.000805534867556873,0.0170850599164149,0.000902739280495585,0.0253265495594743,0.00106234611655888,0.0354553194906317,0.0013381184790608,0.190645262748701,0.00352423056558711,2.88336067573162,0.0180130501120087
5400,13.6,0.00178667754326713,0.00167761380415671,0.00174209268252865,0.00159082505174404,0.0022857392695536,0.00188701417944065,0.00362250030309574,0.00248092064322046,0.00624673819442348,0.00342529375125396,0.0452703432633816,0.0137276105872015,0.864371377632131,0.150875889933457,0.00262061715882883,0.000853957110360238,0.00246568769245815,0.000863891842079137,0.00309338440691733,0.000942392165768156,0.00446811271035279,0.00119947441535212,0.00663983363887635,0.00145743154977667,0.0382472941872676,0.00383230794274535,0.665783247832963,0.0210021661638595,0.00594071767737027,0.000696807066161123,0.00541691082978685,0.000728926262301175,0.00672591488744734,0.000795811520970481,0.00947448247736495,0.000868043807185003,0.0130146791079649,0.00106073845421242,0.0548003257904285,0.00231581608106286,0.667725471972745,0.0104557916410807,0.0153480195421069,0.000775059810088625,0.013460415063029,0.000802828710824457,0.0172430693797023,0.000900538818903249,0.0255773306845583,0.00105852590782096,0.0358030603038098,0.00133660257015088,0.192510510284877,0.00350841891085402,2.91159137699796,0.0178997805965521
5400,13.7,0.00178457749371489,0.0016731763631225,0.00173994520950004,0.00158473642876512,0.00228213246026109,0.00188007673634117,0.00361550235649605,0.00247216575258085,0.00623210202869338,0.00341248840300501,0.0451469458894731,0.0136618213383378,0.861984210687763,0.150302082053665,0.00262997208505476,0.000854491745171872,0.0024734408347827,0.000864855669254937,0.00310335581738345,0.000943912142292234,0.00448289618963618,0.00120241110575423,0.00665996967188798,0.00145538246535736,0.0383661312804401,0.00384798524437775,0.668528627786824,0.0209783137269745,0.00597922741091466,0.000695288886221222,0.00545210157168258,0.000729729982920867,0.00677063619067728,0.000794407193880473,0.00954030650943271,0.000869326730526341,0.013106322227331,0.00106627544202942,0.0552441819363886,0.00231550835026121,0.672188069225049,0.0107088611965907,0.0154978302514945,0.000773913870299232,0.0135775385661054,0.000800593411330842,0.0173991365141062,0.000898450918267585,0.0258286610632069,0.0010543563002371,0.0361513312055613,0.00133687963654233,0.194364231256671,0.0034822897742167,2.9386919153714,0.0179401064449113
5400,13.8,0.00178252898886434,0.00167020114657589,0.0017378483571792,0.00158010668177592,0.00227860179884964,0.00187596028168953,0.00360864061805728,0.0024684161485393,0.00621772742525294,0.00340301490460415,0.0450256395717576,0.0136037984582123,0.859636649943978,0.149748851805615,0.00263921282743003,0.000855049277121867,0.0024814794380413,0.000866753197511134,0.00311354585398454,0.000945774464406104,0.00449749295285506,0.00120503239361543,0.00667983725258445,0.00145469702085884,0.0384802130789538,0.0038582569336144,0.670531623659495,0.0211088450135306,0.00601785842173582,0.000692818478652591,0.00548895623302683,0.000730640520259671,0.00681545157807361,0.000792560013185445,0.00960632857795895,0.000870075175763776,0.0131983608990166,0.00107012984264113,0.0556968925465836,0.00230898601553487,0.677071860179254,0.0109648486335076,0.0156481809605287,0.000771931221343209,0.0136949703065365,0.00079854863021705,0.0175580149084459,0.000895764373097102,0.0260809620207303,0.00105045018876083,0.0365009214897255,0.00133575102967377,0.196221066332325,0.00346817608518851,2.96525203796951,0.0179591994337768
5400,13.9,0.00178053066422904,0.00166573587344032,0.00173580079728492,0.00157625680417184,0.00227514532398967,0.00186876006636195,0.00360191163087955,0.00246273919008638,0.00620360786644422,0.00338930722653421,0.0449063728067473,0.0135582210110455,0.857327731190346,0.149224576946941,0.00264829850775473,0.00085663713156229,0.0024895471274489,0.000868700243647363,0.00312372318544822,0.000948952705985355,0.00451152567892763,0.00120810751889779,0.00669840298292878,0.00145529675069682,0.0385721293583357,0.00387868716491999,0.671479887371858,0.0211607775789344,0.00605650536268803,0.000690657301177614,0.00552495176310536,0.000731064831301919,0.00686110762739512,0.000791127091334126,0.00967231030936401,0.000871571265970335,0.0132902838395027,0.00107513898762943,0.0561471088288604,0.00229845461197661,0.681811069087489,0.011165730042373,0.0157992814030455,0.000770211685933468,0.0138151030030918,0.000796503268530286,0.0177179670931248,0.000894132017012875,0.0263341795265397,0.00104592554387184,0.0368515299168997,0.00133550172165127,0.198072801092847,0.00344010143997965,2.99098963641789,0.0178856568646417
5400,14,0.00177858120177713,0.00165966522706684,0.00173380124650097,0.00157054122035166,0.00227176114025087,0.00186259695560386,0.00359531205352204,0.00245677991430184,0.00618973705045523,0.00337449909446439,0.0447890957872033,0.0135206179996208,0.855056521667214,0.148684690994136,0.0026574758010811,0.000856680810097722,0.00249923205257318,0.000869701082009029,0.00313438133382936,0.000950953025097374,0.00452598012779609,0.0012096073977466,0.00671798225470804,0.00145193494141692,0.0386820310729523,0.00389286888012893,0.673386829151106,0.0211931867752779,0.00609521538458779,0.000688513324187796,0.00555969779858278,0.000731052077088111,0.00690579515908258,0.000789302305388775,0.00973835758046963,0.000872477971598993,0.0133822681366769,0.00107874308097682,0.0565968578763258,0.00229364356462547,0.686518550235192,0.0114078162074161,0.0159509652115187,0.000768786019767855,0.0139364489940922,0.000794515037339711,0.0178797792300227,0.000892192563068489,0.0265883079548855,0.00104227485771611,0.0372032374222153,0.00133557629221661,0.199914818208014,0.00341928941983829,3.01608798605652,0.0178137868338147
5400,14.1,0.0017766793279795,0.00165255333468016,0.00173184846459491,0.00156600108745191,0.00226844741535597,0.0018561066740114,0.00358883865520626,0.00244945682593895,0.0061761088823968,0.00336235450051076,0.0446737603322523,0.013465865300037,0.8528221187811,0.148119207387124,0.00266662596379819,0.000857884702933759,0.00250785017916366,0.000871446264119011,0.00314429833808686,0.00095306363702052,0.00454037730474302,0.00121190080559703,0.00673743726954593,0.00144988417787203,0.0387902886662552,0.00390493716504979,0.67534394509227,0.0212847597887281,0.00613418666148874,0.000686291992792503,0.00559160637124091,0.000731341903258701,0.00694750810298606,0.000787646191837654,0.0098048278875349,0.000873013917611802,0.013475006826108,0.00108216403337902,0.0570605212304014,0.00229384226929093,0.691922618128089,0.0116281192409678,0.0161032888018964,0.000767410039828393,0.0140573340706731,0.000792434195368166,0.0180407385062948,0.000890866891985436,0.0268437403615536,0.0010389906914341,0.0375571542974877,0.00133552017541076,0.201795267968835,0.00340224994815349,3.04249947949053,0.0178157406994549
5400,14.2,0.00177482381195549,0.0016484803899437,0.00172994125263071,0.00156100049845311,0.00226520237757117,0.00185166064267763,0.00358248831125734,0.00244300640680709,0.0061627174658212,0.00335073799645981,0.0445603198209546,0.0134006075581829,0.85062364888311,0.147587725246522,0.00267577380563751,0.000859356111341478,0.00251525810820735,0.000871837407602808,0.00315489856507754,0.000954445665096484,0.00455485919938153,0.00121204865876023,0.00675716505564797,0.00144968657238255,0.0389031816971865,0.0039308019502069,0.677320867235779,0.021808290782617,0.00617328913875567,0.00068453911348408,0.00562866722279098,0.000730965601799247,0.00699371202875727,0.000786059229618396,0.00987118428725543,0.000874149394948969,0.0135673067208187,0.00108678554591436,0.0575089826027755,0.00229235074948427,0.696591286542313,0.011804985247955,0.0162559591031103,0.000766327351854418,0.0141803576884715,0.000790142980592171,0.0182042142050036,0.000889516549748132,0.0270994013665864,0.00103601440800476,0.0379108141918895,0.00133601266590268,0.203634047604424,0.00337816622976636,3.06621642221,0.01783617393432
5400,14.3,0.00177301346371073,0.0016457866081555,0.00172807845126977,0.00155747859854103,0.00226202431322529,0.0018472472372455,0.00357625799876988,0.00243705538285291,0.00614955709465686,0.00333903784580965,0.0444487291291219,0.0133544758734932,0.848460266106591,0.146960651928663,0.00268487398289435,0.000860473392713059,0.00252275090158143,0.000872648995388111,0.0031645588399374,0.000955776395921094,0.00456925563080817,0.00121359113060033,0.00677675527257754,0.00144957982888994,0.039013831086439,0.003949027820888,0.679056467169735,0.022089112040527,0.00621267755117719,0.000682145328035068,0.00566394606222416,0.000730070826892811,0.00704008783319952,0.00078382393822206,0.00993791312690578,0.00087512069102333,0.013660289728301,0.001090261667908,0.057971136439997,0.00229286407537353,0.701995611254308,0.0119889922266352,0.0164093107500626,0.000764683112803312,0.0143014453969175,0.000788307422089004,0.018366216139559,0.000887245147920651,0.0273563796812031,0.00103223943281664,0.0382665060223863,0.00133589870153331,0.205502339341976,0.00336008561219082,3.09090473778812,0.0178143655698671
5400,14.4,0.00177124713246155,0.00164110345352008,0.00172625893915516,0.00155283692431822,0.00225891156435019,0.00184472855192497,0.00357014479248538,0.00243000187894953,0.00613662224553564,0.0033268935852465,0.044338944569204,0.0133190699197444,0.846331151260815,0.146395129370662,0.00269408103906632,0.000859642051911389,0.00253036695694687,0.000872985379430523,0.00317323437538953,0.000956266378419981,0.00458405812252444,0.00121240721991257,0.00679728753580779,0.00144823783601527,0.0391412734513961,0.003972025427882,0.681764904928815,0.022525319526348,0.00625212263599773,0.000679741437788284,0.00569712341439137,0.000729023042191894,0.00708228557994886,0.000781396053814289,0.0100046247655857,0.000875777654354948,0.0137531788931485,0.00109205547231656,0.0584315194334504,0.00229135889114124,0.707258265348589,0.0120147134933059,0.0165632191585027,0.000763250623804261,0.0144206952776629,0.000786965154561299,0.0185240661685666,0.00088629974960411,0.0276142531930428,0.00102825332949348,0.0386233899671967,0.00133590782747001,0.207373169903301,0.00334365661738381,3.11501932195106,0.0178114249123812
5400,14.5,0.00176952370504124,0.00163708639623469,0.00172448163137444,0.0015476173532429,0.00225586252643566,0.00183901981274046,0.00356414586086918,0.00242387939209292,0.0061239075704902,0.00331577349195829,0.0442309238330676,0.0132627773942321,0.844235510777482,0.145776289773649,0.00270324074419469,0.000859389173758747,0.00253812458631264,0.000873225698735266,0.00318273761492239,0.000956786431053255,0.00459876777259331,0.00121230612171212,0.00681767918849692,0.00144606371574777,0.0392660561108864,0.00399472681510738,0.684092343589132,0.0227794207968316,0.0062916195149098,0.000676810071207946,0.00573375465695097,0.000727677080569668,0.00712818885528173,0.000778898396783344,0.0100714565671988,0.00087570031203183,0.0138462405499436,0.00109312724303318,0.0588918936391378,0.00228821640560875,0.712465973114971,0.0120527791312601,0.0167179320295323,0.000761386361368579,0.01454629770247,0.000785576520117353,0.0186890121672962,0.000884642643382229,0.0278735341777028,0.0010243373519676,0.0389822486655179,0.00133546000202822,0.20925388092539,0.00332196469138677,3.13946624729267,0.0178056615464859
5400,14.6,0.00176784210438327,0.00163403714967231,0.00172274547799663,0.00154473751828767,0.00225287564629234,0.00183518436632575,0.00355825846237585,0.0024188895711449,0.00611140789000094,0.00330560334893536,0.0441246259375071,0.0132193303064888,0.842172575707093,0.145239278275807,0.00271218503232134,0.000860552122914756,0.00254671952646603,0.000874824946101184,0.0031931235548879,0.000958682382083326,0.00461267173865348,0.00121430004453836,0.00683620188350931,0.00144713013294422,0.0393584839891091,0.00400585258274996,0.684840128837596,0.0230486721909049,0.00633120902499265,0.000674681525948989,0.00576687626502109,0.000726112832525529,0.00717106767578651,0.00077650783052281,0.0101385252302007,0.000876226159756538,0.0139397168879975,0.00109310989272274,0.0593592457298401,0.00228846875895704,0.717998312936094,0.0121021887551681,0.0168734156673912,0.000759519044700205,0.0146669407939496,0.000784061679929686,0.0188511476878589,0.000882500849407337,0.0281343310334251,0.0010202438309836,0.0393436188788816,0.00133509266252737,0.211178314912001,0.00330179765810028,3.16577646551336,0.0178062339782941
5400,14.7,0.00176620128807748,0.00162865442563447,0.00172104946267917,0.00154048067180157,0.00224994942001655,0.0018303238599201,0.00355247994189245,0.00241042419723603,0.00609911818637299,0.00329166356894516,0.0440200111723358,0.0131752177536817,0.840141600762504,0.144701538230431,0.0027212247923111,0.000860566728337776,0.00255589488266316,0.000875776738770313,0.00320359549792857,0.000959834147923906,0.00462695490698079,0.00121455783477642,0.00685560601207436,0.00144747449013603,0.0394667481495382,0.00402297158804523,0.686533484150414,0.0232039832552562,0.00637088487559185,0.000672271236618048,0.00580451234324617,0.000725194890667863,0.00721774422279947,0.000774817235125338,0.0102055847565051,0.000877021782823462,0.0140330285269957,0.00109419663187378,0.0598199345203595,0.0022844328928541,0.723227437464142,0.0121244591211441,0.017029330724281,0.000757991882477235,0.0147912452597822,0.000783058540714702,0.0190161695412526,0.000881130732432696,0.0283956597129085,0.00101765782026193,0.0397053841328557,0.001334794223784,0.213081622967983,0.00327798696866038,3.19023929919367,0.0178535469408511
5400,14.8,0.00176460024699493,0.00162518837374185,0.00171939260134095,0.00153645808478155,0.0022470823910515,0.00182632674496851,0.00354680772734973,0.00240323790140401,0.00608703359742479,0.00328233091053015,0.0439170410509131,0.0131160009783109,0.838141863407072,0.1440783575379,0.00273018778301578,0.000860357173416932,0.00256473815161086,0.000876825037994978,0.00321484382363478,0.000961611787386232,0.00464082378980631,0.00121499885820061,0.00687395048489411,0.00144608160840393,0.0395569523580597,0.00403224789485871,0.687759395969494,0.0234205739338376,0.00641076476902505,0.000671096217018942,0.00584334358313547,0.000724934317698485,0.00726496877994395,0.000772994080964615,0.010272864827853,0.000877518803722113,0.0141266396721621,0.00109499941251218,0.0602825229519536,0.00229343384255322,0.728663956138108,0.0120528751280285,0.017186014565473,0.000757232741298374,0.0149162991790387,0.000782316524655401,0.01918382640583,0.000880443412042442,0.0286584814414034,0.00101535600240278,0.0400695629268569,0.00133445387146511,0.215020822883383,0.00326276851650937,3.21662482983761,0.0178138727034083
5400,14.9,0.0017630380039777,0.0016200579734508,0.00171777394089773,0.00153052982172687,0.00224427314833949,0.00182113284189179,0.00354123932649221,0.00239667554080724,0.00607514941047168,0.00327203526917257,0.0438156782629783,0.0130657035541367,0.836172662984809,0.143521698565832,0.00273904837763467,0.000860508719992391,0.00257215152244098,0.000877835958178844,0.00322346704619901,0.000961567994945245,0.00465447576215851,0.00121335379357677,0.00689192237637968,0.00144375736880465,0.0396406925311622,0.00404399410001775,0.688289529367271,0.0237747662769205,0.00645083432534839,0.000669589153745196,0.00587618617788288,0.000723374713712308,0.00731012028924019,0.000770751901239686,0.0103404243711701,0.000878238214034542,0.0142207169744936,0.00109636815627533,0.0607527972105995,0.00229856216491124,0.73453017776011,0.0119088803826872,0.017343103008618,0.000756028848209128,0.015044451879745,0.000781282102658249,0.0193518711688489,0.000878744674248901,0.0289217894157316,0.00101250494128755,0.0404340661631179,0.00133436099625877,0.216935132752569,0.00324870299164293,3.24079228835723,0.017800095386933
5400,15,0.00176151361259016,0.00161739714686753,0.00171619255805683,0.00152643947489539,0.00224152032456019,0.00181586255872061,0.00353577232379836,0.0023915842844679,0.006063461056588,0.00326494724913604,0.0437158866296621,0.0130271543570793,0.834233319890658,0.142991806076009,0.0027480173654336,0.000859572434870034,0.00258024565561252,0.000878189124385363,0.00323335071595835,0.000961177727401753,0.00466861318766917,0.0012109265523808,0.00691107667511446,0.00144292181393338,0.0397453700580029,0.00405192523352381,0.689810005230178,0.0241114949225557,0.00649097157219295,0.000668113130088304,0.00591063552766468,0.000722320300922362,0.007354574802448,0.000768595683193617,0.0104081066872864,0.000879578813295914,0.014315031512753,0.00109605448659496,0.0612306442312255,0.00229872197014454,0.740685569424004,0.0118441379378676,0.0175009361109406,0.000754514349576097,0.0151724516930701,0.000780140492495951,0.0195216089901965,0.000877461655817673,0.0291864103701953,0.00100921777953161,0.0408006268410489,0.00133429430440688,0.218877601581455,0.00323197763602384,3.26596059628602,0.0178517984938861
5400,15.1,0.00176002615592818,0.0016131456732185,0.00171464755816736,0.00152346027633441,0.00223882259445033,0.00181079115961791,0.00353040437754287,0.00238560952507739,0.00605196410513298,0.00325699833565412,0.0436176310605614,0.0129747799024032,0.832323174778257,0.142451031800147,0.00275697517805959,0.000859456043187754,0.00258658894083706,0.000878753687803703,0.00324242200916558,0.000961149002669317,0.004682716215556,0.00120934605014877,0.00693015770187333,0.00144205615529955,0.0398488773272885,0.0040699702305622,0.691318401718395,0.0242998270678792,0.00653116254709678,0.000667449369567538,0.0059440469457757,0.000721388165044757,0.00739888692128377,0.000766332973819124,0.0104758549889726,0.000881055740299392,0.0144093869627647,0.00109693516011635,0.0617038817525149,0.00229764464872609,0.74661072474307,0.0117159591693699,0.0176593828066789,0.000752706699748817,0.0153019882802638,0.000778792542094248,0.0196924855624506,0.00087615563314923,0.0294520699488582,0.0010056767615898,0.0411685562206394,0.00133434621912663,0.220820008533452,0.00321404081747097,3.29069813229618,0.0179381304082758
5400,15.2,0.00175857474548334,0.00160789730187531,0.00171313807412362,0.0015191295558273,0.00223617867320043,0.00180369992713852,0.00352513321699326,0.00237844884256214,0.00604065425852623,0.00324607094399954,0.0435208775127661,0.0129232613348378,0.830441587803696,0.141956455816142,0.00276595033396489,0.000859060826659672,0.00259360179864988,0.000878606898585602,0.00325166673094972,0.000960245318679817,0.00469685541767897,0.00120682799181314,0.00694928970007967,0.00144047391632126,0.0399536484165827,0.00406639901147,0.693112446489955,0.0242373476717115,0.00657130063714407,0.000665594567950154,0.00597922060014007,0.000720377548403425,0.00744210388503611,0.00076400968597883,0.0105436175825816,0.000881968189957981,0.0145037999239621,0.00109661729994801,0.0621814523335582,0.00230114331187103,0.752584696693143,0.0115476509295826,0.017818633195358,0.000750783186876481,0.0154341063000241,0.00077822300820415,0.0198624732958527,0.000874880567887959,0.0297190802779074,0.00100222217724284,0.0415384862183877,0.00133376097097882,0.222788468394839,0.00320051659118455,3.31611673428032,0.017963009835523
5400,15.3,0.00175715852005921,0.00160364025647599,0.00171166326531824,0.00151631669081035,0.00223358731492449,0.0017998966661384,0.00351995663973392,0.00237112943912936,0.00602952734725954,0.00323350553424725,0.0434255929517346,0.0128829841720184,0.828587937902906,0.141428634768124,0.00277493195208223,0.000857858698876111,0.00260080173161377,0.000880015790867608,0.00326058080979823,0.000960891636087225,0.00471109531306965,0.00120554167761171,0.00696872402109954,0.00144185450086512,0.0400638404064634,0.00406531255635169,0.695013568676007,0.0242653215570282,0.00661151291928029,0.000665470618859908,0.00601254867519424,0.000719859689582492,0.00748595515659428,0.000762948658529059,0.010611561084503,0.000884038552846914,0.0145985217587491,0.00109556841728426,0.0626657783891769,0.00230129136840961,0.758785930211295,0.0113474731293924,0.0179787378517676,0.000749317828073957,0.015562019950214,0.000777232148599318,0.0200335620682252,0.000873582022611142,0.0299875608264122,0.000999206858248754,0.0419105585618847,0.00133165333208579,0.224773646846158,0.00318354738956243,3.34226649461567,0.0180052836255747
5400,15.3999999999999,0.00175577664473668,0.00159947856602499,0.00171022231664298,0.00151195530936842,0.00223104731119874,0.00179611337012618,0.00351487250911054,0.00236408094323789,0.00601857932513273,0.00322193663188805,0.0433317453139221,0.0128425865746225,0.82676162210143,0.140919495766868,0.0027838699899502,0.000856465238446447,0.00260752962082042,0.000880304436677426,0.00326939397985066,0.000959739687906099,0.00472518250822752,0.0012030689807116,0.00698782789376271,0.00143901361748803,0.0401682164015288,0.00406590373356703,0.696557330763059,0.0243550623290519,0.00665190410879523,0.000664877014793937,0.00605025368591547,0.000719029913115037,0.00753446166237836,0.000761332057150949,0.0106796890745403,0.000885426140177496,0.0146934423601066,0.00109489635626979,0.0631500312792934,0.00230078422811192,0.765046729488821,0.0111992424324893,0.0181393758038542,0.000748041037039642,0.0156897792049131,0.000776972507476298,0.0202026764934097,0.000873362607271095,0.0302567361102315,0.000996760907815743,0.0422832528953169,0.00133094476418071,0.226739777987989,0.00316602885587629,3.36679730801824,0.0179650480153033
5400,15.5,0.00175442830988613,0.00159619682428165,0.00170881443753419,0.00150896645763506,0.00222855748966589,0.00179183183703908,0.00350987875178897,0.00235737968079981,0.00600780626470156,0.0032126476995578,0.0432393034710677,0.0128089086235513,0.824962054854361,0.140447713734735,0.00279282370510865,0.000855555067196868,0.00261544379035955,0.00088021792322171,0.00327913243188439,0.00096035196483875,0.00473928625640232,0.00120162935140274,0.0070069481231844,0.00143818483787943,0.0402731558259478,0.00406807396312937,0.698288116330878,0.0243893251839637,0.00669243014301302,0.000664828161449583,0.00608540370869476,0.000719037439967067,0.00757784244826908,0.000760130322896789,0.0107479292513403,0.000886649430340952,0.0147884714544593,0.00109384076759738,0.0636345190221495,0.00230561374044927,0.771368875621921,0.0110383567424409,0.0183008741879321,0.000746364381782518,0.0158213032427257,0.000776315499324,0.0203763808952729,0.000872320748371228,0.0305275668964207,0.00099410484097485,0.0426584402573144,0.00133028486523928,0.228727632614153,0.00314745184194956,3.39269923579439,0.0180042187525497
5400,15.6,0.00175311273022368,0.00159342035516924,0.00170743886106096,0.00150611200357518,0.00222611671270142,0.00178685123705799,0.00350497335542224,0.00235023468252136,0.00599720435292707,0.00320478125652852,0.0431482371960583,0.0127662185788009,0.823188667415354,0.140005876542891,0.00280175193906195,0.000855711971839594,0.00262227988881854,0.000880539563122914,0.00328812340629061,0.00096050945812118,0.00475321405926288,0.00119976601598562,0.00702561326797957,0.00143801388565119,0.0403702670903875,0.00407097467925605,0.699849923247059,0.0244347574626882,0.00673286569686345,0.000665005225520708,0.00611862509990297,0.000718325899102904,0.00762200673084365,0.000759238203861323,0.0108159810487525,0.000888779949906487,0.0148830595539358,0.00109462712285451,0.0641083637928638,0.00230803342939276,0.777008252468506,0.0109113800232321,0.0184629419127211,0.000744834881946329,0.0159516811557315,0.00077586921416857,0.0205502846105516,0.000871493416228972,0.030799365773158,0.000990652819101833,0.04303493689113,0.00133071620968066,0.230727745340858,0.00312986031018075,3.41822625416776,0.018069845277008
5400,15.7,0.00175182914390938,0.00159141998619483,0.00170609484305361,0.00150379819823352,0.00222372387613874,0.00178437008171048,0.00350015436642043,0.00234631884914181,0.00598676988701566,0.0031991687140087,0.0430585171302845,0.0127247249134395,0.821440907232992,0.139553792530339,0.0028106588654884,0.000854431885062831,0.00262898871136413,0.000879667056581865,0.00329758494666753,0.00096051840375154,0.00476708555533369,0.00119701728148234,0.0070441875316049,0.00143796845487761,0.040465537342751,0.00407103953323755,0.701168329514015,0.024429466926004,0.00677351072299235,0.000664263188944319,0.00615244756461033,0.000718097275832944,0.0076667255083727,0.000758205455401091,0.0108845740400227,0.000889367783607615,0.0149786626239537,0.00109408066731783,0.0646012707542799,0.00231540460782738,0.78359108443981,0.0107563651517559,0.0186255574942993,0.000743702402437597,0.0160836127963393,0.000775585506904413,0.0207251586903344,0.000870926288845621,0.0310722805372693,0.00098956070233507,0.0434130786134007,0.00132949259354749,0.232735585813772,0.00311648060538201,3.4438560645376,0.0181666940213387
5400,15.8,0.00175057681168516,0.00158810171699638,0.00170478166127041,0.00150144741911193,0.00222137790805019,0.0017814690859223,0.00349541988781798,0.00234139688586716,0.00597649927044036,0.00319172438070137,0.0429701147524152,0.0126796707918437,0.819718237373145,0.139101090824821,0.00281953439369144,0.000853460489539737,0.00263601779738229,0.000880043040189381,0.00330702518759831,0.000961931303923691,0.00478085332743793,0.0011963202930626,0.00706254295374559,0.00143727818675557,0.0405570980438135,0.00407837386272311,0.7022910158447,0.0245264073815814,0.00681415209486877,0.000664123883663338,0.0061865387245703,0.000717769245703596,0.00771088816818694,0.000757319885498511,0.0109530697605816,0.000890098692952856,0.0150739546963763,0.00109297461339719,0.0650829127873584,0.00232073013090473,0.789515039764357,0.010621320966829,0.0187887787418019,0.000742401173911038,0.0162172809852029,0.000775219138167438,0.0209007978160247,0.00087014297374459,0.0313463482757315,0.000987150815642622,0.0437930354622155,0.00132852946830481,0.234772018228626,0.0031070111626005,3.47024410747389,0.0181744275335193
5400,15.9,0.00174935501605054,0.00158472696887715,0.00170349861460071,0.00149792466719624,0.00221907776758101,0.00177666507606944,0.00349076807723349,0.00233714610879201,0.00596638900913407,0.00318554310273038,0.042883002348518,0.0126281567730407,0.818020135966065,0.138630314302547,0.00282849223942916,0.000852735158887176,0.00264336072673001,0.000881115279640262,0.00331593563535695,0.000962338006408329,0.00479498215324622,0.00119279149581211,0.00708177198452782,0.00143707810928963,0.0406643665476457,0.00407870123915924,0.704185366542099,0.0246041700750388,0.00685496624374177,0.00066420042055927,0.00622039758626755,0.000717956099030842,0.007754976543445,0.000756749880761924,0.0110221023730355,0.000891126901140826,0.0151703265315166,0.00109229060595947,0.0655884208747454,0.00232216274328443,0.796591001013632,0.0104393255543321,0.0189525033080927,0.000740725954000024,0.0163450959094404,0.000774934704927147,0.0210750060012823,0.000869545726860404,0.0316212682625387,0.00098468827122075,0.0441739390654857,0.00132705911201851,0.236789097472914,0.00309756111013461,3.49520519779246,0.0181827667208334
5400,16,0.00174816306047403,0.00158151610966789,0.00170224502230246,0.00149505345189199,0.00221682244383372,0.00177375601770612,0.00348619714491744,0.00233319747984411,0.0059564357078462,0.00317705381639491,0.0427971529834584,0.0125763887467725,0.816346095677021,0.138050919564736,0.00283732295993109,0.000850852897241782,0.00265090926141053,0.000880218674007578,0.00332593368016985,0.000960623192167639,0.00480858685067255,0.00118876732979632,0.00709975660631663,0.00143566454057769,0.0407499905065885,0.00408042667614743,0.705177032359495,0.0246506610212919,0.00689584859525146,0.000664593505938358,0.00625413021087959,0.000718594953566509,0.00779799264147727,0.00075693953387958,0.0110909847737079,0.000892535557496406,0.0152662684686469,0.00109202977429923,0.0660839613294913,0.00232237123428062,0.803206596998591,0.0103542039575293,0.0191173002253618,0.000739352659466716,0.0164779169099036,0.000775358528217576,0.0212509428709406,0.000868719650484428,0.0318986330283037,0.000982556835058303,0.0445592376553784,0.00132666054688399,0.238905498382242,0.00308174216531514,3.52519351608331,0.0182276434018793
5400,16.1,0.00174700026863874,0.00157714952415014,0.00170102022327266,0.00149158983129564,0.00221461095480021,0.00176866282197908,0.00348170535188332,0.00233083008467224,0.00594663606665423,0.0031687795844925,0.0427125404735129,0.012527668087913,0.814695623199109,0.137537965404076,0.00284621321124148,0.00085072188721189,0.00265812382779704,0.000880068568397949,0.00333545361995481,0.000960362925604637,0.00482242708237869,0.00118596589684646,0.00711830331026372,0.00143380513195072,0.0408457593771918,0.0040786287172237,0.706708928654672,0.0245521876831716,0.00693676724198751,0.000664916370983959,0.00628894337117897,0.000718705607198318,0.00784344543726572,0.000756490924415585,0.0111598739821611,0.000893653872065648,0.015362102909397,0.00109172984004881,0.0665741002625254,0.00232477065989682,0.809562575700309,0.0103438904516542,0.0192828756672729,0.000738435617423211,0.016614455061943,0.000775565491444903,0.0214293084774761,0.000867686483055585,0.0321773351659006,0.000979584972859052,0.0449462488077374,0.00132668426908859,0.241013550232158,0.00307141136577878,3.55489545675374,0.0183804628915485
5400,16.2,0.00174586598372006,0.00157380045488658,0.00169982357534876,0.00148880721435645,0.00221244234633929,0.00176450991350902,0.00347729100811809,0.00232541055681447,0.0059369868776231,0.00316235239759436,0.0426291393601386,0.0124991758222925,0.813068238767521,0.137066594832374,0.00285504277546238,0.000849724791755395,0.00266511800141528,0.000880042665335075,0.00334427103571395,0.00096033736503675,0.00483608337438391,0.00118354085984322,0.00713646537645977,0.00143260478925936,0.0409349411798491,0.00408581370450589,0.707837406935848,0.0245932444955242,0.00697775021910051,0.000665456592592297,0.00632354520535504,0.000719437075924509,0.00788919061418563,0.000756950206287794,0.0112289806159492,0.000895753033055047,0.015458354549986,0.00109226246118475,0.0670722958128574,0.00232773514307316,0.816324120734556,0.0102583127765727,0.0194491108052366,0.000737716484481001,0.0167500934459708,0.000775145370970008,0.0216099994780513,0.000867168006804302,0.0324569241703499,0.000977361533256612,0.0453342112098727,0.00132551633424336,0.243109259274865,0.00305489761301381,3.58333950937941,0.0184468566565992
5400,16.3,0.00174475956769424,0.00157107395537461,0.00169865445463975,0.001486172919918,0.00221031569119747,0.00176117259101992,0.00347295247086812,0.0023211749922188,0.00592748502160454,0.00315603363590005,0.0425469248848384,0.0124755026056489,0.811463475693729,0.136638894463265,0.00286388910135925,0.000848820447913995,0.00267203091085511,0.000880306814830693,0.0033531227697165,0.000961213652889611,0.00484980025405439,0.00118074931212206,0.00715476406944619,0.00143119812684805,0.0410269094308405,0.00407859381320714,0.709223092371763,0.0245999680203069,0.00701870060119941,0.000665937231676047,0.00636132947483882,0.000720324910121408,0.00793700912640622,0.000757633091235036,0.0112981851006204,0.000896724081816488,0.015554842070978,0.00109261136097792,0.0675755730030271,0.00233420136352661,0.823313396560751,0.0102095753993763,0.019615991627676,0.000736958223819752,0.0168852794837798,0.00077505762462571,0.0217874552223735,0.000865830218553406,0.0327377580720276,0.000974437362586094,0.0457239571871026,0.00132582445793455,0.245217954596063,0.00303739608184497,3.61212030787796,0.0185115285845728
5400,16.4,0.001743680400676,0.00156825156111082,0.00169751225488536,0.00148436872223399,0.00220823008807072,0.00175698663452355,0.00346868814299669,0.00231644991785249,0.00591812746516991,0.00314776858205553,0.0424658729650735,0.0124454047430564,0.809880879919128,0.136195616801438,0.00287273202546499,0.000847755104422503,0.00268029562185437,0.000878939162292932,0.00336317233443436,0.000961233799334544,0.00486355868175556,0.00117821299236367,0.00717321360761734,0.00143145646550405,0.0411216597771834,0.0040711511410179,0.710610890260881,0.0246076778544354,0.00705963498786449,0.000665966869544168,0.00639568441830019,0.00072119125344244,0.00798162161436743,0.000757767811630476,0.011367261484126,0.000896765578575056,0.0156510162847143,0.00109248955025463,0.0680744371461271,0.00234048307686513,0.830068106977149,0.0102227153759957,0.0197836461236712,0.000735866028890561,0.0170213350732829,0.000774818753227775,0.0219704597758154,0.000864908134571326,0.0330199792087665,0.000972562486860632,0.0461157833148622,0.00132611655795849,0.247355763901533,0.00302198033435815,3.64181758166552,0.0186307352842252
5400,16.5,0.00174262788028405,0.00156420599845769,0.00169639638684204,0.00148227194433676,0.00220618466070535,0.00175250407351644,0.00346449647140986,0.0023119506605783,0.00590891125766988,0.00313894696486368,0.0423859601711677,0.0124089306535588,0.808320009586811,0.135720404262462,0.00288152215185015,0.000846884918834805,0.00268686788114238,0.000878250565496543,0.00337189382735247,0.000961006587733175,0.00487718121700748,0.00117548626556598,0.00719139666617104,0.00143106235301917,0.041211951203786,0.00405938776859757,0.71168454876272,0.0245137395935287,0.0071007609418242,0.000666127605316044,0.00643342920283504,0.000722040458646591,0.00803040809703845,0.000758719715739483,0.0114367226972354,0.000896850136815079,0.0157479000180098,0.00109169668991901,0.0685864809578569,0.00234476649973499,0.837532818750729,0.0101710103956388,0.0199522060820214,0.000734565182966445,0.0171579821955957,0.000774744841597377,0.02215367539751,0.000864217369945783,0.0333037610125486,0.000970782358304562,0.0465098703188666,0.00132675069035946,0.249507981057062,0.00301051999635793,3.67258907347975,0.0186342037463164
5400,16.6,0.0017416014210329,0.00156120978624151,0.0016953062776944,0.0014795211226154,0.00220417855703605,0.00174918592572913,0.00346037594554719,0.00230723566130267,0.00589983352841501,0.00313517490454192,0.042307163704159,0.0123763427177645,0.806780434630868,0.135214423713199,0.00289035439752044,0.000846136305466123,0.00269292011625297,0.000877047669763756,0.00337943678024517,0.000960274526209781,0.00489091724776242,0.0011728311953759,0.0072097969019864,0.00143199658518876,0.0413062490027879,0.00405705953039242,0.713192668495662,0.0244894439262956,0.00714206190729645,0.000666028863097602,0.00646876069487212,0.000723163532441606,0.00807531280443613,0.000758800207777356,0.011506615076759,0.000897425779625837,0.0158455045977879,0.00109068770008679,0.0691051896599173,0.00235337212340182,0.845446012109507,0.0101733628829018,0.0201212467368701,0.000733470248844893,0.0172951974854361,0.000774851561379688,0.0223362645953859,0.000863713644474141,0.0335884886139091,0.000969279476319014,0.0469054085381068,0.00132718116377624,0.251682657463703,0.0030004391999609,3.70366081997539,0.0187112014762343
5400,16.7,0.00174060045374985,0.00155749616835671,0.00169424137049086,0.00147478084749451,0.00220221094835934,0.00174361587637444,0.00345632509593428,0.00230137272503524,0.00589089148397123,0.00312612397459199,0.0422294613745519,0.0123408226646147,0.805261736382153,0.134772697052705,0.00289914425744298,0.000846508750923469,0.00269963911739925,0.000876392529644162,0.00338827258943266,0.000960742370521783,0.00490464643845338,0.00117108053144146,0.00722831451638488,0.00143363645164646,0.041402546809674,0.00405388897834494,0.714332194848713,0.0243490228282464,0.00718324083097712,0.000665896468774315,0.00650265743506687,0.000724144210493513,0.0081203020345561,0.0007594383622553,0.011576326423523,0.000897953408496532,0.0159427940590415,0.00109061329370896,0.0696229049552484,0.00236133571077059,0.853121514541719,0.0102332304213933,0.0202911017407803,0.000732973715184351,0.0174346795713317,0.000775324961589593,0.0225188934576706,0.000862938615533806,0.0338748219447578,0.000968302689715305,0.0473034996327352,0.00132761645836118,0.253897358397119,0.00299359166883519,3.73681903774221,0.0187483700641595
5400,16.8,0.00173962442501595,0.00155439305568468,0.00169320112360242,0.00147199313024261,0.00220028102854068,0.00173978584301694,0.00345234249279425,0.00229868966379514,0.00588208240556498,0.00311725512807348,0.0421528315819286,0.0123064759013202,0.803763507190027,0.134343799038872,0.00290787924750777,0.000846561971290652,0.00270704326701438,0.000875746740696991,0.00339747046752026,0.000960545832911558,0.00491812978436314,0.00116832734778146,0.00724621752541542,0.00143645910749493,0.0414882719789866,0.00404239990137156,0.715205167000159,0.0242664183960152,0.00722444254424454,0.00066569541096405,0.00653895577896611,0.00072493308211182,0.00816680047484072,0.000759615448262989,0.0116461316250392,0.000898292141819174,0.0160402238481738,0.00109088231426493,0.0701416896150222,0.00236597417084827,0.860883193912396,0.01030264863038,0.0204614684484586,0.000731772147827371,0.0175715694699692,0.000775397993742511,0.0227010465308902,0.000862202802332232,0.0341621680524451,0.000967701118260371,0.0477030455499419,0.00132823069983607,0.256118012978635,0.00298646817282601,3.76995163586183,0.0188161628053074
5400,16.9,0.00173867279662975,0.00155061734644956,0.00169218501020343,0.00146894239465059,0.00219838801325371,0.00173671059039811,0.00344842674471523,0.00229515498845519,0.00587340364659272,0.0031095617103243,0.0420772532953778,0.0122674345406202,0.802285350058975,0.133970686680698,0.00291666460857026,0.000846513929681882,0.00271457459565173,0.000875626380914373,0.00340644419688234,0.000962087102094123,0.00493186820791672,0.00116776082191198,0.00726475094399871,0.00143869137118679,0.0415854548114473,0.0040297264786613,0.716607713195573,0.024320807347184,0.00726571439548409,0.000665467950331683,0.006573524965716,0.000725366027619868,0.00821208788339166,0.000760671570272442,0.011715943788572,0.000898333521533124,0.0161375920261061,0.00109100833262179,0.0706566498609458,0.00236887850599804,0.868592111592228,0.0103428841069676,0.0206324053434584,0.000730906715373969,0.017713840151405,0.000775084664619173,0.0228895774346967,0.000861045928727182,0.0344505914749838,0.000966310621253182,0.0481040524143109,0.00132902032244555,0.258338454557273,0.00297352727857899,3.80261553442416,0.0188762104387583
5400,17,0.00173774504509264,0.00154758521968158,0.00169119251777325,0.00146571422279347,0.00219653113925012,0.00173236935453681,0.00344457649737135,0.00228933479964418,0.00586485263022987,0.00310252170291375,0.0420027060347034,0.0122306074779933,0.800826878299808,0.13357207548292,0.00292541701846136,0.000846872508832956,0.00272143994660892,0.00087401611558317,0.00341533005326095,0.000962314315904929,0.00494541998540443,0.001165820732323,0.0072827789187619,0.001440913692374,0.041673908892364,0.00401812842698599,0.717928111325681,0.0242073940666489,0.00730698615645388,0.00066552184353254,0.00660685303683314,0.000725435357578466,0.00825727445540922,0.000760824924689785,0.0117857105230374,0.000898342548464763,0.0162348460302684,0.00108997915921681,0.0711701284788369,0.00237422228424733,0.87618531483865,0.0103797088134693,0.0208040790417663,0.000731004698839248,0.0178522528166898,0.000774896155439817,0.0230761851242417,0.000860554072586398,0.034740257466777,0.000965173019466496,0.0485067377628477,0.00133074592154315,0.260566141644791,0.0029625195239397,3.83539390268351,0.0188374396640846
5400,17.1,0.00173684066111507,0.00154484648298253,0.00169022314761794,0.00146198889683201,0.00219470966365866,0.00172735570700597,0.00344079043229471,0.00228435345811388,0.00585642684713483,0.00309907139944401,0.0419291698523766,0.0121855953119217,0.799387715194434,0.133062297123271,0.00293418473492029,0.000847669121451506,0.00272924484634891,0.0008729257697982,0.0034244897705522,0.000962829679768286,0.00495911765165216,0.00116450435667559,0.00730119233480979,0.00144216598233907,0.0417696068049436,0.00401837675260017,0.719556414307012,0.0239687304693748,0.00734832337408528,0.000665277524465598,0.00663990216278762,0.000726156190459032,0.00830141392324451,0.000762053725059957,0.0118555487741028,0.000898493663804268,0.0163321574529337,0.00108931537596762,0.0716827426709392,0.00237883229572709,0.88375707474893,0.0104682362568654,0.0209763295467552,0.000730820359906762,0.0179933871537842,0.000775117087935759,0.0232621198712388,0.000859421094009319,0.0350312519219748,0.000964745041884814,0.0489116532459947,0.00133070276204427,0.262834967352507,0.00295363304203703,3.86991460952013,0.0189008845051654
5400,17.2,0.00173595914914241,0.00154156348814177,0.00168927641441097,0.00146022237649949,0.00219292286331191,0.00172413489404845,0.0034370672656959,0.00228024681179558,0.00584812385324325,0.00309419143723981,0.0418566253161978,0.012142353687085,0.797967493673728,0.132684619783226,0.00294293059300966,0.00084687250396009,0.00273553365641498,0.000871188292091349,0.0034326674470152,0.000962455398342577,0.00497278135043192,0.00116192477870866,0.00731956574586593,0.00144305450539301,0.0418649014537694,0.00401245745690819,0.721107736540547,0.023769066228759,0.00738976682065512,0.000665265053932968,0.00667744085882195,0.000727168292154247,0.00834951415669753,0.000762908246467719,0.0119255867954812,0.000898023365626724,0.0164298247313487,0.0010887789975031,0.0722005297262978,0.00237949484503159,0.891602586136361,0.0104747796771952,0.0211492846495728,0.000730137322391596,0.0181361721790713,0.000775461220564532,0.0234491885087521,0.000858767088144572,0.0353233550058785,0.000964386259935856,0.049318047629007,0.00133092936548117,0.265108845917833,0.00294892813570087,3.90433950959653,0.0189216547054541
5400,17.3,0.0017351000268996,0.00153989265598345,0.0016883518457521,0.00145786114146926,0.0021911700340997,0.00172289690229236,0.00343340574733095,0.00227468507625322,0.00583994126764884,0.00308741897175425,0.0417850534926356,0.0121060496846246,0.79656585600791,0.13227622426435,0.00295162044492255,0.000847530596437804,0.00274209996868879,0.000870793695403383,0.00344109316154512,0.000962253803130389,0.0049862539327385,0.00116081768091768,0.00733751483971192,0.0014462343685365,0.041952735228252,0.00401201654928275,0.722263203550276,0.0237436611357329,0.00743130065446798,0.00066515586195797,0.00671158631732099,0.000727538317326442,0.00839407041185997,0.000764094917068661,0.0119958809439928,0.000897774999860022,0.0165280181086919,0.00108903295673081,0.0727328470622478,0.00238165718031315,0.9001145171902,0.0105003563305241,0.0213230099025651,0.000729227910951008,0.0182785665932232,0.000775455533052859,0.023638406605267,0.000858545070980943,0.0356170624197561,0.000963269721355653,0.0497268915101952,0.00133147844895455,0.267403567645186,0.00294175604657521,3.94018100317537,0.0189483726510537
5400,17.4,0.00173426282495382,0.00153512660465071,0.00168744898174357,0.00145436634830103,0.00218945049034779,0.00171844179349436,0.0034298046594125,0.00226919179887035,0.00583187677056658,0.00307849327153807,0.0417144359308108,0.0120584317386161,0.795182453508909,0.131914058227291,0.00296032226631064,0.000848172657810973,0.00275028237247858,0.000870751408412549,0.00345116746160112,0.00096347756587022,0.00499977409290211,0.00116045660163726,0.0073555768756816,0.00145087637949534,0.0420427489814418,0.00401712773371345,0.72357593882167,0.0237055547382197,0.00747281917478814,0.000665521718133727,0.00674535657585427,0.00072778133310822,0.00843913570273398,0.000764717701457974,0.0120660998094409,0.000896777189111464,0.0166259491884049,0.0010890819955235,0.0732556573247648,0.00238709527446041,0.908119078446721,0.0105253400850264,0.0214972261602122,0.000728945731862237,0.0184198579874137,0.000775876355307121,0.0238258025372771,0.000857774679379163,0.0359115007396736,0.000963615526882453,0.0501364816180688,0.00133143786247373,0.269683188306717,0.00293329724162464,3.97448837626678,0.0189578033766471
5400,17.5,0.00173344708629427,0.00153158252693879,0.00168656737458288,0.00145102383383904,0.00218776356422065,0.00171556517971394,0.00342626281556319,0.00226126326100022,0.00582392810137445,0.0030708820186038,0.0416447546470983,0.0120236412014872,0.793816946243994,0.131545917804713,0.00296907920077096,0.000849105145798902,0.0027587477502584,0.000870781967245733,0.00346036792454215,0.000964189573367432,0.00501364770779139,0.00115851710269722,0.00737456309395423,0.00145589996497437,0.0421495510500264,0.00401655082025092,0.725429955470545,0.0234698364706355,0.00751438723872032,0.000665058311610151,0.00678107475152593,0.000728290166674907,0.00848518071571955,0.000765429970745257,0.0121363980209935,0.000896167549187023,0.0167239760750325,0.0010889882174683,0.0737790556503158,0.00239232846287272,0.916123436445829,0.0105717901224526,0.0216721398824743,0.000728283443932623,0.0185619833079768,0.000775937181756806,0.0240157252499549,0.000856542982999017,0.0362070856141794,0.000963102063933263,0.050547623725648,0.0013317772151124,0.271971602208451,0.00292833389196009,4.00898702941849,0.0189136372729209
5400,17.6,0.00173265236592824,0.00152712023134658,0.00168570658817127,0.00144631365537642,0.00218610860514746,0.00171058246142668,0.00342277905980945,0.00225402684009542,0.00581609305673056,0.00306266483337736,0.0415759921103181,0.0119830123265598,0.792469002760357,0.131203959291529,0.00297783499877944,0.00085024789417493,0.00276580480214097,0.000870851274276176,0.00346944340520691,0.000964954882997142,0.00502750885100052,0.00115830337208822,0.00739350782871531,0.00146099324148911,0.0422557419547796,0.0040112753980202,0.727347568760037,0.0233055865077053,0.0075559814731334,0.000665542745231502,0.0068146688786425,0.000728371316939043,0.00852940792512264,0.000766028529242516,0.0122067449906273,0.000895450867492531,0.0168220335520432,0.00108819742370813,0.0743003493518177,0.00239921466487274,0.923996009380539,0.0105509974384997,0.0218479208350269,0.000728073182628095,0.0187032413082369,0.000776155282309121,0.0242045225839162,0.000855688847119127,0.036504459302188,0.000962752438415639,0.0509616743554263,0.00133193854262292,0.274300973967924,0.00292177760995573,4.04587108009889,0.0189127706069158
5400,17.7,0.00173187823049295,0.00152548855200324,0.00168486619773739,0.00144440942617997,0.00218448497927002,0.00170936967353852,0.00341935226561374,0.00225015043359716,0.0058083694887618,0.00305558473420904,0.0415081312274892,0.0119563952912793,0.791138299820114,0.130825781242121,0.00298652655075916,0.000851546739056968,0.00277342365925114,0.000870436413677028,0.00347888163814685,0.000965907872996789,0.00504115943725224,0.00115741286364873,0.0074119811056585,0.00146499997100221,0.042353702596523,0.00400987947802292,0.728864486850295,0.0232185211136419,0.00759756840043026,0.000665871389476933,0.00685097702040136,0.000728626623364664,0.0085759467603618,0.000766871952443773,0.0122771005184762,0.000894807159610283,0.0169200816853494,0.00108816343694738,0.0748219977752711,0.00240079010643749,0.931814832072351,0.010475551764994,0.0220243139181531,0.000727560480178596,0.0188477422869534,0.000776329576045459,0.0243946754960441,0.000855086490873997,0.0368030292532481,0.000963099120466921,0.0513775392826197,0.00133365122613315,0.276654184019517,0.00291550741059308,4.08335379153986,0.018961357418522
5400,17.8,0.0017311242578821,0.0015231864232454,0.00168404578947534,0.00144262365238544,0.0021828920689118,0.0017074219706502,0.00341598133494367,0.00224424031186461,0.00580075530332139,0.00304845631209982,0.0414411553301213,0.0119246694272068,0.789824522145183,0.130461432998677,0.00299516258130073,0.000852542355059012,0.00278143608272944,0.000869627790938118,0.00348859855933066,0.000965456543611537,0.00505457886503853,0.00115657678495426,0.0074298741820348,0.00146799496463901,0.0424415751139879,0.00400147241971451,0.730146873300137,0.0233119962447922,0.00763923512205933,0.000666558777007592,0.00688577167991027,0.000728787932424087,0.00862277949613635,0.000767670700881073,0.0123475807738787,0.000894247547337111,0.0170182623572365,0.00108761232365933,0.0753412048153637,0.00240072861024833,0.939596851515961,0.0104180865257777,0.0222014497635876,0.000726964458889446,0.018989432663678,0.000776203660032176,0.0245846343477818,0.000854625607386451,0.0371029304810005,0.000963189307900144,0.0517953374714106,0.0013341445773971,0.279022199988425,0.00291038519264602,4.12158727133434,0.0189473059911166
5400,17.9,0.00173039003688684,0.00152069048262922,0.00168324496019637,0.00144079549573654,0.00218132927206707,0.00170549437960836,0.00341266519737626,0.002237596845686,0.00579324845831171,0.00304233722234194,0.0413750481610212,0.0118886804595653,0.788527362171741,0.130069299272713,0.00300382180367816,0.000852997655924896,0.00278958293352723,0.000868268862046417,0.00349804212259792,0.000965299780641233,0.00506812658204522,0.00115499099494627,0.00744808963594181,0.00147031039128226,0.0425355031448062,0.0039867322779199,0.731726056287888,0.0233348525212057,0.00768093740539197,0.000666853797386457,0.00692106831977517,0.000728979300860009,0.00866920292898653,0.000768089277664003,0.0124180660243831,0.000893275589161459,0.0171163489931438,0.00108665164169523,0.0758553839310707,0.00239948652288246,0.94710936148757,0.010413442170098,0.0223791229370762,0.0007268728612016,0.0191373889630118,0.000776693280285436,0.0247771052415622,0.000854462396273174,0.0374036654723449,0.000964307481711231,0.0522140383020332,0.00133452716413845,0.281375244174664,0.00290912052989729,4.15847496510612,0.0189430599729369
5400,18,0.00172967516685033,0.00151887493244465,0.00168246331699397,0.0014391937945044,0.00217979600190931,0.00170327710622984,0.00340940280923587,0.00223271269022345,0.00578584696207009,0.00303989450628284,0.0413097938615915,0.0118561024351214,0.787246519813732,0.129704489483477,0.00301247204824114,0.000854107490846472,0.00279780205488164,0.000867529424847254,0.00350759350059068,0.000966246054339098,0.00508174084435165,0.00115484773103938,0.00746653935099025,0.0014741069733625,0.0426339291713011,0.00398645100979177,0.733313068584233,0.023391963997553,0.00772271554292664,0.00066707653837682,0.00696076653149414,0.000728902619787216,0.00871829958493331,0.000768216698336581,0.0124887172356075,0.000891883964307059,0.0172146996909904,0.00108545402107538,0.0763740373970475,0.0024048574111643,0.954884755032499,0.0104042450823669,0.0225576369906643,0.000727353745626128,0.0192850139946724,0.00077638516594932,0.0249743451246614,0.000854122915819479,0.037705951567497,0.000965570586494987,0.052635058817045,0.00133498849598417,0.283751648018833,0.00290767921737872,4.19672536428645,0.0189106110487957
5400,18.1,0.00172897925733522,0.00151613768425545,0.00168170047692128,0.0014362506267157,0.00217829168631797,0.00169989182686045,0.00340619315276429,0.00222631906055424,0.0057785488718144,0.00303355431158894,0.0412453769595978,0.0118289810047387,0.785981702235049,0.129362785938342,0.00302115276367218,0.000854158773534079,0.00280452272285737,0.000866301328166661,0.00351627061319632,0.000966349470175201,0.00509546001861434,0.00115289191816897,0.00748521690769354,0.00147751614257169,0.0427367099254307,0.00398515571745891,0.73524825708332,0.023495445746644,0.00776450652999706,0.000666941017441316,0.00699880246364466,0.000728436668185366,0.00876716252044986,0.000768048136868567,0.0125592655080226,0.000890711633767098,0.0173127856370556,0.00108484185095612,0.0768854294342081,0.00240723062386006,0.962281288911853,0.0103478403301031,0.0227369377292221,0.000727282755331477,0.0194302649901384,0.000776187289953228,0.0251710506365642,0.000853827517023415,0.0380096760783896,0.000966096023072007,0.0530582995798506,0.00133653683915501,0.286155795472542,0.00290464519844109,4.23649547224642,0.018885916153967
5400,18.2,0.00172830192780369,0.00151302724199419,0.00168095606668076,0.00143466256419294,0.00217681576742283,0.00169744530308485,0.00340303523532161,0.00222337342334667,0.00577135229214615,0.00302602248944722,0.0411817823573903,0.0118007931949502,0.784732623630146,0.12901250754858,0.00302973085035581,0.00085465670329619,0.00281279909299915,0.000865453713805262,0.00352648114591765,0.000966891981564375,0.00510879337249421,0.00115284363310059,0.00750300073905819,0.00148130603862089,0.0428235986319723,0.00397407439298912,0.736450876984187,0.0234839272030516,0.00780642926899219,0.00066680194203979,0.00703713372574845,0.000728526469763508,0.00881535105006275,0.000767663271038966,0.0126300421989266,0.000888792940975677,0.0174112758190911,0.00108402005175792,0.0774037880719604,0.00240442994733494,0.970098804366006,0.0103197865686974,0.0229168250971084,0.000727196071030721,0.0195761381080681,0.000776240477049838,0.0253646090721931,0.000853283611436916,0.0383145779278267,0.00096697362545216,0.0534834069652221,0.00133837445213929,0.28858556349131,0.00290288206599798,4.27731601762361,0.0188591376017734
5400,18.3,0.00172764280730938,0.00151042282027883,0.0016802297223252,0.00143336612456203,0.00217536770116531,0.00169591107443282,0.00339992808861652,0.00222060990726928,0.00576425537360842,0.00301800849281431,0.041118995320551,0.0117755292688947,0.783499005012463,0.128650150938755,0.00303831031797032,0.000854714246995844,0.0028208576458999,0.000864038250490095,0.00353598507237149,0.000966980609661943,0.00512225940092751,0.00115185139225765,0.00752117220987485,0.00148398381824773,0.042918031343588,0.00397340987239871,0.737873822523134,0.0235328063237474,0.007848294913189,0.000667337354831041,0.00707397097925662,0.000728144887750717,0.00886322467981608,0.000767797353205962,0.0127007093242847,0.00088733194439152,0.0175095249245023,0.00108280606822319,0.0779180259806917,0.00240772767053434,0.977640485493338,0.0102358076209684,0.0230969970862952,0.000726644534076731,0.0197184763138389,0.000776288663803036,0.0255554579665611,0.000853219640994899,0.0386199010515904,0.000968311052706558,0.0539089567085475,0.00133911997655938,0.29101296817721,0.0028978716566539,4.31681101450752,0.0188528322154799
5400,18.4,0.00172700153420074,0.0015087002797316,0.00167952108896992,0.00143128602368444,0.00217394695687568,0.00169301674522521,0.00339687076796484,0.0022178070881489,0.00575725631129642,0.00301155621772398,0.0410570014669584,0.0117541387350138,0.782280574010705,0.128223741002953,0.00304682273488164,0.000855074964816243,0.00282852010720597,0.000863131958114036,0.00354516309200134,0.000966699936054271,0.00513554708592355,0.00115168347737888,0.00753897940566447,0.00148868895563108,0.0430063168267222,0.00398173957717153,0.738912467567182,0.023518727811484,0.00789031210587127,0.00066808806839762,0.00710991930471548,0.000728704685324448,0.00891033023071358,0.000767695299719518,0.0127716989040025,0.000886206405124121,0.0176083035361944,0.00108194165614975,0.0784379368304375,0.00240916995407204,0.985541831688235,0.0102227216404138,0.0232777801544486,0.000726592385722574,0.0198639597506429,0.000776468443212688,0.0257506576731327,0.000852546055856198,0.0389265706310678,0.000969343093632367,0.0543366088230791,0.0013396738937276,0.293462944136825,0.00289726222493307,4.35714712394915,0.0188702142758219
5400,18.5,0.00172637775583518,0.00150490854814957,0.00167882982051532,0.00142787390131411,0.00217255301686595,0.00168980626407623,0.00339386235157499,0.00221274532797359,0.0057503533435184,0.00300014602274678,0.0409957867562437,0.011732045287091,0.781077064672212,0.127860324764835,0.00305535175071068,0.000856376821329222,0.00283696465535435,0.000862071550975491,0.00355525193990633,0.000966914129248422,0.00514896403423513,0.00115092333258976,0.00755715119871613,0.00149114921275495,0.0431013771467758,0.00398293365058843,0.740091369749867,0.0236261713856735,0.00793235611519787,0.000668522251738873,0.0071486072765708,0.000729031458945228,0.00895848298778236,0.000767847558784465,0.0128425559012162,0.000884667713052027,0.0177067412081855,0.00108005719830176,0.0789485061767422,0.00240951186103976,0.992963245113651,0.0101377660962634,0.0234592519635928,0.000726790287512641,0.0200117032386466,0.000776395777476534,0.0259456020393667,0.000852584514583766,0.0392343341555851,0.00097098318493694,0.054765679113791,0.0013406368422983,0.295910564742409,0.00289743320235675,4.39691154310334,0.018866509810477
5400,18.6,0.00172577112830381,0.00150139364287683,0.00167815557937971,0.0014249449648953,0.0021711853760373,0.00168485456202359,0.00339090193985934,0.0022072219799841,0.00574354475050468,0.00299057102752058,0.0409353374796276,0.011700207190166,0.779888217273495,0.127497770977414,0.00306390385408357,0.000856710978550521,0.002844690775294,0.000861671328144582,0.00356417223373554,0.000967551899969226,0.00516243146320919,0.00115078346168511,0.00757540572502281,0.00149440274352554,0.0431981713272146,0.00398498923138155,0.741558407347145,0.0237118606330041,0.00797437880910539,0.000668762892609365,0.00718743815343108,0.000728825179966114,0.00900743236006304,0.000767440593702179,0.0129131835418753,0.000883209002360711,0.0178046115293947,0.0010783948489695,0.0794434914203518,0.00241333295929975,0.999555797815018,0.0101420043714352,0.0236414145632061,0.000727010379300414,0.0201621642753838,0.000776498906589054,0.0261432344684123,0.000852093943931587,0.0395435285659814,0.000972251944884839,0.055197001862768,0.00134120799134621,0.298392026772577,0.00289995550249676,4.43832955774279,0.0187799396055514
5400,18.7,0.00172518131616608,0.00149927640500046,0.00167749803624167,0.00142300688447283,0.00216984354150186,0.00168098810862255,0.00338798865477027,0.00220369131375901,0.005736828853163,0.00298248594318831,0.0408756402501185,0.0116685561680627,0.778713778137377,0.127173975723919,0.00307248220866491,0.000856447447405598,0.00285317683096034,0.000861199139692852,0.00357401636277811,0.000967707501541214,0.00517596701312966,0.00115104246980124,0.00759378287482209,0.00149810462186668,0.0432974156844775,0.00397966986881344,0.743357061067577,0.0236066720460769,0.00801640450546074,0.00066891602207238,0.00722635041571248,0.000729007992723004,0.00905682649619944,0.000767517791727416,0.0129838337620959,0.00088167883928867,0.017902547284384,0.00107753037222517,0.0799429755266709,0.00241534838206269,1.00628977766911,0.010116281381302,0.0238242541821409,0.000727468840976189,0.0203102914657855,0.000776918514265609,0.0263429173068719,0.000851991800328727,0.0398537177632892,0.000974160846302096,0.0556294743271425,0.0013425177136012,0.300865784310361,0.00290278477665599,4.47871011502998,0.0186779058500222
5400,18.8,0.00172460799219404,0.00149674362668005,0.00167685686979183,0.00142077448898518,0.00216852703221788,0.00167807431873276,0.00338512163916004,0.00219833519995516,0.0057302040118781,0.00297684604961105,0.0408166819930595,0.0116519243981204,0.7775534994567,0.126843786189654,0.00308106456408517,0.000856747549673759,0.0028618146807655,0.000860774709417716,0.00358502753410044,0.000967636429572623,0.00518962842307694,0.00115180368513259,0.00761253627985475,0.00150148287060963,0.0434038347400857,0.00397528005372578,0.745281548102466,0.0238336703086208,0.0080585369750535,0.000669172458984553,0.00726440615662073,0.000728854367766324,0.0091042020795699,0.000767263843439856,0.0130548075942797,0.000880262624763825,0.0180011086776055,0.00107630854120593,0.0804547462824747,0.00241797439920632,1.01375729080466,0.0100570216957045,0.0240080391833473,0.000727294414125862,0.020462133279826,0.00077728110531445,0.0265422529635632,0.000851864287786669,0.0401657120532855,0.000975857898990645,0.0560647349929125,0.00134291185919958,0.303377702246562,0.00290571704214954,4.52140080760506,0.0185867559139509
5400,18.9,0.00172405083712582,0.00149384209484389,0.00167623176649338,0.00141900345220753,0.00216723537863804,0.00167548820038215,0.00338230005616333,0.00219377324991089,0.00572366862535373,0.00297141144465293,0.0407584499370074,0.011632557393046,0.776407139124117,0.12654545984363,0.0030895650742489,0.000856497686435104,0.0028705590157637,0.000859721562519424,0.0035950868105181,0.000967738307935916,0.00520300191483926,0.0011511707474088,0.00763062886819552,0.00150438179639096,0.0434987962086191,0.00396813670519999,0.746733415251485,0.0240521032175924,0.00810066350135617,0.000669908652173652,0.00730112976651442,0.00072952577488915,0.00915255375946506,0.000767191158151267,0.0131256635555135,0.000879787948127052,0.0180993795347006,0.00107445418395197,0.080958503731838,0.00241947005781086,1.02075806979004,0.0100686451836612,0.0241922338847477,0.000727602096529215,0.0206153772422954,0.000777488011049333,0.0267411009850272,0.000852137896048824,0.0404781516631723,0.000977346795001929,0.0565002167611928,0.00134277172182795,0.305859384380705,0.00291054354069799,4.56166444432488,0.0185919313852974
5400,19,0.00172350953942781,0.00149021494031582,0.00167562242035117,0.0014164698110283,0.00216596812237013,0.00167238003564954,0.0033795230886016,0.00218991990101014,0.00571722112949534,0.00296639112011928,0.0407009316049319,0.011608780357944,0.775274460567779,0.126260041998987,0.00309801044556436,0.000857584841333591,0.00287738346648676,0.00086010357858266,0.00360391923363606,0.000967693652468644,0.00521616138980489,0.00115110162586356,0.00764820848470516,0.00150760081553452,0.0435847967649448,0.0039532368760651,0.747897548089707,0.0242077727850685,0.00814283449495305,0.000670536399673289,0.00733740352576376,0.000729185345781095,0.00920022774694495,0.000766162826570157,0.0131966107913898,0.000877590851467713,0.0181977577090009,0.00107269463272419,0.0814615373528867,0.00241839262766264,1.02774746991239,0.0100520880333718,0.0243771819164193,0.000727238781559906,0.0207662225437564,0.00077718176836673,0.0269401302004891,0.000852376264463758,0.0407922798131873,0.00097854366884732,0.05693858647876,0.00134154537709941,0.308394461658802,0.00291107490915389,4.60504621009565,0.018478932461489
5400,19.1,0.00172298379506534,0.00148730475371192,0.00167502853268897,0.00141309543331956,0.00216472481584967,0.00166942873767578,0.00337678993840831,0.00218529576034608,0.0057108599963318,0.00295940205300016,0.0406441148057209,0.0115885844714297,0.774155232592819,0.125968263257571,0.00310649935303224,0.000858623785245428,0.00288300480597815,0.000860141280347962,0.00361231863643923,0.000967381361297114,0.00522949392681799,0.00115034021505073,0.00766618372265769,0.00150950126609288,0.0436782201011375,0.00394543184833991,0.749521535199782,0.0244385407345196,0.00818502987497013,0.000671232680508203,0.00737524553306072,0.000728677618886065,0.00924830116155164,0.000765078694477846,0.0132676545824566,0.000876985696572928,0.0182963223552392,0.00107046150755385,0.0819688193177232,0.00242160118076143,1.03489460801166,0.00999967936657609,0.0245626373656806,0.000727453976921325,0.0209129574951458,0.000777127930408509,0.0271368011741672,0.000851965420187157,0.0411072054223213,0.000979981224484979,0.0573778877748624,0.00134187851433529,0.310917217881839,0.00291396413123044,4.64725427200396,0.0184239669287415
5400,19.2,0.00172247330728147,0.00148339926671749,0.00167444981193452,0.00141064843523493,0.00216350502202405,0.00166655994500585,0.0033740998260743,0.00218145541911768,0.00570458373297468,0.0029523670605046,0.0405879876259805,0.0115631760409672,0.773049229228209,0.125608331216619,0.00311500087662166,0.000858908433739636,0.00288873518866731,0.000859792470659376,0.00362004865756183,0.000967444749060771,0.00524301196769363,0.00114966101742168,0.00768470236869744,0.00151203321580185,0.0437818522882267,0.0039430221446815,0.751286549798285,0.0246288606502989,0.00822728804943807,0.000671884602407447,0.007409479278547,0.000728089702090574,0.00929421769399458,0.000764646621914765,0.0133387166344765,0.000876024802071959,0.0183948865307865,0.00106849747477539,0.0824775696372443,0.00242260112861727,1.04207423216468,0.0100209001893653,0.0247486551588768,0.000727374785487303,0.0210595773981668,0.00077727565693558,0.0273363595445073,0.000851846934708045,0.0414233069419047,0.000981393482167566,0.0578190086758997,0.00134169245451451,0.313463402193408,0.00291852132770056,4.69034127575758,0.0183652993608586
5400,19.3,0.00172197778638347,0.00147997509744637,0.00167388597341213,0.00140803038056723,0.00216230831404759,0.00166303199317639,0.00337145199011231,0.00217795763080784,0.00569839088061321,0.00294408258665424,0.0405325384221165,0.0115404811208291,0.771956229578845,0.125188216866181,0.00312347373616855,0.000859268010553601,0.00289519303195487,0.000859932662055693,0.00362855350243251,0.000967742125516283,0.00525643262392659,0.00115017151851352,0.00770299445838289,0.00151546466729679,0.0438816154225782,0.00393137416380184,0.752931316225346,0.0248440312203354,0.00826962608771181,0.000672329539871676,0.00744284315996002,0.000727709304041162,0.00933893004940154,0.000764498332251175,0.0134098803184111,0.000874349605424794,0.0184935211191319,0.00106737785109307,0.082982508796657,0.00242512259353056,1.04907875579087,0.0099934502110199,0.0249351030203711,0.000727838072165578,0.021206019269312,0.000776996923573786,0.0275374494996634,0.00085159105755559,0.0417399079449976,0.000982748099979875,0.0582604140356535,0.00134158662676593,0.315978095916909,0.0029223612081349,4.73081045098841,0.0182890959909833
5400,19.4,0.0017214969495368,0.0014769905825738,0.00167333673914247,0.00140524096460419,0.00216113427498723,0.00165928589933578,0.00336884568653997,0.00217334066906823,0.00569228001354396,0.00293792626866661,0.0404777558126871,0.0115154832702705,0.770876017682682,0.124835615642962,0.00313189984995097,0.000860261180727106,0.00290168504596262,0.000859529432526382,0.00363690565184341,0.000968311515886704,0.0052696840620885,0.00115115922160796,0.00772088152430586,0.00151631524557082,0.0439742488694446,0.0039249668816798,0.754345087911632,0.0248628129893897,0.00831191672223026,0.000673088680590987,0.00747773028592883,0.000727299747978742,0.0093857459275199,0.000764155809839564,0.013480845418817,0.000873410870451517,0.0185917315768889,0.00106613176305351,0.0834769227151284,0.00242709724891876,1.05545311578441,0.0100157343568385,0.0251221462947775,0.000727902755617497,0.0213555991514676,0.000776490997768778,0.0277347687491158,0.000851206332037749,0.0420575454646938,0.000983836777043934,0.0587032104515188,0.00134122826141191,0.318493848731605,0.00292309665404301,4.77077100089995,0.0181737944628252
5400,19.5,0.0017210305205662,0.00147496000278758,0.00167280183764924,0.00140276085319057,0.00215998249753823,0.00165754948788758,0.00336628018838059,0.00216778854685633,0.00568624973823354,0.00293179889888304,0.0404236286710155,0.0114912903910653,0.769808382372752,0.124490610285607,0.00314038327702428,0.000860014925356646,0.00290946047535651,0.000859078883462195,0.00364702364987443,0.000968162344070289,0.00528316768667654,0.00115114970633441,0.0077393141390007,0.00151808440128421,0.0440770095547311,0.00391625587730583,0.75629002947395,0.0248331797923447,0.00835430539881288,0.000673985014631192,0.00751260782927863,0.000727496734211396,0.00943095918041341,0.000764082849478591,0.0135520294653379,0.000871882304473668,0.018690382369004,0.00106410069951499,0.0839803085128125,0.00242965707017743,1.06235849488213,0.00998098407703794,0.025310026611224,0.000727968782875076,0.0215096020899388,0.000776514824778781,0.0279386395351507,0.000851287924771026,0.0423768108949127,0.000985406159902325,0.05914871221365,0.00134064312814572,0.321066023295176,0.00293010759619215,4.81361826430803,0.0181019376840817
5400,19.6,0.0017205782297636,0.00147111808044238,0.00167228100377251,0.00139952403022138,0.00215885258374971,0.00165317436656583,0.00336375478518089,0.00216159195150228,0.00568029869241307,0.00292333684744475,0.0403701461180527,0.0114621615071093,0.768753117143717,0.124153863815,0.00314882190207047,0.000860343655625149,0.00291726874111995,0.000858679068330801,0.0036559889774574,0.000966931802219264,0.00529651380030623,0.00114977040346949,0.00775745516243911,0.00151944916047648,0.0441747901130541,0.00391284243765766,0.757959870844884,0.0249908720093486,0.00839664704423178,0.000675105517284425,0.00755164642203547,0.000727606111116137,0.00948013870410691,0.000763705737206622,0.013623040880155,0.000871378071960512,0.01878861094536,0.00106342622692202,0.0844714052466485,0.00243139573609294,1.06856187951194,0.0100036295301445,0.0254985063861322,0.000728125430231694,0.0216581000196188,0.000776361909644284,0.0281361658949432,0.000850810978478872,0.0426972336510292,0.000987163079222281,0.0595958877117611,0.00134031454505744,0.323648193078339,0.00293727284373696,4.85664340263805,0.0180383623682886
5400,19.7,0.00172013981370273,0.00146811266485199,0.00167177397848848,0.00139625812723101,0.00215774414475943,0.00165036723115499,0.00336126878254508,0.00215640544078284,0.00567442554420317,0.00291708167053564,0.0403172975154798,0.0114291973657368,0.767710020022927,0.123826176878688,0.00315722158992568,0.000860637658026938,0.00292430180924508,0.000857820743037422,0.00366489135399848,0.000965951709316815,0.00530968094478733,0.00114821877865755,0.00777515346277965,0.00151982766709851,0.044264769681358,0.00390863673500268,0.759429102509849,0.0251377274189171,0.00843903085725582,0.000676219824006068,0.00758891047403985,0.000727842071892689,0.00952740609948607,0.00076359764999584,0.0136941958350862,0.000871177845960374,0.0188871430563426,0.00106379391345971,0.0849712861393697,0.00243479343584324,1.07516176228845,0.00997786656131951,0.0256873869065456,0.00072765336270134,0.021809166960924,0.000775964558731392,0.0283405251214741,0.000850453750401503,0.0430179975827331,0.000987954797051692,0.0600429935187719,0.00134022989803025,0.326192716091812,0.00294012450418429,4.89646408244355,0.0179359156927919
5400,19.8,0.00171971501505992,0.0014675289213914,0.00167128050873524,0.00139459871392357,0.00215665680053759,0.00164860805832256,0.00335882150168467,0.00215291357723703,0.00566862899126843,0.00291571944623573,0.0402650724590407,0.0114069415043758,0.766678893445769,0.123556212674425,0.00316563381966957,0.000860609360344309,0.00293049374349403,0.000857057536844992,0.00367279846990322,0.000965911632939625,0.00532298955653974,0.00114741268602578,0.00779325681112686,0.00152107920519434,0.0443625792338894,0.00390265533750721,0.761077449497493,0.0252759656348265,0.0084815228575831,0.000676519140867383,0.00762800102046698,0.000727505439620018,0.00957771799339199,0.000763101129618167,0.0137655274590631,0.00087029942240171,0.0189859481022704,0.0010624148159968,0.0854752107354955,0.00243801453083031,1.08198335648858,0.00999469137366926,0.0258771286359339,0.000727281053620669,0.0219587617872138,0.00077526428574741,0.0285441247071889,0.000849562026550816,0.0433401044554378,0.000989461792610295,0.0604918753584398,0.00133955561210579,0.328738433620144,0.0029463865930524,4.93615897082519,0.0178860382400462
5400,19.9,0.001719303582441,0.0014638179842954,0.00167080034724445,0.00139222796220974,0.00215559017963919,0.00164415124396766,0.00335641227898336,0.00214926665858,0.00566290775999978,0.00291093593627514,0.0402134607720969,0.0113822661228423,0.76565954413515,0.123325978026984,0.00317394535639214,0.000860264298771973,0.00293810742225651,0.000856511485369555,0.00368174213927971,0.000964816266445366,0.00533586542981504,0.00114683793101733,0.00781030601173796,0.00152338519393908,0.0444412595234178,0.00389194577908443,0.762027336720716,0.025447235989202,0.00852411344991722,0.000677179922397662,0.00766550856807577,0.000727422775715977,0.00962588324889497,0.000762780770259407,0.013837022454101,0.000869894356060557,0.0190850736408761,0.00106102575788435,0.0859878071230728,0.00244153586620842,1.08927179182347,0.00997804411048148,0.0260676136410832,0.000727430433769882,0.0221119188559773,0.000775094990241856,0.0287459927839993,0.000849228707320667,0.043663702836064,0.000990804068518239,0.0609431776693657,0.00133763180567046,0.331322974411372,0.00295237138206438,4.97790344197287,0.0178118048038713
5400,20,0.00171890527021413,0.00146077739644368,0.00167033325237884,0.00138985493000242,0.00215454391896475,0.00163962230830226,0.00335404046557638,0.00214554551771986,0.00565726060472437,0.00290606120337715,0.0401624524993953,0.0113596064114354,0.764651782984844,0.123087000664314,0.00318227667309753,0.000860235959045867,0.00294694733263485,0.00085611111087518,0.0036927409003872,0.000964911962931867,0.00534899608180425,0.0011469348227599,0.00782809341953889,0.00152353969598747,0.0445339697071379,0.00388168394136645,0.763193147255892,0.0258815649475769,0.0085667245371349,0.000677612886672484,0.00770112859150506,0.000727427715773604,0.00967379530202549,0.000762827961003916,0.0139083789918766,0.000869161872786825,0.0191838079135802,0.00105992516519479,0.0864871223849836,0.00244393831935014,1.09581987351415,0.0099817336050804,0.0262586801647286,0.000727022268067401,0.0222690906638329,0.000774947188117301,0.0289530678565841,0.000848809144158894,0.0439884000098359,0.00099205790249635,0.0613961285805687,0.00133709645114331,0.333929761926045,0.00295518255771864,5.02026499092201,0.0177308717300288
5400,20.0999999999999,0.00171851983834806,0.00145740133302463,0.0016698789879748,0.0013865508678032,0.0021535176635289,0.00163594826294201,0.00335170542694384,0.00214060182310323,0.00565168630694109,0.00289982609447271,0.0401120379010395,0.0113398287978309,0.763655424946794,0.122820793096019,0.00319063961220841,0.000860466266532084,0.00295560510142209,0.000855348191975356,0.00370233934328069,0.00096463593040056,0.00536215816677952,0.0011456982372867,0.00784586504970352,0.00152478331509616,0.0446266171888956,0.00387523130035072,0.764788328017668,0.0260982009430131,0.00860947832481483,0.000678512196421287,0.00773465752895205,0.00072758052834509,0.00971854134244839,0.000762970452106679,0.0139800531181195,0.000869144175672538,0.0192831347041878,0.00106012022309948,0.0869988520031071,0.00245195308525256,1.10305547054711,0.00995935198139906,0.0264501510704195,0.000726672924596624,0.0224184370606709,0.000774312584184445,0.029155676212634,0.000848285576819223,0.0443136799643838,0.000992744714707631,0.0618496313724044,0.00133502962301227,0.336519459052389,0.0029608770461114,5.06089820840666,0.0176416058444696
5400,20.2,0.00171814705225598,0.00145533887787328,0.00166943732319055,0.00138405746674268,0.00215251106623665,0.00163271817991159,0.0033494065425174,0.002135380917877,0.00564618367458138,0.00289529683957835,0.0400622074466605,0.0113217967078725,0.762670288921914,0.122570073240326,0.00319897705630007,0.000861328198892702,0.00296318576420183,0.000855260841195696,0.00371159173490911,0.000964481329095152,0.00537526159946789,0.00114570545550102,0.0078635290308861,0.00152488450951983,0.044717612014265,0.00387622233719623,0.766269946822606,0.0262264128615875,0.00865218123410444,0.000679675880629367,0.00777065066353277,0.000727902512015511,0.0097649832263111,0.00076283720587264,0.0140515611275436,0.000869105653641705,0.0193821157909188,0.00105981453450664,0.0875021046577548,0.00245549362542308,1.10981891371917,0.009927341760885,0.0266422282404831,0.000726716080262765,0.0225699890972921,0.000773909465584391,0.0293566632169652,0.000848155651776779,0.0446399375685259,0.000993547501074854,0.0623044312342535,0.0013332976889568,0.339112150232658,0.00296911117140875,5.10103962063036,0.0175863008306667
5400,20.3,0.0017177866826443,0.00145328061501815,0.00166900803235902,0.00138360382173147,0.00215152378766705,0.00162992108626129,0.00334714320529987,0.00213392905640404,0.00564075154129415,0.00289088040088119,0.0400129518097736,0.0112981033251801,0.761696197654562,0.122314052251208,0.00320717656013686,0.000861607773535958,0.00297079904598756,0.000855084801990201,0.00372107503796365,0.000964165106639157,0.00538786669593607,0.00114542542410216,0.00788005115771203,0.00152579290900751,0.0447878663112226,0.00387053556128434,0.766734793076821,0.0264213374414278,0.00869494813595058,0.000680662534543774,0.00780783806228453,0.000727562459190588,0.00981443737024784,0.000762741808661424,0.0141232454247659,0.000868773728148475,0.0194814308986582,0.00105896831676548,0.0880107820161931,0.00246084794436586,1.1169369826364,0.0098628004587332,0.0268349135712947,0.000726269255538186,0.0227298322111815,0.000773086068848845,0.0295708079235844,0.000847608000423903,0.044967183878514,0.000995030617566227,0.0627604995017967,0.00133073942072545,0.341700769766207,0.00297628916206174,5.14060532195635,0.0175471007752429
5400,20.4,0.0017174385053667,0.00145182199420756,0.00166859089484585,0.00138167986864832,0.00215055549586382,0.00162568396598613,0.0033449148214972,0.00213048596781637,0.0056353887657537,0.00288444041748096,0.0399642618623209,0.0112758777193165,0.76073297763029,0.12197977062733,0.00321539643416143,0.000861886604693534,0.00297902406234206,0.000854622731637187,0.00373030985072108,0.00096328993820931,0.00540056501434761,0.0011445508908168,0.00789678845472945,0.00152622316231161,0.0448623454321059,0.00386147203874648,0.767494263528419,0.0265533978639985,0.00873767664929504,0.000681644495541422,0.00784296435208448,0.000727826816097987,0.00986059403756566,0.000763395545306172,0.0141947686417695,0.000868767671029947,0.0195803534905802,0.00105954401713595,0.0885089846691973,0.0024697116976092,1.12347769107466,0.00986343245559858,0.0270280747824161,0.000725848741025145,0.0228834147289635,0.000772041988989071,0.0297759411918069,0.000847042423873018,0.0452951263651816,0.000995591034516799,0.0632173924317774,0.00132863038281338,0.344284638320238,0.00297799381312356,5.17917989885366,0.017557255667895
5400,20.5,0.0017171023012827,0.00144965028559059,0.00166818569491172,0.00137893639203638,0.00214960586613295,0.00162094642568526,0.00334272081016239,0.00212579593259444,0.00563009423099015,0.00287692358401667,0.0399161286693865,0.0112452234762812,0.759780458976924,0.121660652490582,0.00322365228052616,0.000862721877170674,0.00298651589451248,0.000854325389633838,0.00373998381477894,0.000963240747592189,0.00541351205194329,0.00114388922184069,0.00791419647352724,0.00152649866880307,0.0449495512133922,0.00386530495312969,0.76858108415694,0.0267191708735866,0.00878043415740989,0.000682685373697905,0.00787787718145358,0.000727983861081042,0.00990627538575735,0.000763535500423506,0.0142664226871539,0.00086931746928517,0.0196795467421475,0.00105963994034238,0.0890143332922264,0.00248345552819276,1.13035308199173,0.0099176854253067,0.0272220539531288,0.00072534177871267,0.0230373263350479,0.000771020655918006,0.0299809667685675,0.000846061302121969,0.0456248559754249,0.000996160581436471,0.0636772340996487,0.00132569982229746,0.346920950747236,0.00298244107927739,5.220761647765,0.0175916449909549
5400,20.6,0.00171677785612103,0.00144694209089225,0.00166779222157939,0.00137608625970269,0.00214867458084669,0.00161728561183086,0.00334056060285085,0.00212136057859507,0.00562486684374121,0.00287163388199989,0.0398685434840826,0.0112183625345583,0.75883847536877,0.121312710600215,0.00323197239397726,0.000863286110132156,0.00299291022840007,0.000853203073534143,0.00374826591594528,0.000962136225937643,0.00542670249562314,0.00114263222268375,0.00793216325273751,0.00152603156979787,0.0450473530274746,0.00387293176986969,0.770294267497415,0.0269327873836517,0.00882324134889995,0.000683390367159519,0.00791269536787788,0.000727785049045463,0.00995188341296403,0.00076395452680152,0.0143381581343563,0.000869120420842245,0.0197788333906755,0.00106058891791388,0.0895181847266289,0.00249296410387715,1.13713234223601,0.00991691891436242,0.0274167088396242,0.000724873339884503,0.0231960362423145,0.000770202887731756,0.0301917965667829,0.000845148787090488,0.0459555257327914,0.000996702613417032,0.0641382106529194,0.00132310076599653,0.349554547957757,0.00298678497443609,5.26163973289832,0.0176495207455954
5400,20.7,0.00171646496034731,0.00144427443077751,0.00166741026850495,0.00137347991037742,0.00214776132925392,0.00161412867862865,0.00333843364328687,0.00211837204835836,0.00561970553382467,0.00286334558877294,0.0398214977425963,0.0111925001452535,0.757906863933822,0.121006768269548,0.00324018741511734,0.000863604448871127,0.0030003567689929,0.000852769333694972,0.00375706229540612,0.000962811513471109,0.00543957722641783,0.00114260184054472,0.00794945799558245,0.00152773663466799,0.0451331977509217,0.00387902410533191,0.771266489885288,0.0269885429435899,0.00886602499972397,0.000684779895336075,0.00794697251968532,0.00072795447891459,0.00999816185334607,0.000764899021890951,0.0144098894114037,0.000869667464923481,0.0198781125770581,0.00106043781149256,0.0900206863816357,0.00250466185353801,1.14375001185947,0.00990006844838623,0.0276122361232914,0.000724543432552361,0.0233528404265454,0.000769275020792804,0.0304022686143128,0.000844771515616931,0.0462879333055662,0.00099758133311585,0.0646020135539468,0.00132100405928877,0.352237052808791,0.00299134744899977,5.30525742743906,0.0176668778388685
5400,20.7999999999999,0.00171616340903609,0.00144297392021533,0.00166703963385322,0.00137212777964035,0.00214686580729655,0.00161148926008276,0.00333633938704063,0.00211673537247652,0.00561460925353072,0.00285749219237105,0.0397749830593945,0.0111696095624648,0.756985465163922,0.120744973908891,0.00324843463236065,0.000863844014193869,0.00300745237583194,0.000852511094386427,0.00376632499642953,0.000962301117365952,0.00545252803610425,0.00114216580247786,0.00796688221709234,0.00152604167427303,0.0452214760539409,0.0038698478510352,0.772586105975156,0.026984334266655,0.00890879761614151,0.000686001318753185,0.00798077771774448,0.000728106116498375,0.0100429623180237,0.000765692181827122,0.0144815553424471,0.00086937700221113,0.0199772271592196,0.00106141477255547,0.0905193131996344,0.00251640507867213,1.15014754055083,0.00988112280701149,0.0278081360555724,0.000723962075184737,0.0235065327665165,0.000768285269860824,0.0306073384910246,0.000844477584745216,0.0466207384443429,0.000998233563138605,0.0650658917159579,0.00131824090214403,0.35487748346608,0.00299882840673094,5.34550625029873,0.0176536655983897
5400,20.9,0.00171587300174688,0.0014411564141089,0.00166668012017708,0.00136927049433361,0.00214598771743187,0.00160909007030723,0.00333427730121555,0.00211350930118669,0.00560957697703358,0.00285199307550086,0.0397289912225782,0.0111487734592619,0.756074122827669,0.120476874103306,0.00325671079551287,0.000863710643561246,0.00301533110280387,0.000851854621602387,0.00377576555790779,0.000961743469144453,0.00546555569727664,0.0011417274642504,0.00798444602613982,0.00152416022868745,0.0453125400936465,0.00386995673263582,0.77427288578462,0.0270334845334519,0.00895164404960756,0.000686525993859104,0.00801768364146918,0.000728147373164767,0.0100922433535782,0.000765745855101919,0.0145533694363126,0.000868818317109678,0.0200765968929027,0.00106308740545745,0.091022182640103,0.00252607528797541,1.15683391089256,0.00987613756459662,0.0280046144387525,0.000723746818616601,0.0236677852594187,0.000767545942985535,0.030821795194397,0.000843936774745139,0.0469546766342198,0.000998729496781013,0.0655314048653744,0.00131668965945444,0.357533215045796,0.00300560867955012,5.38613182260745,0.0176321397992085
5400,21,0.00171559354240434,0.00143870201314955,0.0016663315343007,0.00136607414945388,0.00214512676846034,0.00160596668705739,0.00333224686414541,0.00210808573987223,0.00560460769982146,0.00284568707803305,0.0396835141893839,0.0111224670906713,0.755172683886142,0.120187808299518,0.00326495966813934,0.00086445983249133,0.00302341606587864,0.000851715264021468,0.00378557178738986,0.000961283958517691,0.00547865023647096,0.00114177907379733,0.00800230472064467,0.00152479427514573,0.0454096706475259,0.00388375605066,0.775815276110655,0.0269979619224181,0.00899449489233135,0.000687605825110798,0.00805319257053509,0.000727783840993849,0.0101378877060509,0.000766211871746029,0.0146251998955317,0.000868636852394045,0.0201759880501666,0.00106355912995099,0.0915237253709272,0.00253488725939567,1.16346362778936,0.00991004698700872,0.0282018411679736,0.000723323921048494,0.0238273674347005,0.000766627785698858,0.0310339919102892,0.000843344868081871,0.0472898914887434,0.000999724757919547,0.0659988571384906,0.00131436328314082,0.360213560395209,0.0030128337066413,5.42811318182082,0.0176589820869276
5400,21.1,0.00171532483918195,0.00143685651626598,0.00166599368720645,0.00136403323030024,0.00214428267535894,0.00160280258537934,0.00333024756510106,0.00210379693673893,0.00559970043814435,0.00283921133677215,0.0396385440818223,0.0110963749568312,0.754280998411089,0.11992051170301,0.00327315181541925,0.000865193984213853,0.00303138091045913,0.000851855745334584,0.00379445112574831,0.000961151929221721,0.00549150753153504,0.00114156380989118,0.00801957688955908,0.001523978991994,0.0454962115184074,0.00388817121011703,0.777066935794799,0.0269133787572509,0.00903747094414258,0.000688491410085321,0.00808617919889678,0.000727498256039866,0.0101831328727887,0.000766161508767026,0.0146973292309551,0.000868877024165229,0.0202759501751516,0.00106422066646432,0.0920376798815641,0.00254475928420478,1.17077400514985,0.00991136512637527,0.02839944073583,0.000723037191671926,0.0239828685754038,0.000765727609721721,0.0312415456225033,0.000843044070091032,0.0476256404579723,0.00100085871933555,0.0664668339090951,0.00131182103352507,0.362886676578313,0.00301836576027181,5.46836117526321,0.0175873873524885
5400,21.2,0.00171506670438977,0.00143605032006603,0.00166566639392536,0.00136242333508848,0.00214345515911971,0.00160050159138338,0.00332827890400618,0.00210040318804826,0.00559485422847894,0.00283540222671796,0.0395940731824546,0.0110725347263524,0.753398919505768,0.119670604154869,0.0032813436918682,0.000865346679679935,0.00303972152300537,0.000851391948079231,0.00380392809295362,0.000960546124254006,0.00550441312106796,0.00114110583916521,0.00803698812510916,0.00152338631954931,0.0455856460242495,0.00389566974056891,0.778429504127566,0.0269237291488986,0.00908038011908601,0.000688926089516467,0.00812297793691921,0.00072728825502537,0.0102308470909114,0.000766301685148264,0.0147692189164527,0.000868364713315673,0.0203754345102355,0.00106563297747201,0.0925426117098728,0.00255710098453731,1.17750175911916,0.00991206815739428,0.0285977153061075,0.000722724321579056,0.0241419392077678,0.000764912028162014,0.0314566630623111,0.000843090799192024,0.0479626631690053,0.00100146975265456,0.0669367446455453,0.00130973496887405,0.36558092031763,0.00302004743152134,5.50966019838784,0.0175845897833916
5400,21.3,0.00171481895436527,0.00143382760032244,0.00166534947343099,0.00136073475371186,0.00214264394659331,0.00159680155934325,0.00332634039116198,0.00209641929293939,0.00559006812701013,0.00283018367419002,0.0395500939302968,0.0110482237730941,0.752526303228077,0.119416241997297,0.00328950846978479,0.000865202440113862,0.00304743136831601,0.000850627200446235,0.00381350862812758,0.000959532011261663,0.0055173171712248,0.00114109280027214,0.00805448199499938,0.00152178930578271,0.0456770302806991,0.0039051942709275,0.779620630745972,0.0268851074128337,0.00912327513383606,0.000690114580930328,0.00815852892096759,0.000727293127587315,0.0102791776249225,0.000766859741150877,0.0148411336303943,0.000868392460616464,0.0204749923726102,0.00106770140468895,0.0930516755711162,0.00256725286385996,1.18442919690748,0.00990856716372101,0.0287963109357595,0.000722178193038229,0.0242941731388349,0.000764067615984632,0.0316623234261729,0.000842328647978819,0.0483002314060004,0.00100195255902114,0.0674072994227574,0.00130755888971811,0.368274772861478,0.00302786922805052,5.54976843361728,0.0175929319778743
5400,21.3999999999999,0.00171458140936802,0.00143111642169184,0.00166504274853666,0.00135781050673486,0.0021418487703374,0.00159154088568064,0.0033244315469803,0.00209146929310466,0.0055853412091283,0.00282063327813156,0.0395065989168506,0.0110256650475291,0.751663008516142,0.119147763304087,0.00329767149504236,0.000864986174132729,0.00305508466365447,0.000850269208558343,0.00382183593799467,0.000958226558329048,0.00553022178133438,0.00114113155356651,0.00807197854147198,0.00152023466963546,0.0457687647098023,0.00390854734454918,0.780905796341934,0.026759072609666,0.00916616036915217,0.000690925120608473,0.00819198718806731,0.000727147923139916,0.0103231495163301,0.00076743583419082,0.0149129758083599,0.000868226297261792,0.0205743607027284,0.00106984261096327,0.0935540523707497,0.00257841388854611,1.19099857655511,0.00993143929620891,0.0289955382723773,0.000721713569492233,0.0244498789635,0.000763168021546332,0.0318741800686493,0.000841478786679668,0.048638889790264,0.00100214923886826,0.0678793079808271,0.00130445631751737,0.370966320251901,0.00303231516749005,5.58934511973782,0.0176181035491731
5400,21.5,0.00171435389347729,0.00142851285189159,0.0016647460457958,0.00135577126287206,0.00214106936846977,0.0015881644419279,0.00332255190172495,0.00208829794035044,0.00558067256894216,0.00281301503788374,0.0394635808822541,0.0110089160226988,0.750808897116081,0.118887577110099,0.0033058656156279,0.000865194671809444,0.0030625343700293,0.000849636298478216,0.00383093569902678,0.000958042816021631,0.00554320667229918,0.00114173297534144,0.00808962203174362,0.00151936971442328,0.0458633090573061,0.00390671483392368,0.782537059962978,0.0265937619281753,0.00920914652687468,0.000691526685673373,0.00822516769639124,0.000726742290958175,0.0103683822319366,0.00076761954882424,0.0149849275858521,0.000867712735136221,0.0206738392632594,0.00107172956283661,0.094051248708486,0.00259120592913202,1.19740080760457,0.00995936694229342,0.0291953615131843,0.000721060692585952,0.0246108393320607,0.000762336149454778,0.032086277608778,0.000840882679608472,0.0489786432367264,0.00100207232258346,0.0683528734383256,0.00130171622665729,0.373670396126247,0.00303742288708788,5.62908171968948,0.0176720922879956
5400,21.6000000000001,0.00171413623449305,0.00142812963941071,0.00166445919540542,0.00135559133432026,0.00214030548452588,0.00158657318337019,0.003320700995261,0.00208548764552272,0.00557606131880627,0.00280929487416517,0.0394210327115502,0.0109876793285171,0.749963833511956,0.11861060728858,0.00331400956709505,0.000865742041118494,0.00306958005001584,0.000848689076465482,0.00384025397668591,0.000958077826459691,0.00555611291195914,0.00114179060048881,0.00810717640698964,0.00151861187897289,0.0459567092705057,0.00390609962783278,0.783827539702368,0.0265273610655654,0.00925212983184454,0.000691907505286086,0.00825710399035267,0.000726397732024387,0.0104118693735375,0.00076741710235637,0.0150569791199896,0.000867676591794365,0.0207735910789649,0.00107270226301589,0.0945591262356883,0.00260144350995173,1.20427625268849,0.00994971438530638,0.0293958249054015,0.000720359642307783,0.0247716508510679,0.0007614088962807,0.0323022322017375,0.00083986169188548,0.0493194342371128,0.00100178253612983,0.0688278251663583,0.00129861429274146,0.376378942495995,0.00304037498110654,5.66855998115377,0.0176458126004068
5400,21.7,0.00171392826383987,0.00142705402474811,0.00166418203111246,0.00135491389292114,0.00213955686732089,0.00158663638806664,0.0033188783768116,0.00208429125391356,0.00557150658886281,0.00280629698221921,0.0393789474310666,0.0109640918304132,0.749127684857852,0.118344027882204,0.00332215644698175,0.000866542872767211,0.00307698498557716,0.000848907711431492,0.00384983816634498,0.000957853358664965,0.00556900927252791,0.00114243913541486,0.00812467948265038,0.00152003128580033,0.0460492701864507,0.00390278648119009,0.785244612355168,0.0264624793181293,0.00929515691881251,0.000692606076056443,0.0082885833632383,0.000725727061475899,0.0104562512673011,0.00076764122330373,0.0151291968443041,0.000867250235768349,0.0208736776532002,0.00107418696181505,0.0950750146923405,0.00261357769694411,1.21156517534118,0.00995123467032485,0.0295969266191356,0.000719614952116448,0.0249335111721257,0.000760215154453531,0.0325179384271151,0.000839087702976653,0.0496614736778379,0.00100194888558385,0.0693047498994909,0.00129540317295338,0.379118882288545,0.00304618332218758,5.70940425910678,0.0176537631508513
5400,21.8,0.00171372981647392,0.00142458514806282,0.00166391439012319,0.00135280942981011,0.00213882327081565,0.00158441206811117,0.00331708360472223,0.00208087180008794,0.00556700752659731,0.00280098326163306,0.0393373182049051,0.0109352101389234,0.748300320911992,0.118091985594238,0.00333030101457545,0.000866652010592958,0.00308485307427488,0.000849752623321821,0.00385900081803089,0.000957533073767596,0.00558190796776686,0.00114266962992326,0.00814220410093038,0.00152004429680909,0.0461424651248658,0.00390694176059816,0.786682790063375,0.0263368986345957,0.00933813878803231,0.000693413339833931,0.00832361961820649,0.000725408657518599,0.0105026814977372,0.00076784810023669,0.0152013366064154,0.000866345275734853,0.02097359268196,0.00107526983748627,0.0955853520542625,0.00262270734451398,1.21851322678052,0.00997498504874605,0.0297984896598172,0.000719190123979634,0.0250972849547219,0.000759073954801928,0.0327324671540046,0.000838378974052622,0.0500040291749211,0.00100260957674786,0.069781945653179,0.00129294421269248,0.381819489998138,0.00305147633920148,5.74722597363457,0.0176114235906618
5400,21.9,0.00171354073079264,0.00142205803695044,0.00166365611301507,0.00135066627127522,0.002138104453987,0.00158249981774471,0.003315316246232,0.00207545089584679,0.00556256329640746,0.00279552381133504,0.0392961383315344,0.0109099507861768,0.747481613972676,0.117873287028709,0.0033384438298835,0.000867100711488659,0.00309255627922432,0.000850539968461942,0.00386760451726093,0.000957078166210567,0.00559482525838151,0.00114421233492402,0.00815978202050549,0.00151991218011038,0.0462369201713354,0.00391217017665068,0.788217122632638,0.0263753385208222,0.00938115064381063,0.000693726081194905,0.00835563659352567,0.000724345303126439,0.010547279977529,0.00076761759386436,0.0152735708108416,0.000866079543738972,0.0210736866370192,0.00107642705509993,0.0960981665843061,0.00263272875676788,1.22558257457299,0.0100087060297105,0.0300009992962645,0.000718474252922901,0.0252603036503633,0.000757734344104958,0.0329475216632786,0.000837638392994448,0.050348501572489,0.00100272458509826,0.0702623091494817,0.00128997566818231,0.384580177340149,0.00305485537835618,5.78869332704361,0.0176269793160769
5400,22,0.00171336084854723,0.0014199349622102,0.00166340704365154,0.00134947745249251,0.00213740018070179,0.00158029679688649,0.00331357587725187,0.00207139866297934,0.00555817307918492,0.00279094234138784,0.0392554012404857,0.0108826952349708,0.74667143881633,0.11762153990813,0.00334664342562903,0.000867011189081852,0.00309931202420321,0.000850185998956783,0.00387677943169317,0.000956865249120245,0.00560796501690645,0.00114513225699575,0.00817786903367794,0.00151740391707793,0.0463410942150041,0.0039240743461712,0.790325183252243,0.0263135578149956,0.00942413229694663,0.000694520163932405,0.00838837454296142,0.000723800749946915,0.0105911584725617,0.000768027418561031,0.0153457141005083,0.000865826214724692,0.0211735932434228,0.00107832949204827,0.0966072971685506,0.00264553861177835,1.23235942463367,0.0100214054179995,0.0302041162872411,0.000718153816636794,0.02542552635163,0.00075705561516469,0.0331683848246819,0.000837132125627046,0.0506939471458582,0.00100266396092294,0.070743928533055,0.00128705557308817,0.387346909439828,0.00306146099451268,5.82970135120467,0.0176446873739963
5400,22.1000000000001,0.00171319001475781,0.00141590492381144,0.00166316702909926,0.00134679017755208,0.00213671021959474,0.00157616948346122,0.00331186208214935,0.00206667984949845,0.00555383607190951,0.00278665871414442,0.0392151004891441,0.0108605049630261,0.745869672637161,0.117391780993404,0.00335477973700108,0.000866880066274335,0.00310699712644912,0.000850136984189195,0.00388583240414793,0.000955885417549611,0.00562084407254072,0.00114555165959884,0.00819532431394134,0.00151663174208588,0.0464337174990625,0.00392370502931319,0.79204538546789,0.0261319170681416,0.00946717982078137,0.000695171084575262,0.00841983632996062,0.000723283441566655,0.010633939023487,0.000767934389165401,0.0154180858708262,0.000865606115339767,0.0212739346312457,0.00107982304086239,0.0971228438256405,0.0026518605099229,1.23949116635306,0.0100725628400129,0.0304077981624648,0.000717564593638586,0.0255947417921,0.000756153537043317,0.0333923927019235,0.000836676724401099,0.0510401224789328,0.00100335715451608,0.0712262956954358,0.00128399538028859,0.39009761610222,0.00306514426545521,5.86921919381468,0.0176785412604664
5400,22.1999999999999,0.00171302807763108,0.00141460905233877,0.00166293591954773,0.00134515258661544,0.00213603434394991,0.00157315304512014,0.00331017445353974,0.00206400526429895,0.00554955148725525,0.00278293783965261,0.0391752297596357,0.0108385644673908,0.745076194988711,0.117188097703875,0.0033628644040098,0.000866925089274473,0.00311584984432831,0.000850662635886878,0.0038956311120058,0.00095620426892644,0.00563358509240504,0.00114589332777064,0.00821249618813881,0.00151647269620338,0.0465214618450747,0.00392857562194908,0.793478994994977,0.0259752772603281,0.00951021437848959,0.000695738612529714,0.00845409823290602,0.000723154475190986,0.0106803869801549,0.000768505376902955,0.0154903209416868,0.000865495810043625,0.0213739471087031,0.00108222677188255,0.0976303934563245,0.00265385542740001,1.24605479808972,0.0101162849463225,0.030612051281661,0.000717313725627473,0.0257628664219129,0.00075515854909732,0.0336161095299122,0.000836232896155525,0.0513870548892456,0.0010037845402439,0.0717094999039723,0.00128057058149746,0.392840774586561,0.00307367703346334,5.90762211069798,0.0176601843564012
5400,22.3,0.00171287488848044,0.00141174581555093,0.0016627135682315,0.00134298209876544,0.0021353723315857,0.00156949562076023,0.00330851259208338,0.0020600162941353,0.00554531855320804,0.00277706370587416,0.0391357828558042,0.0108105797019485,0.744290887727051,0.116965330281213,0.00337089168966029,0.00086706188728401,0.00312452728986389,0.000851298979574042,0.00390594853681632,0.000956043719417957,0.00564611912346052,0.00114748867399908,0.00822918822052632,0.00151637876729959,0.0466004618436788,0.00393504125972075,0.794546346703091,0.0258049426618746,0.00955331057445948,0.000696188636520346,0.0084877257352218,0.000722744403306894,0.0107253662907856,0.00076865588287063,0.0155627459168742,0.000864532353020285,0.021474325955511,0.00108459549520717,0.0981456833200964,0.0026632974657166,1.25306055174478,0.0101819670277146,0.0308170686542634,0.000716963446818081,0.0259298502125334,0.000754503935829061,0.0338362513395051,0.000835561603006426,0.0517355960088244,0.00100411809703423,0.072195336320463,0.00127734037745647,0.395626501200151,0.0030795625155752,5.94859978007455,0.0176750231509688
5400,22.4,0.0017127303016485,0.00140984515381365,0.00166249983135458,0.00134183685087215,0.00213472396474324,0.00156804734096625,0.00330687610628898,0.00205736700377275,0.00554113651269454,0.00277190324284691,0.0390967537002778,0.0107852907439158,0.74351363495563,0.116741579618236,0.00337894483666152,0.000867505335402825,0.0031324684375252,0.000851882823851453,0.00391519000498622,0.000955209182377734,0.00565879735288804,0.00114714953194526,0.00824623618937892,0.00151576760434379,0.0466864701785813,0.00394508189365729,0.795965109780138,0.0256014551237783,0.00959654484282811,0.000696288749562899,0.00852309121004228,0.000722221487022155,0.0107725827554165,0.000768591554320617,0.0156353860123673,0.000863800486151439,0.021575042610386,0.00108535767255645,0.0986653669414847,0.00266710211344098,1.26038641441555,0.0102341934503114,0.0310226016014843,0.000716515776549604,0.0260915250400901,0.000752931803681627,0.0340540322366984,0.000835296526426559,0.0520849138749751,0.00100471540644378,0.0726821137168123,0.00127407528262478,0.398410319307038,0.00308201140890716,5.9885936382281,0.0177138820060732
5400,22.5,0.00171259417443188,0.00140759104444688,0.00166229456801702,0.00134069571631739,0.002134089029978,0.00156389865216301,0.00330526461232257,0.00205310742835466,0.00553700462322172,0.00276497975999077,0.0390581363316179,0.0107606864480602,0.742744322971699,0.116468102260024,0.00338704114992129,0.000867317050025547,0.00313968170963657,0.000852448571715793,0.00392379806649956,0.000954973621479245,0.00567169044996918,0.00114777709259137,0.00826381705465243,0.00151492401014953,0.0467827584210096,0.00394872594003015,0.797819460108089,0.0254987819182467,0.00963970620601794,0.000696288265841191,0.00855923798819589,0.000721663569851476,0.0108194378155054,0.000768443631195171,0.01570775120277,0.000863086734760876,0.021675150721571,0.00108675982254164,0.0991675177540443,0.00267023302945881,1.26667035248416,0.0102716134769539,0.0312286672041353,0.000716312449150833,0.0262529876198638,0.000751662808981854,0.0342704502453962,0.000834831838793878,0.0524352732546547,0.0010050432268347,0.0731703726313626,0.00127082043948681,0.401194862975234,0.00308566442832073,6.02784644249012,0.0177656185999608
5400,22.6,0.00171246636700821,0.00140566606936807,0.00166209764014372,0.00134021790064285,0.00213346731805467,0.00156185096329092,0.00330367773382213,0.00204933586114097,0.00553292215652691,0.002759866842739,0.0390199249015526,0.0107384420171349,0.741982840214319,0.116220155438101,0.00339513223684166,0.000866657155550455,0.0031470309111975,0.000852789778984996,0.00393328183359777,0.000953782318528187,0.0056846126241228,0.00114745856189547,0.00828149016131887,0.00151303554523795,0.0468811002976932,0.00394976399028258,0.799758637093031,0.0254561202789681,0.00968290024369363,0.000696636131842091,0.00859453796193705,0.00072099211528984,0.0108676413303117,0.000768737902336049,0.0157801142967327,0.00086224480184913,0.0217752578308885,0.00108775589040448,0.0996716392688771,0.00267465655061195,1.27302614265306,0.0102766702354133,0.031435498294569,0.000715741622404847,0.0264189234554414,0.0007508493958284,0.0344912351958706,0.000834465619662061,0.0527871157490456,0.00100462011388909,0.0736609044409309,0.00126769901307495,0.404008540000133,0.00308992715028711,6.06870235745211,0.0178195083045986
5400,22.7,0.00171234674236534,0.00140384451225196,0.00166190891241537,0.00133860440312635,0.00213285862384497,0.0015597997694596,0.00330211510171748,0.00204428677117466,0.0055288883982379,0.00275406068673037,0.0389821136722876,0.0107196456901417,0.741229077213753,0.115956199471287,0.00340314808242849,0.000866627595172667,0.00315405096019627,0.000853109214358445,0.00394147784841926,0.000953192552583488,0.00569736374982668,0.0011481690330595,0.00829885088231501,0.00151097967830199,0.0469742164525682,0.00396002715538496,0.801216981475767,0.0253522308323633,0.00972616289374464,0.000696978827920691,0.00862884729427435,0.00072024950138169,0.0109133224646168,0.000768552920580961,0.0158527132432691,0.000861529606513369,0.021875784507357,0.00108892393588151,0.100179034063958,0.00267842494094552,1.27963460035579,0.0103508061917871,0.0316428682000406,0.000715555604736257,0.0265848722664611,0.000749931373977662,0.0347127058202895,0.000834522431324975,0.0531399381208644,0.00100468645822355,0.0741528323346562,0.00126484427736829,0.406833303076017,0.00309170554575992,6.10945742383623,0.0178240252534802
5400,22.8,0.00171223516623247,0.00140244045198253,0.00166172825220126,0.0013375368124688,0.00213226274622852,0.00155804686834168,0.00330057635405538,0.00204004704564264,0.00552490264754266,0.00274658441326698,0.0389446970138948,0.010700574428834,0.740482926542383,0.115654950902413,0.00341117548068712,0.000867546631110938,0.00316140925511771,0.000854450135688455,0.00395115538268033,0.000953263877695341,0.00571008840494645,0.00115059934679826,0.00831607952076322,0.001510208436311,0.0470647176155761,0.00396831686863481,0.80285589387146,0.0252361815807487,0.00976937419152225,0.000697554746243884,0.00866150821621635,0.000719214297391295,0.0109576803185282,0.000768096642887359,0.0159252153428959,0.000860876058731802,0.0219761464509343,0.00109062606935643,0.100685636094843,0.00268111557033889,1.28609803315471,0.0103526440904612,0.0318508103871677,0.000715407854602806,0.0267471178725047,0.00074920294597259,0.034930007149472,0.000834233818335804,0.0534936918271285,0.0010052051256924,0.0746460015158996,0.00126168623371897,0.409660184118832,0.00309619817314388,6.14946581087896,0.0178648098849962
5400,22.9,0.00171213150701344,0.0014002505618852,0.00166155552949412,0.00133615612101168,0.00213167948799647,0.00155476742723811,0.00329906113582971,0.00203650136792862,0.00552096421686872,0.00273985352292788,0.0389076694017752,0.0106825448824481,0.739744282767013,0.115415671685571,0.00341926634373987,0.000868154873479952,0.00316938691953065,0.000855210488862807,0.0039610989270722,0.000953109037037738,0.00572315047696399,0.00115175447297404,0.00833416076776529,0.00150996348941331,0.0471716803976532,0.0039714398877049,0.805105368693776,0.025089278718364,0.00981259470814281,0.000697984218537341,0.00869360859144338,0.000718625440489,0.0110036019326131,0.0007679075144277,0.0159977715301287,0.000860691295701754,0.0220766169927806,0.00109276357336542,0.101195210075063,0.00268650667281039,1.29265886891103,0.0103732642029707,0.0320592254156207,0.000714834793476597,0.0269079140511399,0.000748375274547538,0.0351479590913439,0.000833814903097502,0.0538484449607717,0.00100567947695479,0.0751405473756335,0.0012579830612682,0.412488752150425,0.00309846819053289,6.18895218285773,0.0178480921729409
5400,23,0.00171203563572184,0.00139807201270886,0.00166139061684681,0.00133453707045451,0.00213110865575796,0.00155300655260155,0.00329756909881637,0.0020317362503444,0.00551707243157133,0.00273359534755687,0.0388710254141918,0.0106673366051635,0.739013042402394,0.115165330689096,0.00342726989653399,0.000868096887151673,0.00317786523944163,0.000855790588626284,0.00397002030694853,0.000952323316925666,0.00573585798159841,0.00115335820741402,0.00835137980374402,0.00150920583434593,0.0472626409797551,0.00397274523366959,0.806814850624147,0.0248909120184479,0.00985581221083075,0.000698079580848012,0.00872884525156447,0.000717750076493069,0.0110490560999607,0.000767640333216209,0.0160702952587221,0.000860338896733158,0.0221770099723459,0.00109391295812534,0.101703190752675,0.00268845395599282,1.29909593845279,0.0103754034999718,0.0322683707644908,0.000714773157022178,0.0270756009309178,0.000747504575076475,0.0353711137260252,0.000833551194374607,0.0542045088303107,0.00100592376030027,0.0756371047282153,0.00125531044946253,0.415348585081319,0.00310034923755002,6.22968227060676,0.0178268532920247
5400,23.1,0.00171194742591802,0.00139663618725114,0.0016612333893109,0.00133286089347659,0.00213055005984923,0.001551116382436,0.00329609990141298,0.00202823621405001,0.00551322662963062,0.00272859543854012,0.0388347597298745,0.0106549340451138,0.738289103866214,0.114905095692323,0.0034353082884756,0.00086836659220566,0.00318571042018492,0.000857324423370499,0.00397941001226937,0.000953074061863091,0.00574865032276699,0.00115435066121467,0.00836874423317409,0.00150842561582466,0.0473562918688708,0.00398061109901295,0.808906271287061,0.0246466838473702,0.00989908872381451,0.000698452858321982,0.00876257912402322,0.000717271459982158,0.0110948718417611,0.000767721673346172,0.0161430150060207,0.000860585521986301,0.0222778290871122,0.001095162923547,0.102222550773614,0.00269191179667053,1.30618978635755,0.0104082555381904,0.0324780750300008,0.000714465815094042,0.0272417590340113,0.000746769854190968,0.0355930655318371,0.000833211020857891,0.0545613973390213,0.0010059744153191,0.0761346008076663,0.00125328757190786,0.418202077951759,0.00310390171253446,6.26930333937711,0.01782596030009
5400,23.1999999999999,0.0017118667536479,0.00139480177441265,0.00166108372437681,0.00133156806349335,0.00213000351424522,0.00154948836120935,0.00329465320848302,0.0020240534196221,0.00550942616135722,0.00272498990458942,0.038798867125689,0.0106392965424957,0.73757236743519,0.11466593265874,0.00344326080627279,0.000868007105030497,0.0031923651574194,0.000857571923920324,0.00398756389155894,0.000952588438117183,0.00576118248149997,0.0011542714402187,0.00838555572856916,0.00150617091210684,0.0474399389525696,0.00398219551400539,0.810384094449701,0.0244564862426883,0.00994232663237723,0.000698505583388453,0.00879391879612641,0.000716258909389231,0.0111377740202072,0.000767252905944147,0.0162155795048548,0.000859640103993873,0.0223782716165287,0.00109574170187914,0.102728989054277,0.00269220126459786,1.31249650910454,0.0104680466276455,0.0326885042464692,0.000714357124681097,0.0274101580872163,0.000746236271118172,0.0358162990135122,0.000833021849201381,0.0549194961152461,0.00100574071436582,0.0766338512205544,0.00125072901978129,0.421071279377318,0.00310659940705096,6.30974694053133,0.0178126252034922
5400,23.3,0.00171179349738356,0.00139244102903034,0.00166094150191587,0.00133033411712951,0.00212946883647391,0.00154753068555156,0.00329322869120437,0.002018917213138,0.00550567038910604,0.002720970864751,0.038763342474373,0.0106164222121488,0.736862735202498,0.114438598008599,0.0034512174199131,0.000867473177867665,0.00319929037444963,0.000857816688502395,0.00399595417668797,0.000951714602050598,0.00577389791945172,0.00115499604494363,0.00840292863867454,0.0015045800553734,0.0475348615141421,0.00398513152332825,0.811958001971188,0.0243119087158883,0.00998562410713895,0.000698494408156059,0.00882647773603341,0.000715459932077153,0.0111816857111786,0.000766865812890647,0.0162883237383462,0.000858797515801918,0.0224790353215597,0.0010963077519911,0.103240346861016,0.00269197343710723,1.31905536729216,0.0105130992325392,0.03289947895938,0.000714176358278793,0.027581361633489,0.000745461439294538,0.0360421923877636,0.000832586747761414,0.0552788074158138,0.00100539501470171,0.0771350326352377,0.00124847924932197,0.423967278187111,0.00310833491935096,6.3512275737157,0.0178091662035495
5400,23.4,0.0017117275379654,0.00139135598387064,0.00166080660412387,0.00132980362713872,0.00212894584753266,0.00154633220399796,0.00329182602692219,0.00201513581110571,0.00550195868699812,0.0027200180168262,0.0387281807423341,0.0105982194241339,0.736160111036278,0.11420791535848,0.00345921325618842,0.00086691716999025,0.00320601447666003,0.000858470716224764,0.00400493313939489,0.000951264123613295,0.00578671474563915,0.0011555558676244,0.00842047973364767,0.00150417155421279,0.0476330047697843,0.00399610403045221,0.813946114977493,0.0242142318091261,0.0100289404403412,0.000698819408809662,0.00886075717736667,0.000714649786676701,0.0112275335048237,0.000766977720708683,0.0163611291779044,0.000858018754261563,0.0225798954430546,0.00109652420697354,0.10375251481697,0.00269053687951679,1.32563489212075,0.0105403041627803,0.033111029087559,0.000714222426474994,0.0277465155607711,0.000745320196583572,0.0362629559618537,0.00083227546478302,0.0556389447747969,0.00100575378280778,0.0776371304888737,0.00124700590519165,0.426856138851508,0.00311306975627913,6.39136859619245,0.0178148208173199
5400,23.5000000000001,0.00171166875854613,0.00138990033501305,0.00166067891546626,0.00132834447000705,0.00212843437180731,0.00154446091822532,0.00329044489900568,0.00201330171388542,0.00549829044065001,0.00271600153690281,0.0386933769875081,0.0105773079686864,0.73546440053934,0.114011794483704,0.00346715778720707,0.000865910054101708,0.00321360010846292,0.000858733113560642,0.00401426297504171,0.000949718919231412,0.00579942288248962,0.0011557685819543,0.0084378445232262,0.00150312604758315,0.0477281504324434,0.00400318608328954,0.815609469876753,0.0241164985269686,0.0100722670740806,0.000698923008810123,0.00889435487868616,0.000713849847901007,0.011272456457975,0.00076712927681566,0.0164339616181866,0.00085763388834586,0.0226808497254724,0.00109698543954721,0.104271417113772,0.00268659651590242,1.33256747999034,0.0105755946540007,0.0333233005606398,0.000714137209463431,0.0279148380773965,0.000744979711606045,0.0364900882384923,0.000832327757511681,0.0560003645931571,0.00100614444293122,0.0781410828352805,0.00124544589435388,0.429759992939604,0.0031131785213002,6.43202799855435,0.0178441334700049
5400,23.6,0.00171161704453608,0.00138809349735002,0.00166055832262487,0.00132577152601912,0.0021279342369933,0.00154264508769477,0.00328908499670903,0.00201046151589852,0.00549466504691081,0.002710560529205,0.0386589263572763,0.0105487457759598,0.734775511009929,0.113814507312932,0.00347511610899852,0.000865057519955551,0.00322090037715687,0.000858929719259985,0.00402302078036996,0.000949200500869921,0.00581211765023043,0.0011561065213613,0.00845510588862845,0.00150190447418208,0.047821285063695,0.00400500719520949,0.817517459676545,0.0240773884135579,0.0101156719820797,0.000698916774225132,0.00892922145291971,0.000713266202719351,0.0113194419779605,0.000767440769503481,0.0165069100661181,0.000856871028874535,0.0227819398369515,0.00109743160605646,0.104786685137251,0.0026862114608489,1.33934490102293,0.0105651410099548,0.0335362137562653,0.000714153315051284,0.0280885821053339,0.000744405154091169,0.0367213285377165,0.000832492063457763,0.0563629723249287,0.00100646559261685,0.0786467768320656,0.001243622272336,0.43267997826894,0.00311043276109695,6.47325938384643,0.0178405821521767
5400,23.7,0.0017115722835503,0.00138628128259124,0.00166044471444609,0.00132342542446706,0.00212744527401897,0.00154059025141938,0.00328774601503607,0.00200593042030408,0.00549108191360626,0.00270410438244843,0.0386248240864407,0.0105233413530569,0.734093351403589,0.113586757546508,0.00348308031935701,0.000864619687656487,0.00322742212562467,0.000859741827725741,0.00403096510536021,0.000948197382966526,0.00582484654826717,0.00115614014977267,0.00847244563048061,0.00150025648056611,0.0479161034386597,0.00401017641064636,0.819575254900245,0.0240802766560139,0.0101589864540832,0.000698700909933389,0.00896659980304139,0.000712815466990341,0.0113670463645875,0.000767394487671073,0.0165795942434535,0.000856373829535207,0.0228825089811681,0.00109743659612546,0.105291828302054,0.0026826776312387,1.34542704724136,0.010598141148981,0.0337498704057021,0.000713830602530451,0.0282574649602572,0.000743690752333423,0.036949753032153,0.000831946592228885,0.0567269712643369,0.00100670671370229,0.0791545748986557,0.00124170994560256,0.435625242013605,0.00310982374423148,6.51558718789278,0.017852333211637
5400,23.7999999999999,0.0017115343653569,0.00138404142179025,0.00166033798189054,0.00132065606272648,0.00212696731697106,0.00153826476611265,0.00328642765460872,0.00200251702391865,0.00548754045928989,0.00269759726263475,0.0385910654952525,0.010503566892878,0.733417832296026,0.113364212289346,0.00349094366719452,0.000864584281713767,0.0032345217611698,0.00086051256887184,0.00403977494021714,0.000947057357514842,0.00583726357257688,0.00115790854912119,0.00848912118712497,0.00149972972373074,0.047998813737597,0.00401698336789281,0.820871960331455,0.0241423982119533,0.0102023020326073,0.000698586854053562,0.00900308099977571,0.000712287397763057,0.0114151534187497,0.000767472316371366,0.0166522865113049,0.000855126276165157,0.022983108666634,0.00109790260499044,0.1058002601368,0.00268105464403763,1.35162011878006,0.0106257755924695,0.0339639409145905,0.000713486224869588,0.0284311693665776,0.000743125601158508,0.0371775119956528,0.00083204619239802,0.0570912368880976,0.00100670756153199,0.0796621925220021,0.00123964690888384,0.438536608904795,0.00311362406325868,6.55441868356309,0.0178070016281039
5400,23.9,0.00171150318182699,0.00138276777920201,0.00166023801798405,0.00131901468080181,0.00212650020302227,0.00153534815155286,0.00328512962153893,0.00200048693883002,0.00548404011300085,0.00269231792384699,0.038557645987495,0.010481120783531,0.732748865847009,0.113107229336997,0.00349880706590515,0.000863938561535861,0.00324147223416492,0.000861697614934053,0.00404851071400167,0.00094671981005824,0.0058497059340842,0.0011590440464601,0.00850587456679207,0.00149742267633517,0.0480832572052514,0.00402148405119581,0.82224317150916,0.0241448222999284,0.0102457271345608,0.000698528264015639,0.00903544414958882,0.000711923751943718,0.0114593347795283,0.000768016895177922,0.0167252347431921,0.000855287319591255,0.023084213377397,0.00109917195589311,0.106321119335908,0.00267774861108928,1.35856044613911,0.0106602320001063,0.0341788616758542,0.000713678382875691,0.0286014423408334,0.000742552345634221,0.0374070254097988,0.000831778786312482,0.0574570748974194,0.0010071953675447,0.0801721607860969,0.00123800198239613,0.44146876705843,0.00311297027695741,6.59467335017091,0.0178797183454849
5400,24,0.00171147862688595,0.00138102815207779,0.00166014471777007,0.00131759504339934,0.00212604377236068,0.00153229361311494,0.0032838516273042,0.00199793408391383,0.00548058031402846,0.00268671500314704,0.0385245610486184,0.010456532254364,0.732086365765198,0.112880174513954,0.00350669721510473,0.000864207854408072,0.00324832672590332,0.000863225790067754,0.00405719591318671,0.000946901407877654,0.00586225345865606,0.00115959179065963,0.00852287210978147,0.0014975745595711,0.0481724824409203,0.00402561037235118,0.823901902944146,0.0241063055353674,0.0102892009919312,0.000698330992301213,0.00906918173468406,0.000711864026914203,0.0115039670269031,0.000768346456235742,0.0167981144718948,0.00085561638066893,0.0231850935922708,0.00110069882512773,0.106832853638427,0.00267315625224982,1.36503045999477,0.0107342577013824,0.034394488600439,0.000713913735289553,0.0287746767607511,0.000742058222608321,0.0376388668448985,0.000831950705531372,0.0578244366438748,0.00100780076270869,0.0806846489537128,0.00123606576516899,0.444450381246853,0.00311197788866103,6.63756702171768,0.0179115427599722
5400,24.1,0.00171146059646598,0.00137900403619745,0.00166005797826336,0.00131627566135827,0.00212559786812121,0.001530155888585,0.00328259338862647,0.00199492090171153,0.00547716051168287,0.00268168701309786,0.0384918062439234,0.0104361383098768,0.731430247273907,0.112669798568686,0.00351460113110075,0.000864259168410661,0.00325577625554067,0.000864312919281771,0.00406631899891209,0.000947227424710446,0.00587486510691808,0.0011599613573946,0.00854002635355032,0.0014963092534194,0.0482649226683985,0.00402842326309533,0.825746081953599,0.0240728354178443,0.0103327891417255,0.000698223639311537,0.00910232544278582,0.000710927325481557,0.011548174528849,0.000768374482135613,0.0168713343806497,0.000854456281983271,0.0232866377014839,0.00110092420787447,0.107358387147609,0.00266970258608601,1.37232941503033,0.0107335634558896,0.0346106645607045,0.000713932507884899,0.0289445708880915,0.000740868844304587,0.0378643562717278,0.000831447260239811,0.0581926210874222,0.0010077140290465,0.0811981574699454,0.00123326217814004,0.447431942780043,0.00310830190511876,6.67966441680422,0.0179060149732404
5400,24.2,0.00171144898846003,0.00137706278045761,0.0016599776984049,0.00131520459313163,0.00212516233631886,0.00152837722561317,0.00328135462735417,0.00199178363112754,0.00547378016507203,0.00267692341337937,0.0384593772167951,0.010419478081297,0.730780427077862,0.11245773177603,0.00352254880867399,0.000864275379407686,0.00326329091162354,0.000865438294336897,0.00407565478700667,0.000947620915426283,0.00588762738882006,0.00116074333525965,0.00855751218199992,0.00149655013766274,0.048363708906948,0.00403118737891841,0.828017897303207,0.0240895107388229,0.0103763330416359,0.000698274065804913,0.0091396195204096,0.000710110791794664,0.0115956755972294,0.000768263306100227,0.0169444006218142,0.000854038886435865,0.0233878368506634,0.00110128573570039,0.107874358678006,0.00266368881455253,1.37897356458389,0.0108094442526808,0.0348274749360132,0.000713742732665289,0.0291089329789647,0.000739898869669921,0.0380864313766068,0.000831288903733188,0.0585617389079435,0.00100793168937916,0.0817127736599808,0.00123229476837154,0.45040135133774,0.00310630246513465,6.72044928182906,0.0178357748411901
5400,24.3,0.00171144370267689,0.00137542739067513,0.00165990377901801,0.00131430560071716,0.00212473702578377,0.00152746477125751,0.00328013507034757,0.00198872414438798,0.00547043874288455,0.00267271309572828,0.0384272696869814,0.0104011763096144,0.730136823330668,0.112226070170516,0.00353045966433666,0.000863810001279741,0.00327106428338336,0.000866051109238227,0.00408496328597021,0.000947841254769788,0.00590027625236509,0.00116069733402601,0.00857475393290551,0.00149547508937489,0.0484581328835775,0.00403981488156583,0.830060322845829,0.0241925781450253,0.0104199335073082,0.000698257441657331,0.00917527022741335,0.000709214198092523,0.0116429426813851,0.000768391749984641,0.0170176127733698,0.000854190886937283,0.0234892999632742,0.00110099824440103,0.108394305153961,0.00266010679870315,1.38582854659594,0.0108345904961798,0.0350449871176889,0.000713654592960534,0.0292768107042793,0.000739559052651767,0.0383153375292359,0.000831274459712667,0.0589322275520016,0.0010080620598499,0.0822294939612418,0.00123121637701344,0.453393837359746,0.00310510818988597,6.76245775925264,0.01780348744863
5400,24.4,0.00171144464079769,0.00137371969632722,0.0016598361227658,0.00131257923924847,0.00212432178809803,0.00152481901130334,0.0032789344493671,0.00198698898419274,0.0054671357231783,0.00267126836387549,0.0383954794489195,0.0103849866946837,0.729499355603343,0.111995718789022,0.00353837281870415,0.000863395135675101,0.00327914065018028,0.000867092301821676,0.00409415995333294,0.000948208877993684,0.00591291670559862,0.00116123566258249,0.00859194913192097,0.00149409667087451,0.0485516896150558,0.00404292270145992,0.832218169531834,0.0242539895416298,0.010463518665161,0.000697857558399933,0.00920938832275391,0.000708430443833961,0.0116879374410762,0.000768342549422776,0.0170907722087364,0.000853650556075238,0.0235907114147362,0.00110084859226601,0.108919944865991,0.00265307418121267,1.39288650637152,0.0108567941152637,0.0352630451730579,0.000713811541261727,0.0294536562108722,0.000738701402640124,0.0385475976139003,0.000831280724803018,0.0593036679202617,0.00100863083602789,0.0827475685785034,0.00122965920900113,0.456405419770602,0.00310104432982853,6.80465369463969,0.0177896765972403
5400,24.5,0.00171145170633327,0.00137197179413227,0.00165977463410955,0.00131138657598807,0.00212391647753429,0.00152253446807419,0.0032777525009647,0.00198330589133849,0.00546387059317469,0.00266896433326087,0.0383640023701046,0.0103693463563494,0.728867944853491,0.111787439891366,0.00354626668925838,0.000863220260223596,0.00328695961462731,0.000868144148711604,0.00410361038904775,0.000948327829936236,0.00592561776198481,0.00116178533509603,0.00860939656505517,0.00149246300201248,0.0486507658839831,0.00405354232093033,0.834280529597983,0.024282072859261,0.0105072085363189,0.000697562191163178,0.00924430372483652,0.000707392351362856,0.0117352894224166,0.000768462692683919,0.0171641668739461,0.000853516587962731,0.0236924725614568,0.00110116530600903,0.109444110435105,0.00265056238792514,1.39999312534505,0.0108612589989915,0.0354818285722435,0.000713840748799475,0.0296270708762784,0.000738040127985203,0.0387803873039132,0.000831349279070517,0.0596763801809436,0.00100971424991327,0.0832674418781006,0.00122835089534875,0.459425929940964,0.00309962791835128,6.84730619470488,0.0177638587614171
5400,24.6,0.00171146480458298,0.0013712792134178,0.00165971921926837,0.00131150643312456,0.00212352095099568,0.00152143360835033,0.00327658896637796,0.00198028902728957,0.00546064284905825,0.0026668210315392,0.038332834389502,0.0103527868556534,0.728242513395377,0.111558584677762,0.00355413451106232,0.000861964629375323,0.00329466472198569,0.000868701713242515,0.00411291422948451,0.000947141937845356,0.00593832401393808,0.00116145692105796,0.00862693900179628,0.00149008646714523,0.0487523391198396,0.00405823514483338,0.836228485707173,0.0243162746872493,0.0105509435163667,0.00069740721780895,0.00928030934238833,0.000706797897830756,0.011783053408541,0.000768228642779523,0.017237614607814,0.000853296350744902,0.0237942997184652,0.00110126854310992,0.109969180983178,0.00264346102753665,1.40712268576011,0.0108577572818231,0.0357012441187706,0.000713664394338991,0.029797980513366,0.000736894848812327,0.0390131201354491,0.000831237159522609,0.0600500697865969,0.00100987401006928,0.0837885874117243,0.00122738335243205,0.462444902670006,0.00309775490558103,6.88926526157744,0.0177552615589486
5400,24.7,0.00171148384259444,0.00137062109469656,0.00165966978617987,0.00131059535296225,0.00212313506795772,0.0015214445680028,0.00327544359142717,0.00197808466593308,0.00545745199578146,0.00266309562977214,0.0383019715160005,0.010345020487984,0.727622984870747,0.111346939461262,0.0035620484736224,0.000861272292830905,0.00330269556593504,0.000868725219721132,0.00412250467989022,0.000947074019345312,0.00595109633099639,0.00116117843743374,0.00864452494199072,0.00148845633550809,0.0488543629595688,0.00405307803781426,0.838672939037751,0.0243537818105054,0.0105946223936207,0.000697202677590709,0.00931461969612115,0.000706074423899486,0.0118284367133819,0.000768089550180779,0.017310926136758,0.000853681867645673,0.0238958963190888,0.0011016727644226,0.110493337653843,0.00263710560680811,1.41406394299042,0.0109113731160308,0.035921269823026,0.000713836674555644,0.029969075459561,0.000736442288066105,0.0392441220060031,0.000831352800809598,0.0604249948907089,0.00100990295484526,0.0843115972016044,0.0012267605426746,0.465486348083769,0.00309723692203068,6.93202510622027,0.0177097523934689
5400,24.8,0.00171150872912439,0.00136867370459033,0.00165962624446187,0.00130875420392171,0.00212275869041151,0.00152036959872805,0.00327431612641501,0.00197444728241591,0.00545429754687488,0.00265811852236292,0.0382714098269072,0.0103316578771557,0.727009284220449,0.111160433412841,0.00356992954607019,0.000861223858249306,0.00331042320393673,0.000869758351682893,0.00413152575618926,0.000947825676297585,0.00596375778890328,0.00116169222241994,0.00866185570602046,0.00148796952895878,0.0489516992267988,0.00405667052130881,0.840932065251982,0.0243489107090367,0.0106383911394599,0.000696906856395182,0.00934942076269574,0.000705577827152551,0.0118732945514155,0.000768137528677406,0.0173843964971767,0.000853330956187551,0.0239977286743314,0.0011016875213984,0.111019295847871,0.00262768161952241,1.42110248128513,0.0109695364995216,0.0361418519894964,0.000713632523261939,0.0301374780307797,0.000735913278671451,0.0394733462586464,0.000831377038478036,0.0608008875526367,0.00100960035325807,0.0848359062791232,0.00122460377178568,0.468533118814598,0.00309138124657339,6.97422812670457,0.0176613061239765
5400,24.9000000000001,0.00171153937460055,0.00136727528789445,0.00165958850537511,0.001307608581212,0.0021223916828084,0.00151836729322645,0.0032732063260288,0.00197271004840334,0.00545117902426185,0.00265462855559498,0.0382411454664781,0.0103205211738712,0.726401337656676,0.110972325974294,0.00357774340525032,0.000860768160550607,0.00331785234386764,0.000870498814504637,0.00414025389877633,0.000947895049840016,0.00597627071909821,0.00116258353693635,0.00867892319740361,0.00148663303117467,0.0490446514526584,0.00406630364313653,0.842734394240705,0.0243288618857393,0.0106822206172506,0.000696740612615834,0.00938586572629858,0.000705124144205264,0.0119195328195833,0.000767820091732605,0.0174580091883997,0.000852921641056834,0.0240998003906999,0.00110194678880895,0.111548433259038,0.00262056590697172,1.4282975732003,0.011003800202789,0.0363630800136509,0.000714069646223685,0.0303111748055499,0.000735467023976844,0.0397075632942112,0.000831415085437913,0.0611779001441982,0.00101002838172247,0.0853618099844938,0.00122381354414159,0.471589208447366,0.00308708976865235,7.01631586131335,0.0176458650046961
5400,25,0.00171157569108458,0.00136579543354021,0.00165955648178699,0.00130619252892205,0.00212203391200634,0.00151511273022789,0.0032721139492454,0.00196963213623633,0.00544809595807833,0.00265081427971598,0.0382111746444903,0.0103077714697972,0.725799072636052,0.110801913151452,0.00358555972504334,0.000860298324745963,0.0033244702598604,0.00087130698174764,0.00414851841601006,0.000948016286679965,0.00598877665437414,0.00116323845300529,0.00869595370610432,0.00148591202790985,0.0491369734109158,0.00407167920770607,0.844645933599193,0.024402341071038,0.0107260078291455,0.000696531912392292,0.00942410389160372,0.000704693173493822,0.0119681144732328,0.000767981209180689,0.0175314679596326,0.000852969565604051,0.0242015453651068,0.00110154247374986,0.112068987860885,0.00261552655761854,1.4349461702735,0.0110683726411874,0.036584895157612,0.000714061620250902,0.0304900279849848,0.00073497027245942,0.0399466563119478,0.000831308157116936,0.0615560147595892,0.00101027875546289,0.0858892798585516,0.00122244267642504,0.474659372306518,0.00308521813696401,7.05853256533617,0.0175762531388253
5400,25.1,0.00171161759223595,0.00136444066014847,0.00165953008813622,0.0013053289968892,0.00212168524721734,0.00151264379700885,0.00327103875923855,0.00196664460755425,0.00544504788649715,0.00264678775551429,0.0381814936348485,0.0102928503347069,0.725202417833323,0.110608139693908,0.00359330454837585,0.000860145097788683,0.003331496529223,0.000872652909497823,0.00415650395311566,0.000947654078235065,0.00600108924278132,0.00116335371480946,0.00871259798462494,0.00148581317010067,0.049222443399759,0.00407429848787485,0.846052939576493,0.0243240473253815,0.0107698699703683,0.000695971796082485,0.00946369804714524,0.000704090158074876,0.0120191520076724,0.00076836345041012,0.0176050482923672,0.000853096795227397,0.0243034960137916,0.00110105620151515,0.112594259468554,0.00260964691599527,1.44183518766678,0.0111252393733156,0.0368074086094362,0.000714669983138375,0.0306679130358499,0.000734661611638144,0.0401809285508259,0.000831395711279399,0.0619355851876485,0.00101069616242219,0.0864190753897318,0.00122192017472803,0.4777688731316,0.00308288588572047,7.10298063997536,0.0175135939874464
5400,25.1999999999999,0.00171166499327671,0.00136300883751284,0.00165950924039839,0.00130459674265067,0.00212134555995646,0.00151079709283718,0.00326998052328854,0.0019643132525854,0.00544203435555686,0.00264266489093573,0.0381520987742274,0.0102785654528282,0.724611303115687,0.110416535082669,0.0036010887006548,0.000859561922414483,0.0033373672404903,0.000873451460879566,0.00416397288910168,0.000948175058154584,0.00601352892897068,0.00116407685489387,0.00872951819566264,0.00148559554908244,0.0493131855308447,0.00407268398493092,0.847823634579286,0.0243759536902262,0.0108138253760277,0.000695894793892721,0.00950283792951068,0.000703765378035112,0.01206919153716,0.000768846950135567,0.0176788589618976,0.000853220598861143,0.0244058493624192,0.00110071799082842,0.113124083420238,0.00260364715638352,1.44900749962642,0.0111423302540083,0.0370306990493844,0.000714721129301648,0.0308468054339507,0.00073392208853569,0.0404203142307347,0.000831455702612669,0.0623164035822256,0.00101102871664922,0.0869505884491886,0.00122076001500246,0.480887837799264,0.00307632636549261,7.14781492783145,0.0175199112424298
5400,25.3,0.00171171781095731,0.001361464715258,0.00165949385605249,0.00130272578095689,0.00212101472399209,0.00150893082820416,0.00326893901269423,0.00196185959371529,0.00543905491899494,0.00263829349990719,0.0381229864607488,0.0102618000377593,0.724025659517891,0.110205397315387,0.00360882325972639,0.000859512648665353,0.00334396487520686,0.000874248745210743,0.00417232601812275,0.000948607753816734,0.00602578752441603,0.00116423246767625,0.00874602539477949,0.00148452258793874,0.0493962111897255,0.00408222857537632,0.849227905877777,0.0245020010624576,0.0108577769477055,0.000695828886337099,0.00953827219074326,0.000703227566069731,0.0121153943193493,0.000768970682335047,0.0177526305385825,0.000853221981292645,0.0245081058462587,0.00110053250560389,0.113653659214655,0.00259552134597926,1.45609660384597,0.0111778580266694,0.0372546051151508,0.000714805328105346,0.0310245847880769,0.000733505513483045,0.0406551732178881,0.000831628417403108,0.0626981053086906,0.00101121833384488,0.0874831552453308,0.00122041045183058,0.483997890434157,0.00307292326206297,7.19169054919005,0.0175480477690714
5400,25.4,0.00171177596352312,0.00135919977117875,0.00165948385404817,0.00130100693057452,0.00212069261529747,0.00150730806682189,0.00326791400268737,0.00195942116818403,0.00543610913808517,0.00263491671834454,0.0380941531526924,0.0102449246466031,0.72344541921783,0.109995288167763,0.00361661243823383,0.000859610927100701,0.00335008715761024,0.000875130062092981,0.0041808859881594,0.000949090563408028,0.00603829639459592,0.00116482006102567,0.00876314979059319,0.00148363553705268,0.0494913624612003,0.00408951571757082,0.851119766099397,0.024575331771594,0.0109017533409499,0.000696068405900964,0.00957457702148855,0.000703110322282686,0.0121632964959697,0.000769267477330981,0.0178264678671291,0.000853885619557161,0.02461049091501,0.00110139256230573,0.11418678991813,0.00259087129616749,1.46331226928765,0.0112106778661828,0.037479105361094,0.000714712307684991,0.0312025246499986,0.000732928749314216,0.040891765674515,0.000831464581730068,0.0630806723181946,0.00101171442788939,0.0880168383566095,0.00121971590318676,0.487112485541621,0.00306822559988312,7.23519637181649,0.0175150538300109
5400,25.4999999999999,0.00171183937068207,0.00135743241656506,0.00165947915477401,0.00129911647601949,0.00212037911200353,0.00150560886202922,0.00326690527234904,0.00195724252708404,0.00543319658147929,0.00263384652761366,0.038065595367239,0.0102294988289524,0.72287051551285,0.109799191652921,0.00362441843738902,0.000860060116053036,0.00335613621842372,0.000876383579431317,0.00418919774508567,0.000949920783951615,0.00605083218149878,0.00116549458269606,0.00878030688325846,0.00148242917765642,0.0495871135329618,0.0040945099339732,0.853186321868126,0.0246480259417219,0.0109458490666884,0.000695656117104895,0.00961056725924559,0.000702697012050496,0.0122109929376938,0.000769464824660269,0.0179005725936702,0.000853640423883906,0.0247133527632926,0.00110130105979585,0.114726942150834,0.00258683378164431,1.47094703709977,0.0112249024812565,0.0377041494004352,0.000714841190336195,0.0313795747308486,0.000732774057692613,0.0411308065649372,0.000831878423170819,0.0634643790481168,0.00101180955432794,0.0885522191014635,0.00121911946763941,0.490242834996939,0.0030663076501599,7.27902255614624,0.0175224781613707
5400,25.6,0.00171190795357282,0.00135559382619021,0.00165947968002643,0.00129729729635405,0.00212007409435281,0.00150340486497685,0.00326591260452822,0.00195555432428592,0.0054303168250524,0.00263298270285443,0.0380373096792444,0.0102121555127957,0.722300882796556,0.109597800279478,0.00363223896623475,0.000860297236362493,0.00336214892979233,0.000877495527566679,0.00419719617910486,0.000950875775544559,0.00606339863693001,0.0011658342973872,0.00879750755820577,0.00148121667783983,0.0496836851675708,0.00409564172401652,0.855444127807855,0.0246874354656445,0.0109898921254736,0.000695453659803225,0.00964958320311541,0.000702610622869649,0.0122608292562068,0.000769909506689525,0.0179744431923812,0.000854005612707789,0.0248156840496675,0.00110103258462956,0.115253809199608,0.00258525110301809,1.47773027016859,0.0112571831577619,0.0379297927376426,0.000714919997733532,0.0315571556727814,0.000732864586881391,0.0413707098188462,0.000832169341318174,0.0638491489408828,0.00101257765504056,0.0890890461755327,0.00121941026394453,0.493374006059483,0.00306412952671001,7.32241941048541,0.0175174432208499
5400,25.7,0.001711981634734,0.00135434968253978,0.00165948535297956,0.00129634915209931,0.00211977744465462,0.00150146867259701,0.00326493578576241,0.00195471158407069,0.00542746945175246,0.00263090539232791,0.0380092927200453,0.0101957333825829,0.721736456536277,0.109413045332508,0.00363995309878355,0.000860330438597388,0.00336721811939244,0.000877934927435498,0.00420437862788245,0.000951820988535127,0.00607562053030527,0.00116594179876816,0.00881396398561619,0.00147926305950987,0.0497664309187465,0.0040991751131585,0.856854945277425,0.0248139241100537,0.0110339880234785,0.000695652567048895,0.00968876189393413,0.000702809215121708,0.0123092569663038,0.000770476849945717,0.0180485087306672,0.000855249492045291,0.0249183912606023,0.00110103112638914,0.115788731656117,0.0025847408224738,1.48493489185141,0.0113160732213758,0.0381563182607879,0.000715019643178164,0.03173637148149,0.000732900727549489,0.0416113272322559,0.000832400735908026,0.0642356787133261,0.00101315670633746,0.0896287295930562,0.00121863339983675,0.496556307812914,0.00306021877162283,7.36888600730526,0.0174324957829121
5400,25.8,0.00171206033807411,0.00135355743536975,0.00165949609815579,0.00129633257058224,0.00211948904724139,0.00150041016318547,0.00326397460620031,0.00195332059682038,0.00542465405145345,0.00263025180191204,0.0379815411762941,0.0101844747083771,0.721177173251041,0.109214656076295,0.00364767320375351,0.000859237795408959,0.00337277305103309,0.000878383788820654,0.00421153008944868,0.000951802014319545,0.00608794345366197,0.00116585682126434,0.00883072752248354,0.00147746061761878,0.0498556151617178,0.0040992871463971,0.858341147144122,0.024891273858796,0.0110781030845282,0.000695609948735727,0.00972554604816207,0.000702646347154136,0.0123578993116243,0.000770981202250399,0.0181225311423562,0.000855734535058643,0.0250209622088897,0.00110051044294022,0.11631922379876,0.00258418495698824,1.491845582514,0.0113273968906674,0.038383009832567,0.000715125871722491,0.0319201765519607,0.000732674412545607,0.0418554912294806,0.000832486497955951,0.0646220856184344,0.00101347542394266,0.0901675211688113,0.00121787478248147,0.499672914518242,0.00305666054488585,7.4096296303226,0.0173996112514042
5400,25.8999999999999,0.0017121439888422,0.00135232587286779,0.00165951184139697,0.0012950754541499,0.00211920878842598,0.00149893762764175,0.00326302885952634,0.00195247179255655,0.00542187022081216,0.00262805582262686,0.0379540517888222,0.0101680425985119,0.720622970490123,0.109012495966836,0.00365539515904555,0.000859313328433708,0.00337774017420322,0.000878918941321137,0.00421837541483413,0.000952603197709106,0.00610023862010306,0.00116596260450287,0.00884739231915891,0.00147591967978417,0.0499428592160619,0.0041008729929986,0.859906417549457,0.0248723406471462,0.011122279643726,0.000695501046517043,0.00976506524696169,0.000702789894861655,0.0124068401541338,0.000771516745962869,0.0181966495644287,0.000856579904567773,0.0251237013838017,0.0011006254037682,0.116852466159639,0.00257982927098829,1.49889638385442,0.0113596382320535,0.038610354873167,0.000714846721051107,0.0321022374605824,0.000732126038558222,0.04209503503879,0.000832545394556938,0.0650098980842356,0.00101341670281666,0.0907086617762677,0.00121761383559911,0.502843032034442,0.00304949215477022,7.45329084420705,0.0173823948198587
5400,26,0.00171223251359932,0.00135221035632352,0.00165953250983658,0.00129495889656677,0.00211893655646021,0.00149838432659983,0.00326209834288709,0.00195162067871253,0.00541911756312857,0.00262566967623425,0.037926821351532,0.0101502144216492,0.720073786812047,0.108825618556439,0.00366313468090754,0.000859012676308767,0.00338265524041144,0.000879603716782453,0.00422534613477351,0.000952473072221727,0.00611264953215369,0.00116625645916283,0.00886436298173682,0.00147475276424367,0.0500363365774617,0.00410297900472669,0.861675552254884,0.0249037623031457,0.0111664881179718,0.000695168717379766,0.0098028546458923,0.000702402196582191,0.0124548171270876,0.000771498196810494,0.0182707968365426,0.000856720379185296,0.0252264321047862,0.00109965623308387,0.117382705123349,0.00257897436749022,1.50574986075198,0.0114269091626083,0.0388381600378155,0.000715249998713492,0.0322801036484509,0.000731802848282904,0.0423355928863451,0.000832612420690297,0.0653985493884355,0.00101361451474563,0.0912508336223698,0.00121747527396516,0.506004383269111,0.00304703152881121,7.49560000595663,0.0173646044972067
